exposure_id,user_id,date,challenge_id,shown_flag,source,reason_code,accepted_flag,declined_flag
EXP_U000002_1,U000002,2025-06-16,CH_ACT_001,1,model_reco,dep_low_energy,0,0
EXP_U000002_2,U000002,2025-06-17,CH_ACT_003,1,model_reco,dep_low_activity,0,0
EXP_U000002_3,U000002,2025-06-18,CH_ACT_003,1,model_reco,dep_low_activity,1,0
EXP_U000002_4,U000002,2025-06-26,CH_ACT_002,1,model_reco,dep_low_daylight,0,1
EXP_U000002_5,U000002,2025-06-27,CH_ACT_003,1,model_reco,dep_low_activity,0,0
EXP_U000002_6,U000002,2025-06-29,CH_ACT_003,1,model_reco,dep_low_activity,0,1
EXP_U000002_7,U000002,2025-07-03,CH_ACT_001,1,model_reco,dep_low_energy,1,0
EXP_U000002_8,U000002,2025-07-06,CH_SOC_001,1,model_reco,low_social_contact,1,0
EXP_U000002_9,U000002,2025-08-08,CH_ACT_001,1,model_reco,dep_low_energy,0,0
EXP_U000002_10,U000002,2025-08-10,CH_ACT_001,1,model_reco,dep_low_energy,1,0
EXP_U000002_11,U000002,2025-08-21,CH_ACT_002,1,model_reco,dep_low_daylight,0,1
EXP_U000003_1,U000003,2025-07-28,CH_ACT_002,1,model_reco,dep_low_daylight,0,1
EXP_U000003_2,U000003,2025-07-29,CH_ACT_002,1,model_reco,dep_low_daylight,0,0
EXP_U000003_3,U000003,2025-08-01,CH_ACT_003,1,model_reco,dep_low_activity,1,0
EXP_U000003_4,U000003,2025-08-03,CH_SOC_001,1,model_reco,low_social_contact,0,1
EXP_U000003_5,U000003,2025-08-04,CH_ACT_002,1,model_reco,dep_low_daylight,1,0
EXP_U000003_6,U000003,2025-08-11,CH_SLEEP_001,1,model_reco,ins_high_wake_irregular,0,0
EXP_U000003_7,U000003,2025-08-18,CH_ACT_002,1,model_reco,dep_low_daylight,1,0
EXP_U000003_8,U000003,2025-08-19,CH_SOC_001,1,model_reco,low_social_contact,0,1
EXP_U000003_9,U000003,2025-08-21,CH_ACT_003,1,model_reco,dep_low_activity,0,1
EXP_U000003_10,U000003,2025-08-23,CH_ACT_003,1,model_reco,dep_low_activity,1,0
EXP_U000003_11,U000003,2025-08-24,CH_SOC_001,1,model_reco,low_social_contact,0,0
EXP_U000003_12,U000003,2025-08-26,CH_ACT_002,1,model_reco,dep_low_daylight,0,0
EXP_U000003_13,U000003,2025-08-28,CH_ACT_003,1,model_reco,dep_low_activity,0,1
EXP_U000003_14,U000003,2025-08-29,CH_ACT_003,1,model_reco,dep_low_activity,1,0
EXP_U000003_15,U000003,2025-09-05,CH_ACT_002,1,model_reco,dep_low_daylight,1,0
EXP_U000003_16,U000003,2025-09-06,CH_SOC_001,1,model_reco,low_social_contact,0,1
EXP_U000003_17,U000003,2025-09-07,CH_SOC_001,1,model_reco,low_social_contact,1,0
EXP_U000003_18,U000003,2025-09-09,CH_ACT_003,1,model_reco,dep_low_activity,1,0
EXP_U000003_19,U000003,2025-09-12,CH_ACT_002,1,model_reco,dep_low_daylight,1,0
EXP_U000003_20,U000003,2025-09-15,CH_ACT_003,1,model_reco,dep_low_activity,0,1
EXP_U000003_21,U000003,2025-09-19,CH_ACT_003,1,model_reco,dep_low_activity,0,1
EXP_U000003_22,U000003,2025-09-20,CH_ACT_003,1,model_reco,dep_low_activity,0,0
EXP_U000003_23,U000003,2025-09-29,CH_ACT_002,1,model_reco,dep_low_daylight,0,0
EXP_U000003_24,U000003,2025-10-01,CH_ACT_003,1,model_reco,dep_low_activity,0,0
EXP_U000003_25,U000003,2025-10-04,CH_SLEEP_001,1,model_reco,ins_high_wake_irregular,0,0
EXP_U000003_26,U000003,2025-10-06,CH_SLEEP_001,1,model_reco,ins_high_wake_irregular,0,1
EXP_U000003_27,U000003,2025-10-09,CH_ACT_003,1,model_reco,dep_low_activity,0,0
EXP_U000003_28,U000003,2025-10-13,CH_ACT_003,1,model_reco,dep_low_activity,1,0
EXP_U000004_1,U000004,2025-06-18,CH_REG_002,1,model_reco,anx_high_anxiety,0,0
EXP_U000004_2,U000004,2025-06-20,CH_REG_002,1,model_reco,anx_high_anxiety,1,0
EXP_U000004_3,U000004,2025-06-22,CH_REG_002,1,model_reco,anx_high_anxiety,1,0
EXP_U000004_4,U000004,2025-06-23,CH_REG_002,1,model_reco,anx_high_anxiety,0,1
EXP_U000004_5,U000004,2025-06-25,CH_REG_002,1,model_reco,anx_high_anxiety,0,0
EXP_U000004_6,U000004,2025-07-05,CH_REG_002,1,model_reco,anx_high_anxiety,0,0
EXP_U000004_7,U000004,2025-07-10,CH_REG_001,1,model_reco,anx_high_anxiety,0,0
EXP_U000004_8,U000004,2025-07-11,CH_REG_001,1,model_reco,anx_high_anxiety,1,0
EXP_U000004_9,U000004,2025-07-22,CH_REG_002,1,model_reco,anx_high_anxiety,1,0
EXP_U000004_10,U000004,2025-07-25,CH_REG_001,1,model_reco,anx_high_anxiety,0,0
EXP_U000004_11,U000004,2025-07-27,CH_REG_002,1,model_reco,anx_high_anxiety,1,0
EXP_U000004_12,U000004,2025-07-28,CH_REG_002,1,model_reco,anx_high_anxiety,1,0
EXP_U000004_13,U000004,2025-07-31,CH_REG_001,1,model_reco,anx_high_anxiety,0,0
EXP_U000004_14,U000004,2025-08-01,CH_REG_001,1,model_reco,anx_high_anxiety,1,0
EXP_U000004_15,U000004,2025-08-03,CH_REG_002,1,model_reco,anx_high_anxiety,1,0
EXP_U000004_16,U000004,2025-08-05,CH_REG_001,1,model_reco,anx_high_anxiety,0,0
EXP_U000004_17,U000004,2025-08-06,CH_REG_001,1,model_reco,anx_high_anxiety,0,0
EXP_U000004_18,U000004,2025-08-09,CH_REG_001,1,model_reco,anx_high_anxiety,1,0
EXP_U000004_19,U000004,2025-08-12,CH_REG_002,1,model_reco,anx_high_anxiety,0,1
EXP_U000004_20,U000004,2025-08-13,CH_REG_002,1,model_reco,anx_high_anxiety,1,0
EXP_U000004_21,U000004,2025-08-17,CH_REG_001,1,model_reco,anx_high_anxiety,0,1
EXP_U000004_22,U000004,2025-08-19,CH_REG_001,1,model_reco,anx_high_anxiety,0,0
EXP_U000004_23,U000004,2025-08-22,CH_REG_001,1,model_reco,anx_high_anxiety,1,0
EXP_U000004_24,U000004,2025-08-30,CH_REG_001,1,model_reco,anx_high_anxiety,1,0
EXP_U000004_25,U000004,2025-09-04,CH_REG_001,1,model_reco,anx_high_anxiety,1,0
EXP_U000005_1,U000005,2025-07-07,CH_SLEEP_001,1,model_reco,ins_high_wake_irregular,0,1
EXP_U000005_2,U000005,2025-07-25,CH_SLEEP_001,1,model_reco,ins_high_wake_irregular,0,0
EXP_U000006_1,U000006,2025-08-01,CH_SLEEP_001,1,model_reco,ins_high_wake_irregular,0,1
EXP_U000006_2,U000006,2025-08-04,CH_SLEEP_001,1,model_reco,ins_high_wake_irregular,0,0
EXP_U000006_3,U000006,2025-08-07,CH_ACT_001,1,model_reco,dep_low_energy,0,1
EXP_U000006_4,U000006,2025-08-09,CH_SLEEP_001,1,model_reco,ins_high_wake_irregular,0,0
EXP_U000006_5,U000006,2025-08-25,CH_SLEEP_001,1,model_reco,ins_high_wake_irregular,1,0
EXP_U000006_6,U000006,2025-09-06,CH_SLEEP_001,1,model_reco,ins_high_wake_irregular,0,1
EXP_U000006_7,U000006,2025-09-08,CH_SLEEP_001,1,model_reco,ins_high_wake_irregular,1,0
EXP_U000006_8,U000006,2025-09-12,CH_ACT_001,1,model_reco,dep_low_energy,1,0
EXP_U000006_9,U000006,2025-09-17,CH_SLEEP_001,1,model_reco,ins_high_wake_irregular,0,0
EXP_U000006_10,U000006,2025-09-21,CH_SLEEP_001,1,model_reco,ins_high_wake_irregular,0,0
EXP_U000006_11,U000006,2025-09-26,CH_SLEEP_001,1,model_reco,ins_high_wake_irregular,0,0
EXP_U000006_12,U000006,2025-09-27,CH_SLEEP_001,1,model_reco,ins_high_wake_irregular,0,1
EXP_U000006_13,U000006,2025-09-28,CH_SLEEP_001,1,model_reco,ins_high_wake_irregular,0,1
EXP_U000006_14,U000006,2025-10-01,CH_SLEEP_001,1,model_reco,ins_high_wake_irregular,0,0
EXP_U000006_15,U000006,2025-10-04,CH_SLEEP_001,1,model_reco,ins_high_wake_irregular,0,1
EXP_U000006_16,U000006,2025-10-07,CH_SLEEP_001,1,model_reco,ins_high_wake_irregular,1,0
EXP_U000006_17,U000006,2025-10-11,CH_REG_001,1,model_reco,anx_high_anxiety,0,0
EXP_U000006_18,U000006,2025-10-15,CH_SLEEP_001,1,model_reco,ins_high_wake_irregular,1,0
EXP_U000007_1,U000007,2025-07-11,CH_WELL_001,1,model_reco,supportive_wellbeing,1,0
EXP_U000007_2,U000007,2025-07-19,CH_REG_002,1,model_reco,anx_high_anxiety,0,1
EXP_U000007_3,U000007,2025-07-28,CH_REG_002,1,model_reco,anx_high_anxiety,0,0
EXP_U000007_4,U000007,2025-08-02,CH_REG_001,1,model_reco,anx_high_anxiety,0,0
EXP_U000007_5,U000007,2025-08-07,CH_REG_002,1,model_reco,anx_high_anxiety,0,0
EXP_U000007_6,U000007,2025-09-02,CH_REG_002,1,model_reco,anx_high_anxiety,1,0
EXP_U000007_7,U000007,2025-09-17,CH_REG_001,1,model_reco,anx_high_anxiety,1,0
EXP_U000009_1,U000009,2025-07-18,CH_ACT_002,1,model_reco,dep_low_daylight,0,1
EXP_U000009_2,U000009,2025-08-09,CH_ACT_003,1,model_reco,dep_low_activity,1,0
EXP_U000010_1,U000010,2025-08-26,CH_REG_001,1,model_reco,anx_high_anxiety,0,0
EXP_U000010_2,U000010,2025-10-08,CH_REG_001,1,model_reco,anx_high_anxiety,1,0
EXP_U000010_3,U000010,2025-11-06,CH_REG_001,1,model_reco,anx_high_anxiety,1,0
EXP_U000010_4,U000010,2025-11-12,CH_REG_001,1,model_reco,anx_high_anxiety,1,0
EXP_U000011_1,U000011,2025-08-03,CH_SLEEP_001,1,model_reco,ins_high_wake_irregular,0,1
EXP_U000011_2,U000011,2025-08-08,CH_SLEEP_001,1,model_reco,ins_high_wake_irregular,0,0
EXP_U000011_3,U000011,2025-08-10,CH_SLEEP_001,1,model_reco,ins_high_wake_irregular,1,0
EXP_U000011_4,U000011,2025-08-11,CH_SLEEP_001,1,model_reco,ins_high_wake_irregular,0,1
EXP_U000011_5,U000011,2025-08-23,CH_SLEEP_001,1,model_reco,ins_high_wake_irregular,0,1
EXP_U000011_6,U000011,2025-08-25,CH_ACT_002,1,model_reco,dep_low_daylight,0,0
EXP_U000011_7,U000011,2025-09-02,CH_ACT_002,1,model_reco,dep_low_daylight,0,0
EXP_U000011_8,U000011,2025-09-04,CH_ACT_003,1,model_reco,dep_low_activity,0,0
EXP_U000011_9,U000011,2025-09-05,CH_ACT_002,1,model_reco,dep_low_daylight,0,1
EXP_U000011_10,U000011,2025-09-11,CH_SLEEP_001,1,model_reco,ins_high_wake_irregular,0,1
EXP_U000011_11,U000011,2025-09-25,CH_SLEEP_001,1,model_reco,ins_high_wake_irregular,0,0
EXP_U000011_12,U000011,2025-09-26,CH_SLEEP_001,1,model_reco,ins_high_wake_irregular,0,0
EXP_U000011_13,U000011,2025-09-27,CH_SLEEP_001,1,model_reco,ins_high_wake_irregular,0,0
EXP_U000011_14,U000011,2025-10-06,CH_SLEEP_001,1,model_reco,ins_high_wake_irregular,0,0
EXP_U000011_15,U000011,2025-10-07,CH_SLEEP_001,1,model_reco,ins_high_wake_irregular,0,0
EXP_U000011_16,U000011,2025-10-10,CH_ACT_003,1,model_reco,dep_low_activity,0,1
EXP_U000011_17,U000011,2025-10-14,CH_SLEEP_001,1,model_reco,ins_high_wake_irregular,0,1
EXP_U000011_18,U000011,2025-10-24,CH_SLEEP_001,1,model_reco,ins_high_wake_irregular,0,0
EXP_U000012_1,U000012,2025-07-29,CH_WELL_001,1,model_reco,supportive_wellbeing,1,0
EXP_U000013_1,U000013,2025-08-08,CH_REG_002,1,model_reco,anx_high_anxiety,0,0
EXP_U000013_2,U000013,2025-08-10,CH_ACT_001,1,model_reco,dep_low_energy,1,0
EXP_U000013_3,U000013,2025-08-14,CH_ACT_001,1,model_reco,dep_low_energy,1,0
EXP_U000013_4,U000013,2025-08-16,CH_REG_002,1,model_reco,anx_high_anxiety,0,1
EXP_U000013_5,U000013,2025-08-20,CH_ACT_001,1,model_reco,dep_low_energy,0,1
EXP_U000013_6,U000013,2025-08-21,CH_REG_001,1,model_reco,anx_high_anxiety,1,0
EXP_U000013_7,U000013,2025-08-23,CH_ACT_001,1,model_reco,dep_low_energy,0,0
EXP_U000013_8,U000013,2025-09-05,CH_REG_001,1,model_reco,anx_high_anxiety,1,0
EXP_U000013_9,U000013,2025-09-11,CH_ACT_001,1,model_reco,dep_low_energy,1,0
EXP_U000013_10,U000013,2025-09-15,CH_REG_001,1,model_reco,anx_high_anxiety,0,1
EXP_U000013_11,U000013,2025-09-19,CH_REG_002,1,model_reco,anx_high_anxiety,1,0
EXP_U000013_12,U000013,2025-09-20,CH_ACT_001,1,model_reco,dep_low_energy,0,0
EXP_U000013_13,U000013,2025-09-24,CH_REG_002,1,model_reco,anx_high_anxiety,0,1
EXP_U000013_14,U000013,2025-09-26,CH_ACT_001,1,model_reco,dep_low_energy,0,1
EXP_U000013_15,U000013,2025-09-27,CH_ACT_001,1,model_reco,dep_low_energy,0,0
EXP_U000013_16,U000013,2025-10-01,CH_REG_001,1,model_reco,anx_high_anxiety,0,0
EXP_U000013_17,U000013,2025-10-04,CH_SLEEP_001,1,model_reco,ins_high_wake_irregular,0,0
EXP_U000013_18,U000013,2025-10-05,CH_SLEEP_001,1,model_reco,ins_high_wake_irregular,0,1
EXP_U000013_19,U000013,2025-10-06,CH_SLEEP_001,1,model_reco,ins_high_wake_irregular,1,0
EXP_U000013_20,U000013,2025-10-07,CH_REG_001,1,model_reco,anx_high_anxiety,1,0
EXP_U000013_21,U000013,2025-10-10,CH_ACT_001,1,model_reco,dep_low_energy,0,1
EXP_U000013_22,U000013,2025-10-15,CH_REG_002,1,model_reco,anx_high_anxiety,1,0
EXP_U000013_23,U000013,2025-10-23,CH_REG_001,1,model_reco,anx_high_anxiety,0,1
EXP_U000013_24,U000013,2025-10-27,CH_REG_001,1,model_reco,anx_high_anxiety,0,1
EXP_U000014_1,U000014,2025-08-25,CH_SLEEP_001,1,model_reco,ins_high_wake_irregular,0,0
EXP_U000014_2,U000014,2025-08-27,CH_SLEEP_001,1,model_reco,ins_high_wake_irregular,0,1
EXP_U000014_3,U000014,2025-09-01,CH_SLEEP_001,1,model_reco,ins_high_wake_irregular,1,0
EXP_U000014_4,U000014,2025-09-03,CH_REG_001,1,model_reco,anx_high_anxiety,0,1
EXP_U000014_5,U000014,2025-09-04,CH_ACT_001,1,model_reco,dep_low_energy,0,1
EXP_U000014_6,U000014,2025-09-08,CH_SLEEP_001,1,model_reco,ins_high_wake_irregular,0,0
EXP_U000014_7,U000014,2025-09-21,CH_SLEEP_001,1,model_reco,ins_high_wake_irregular,0,0
EXP_U000014_8,U000014,2025-09-22,CH_SLEEP_001,1,model_reco,ins_high_wake_irregular,0,1
EXP_U000014_9,U000014,2025-09-24,CH_SLEEP_001,1,model_reco,ins_high_wake_irregular,0,0
EXP_U000014_10,U000014,2025-09-25,CH_SLEEP_001,1,model_reco,ins_high_wake_irregular,0,1
EXP_U000014_11,U000014,2025-09-29,CH_SLEEP_001,1,model_reco,ins_high_wake_irregular,0,1
EXP_U000014_12,U000014,2025-10-03,CH_SLEEP_001,1,model_reco,ins_high_wake_irregular,0,1
EXP_U000014_13,U000014,2025-10-06,CH_SLEEP_001,1,model_reco,ins_high_wake_irregular,1,0
EXP_U000014_14,U000014,2025-10-16,CH_SLEEP_001,1,model_reco,ins_high_wake_irregular,1,0
EXP_U000014_15,U000014,2025-10-17,CH_ACT_003,1,model_reco,dep_low_activity,0,0
EXP_U000014_16,U000014,2025-10-21,CH_ACT_002,1,model_reco,dep_low_daylight,0,0
EXP_U000014_17,U000014,2025-10-24,CH_SLEEP_001,1,model_reco,ins_high_wake_irregular,0,0
EXP_U000014_18,U000014,2025-10-25,CH_SLEEP_001,1,model_reco,ins_high_wake_irregular,1,0
EXP_U000014_19,U000014,2025-10-27,CH_ACT_002,1,model_reco,dep_low_daylight,1,0
EXP_U000014_20,U000014,2025-10-28,CH_SLEEP_001,1,model_reco,ins_high_wake_irregular,1,0
EXP_U000014_21,U000014,2025-10-30,CH_ACT_002,1,model_reco,dep_low_daylight,0,0
EXP_U000014_22,U000014,2025-11-05,CH_SLEEP_001,1,model_reco,ins_high_wake_irregular,0,0
EXP_U000014_23,U000014,2025-11-08,CH_SLEEP_001,1,model_reco,ins_high_wake_irregular,0,1
EXP_U000014_24,U000014,2025-11-09,CH_SLEEP_001,1,model_reco,ins_high_wake_irregular,0,1
EXP_U000014_25,U000014,2025-11-11,CH_SLEEP_001,1,model_reco,ins_high_wake_irregular,1,0
EXP_U000014_26,U000014,2025-11-12,CH_ACT_002,1,model_reco,dep_low_daylight,0,0
EXP_U000014_27,U000014,2025-11-14,CH_ACT_002,1,model_reco,dep_low_daylight,0,0
EXP_U000014_28,U000014,2025-11-15,CH_ACT_002,1,model_reco,dep_low_daylight,0,0
EXP_U000015_1,U000015,2025-09-28,CH_SLEEP_001,1,model_reco,ins_high_wake_irregular,1,0
EXP_U000015_2,U000015,2025-10-27,CH_SLEEP_001,1,model_reco,ins_high_wake_irregular,1,0
EXP_U000016_1,U000016,2025-07-09,CH_ACT_003,1,model_reco,dep_low_activity,1,0
EXP_U000016_2,U000016,2025-07-13,CH_ACT_003,1,model_reco,dep_low_activity,0,1
EXP_U000016_3,U000016,2025-07-14,CH_ACT_002,1,model_reco,dep_low_daylight,1,0
EXP_U000016_4,U000016,2025-07-20,CH_ACT_003,1,model_reco,dep_low_activity,1,0
EXP_U000016_5,U000016,2025-07-26,CH_ACT_003,1,model_reco,dep_low_activity,1,0
EXP_U000016_6,U000016,2025-07-28,CH_SLEEP_001,1,model_reco,ins_high_wake_irregular,0,0
EXP_U000016_7,U000016,2025-07-31,CH_ACT_001,1,model_reco,dep_low_energy,1,0
EXP_U000016_8,U000016,2025-08-01,CH_SOC_001,1,model_reco,low_social_contact,0,0
EXP_U000016_9,U000016,2025-08-13,CH_ACT_001,1,model_reco,dep_low_energy,0,0
EXP_U000016_10,U000016,2025-08-15,CH_ACT_001,1,model_reco,dep_low_energy,1,0
EXP_U000016_11,U000016,2025-08-20,CH_SLEEP_001,1,model_reco,ins_high_wake_irregular,1,0
EXP_U000016_12,U000016,2025-08-21,CH_ACT_002,1,model_reco,dep_low_daylight,0,1
EXP_U000016_13,U000016,2025-08-26,CH_ACT_003,1,model_reco,dep_low_activity,1,0
EXP_U000016_14,U000016,2025-08-28,CH_SLEEP_001,1,model_reco,ins_high_wake_irregular,0,0
EXP_U000016_15,U000016,2025-08-30,CH_SLEEP_001,1,model_reco,ins_high_wake_irregular,1,0
EXP_U000016_16,U000016,2025-09-04,CH_ACT_001,1,model_reco,dep_low_energy,0,1
EXP_U000016_17,U000016,2025-09-08,CH_ACT_001,1,model_reco,dep_low_energy,0,0
EXP_U000016_18,U000016,2025-09-15,CH_ACT_003,1,model_reco,dep_low_activity,0,0
EXP_U000016_19,U000016,2025-09-17,CH_ACT_003,1,model_reco,dep_low_activity,1,0
EXP_U000016_20,U000016,2025-09-20,CH_ACT_002,1,model_reco,dep_low_daylight,1,0
EXP_U000016_21,U000016,2025-09-21,CH_SOC_001,1,model_reco,low_social_contact,0,0
EXP_U000016_22,U000016,2025-09-22,CH_SOC_001,1,model_reco,low_social_contact,0,0
EXP_U000016_23,U000016,2025-09-25,CH_ACT_003,1,model_reco,dep_low_activity,1,0
EXP_U000016_24,U000016,2025-09-26,CH_SOC_001,1,model_reco,low_social_contact,1,0
EXP_U000017_1,U000017,2025-07-13,CH_SLEEP_001,1,model_reco,ins_high_wake_irregular,1,0
EXP_U000017_2,U000017,2025-07-20,CH_SLEEP_001,1,model_reco,ins_high_wake_irregular,0,1
EXP_U000017_3,U000017,2025-07-26,CH_SLEEP_001,1,model_reco,ins_high_wake_irregular,0,0
EXP_U000017_4,U000017,2025-07-27,CH_SLEEP_001,1,model_reco,ins_high_wake_irregular,0,1
EXP_U000017_5,U000017,2025-07-29,CH_SLEEP_001,1,model_reco,ins_high_wake_irregular,0,1
EXP_U000017_6,U000017,2025-08-03,CH_SLEEP_001,1,model_reco,ins_high_wake_irregular,1,0
EXP_U000017_7,U000017,2025-08-05,CH_ACT_003,1,model_reco,dep_low_activity,0,1
EXP_U000017_8,U000017,2025-08-10,CH_SLEEP_001,1,model_reco,ins_high_wake_irregular,0,1
EXP_U000017_9,U000017,2025-08-12,CH_SLEEP_001,1,model_reco,ins_high_wake_irregular,0,1
EXP_U000017_10,U000017,2025-08-13,CH_SLEEP_001,1,model_reco,ins_high_wake_irregular,1,0
EXP_U000017_11,U000017,2025-08-14,CH_ACT_002,1,model_reco,dep_low_daylight,0,0
EXP_U000017_12,U000017,2025-08-17,CH_ACT_003,1,model_reco,dep_low_activity,0,1
EXP_U000017_13,U000017,2025-08-19,CH_ACT_003,1,model_reco,dep_low_activity,0,1
EXP_U000017_14,U000017,2025-08-26,CH_SLEEP_001,1,model_reco,ins_high_wake_irregular,0,1
EXP_U000017_15,U000017,2025-09-02,CH_SLEEP_001,1,model_reco,ins_high_wake_irregular,0,1
EXP_U000017_16,U000017,2025-09-05,CH_SLEEP_001,1,model_reco,ins_high_wake_irregular,0,0
EXP_U000017_17,U000017,2025-09-06,CH_SLEEP_001,1,model_reco,ins_high_wake_irregular,1,0
EXP_U000017_18,U000017,2025-09-10,CH_ACT_001,1,model_reco,dep_low_energy,0,1
EXP_U000017_19,U000017,2025-09-16,CH_SLEEP_001,1,model_reco,ins_high_wake_irregular,1,0
EXP_U000017_20,U000017,2025-09-18,CH_ACT_001,1,model_reco,dep_low_energy,0,1
EXP_U000017_21,U000017,2025-09-19,CH_ACT_001,1,model_reco,dep_low_energy,0,0
EXP_U000017_22,U000017,2025-09-22,CH_ACT_003,1,model_reco,dep_low_activity,0,0
EXP_U000017_23,U000017,2025-09-23,CH_SLEEP_001,1,model_reco,ins_high_wake_irregular,1,0
EXP_U000017_24,U000017,2025-09-27,CH_ACT_003,1,model_reco,dep_low_activity,0,1
EXP_U000017_25,U000017,2025-09-28,CH_ACT_003,1,model_reco,dep_low_activity,0,0
EXP_U000017_26,U000017,2025-09-29,CH_ACT_002,1,model_reco,dep_low_daylight,0,0
EXP_U000017_27,U000017,2025-10-01,CH_SLEEP_001,1,model_reco,ins_high_wake_irregular,0,1
EXP_U000018_1,U000018,2025-07-30,CH_ACT_002,1,model_reco,dep_low_daylight,0,1
EXP_U000018_2,U000018,2025-08-06,CH_ACT_003,1,model_reco,dep_low_activity,0,1
EXP_U000018_3,U000018,2025-08-13,CH_SOC_001,1,model_reco,low_social_contact,0,0
EXP_U000018_4,U000018,2025-08-21,CH_ACT_003,1,model_reco,dep_low_activity,0,0
EXP_U000018_5,U000018,2025-08-22,CH_ACT_003,1,model_reco,dep_low_activity,0,1
EXP_U000018_6,U000018,2025-09-12,CH_ACT_002,1,model_reco,dep_low_daylight,0,1
EXP_U000018_7,U000018,2025-09-30,CH_ACT_002,1,model_reco,dep_low_daylight,0,0
EXP_U000019_1,U000019,2025-07-18,CH_SLEEP_001,1,model_reco,ins_high_wake_irregular,1,0
EXP_U000020_1,U000020,2025-07-17,CH_REG_001,1,model_reco,anx_high_anxiety,1,0
EXP_U000020_2,U000020,2025-08-07,CH_REG_002,1,model_reco,anx_high_anxiety,1,0
EXP_U000020_3,U000020,2025-08-10,CH_REG_001,1,model_reco,anx_high_anxiety,0,1
EXP_U000020_4,U000020,2025-08-11,CH_REG_001,1,model_reco,anx_high_anxiety,0,0
EXP_U000020_5,U000020,2025-08-12,CH_REG_002,1,model_reco,anx_high_anxiety,0,1
EXP_U000020_6,U000020,2025-08-13,CH_REG_001,1,model_reco,anx_high_anxiety,0,1
EXP_U000020_7,U000020,2025-08-14,CH_REG_002,1,model_reco,anx_high_anxiety,0,1
EXP_U000020_8,U000020,2025-08-20,CH_REG_001,1,model_reco,anx_high_anxiety,0,0
EXP_U000020_9,U000020,2025-08-21,CH_REG_002,1,model_reco,anx_high_anxiety,1,0
EXP_U000020_10,U000020,2025-08-22,CH_REG_001,1,model_reco,anx_high_anxiety,1,0
EXP_U000020_11,U000020,2025-08-25,CH_REG_001,1,model_reco,anx_high_anxiety,0,1
EXP_U000020_12,U000020,2025-08-27,CH_REG_001,1,model_reco,anx_high_anxiety,1,0
EXP_U000020_13,U000020,2025-09-04,CH_REG_002,1,model_reco,anx_high_anxiety,0,0
EXP_U000020_14,U000020,2025-09-13,CH_REG_002,1,model_reco,anx_high_anxiety,1,0
EXP_U000020_15,U000020,2025-09-15,CH_REG_001,1,model_reco,anx_high_anxiety,1,0
EXP_U000020_16,U000020,2025-09-18,CH_REG_002,1,model_reco,anx_high_anxiety,0,1
EXP_U000020_17,U000020,2025-09-20,CH_REG_002,1,model_reco,anx_high_anxiety,1,0
EXP_U000020_18,U000020,2025-09-22,CH_REG_001,1,model_reco,anx_high_anxiety,0,1
EXP_U000020_19,U000020,2025-09-28,CH_REG_002,1,model_reco,anx_high_anxiety,0,1
EXP_U000021_1,U000021,2025-06-26,CH_ACT_002,1,model_reco,dep_low_daylight,1,0
EXP_U000021_2,U000021,2025-06-27,CH_REG_002,1,model_reco,anx_high_anxiety,1,0
EXP_U000021_3,U000021,2025-06-28,CH_REG_001,1,model_reco,anx_high_anxiety,0,1
EXP_U000021_4,U000021,2025-07-03,CH_ACT_003,1,model_reco,dep_low_activity,1,0
EXP_U000021_5,U000021,2025-07-07,CH_ACT_002,1,model_reco,dep_low_daylight,0,1
EXP_U000021_6,U000021,2025-07-11,CH_ACT_002,1,model_reco,dep_low_daylight,1,0
EXP_U000021_7,U000021,2025-07-14,CH_ACT_002,1,model_reco,dep_low_daylight,0,1
EXP_U000021_8,U000021,2025-07-16,CH_ACT_003,1,model_reco,dep_low_activity,0,1
EXP_U000021_9,U000021,2025-07-17,CH_ACT_003,1,model_reco,dep_low_activity,1,0
EXP_U000021_10,U000021,2025-07-26,CH_ACT_002,1,model_reco,dep_low_daylight,0,0
EXP_U000021_11,U000021,2025-07-31,CH_ACT_002,1,model_reco,dep_low_daylight,0,0
EXP_U000021_12,U000021,2025-08-01,CH_ACT_003,1,model_reco,dep_low_activity,1,0
EXP_U000021_13,U000021,2025-08-07,CH_ACT_001,1,model_reco,dep_low_energy,0,0
EXP_U000021_14,U000021,2025-08-10,CH_ACT_001,1,model_reco,dep_low_energy,1,0
EXP_U000021_15,U000021,2025-08-14,CH_REG_001,1,model_reco,anx_high_anxiety,1,0
EXP_U000021_16,U000021,2025-08-16,CH_ACT_003,1,model_reco,dep_low_activity,0,0
EXP_U000021_17,U000021,2025-08-19,CH_ACT_002,1,model_reco,dep_low_daylight,0,0
EXP_U000021_18,U000021,2025-08-25,CH_ACT_002,1,model_reco,dep_low_daylight,0,0
EXP_U000021_19,U000021,2025-08-27,CH_ACT_002,1,model_reco,dep_low_daylight,1,0
EXP_U000021_20,U000021,2025-09-03,CH_ACT_003,1,model_reco,dep_low_activity,0,1
EXP_U000021_21,U000021,2025-09-06,CH_ACT_002,1,model_reco,dep_low_daylight,1,0
EXP_U000021_22,U000021,2025-09-10,CH_ACT_002,1,model_reco,dep_low_daylight,1,0
EXP_U000022_1,U000022,2025-08-19,CH_ACT_003,1,model_reco,dep_low_activity,0,1
EXP_U000022_2,U000022,2025-08-20,CH_ACT_002,1,model_reco,dep_low_daylight,0,1
EXP_U000022_3,U000022,2025-08-21,CH_ACT_002,1,model_reco,dep_low_daylight,0,1
EXP_U000022_4,U000022,2025-08-25,CH_ACT_003,1,model_reco,dep_low_activity,0,1
EXP_U000022_5,U000022,2025-09-06,CH_ACT_003,1,model_reco,dep_low_activity,1,0
EXP_U000022_6,U000022,2025-09-07,CH_SOC_001,1,model_reco,low_social_contact,0,0
EXP_U000022_7,U000022,2025-09-08,CH_SOC_001,1,model_reco,low_social_contact,0,0
EXP_U000022_8,U000022,2025-09-20,CH_ACT_002,1,model_reco,dep_low_daylight,0,1
EXP_U000022_9,U000022,2025-09-22,CH_ACT_003,1,model_reco,dep_low_activity,1,0
EXP_U000022_10,U000022,2025-10-01,CH_ACT_003,1,model_reco,dep_low_activity,0,0
EXP_U000022_11,U000022,2025-10-04,CH_ACT_002,1,model_reco,dep_low_daylight,1,0
EXP_U000022_12,U000022,2025-10-05,CH_SOC_001,1,model_reco,low_social_contact,0,1
EXP_U000022_13,U000022,2025-10-10,CH_ACT_002,1,model_reco,dep_low_daylight,1,0
EXP_U000022_14,U000022,2025-10-17,CH_ACT_003,1,model_reco,dep_low_activity,0,0
EXP_U000022_15,U000022,2025-10-19,CH_ACT_003,1,model_reco,dep_low_activity,1,0
EXP_U000022_16,U000022,2025-10-24,CH_ACT_003,1,model_reco,dep_low_activity,1,0
EXP_U000022_17,U000022,2025-10-26,CH_SOC_001,1,model_reco,low_social_contact,0,0
EXP_U000022_18,U000022,2025-10-29,CH_ACT_003,1,model_reco,dep_low_activity,0,1
EXP_U000022_19,U000022,2025-11-03,CH_ACT_002,1,model_reco,dep_low_daylight,1,0
EXP_U000023_1,U000023,2025-09-22,CH_ACT_001,1,model_reco,dep_low_energy,1,0
EXP_U000024_1,U000024,2025-07-17,CH_REG_001,1,model_reco,anx_high_anxiety,1,0
EXP_U000024_2,U000024,2025-07-22,CH_REG_001,1,model_reco,anx_high_anxiety,0,1
EXP_U000024_3,U000024,2025-08-13,CH_REG_002,1,model_reco,anx_high_anxiety,0,1
EXP_U000024_4,U000024,2025-08-28,CH_REG_001,1,model_reco,anx_high_anxiety,0,1
EXP_U000024_5,U000024,2025-09-02,CH_REG_001,1,model_reco,anx_high_anxiety,1,0
EXP_U000024_6,U000024,2025-09-03,CH_REG_002,1,model_reco,anx_high_anxiety,0,1
EXP_U000024_7,U000024,2025-09-06,CH_REG_001,1,model_reco,anx_high_anxiety,1,0
EXP_U000025_1,U000025,2025-09-07,CH_ACT_001,1,model_reco,dep_low_energy,1,0
EXP_U000025_2,U000025,2025-09-09,CH_SOC_001,1,model_reco,low_social_contact,0,0
EXP_U000026_1,U000026,2025-08-21,CH_ACT_001,1,model_reco,dep_low_energy,0,1
EXP_U000026_2,U000026,2025-08-30,CH_ACT_001,1,model_reco,dep_low_energy,0,1
EXP_U000026_3,U000026,2025-09-10,CH_ACT_001,1,model_reco,dep_low_energy,0,1
EXP_U000026_4,U000026,2025-09-14,CH_ACT_002,1,model_reco,dep_low_daylight,0,1
EXP_U000026_5,U000026,2025-09-15,CH_ACT_002,1,model_reco,dep_low_daylight,1,0
EXP_U000026_6,U000026,2025-09-20,CH_ACT_003,1,model_reco,dep_low_activity,1,0
EXP_U000026_7,U000026,2025-09-23,CH_SLEEP_001,1,model_reco,ins_high_wake_irregular,1,0
EXP_U000026_8,U000026,2025-09-26,CH_ACT_003,1,model_reco,dep_low_activity,0,0
EXP_U000026_9,U000026,2025-09-28,CH_ACT_001,1,model_reco,dep_low_energy,0,0
EXP_U000026_10,U000026,2025-10-04,CH_REG_002,1,model_reco,anx_high_anxiety,1,0
EXP_U000026_11,U000026,2025-10-14,CH_ACT_001,1,model_reco,dep_low_energy,1,0
EXP_U000026_12,U000026,2025-10-24,CH_SLEEP_001,1,model_reco,ins_high_wake_irregular,1,0
EXP_U000027_1,U000027,2025-08-21,CH_ACT_001,1,model_reco,dep_low_energy,1,0
EXP_U000027_2,U000027,2025-09-25,CH_WELL_001,1,model_reco,supportive_wellbeing,0,1
EXP_U000028_1,U000028,2025-07-23,CH_SLEEP_001,1,model_reco,ins_high_wake_irregular,0,1
EXP_U000028_2,U000028,2025-08-04,CH_SLEEP_001,1,model_reco,ins_high_wake_irregular,0,0
EXP_U000028_3,U000028,2025-08-16,CH_SLEEP_001,1,model_reco,ins_high_wake_irregular,1,0
EXP_U000028_4,U000028,2025-08-30,CH_SLEEP_001,1,model_reco,ins_high_wake_irregular,1,0
EXP_U000028_5,U000028,2025-09-02,CH_ACT_003,1,model_reco,dep_low_activity,0,1
EXP_U000028_6,U000028,2025-09-03,CH_ACT_002,1,model_reco,dep_low_daylight,0,0
EXP_U000028_7,U000028,2025-09-04,CH_ACT_002,1,model_reco,dep_low_daylight,0,0
EXP_U000028_8,U000028,2025-09-06,CH_SLEEP_001,1,model_reco,ins_high_wake_irregular,0,1
EXP_U000028_9,U000028,2025-09-08,CH_SLEEP_001,1,model_reco,ins_high_wake_irregular,1,0
EXP_U000028_10,U000028,2025-09-15,CH_SLEEP_001,1,model_reco,ins_high_wake_irregular,0,0
EXP_U000028_11,U000028,2025-09-17,CH_SLEEP_001,1,model_reco,ins_high_wake_irregular,0,0
EXP_U000028_12,U000028,2025-09-19,CH_SLEEP_001,1,model_reco,ins_high_wake_irregular,0,1
EXP_U000028_13,U000028,2025-09-21,CH_SLEEP_001,1,model_reco,ins_high_wake_irregular,0,1
EXP_U000028_14,U000028,2025-09-22,CH_SLEEP_001,1,model_reco,ins_high_wake_irregular,1,0
EXP_U000028_15,U000028,2025-10-05,CH_SLEEP_001,1,model_reco,ins_high_wake_irregular,1,0
EXP_U000028_16,U000028,2025-10-08,CH_ACT_003,1,model_reco,dep_low_activity,0,0
EXP_U000028_17,U000028,2025-10-13,CH_SLEEP_001,1,model_reco,ins_high_wake_irregular,0,1
EXP_U000029_1,U000029,2025-08-25,CH_ACT_003,1,model_reco,dep_low_activity,1,0
EXP_U000029_2,U000029,2025-08-27,CH_REG_001,1,model_reco,anx_high_anxiety,0,1
EXP_U000029_3,U000029,2025-09-01,CH_ACT_002,1,model_reco,dep_low_daylight,0,1
EXP_U000029_4,U000029,2025-09-09,CH_ACT_003,1,model_reco,dep_low_activity,0,0
EXP_U000029_5,U000029,2025-09-14,CH_ACT_002,1,model_reco,dep_low_daylight,0,1
EXP_U000029_6,U000029,2025-09-16,CH_ACT_002,1,model_reco,dep_low_daylight,0,1
EXP_U000029_7,U000029,2025-10-01,CH_SLEEP_001,1,model_reco,ins_high_wake_irregular,0,1
EXP_U000029_8,U000029,2025-10-05,CH_ACT_003,1,model_reco,dep_low_activity,0,1
EXP_U000029_9,U000029,2025-10-16,CH_ACT_003,1,model_reco,dep_low_activity,0,1
EXP_U000029_10,U000029,2025-10-21,CH_ACT_003,1,model_reco,dep_low_activity,0,1
EXP_U000029_11,U000029,2025-10-28,CH_ACT_003,1,model_reco,dep_low_activity,0,0
EXP_U000030_1,U000030,2025-08-18,CH_REG_001,1,model_reco,anx_high_anxiety,0,0
EXP_U000030_2,U000030,2025-08-20,CH_REG_001,1,model_reco,anx_high_anxiety,1,0
EXP_U000030_3,U000030,2025-08-23,CH_REG_001,1,model_reco,anx_high_anxiety,0,1
EXP_U000030_4,U000030,2025-08-29,CH_REG_001,1,model_reco,anx_high_anxiety,1,0
EXP_U000030_5,U000030,2025-09-03,CH_REG_002,1,model_reco,anx_high_anxiety,0,1
EXP_U000030_6,U000030,2025-09-05,CH_REG_001,1,model_reco,anx_high_anxiety,0,0
EXP_U000030_7,U000030,2025-09-09,CH_REG_001,1,model_reco,anx_high_anxiety,0,1
EXP_U000030_8,U000030,2025-09-17,CH_WELL_001,1,model_reco,supportive_wellbeing,0,0
EXP_U000030_9,U000030,2025-09-27,CH_REG_002,1,model_reco,anx_high_anxiety,1,0
EXP_U000030_10,U000030,2025-09-30,CH_REG_001,1,model_reco,anx_high_anxiety,0,1
EXP_U000030_11,U000030,2025-10-01,CH_REG_001,1,model_reco,anx_high_anxiety,0,1
EXP_U000030_12,U000030,2025-10-02,CH_REG_002,1,model_reco,anx_high_anxiety,1,0
EXP_U000030_13,U000030,2025-10-05,CH_REG_001,1,model_reco,anx_high_anxiety,0,1
EXP_U000030_14,U000030,2025-10-07,CH_REG_002,1,model_reco,anx_high_anxiety,0,0
EXP_U000030_15,U000030,2025-10-08,CH_REG_001,1,model_reco,anx_high_anxiety,1,0
EXP_U000030_16,U000030,2025-10-24,CH_REG_002,1,model_reco,anx_high_anxiety,1,0
EXP_U000030_17,U000030,2025-10-29,CH_REG_001,1,model_reco,anx_high_anxiety,1,0
EXP_U000030_18,U000030,2025-10-30,CH_REG_002,1,model_reco,anx_high_anxiety,1,0
EXP_U000030_19,U000030,2025-11-06,CH_REG_001,1,model_reco,anx_high_anxiety,0,1
EXP_U000031_1,U000031,2025-08-14,CH_WELL_001,1,model_reco,supportive_wellbeing,1,0
EXP_U000032_1,U000032,2025-08-06,CH_ACT_003,1,model_reco,dep_low_activity,0,1
EXP_U000032_2,U000032,2025-08-14,CH_ACT_003,1,model_reco,dep_low_activity,0,1
EXP_U000032_3,U000032,2025-09-11,CH_SLEEP_001,1,model_reco,ins_high_wake_irregular,0,0
EXP_U000032_4,U000032,2025-09-17,CH_ACT_003,1,model_reco,dep_low_activity,0,1
EXP_U000032_5,U000032,2025-09-18,CH_ACT_002,1,model_reco,dep_low_daylight,1,0
EXP_U000032_6,U000032,2025-09-19,CH_SLEEP_001,1,model_reco,ins_high_wake_irregular,0,1
EXP_U000032_7,U000032,2025-09-21,CH_ACT_003,1,model_reco,dep_low_activity,1,0
EXP_U000032_8,U000032,2025-10-07,CH_ACT_003,1,model_reco,dep_low_activity,0,1
EXP_U000032_9,U000032,2025-10-11,CH_SLEEP_001,1,model_reco,ins_high_wake_irregular,0,0
EXP_U000032_10,U000032,2025-10-14,CH_ACT_002,1,model_reco,dep_low_daylight,0,0
EXP_U000032_11,U000032,2025-10-15,CH_ACT_003,1,model_reco,dep_low_activity,0,0
EXP_U000033_1,U000033,2025-09-11,CH_REG_002,1,model_reco,anx_high_anxiety,1,0
EXP_U000033_2,U000033,2025-10-01,CH_REG_002,1,model_reco,anx_high_anxiety,1,0
EXP_U000033_3,U000033,2025-10-06,CH_REG_002,1,model_reco,anx_high_anxiety,1,0
EXP_U000034_1,U000034,2025-07-20,CH_REG_001,1,model_reco,anx_high_anxiety,1,0
EXP_U000034_2,U000034,2025-07-24,CH_REG_002,1,model_reco,anx_high_anxiety,0,0
EXP_U000034_3,U000034,2025-08-03,CH_REG_001,1,model_reco,anx_high_anxiety,1,0
EXP_U000034_4,U000034,2025-08-11,CH_REG_001,1,model_reco,anx_high_anxiety,0,1
EXP_U000034_5,U000034,2025-08-21,CH_REG_002,1,model_reco,anx_high_anxiety,0,0
EXP_U000034_6,U000034,2025-09-09,CH_REG_001,1,model_reco,anx_high_anxiety,0,1
EXP_U000034_7,U000034,2025-09-10,CH_REG_002,1,model_reco,anx_high_anxiety,0,0
EXP_U000034_8,U000034,2025-09-12,CH_REG_002,1,model_reco,anx_high_anxiety,1,0
EXP_U000034_9,U000034,2025-09-13,CH_REG_002,1,model_reco,anx_high_anxiety,0,1
EXP_U000034_10,U000034,2025-09-14,CH_REG_002,1,model_reco,anx_high_anxiety,1,0
EXP_U000034_11,U000034,2025-09-21,CH_REG_001,1,model_reco,anx_high_anxiety,1,0
EXP_U000034_12,U000034,2025-10-03,CH_REG_002,1,model_reco,anx_high_anxiety,0,1
EXP_U000035_1,U000035,2025-09-08,CH_SLEEP_001,1,model_reco,ins_high_wake_irregular,0,0
EXP_U000035_2,U000035,2025-09-11,CH_SLEEP_001,1,model_reco,ins_high_wake_irregular,0,0
EXP_U000035_3,U000035,2025-09-17,CH_SLEEP_001,1,model_reco,ins_high_wake_irregular,0,1
EXP_U000035_4,U000035,2025-10-07,CH_SLEEP_001,1,model_reco,ins_high_wake_irregular,0,1
EXP_U000035_5,U000035,2025-10-21,CH_SLEEP_001,1,model_reco,ins_high_wake_irregular,0,1
EXP_U000035_6,U000035,2025-11-04,CH_SLEEP_001,1,model_reco,ins_high_wake_irregular,0,1
EXP_U000035_7,U000035,2025-11-06,CH_SLEEP_001,1,model_reco,ins_high_wake_irregular,0,1
EXP_U000036_1,U000036,2025-08-03,CH_SLEEP_001,1,model_reco,ins_high_wake_irregular,0,0
EXP_U000036_2,U000036,2025-08-11,CH_SLEEP_001,1,model_reco,ins_high_wake_irregular,0,0
EXP_U000036_3,U000036,2025-08-16,CH_SLEEP_001,1,model_reco,ins_high_wake_irregular,0,1
EXP_U000036_4,U000036,2025-08-26,CH_SLEEP_001,1,model_reco,ins_high_wake_irregular,0,1
EXP_U000036_5,U000036,2025-09-04,CH_SLEEP_001,1,model_reco,ins_high_wake_irregular,1,0
EXP_U000036_6,U000036,2025-09-15,CH_SLEEP_001,1,model_reco,ins_high_wake_irregular,0,1
EXP_U000036_7,U000036,2025-09-22,CH_SLEEP_001,1,model_reco,ins_high_wake_irregular,0,0
EXP_U000036_8,U000036,2025-10-08,CH_SLEEP_001,1,model_reco,ins_high_wake_irregular,1,0
EXP_U000036_9,U000036,2025-10-15,CH_SLEEP_001,1,model_reco,ins_high_wake_irregular,1,0
EXP_U000037_1,U000037,2025-06-20,CH_SLEEP_001,1,model_reco,ins_high_wake_irregular,0,0
EXP_U000037_2,U000037,2025-06-23,CH_SLEEP_001,1,model_reco,ins_high_wake_irregular,1,0
EXP_U000037_3,U000037,2025-06-26,CH_REG_002,1,model_reco,anx_high_anxiety,0,0
EXP_U000037_4,U000037,2025-07-01,CH_SLEEP_001,1,model_reco,ins_high_wake_irregular,0,1
EXP_U000037_5,U000037,2025-07-02,CH_SLEEP_001,1,model_reco,ins_high_wake_irregular,0,1
EXP_U000037_6,U000037,2025-07-03,CH_SLEEP_001,1,model_reco,ins_high_wake_irregular,0,1
EXP_U000037_7,U000037,2025-07-06,CH_SLEEP_001,1,model_reco,ins_high_wake_irregular,1,0
EXP_U000037_8,U000037,2025-07-13,CH_SLEEP_001,1,model_reco,ins_high_wake_irregular,1,0
EXP_U000037_9,U000037,2025-07-17,CH_WELL_001,1,model_reco,supportive_wellbeing,0,0
EXP_U000037_10,U000037,2025-07-19,CH_REG_002,1,model_reco,anx_high_anxiety,0,0
EXP_U000037_11,U000037,2025-07-23,CH_SLEEP_001,1,model_reco,ins_high_wake_irregular,1,0
EXP_U000037_12,U000037,2025-08-08,CH_SLEEP_001,1,model_reco,ins_high_wake_irregular,1,0
EXP_U000037_13,U000037,2025-08-21,CH_SLEEP_001,1,model_reco,ins_high_wake_irregular,0,0
EXP_U000038_1,U000038,2025-08-18,CH_SLEEP_001,1,model_reco,ins_high_wake_irregular,0,0
EXP_U000039_1,U000039,2025-08-11,CH_SLEEP_001,1,model_reco,ins_high_wake_irregular,0,1
EXP_U000039_2,U000039,2025-08-20,CH_SLEEP_001,1,model_reco,ins_high_wake_irregular,1,0
EXP_U000039_3,U000039,2025-08-27,CH_SLEEP_001,1,model_reco,ins_high_wake_irregular,1,0
EXP_U000039_4,U000039,2025-09-09,CH_SLEEP_001,1,model_reco,ins_high_wake_irregular,0,1
EXP_U000039_5,U000039,2025-09-11,CH_SLEEP_001,1,model_reco,ins_high_wake_irregular,1,0
EXP_U000039_6,U000039,2025-09-29,CH_SLEEP_001,1,model_reco,ins_high_wake_irregular,0,1
EXP_U000039_7,U000039,2025-10-04,CH_SLEEP_001,1,model_reco,ins_high_wake_irregular,0,0
EXP_U000039_8,U000039,2025-10-05,CH_SLEEP_001,1,model_reco,ins_high_wake_irregular,0,0
EXP_U000039_9,U000039,2025-10-22,CH_SLEEP_001,1,model_reco,ins_high_wake_irregular,0,1
EXP_U000039_10,U000039,2025-10-25,CH_SLEEP_001,1,model_reco,ins_high_wake_irregular,1,0
EXP_U000040_1,U000040,2025-06-16,CH_SLEEP_001,1,model_reco,ins_high_wake_irregular,1,0
EXP_U000040_2,U000040,2025-06-17,CH_ACT_002,1,model_reco,dep_low_daylight,1,0
EXP_U000040_3,U000040,2025-06-23,CH_SLEEP_001,1,model_reco,ins_high_wake_irregular,1,0
EXP_U000040_4,U000040,2025-06-29,CH_ACT_003,1,model_reco,dep_low_activity,0,0
EXP_U000040_5,U000040,2025-06-30,CH_SLEEP_001,1,model_reco,ins_high_wake_irregular,1,0
EXP_U000040_6,U000040,2025-07-07,CH_SLEEP_001,1,model_reco,ins_high_wake_irregular,1,0
EXP_U000040_7,U000040,2025-07-08,CH_ACT_003,1,model_reco,dep_low_activity,0,0
EXP_U000040_8,U000040,2025-07-11,CH_ACT_002,1,model_reco,dep_low_daylight,0,1
EXP_U000040_9,U000040,2025-07-22,CH_SLEEP_001,1,model_reco,ins_high_wake_irregular,0,1
EXP_U000040_10,U000040,2025-07-23,CH_SLEEP_001,1,model_reco,ins_high_wake_irregular,1,0
EXP_U000040_11,U000040,2025-07-25,CH_ACT_002,1,model_reco,dep_low_daylight,0,1
EXP_U000040_12,U000040,2025-07-27,CH_ACT_003,1,model_reco,dep_low_activity,0,1
EXP_U000040_13,U000040,2025-07-29,CH_ACT_003,1,model_reco,dep_low_activity,0,1
EXP_U000040_14,U000040,2025-08-04,CH_SLEEP_001,1,model_reco,ins_high_wake_irregular,0,0
EXP_U000040_15,U000040,2025-08-06,CH_SLEEP_001,1,model_reco,ins_high_wake_irregular,0,0
EXP_U000040_16,U000040,2025-08-07,CH_SLEEP_001,1,model_reco,ins_high_wake_irregular,1,0
EXP_U000040_17,U000040,2025-08-09,CH_ACT_002,1,model_reco,dep_low_daylight,0,1
EXP_U000040_18,U000040,2025-08-10,CH_ACT_002,1,model_reco,dep_low_daylight,0,0
EXP_U000040_19,U000040,2025-08-24,CH_SLEEP_001,1,model_reco,ins_high_wake_irregular,1,0
EXP_U000040_20,U000040,2025-08-25,CH_ACT_002,1,model_reco,dep_low_daylight,0,1
EXP_U000040_21,U000040,2025-09-04,CH_SLEEP_001,1,model_reco,ins_high_wake_irregular,1,0
EXP_U000041_1,U000041,2025-08-14,CH_ACT_002,1,model_reco,dep_low_daylight,1,0
EXP_U000041_2,U000041,2025-08-18,CH_SLEEP_001,1,model_reco,ins_high_wake_irregular,1,0
EXP_U000041_3,U000041,2025-08-21,CH_ACT_003,1,model_reco,dep_low_activity,1,0
EXP_U000041_4,U000041,2025-08-29,CH_ACT_001,1,model_reco,dep_low_energy,1,0
EXP_U000041_5,U000041,2025-08-31,CH_SOC_001,1,model_reco,low_social_contact,0,0
EXP_U000041_6,U000041,2025-09-02,CH_SOC_001,1,model_reco,low_social_contact,0,0
EXP_U000041_7,U000041,2025-09-05,CH_ACT_002,1,model_reco,dep_low_daylight,1,0
EXP_U000041_8,U000041,2025-09-18,CH_ACT_001,1,model_reco,dep_low_energy,0,0
EXP_U000041_9,U000041,2025-09-28,CH_ACT_001,1,model_reco,dep_low_energy,1,0
EXP_U000041_10,U000041,2025-10-09,CH_ACT_003,1,model_reco,dep_low_activity,1,0
EXP_U000041_11,U000041,2025-10-17,CH_ACT_001,1,model_reco,dep_low_energy,0,1
EXP_U000042_1,U000042,2025-07-05,CH_SOC_001,1,model_reco,low_social_contact,0,1
EXP_U000042_2,U000042,2025-07-09,CH_REG_001,1,model_reco,anx_high_anxiety,0,1
EXP_U000042_3,U000042,2025-07-11,CH_ACT_002,1,model_reco,dep_low_daylight,0,0
EXP_U000042_4,U000042,2025-07-23,CH_ACT_003,1,model_reco,dep_low_activity,0,1
EXP_U000042_5,U000042,2025-07-25,CH_REG_002,1,model_reco,anx_high_anxiety,1,0
EXP_U000042_6,U000042,2025-07-30,CH_ACT_003,1,model_reco,dep_low_activity,0,1
EXP_U000042_7,U000042,2025-08-09,CH_ACT_002,1,model_reco,dep_low_daylight,0,1
EXP_U000042_8,U000042,2025-08-19,CH_ACT_002,1,model_reco,dep_low_daylight,1,0
EXP_U000042_9,U000042,2025-09-01,CH_ACT_003,1,model_reco,dep_low_activity,0,1
EXP_U000042_10,U000042,2025-09-08,CH_SOC_001,1,model_reco,low_social_contact,0,0
EXP_U000043_1,U000043,2025-06-03,CH_REG_001,1,model_reco,anx_high_anxiety,1,0
EXP_U000043_2,U000043,2025-06-04,CH_REG_001,1,model_reco,anx_high_anxiety,1,0
EXP_U000043_3,U000043,2025-06-08,CH_REG_002,1,model_reco,anx_high_anxiety,1,0
EXP_U000043_4,U000043,2025-06-11,CH_REG_002,1,model_reco,anx_high_anxiety,1,0
EXP_U000043_5,U000043,2025-06-13,CH_REG_001,1,model_reco,anx_high_anxiety,0,0
EXP_U000043_6,U000043,2025-06-14,CH_REG_002,1,model_reco,anx_high_anxiety,1,0
EXP_U000043_7,U000043,2025-06-27,CH_REG_002,1,model_reco,anx_high_anxiety,0,1
EXP_U000043_8,U000043,2025-07-03,CH_REG_001,1,model_reco,anx_high_anxiety,1,0
EXP_U000043_9,U000043,2025-07-08,CH_REG_001,1,model_reco,anx_high_anxiety,1,0
EXP_U000043_10,U000043,2025-07-09,CH_REG_001,1,model_reco,anx_high_anxiety,1,0
EXP_U000043_11,U000043,2025-07-10,CH_REG_001,1,model_reco,anx_high_anxiety,0,1
EXP_U000043_12,U000043,2025-07-16,CH_REG_001,1,model_reco,anx_high_anxiety,1,0
EXP_U000043_13,U000043,2025-07-22,CH_REG_002,1,model_reco,anx_high_anxiety,0,0
EXP_U000043_14,U000043,2025-07-25,CH_REG_001,1,model_reco,anx_high_anxiety,1,0
EXP_U000043_15,U000043,2025-07-29,CH_REG_002,1,model_reco,anx_high_anxiety,1,0
EXP_U000043_16,U000043,2025-07-31,CH_REG_002,1,model_reco,anx_high_anxiety,0,1
EXP_U000043_17,U000043,2025-08-08,CH_REG_001,1,model_reco,anx_high_anxiety,1,0
EXP_U000043_18,U000043,2025-08-11,CH_REG_001,1,model_reco,anx_high_anxiety,1,0
EXP_U000043_19,U000043,2025-08-17,CH_REG_002,1,model_reco,anx_high_anxiety,0,1
EXP_U000043_20,U000043,2025-08-18,CH_REG_002,1,model_reco,anx_high_anxiety,1,0
EXP_U000043_21,U000043,2025-08-19,CH_REG_002,1,model_reco,anx_high_anxiety,1,0
EXP_U000043_22,U000043,2025-08-22,CH_REG_002,1,model_reco,anx_high_anxiety,0,1
EXP_U000044_1,U000044,2025-06-11,CH_ACT_002,1,model_reco,dep_low_daylight,0,0
EXP_U000044_2,U000044,2025-06-12,CH_SLEEP_001,1,model_reco,ins_high_wake_irregular,0,1
EXP_U000044_3,U000044,2025-06-13,CH_SLEEP_001,1,model_reco,ins_high_wake_irregular,0,1
EXP_U000044_4,U000044,2025-06-14,CH_SLEEP_001,1,model_reco,ins_high_wake_irregular,0,1
EXP_U000044_5,U000044,2025-06-15,CH_SLEEP_001,1,model_reco,ins_high_wake_irregular,0,0
EXP_U000044_6,U000044,2025-06-18,CH_SLEEP_001,1,model_reco,ins_high_wake_irregular,0,1
EXP_U000044_7,U000044,2025-06-19,CH_SLEEP_001,1,model_reco,ins_high_wake_irregular,1,0
EXP_U000044_8,U000044,2025-06-30,CH_ACT_002,1,model_reco,dep_low_daylight,1,0
EXP_U000044_9,U000044,2025-07-01,CH_REG_002,1,model_reco,anx_high_anxiety,0,0
EXP_U000044_10,U000044,2025-07-08,CH_SLEEP_001,1,model_reco,ins_high_wake_irregular,1,0
EXP_U000044_11,U000044,2025-07-16,CH_ACT_002,1,model_reco,dep_low_daylight,0,1
EXP_U000044_12,U000044,2025-07-17,CH_ACT_003,1,model_reco,dep_low_activity,0,1
EXP_U000044_13,U000044,2025-07-22,CH_SLEEP_001,1,model_reco,ins_high_wake_irregular,0,0
EXP_U000044_14,U000044,2025-07-23,CH_SLEEP_001,1,model_reco,ins_high_wake_irregular,0,1
EXP_U000044_15,U000044,2025-07-26,CH_SLEEP_001,1,model_reco,ins_high_wake_irregular,0,1
EXP_U000044_16,U000044,2025-07-27,CH_SLEEP_001,1,model_reco,ins_high_wake_irregular,0,0
EXP_U000044_17,U000044,2025-07-28,CH_SLEEP_001,1,model_reco,ins_high_wake_irregular,0,1
EXP_U000044_18,U000044,2025-08-02,CH_SLEEP_001,1,model_reco,ins_high_wake_irregular,0,1
EXP_U000044_19,U000044,2025-08-04,CH_SLEEP_001,1,model_reco,ins_high_wake_irregular,1,0
EXP_U000044_20,U000044,2025-08-06,CH_ACT_003,1,model_reco,dep_low_activity,0,1
EXP_U000044_21,U000044,2025-08-08,CH_ACT_003,1,model_reco,dep_low_activity,0,0
EXP_U000044_22,U000044,2025-08-10,CH_ACT_002,1,model_reco,dep_low_daylight,0,0
EXP_U000044_23,U000044,2025-08-19,CH_SLEEP_001,1,model_reco,ins_high_wake_irregular,1,0
EXP_U000044_24,U000044,2025-08-20,CH_ACT_002,1,model_reco,dep_low_daylight,1,0
EXP_U000044_25,U000044,2025-08-24,CH_ACT_003,1,model_reco,dep_low_activity,1,0
EXP_U000045_1,U000045,2025-08-20,CH_WELL_001,1,model_reco,supportive_wellbeing,0,0
EXP_U000046_1,U000046,2025-09-07,CH_SLEEP_001,1,model_reco,ins_high_wake_irregular,0,0
EXP_U000046_2,U000046,2025-09-15,CH_SLEEP_001,1,model_reco,ins_high_wake_irregular,1,0
EXP_U000046_3,U000046,2025-10-02,CH_SLEEP_001,1,model_reco,ins_high_wake_irregular,1,0
EXP_U000047_1,U000047,2025-08-02,CH_REG_001,1,model_reco,anx_high_anxiety,1,0
EXP_U000047_2,U000047,2025-08-06,CH_REG_001,1,model_reco,anx_high_anxiety,0,1
EXP_U000047_3,U000047,2025-08-08,CH_REG_001,1,model_reco,anx_high_anxiety,0,0
EXP_U000047_4,U000047,2025-08-10,CH_REG_001,1,model_reco,anx_high_anxiety,0,0
EXP_U000047_5,U000047,2025-08-25,CH_REG_002,1,model_reco,anx_high_anxiety,0,1
EXP_U000047_6,U000047,2025-08-26,CH_REG_002,1,model_reco,anx_high_anxiety,0,1
EXP_U000047_7,U000047,2025-08-29,CH_REG_001,1,model_reco,anx_high_anxiety,1,0
EXP_U000047_8,U000047,2025-09-05,CH_REG_002,1,model_reco,anx_high_anxiety,1,0
EXP_U000047_9,U000047,2025-09-06,CH_REG_002,1,model_reco,anx_high_anxiety,0,1
EXP_U000047_10,U000047,2025-09-07,CH_REG_002,1,model_reco,anx_high_anxiety,1,0
EXP_U000047_11,U000047,2025-09-13,CH_REG_001,1,model_reco,anx_high_anxiety,1,0
EXP_U000047_12,U000047,2025-09-18,CH_REG_002,1,model_reco,anx_high_anxiety,1,0
EXP_U000047_13,U000047,2025-09-20,CH_REG_001,1,model_reco,anx_high_anxiety,0,0
EXP_U000047_14,U000047,2025-09-24,CH_REG_002,1,model_reco,anx_high_anxiety,1,0
EXP_U000047_15,U000047,2025-10-07,CH_REG_001,1,model_reco,anx_high_anxiety,0,1
EXP_U000047_16,U000047,2025-10-10,CH_REG_002,1,model_reco,anx_high_anxiety,1,0
EXP_U000047_17,U000047,2025-10-11,CH_REG_002,1,model_reco,anx_high_anxiety,0,1
EXP_U000047_18,U000047,2025-10-13,CH_REG_002,1,model_reco,anx_high_anxiety,0,0
EXP_U000047_19,U000047,2025-10-20,CH_REG_001,1,model_reco,anx_high_anxiety,0,1
EXP_U000048_1,U000048,2025-08-24,CH_ACT_003,1,model_reco,dep_low_activity,1,0
EXP_U000048_2,U000048,2025-08-25,CH_SOC_001,1,model_reco,low_social_contact,1,0
EXP_U000048_3,U000048,2025-10-23,CH_ACT_001,1,model_reco,dep_low_energy,1,0
EXP_U000048_4,U000048,2025-10-31,CH_ACT_001,1,model_reco,dep_low_energy,1,0
EXP_U000049_1,U000049,2025-07-07,CH_ACT_001,1,model_reco,dep_low_energy,0,0
EXP_U000049_2,U000049,2025-07-10,CH_ACT_002,1,model_reco,dep_low_daylight,0,1
EXP_U000049_3,U000049,2025-07-13,CH_ACT_001,1,model_reco,dep_low_energy,1,0
EXP_U000049_4,U000049,2025-07-15,CH_REG_001,1,model_reco,anx_high_anxiety,0,1
EXP_U000049_5,U000049,2025-07-18,CH_ACT_003,1,model_reco,dep_low_activity,0,1
EXP_U000049_6,U000049,2025-07-19,CH_ACT_003,1,model_reco,dep_low_activity,0,1
EXP_U000049_7,U000049,2025-07-21,CH_ACT_003,1,model_reco,dep_low_activity,0,1
EXP_U000049_8,U000049,2025-07-24,CH_ACT_002,1,model_reco,dep_low_daylight,0,1
EXP_U000049_9,U000049,2025-08-02,CH_ACT_003,1,model_reco,dep_low_activity,0,0
EXP_U000049_10,U000049,2025-08-28,CH_ACT_002,1,model_reco,dep_low_daylight,0,0
EXP_U000049_11,U000049,2025-08-31,CH_ACT_002,1,model_reco,dep_low_daylight,0,1
EXP_U000049_12,U000049,2025-09-01,CH_ACT_001,1,model_reco,dep_low_energy,1,0
EXP_U000049_13,U000049,2025-09-02,CH_REG_001,1,model_reco,anx_high_anxiety,0,0
EXP_U000049_14,U000049,2025-09-04,CH_ACT_002,1,model_reco,dep_low_daylight,0,1
EXP_U000049_15,U000049,2025-09-05,CH_ACT_003,1,model_reco,dep_low_activity,0,1
EXP_U000049_16,U000049,2025-09-12,CH_ACT_002,1,model_reco,dep_low_daylight,0,1
EXP_U000049_17,U000049,2025-09-14,CH_ACT_003,1,model_reco,dep_low_activity,0,0
EXP_U000049_18,U000049,2025-09-16,CH_ACT_001,1,model_reco,dep_low_energy,1,0
EXP_U000049_19,U000049,2025-09-21,CH_ACT_002,1,model_reco,dep_low_daylight,0,0
EXP_U000050_1,U000050,2025-08-07,CH_SLEEP_001,1,model_reco,ins_high_wake_irregular,0,0
EXP_U000050_2,U000050,2025-08-10,CH_ACT_001,1,model_reco,dep_low_energy,0,1
EXP_U000050_3,U000050,2025-08-15,CH_SLEEP_001,1,model_reco,ins_high_wake_irregular,1,0
EXP_U000050_4,U000050,2025-08-20,CH_ACT_003,1,model_reco,dep_low_activity,0,1
EXP_U000050_5,U000050,2025-08-22,CH_SLEEP_001,1,model_reco,ins_high_wake_irregular,0,1
EXP_U000050_6,U000050,2025-08-27,CH_SLEEP_001,1,model_reco,ins_high_wake_irregular,0,0
EXP_U000050_7,U000050,2025-08-28,CH_SLEEP_001,1,model_reco,ins_high_wake_irregular,0,0
EXP_U000050_8,U000050,2025-09-02,CH_ACT_003,1,model_reco,dep_low_activity,0,0
EXP_U000050_9,U000050,2025-09-03,CH_ACT_002,1,model_reco,dep_low_daylight,0,0
EXP_U000050_10,U000050,2025-09-10,CH_SLEEP_001,1,model_reco,ins_high_wake_irregular,0,1
EXP_U000050_11,U000050,2025-09-12,CH_SLEEP_001,1,model_reco,ins_high_wake_irregular,0,0
EXP_U000050_12,U000050,2025-09-15,CH_SLEEP_001,1,model_reco,ins_high_wake_irregular,0,0
EXP_U000050_13,U000050,2025-09-18,CH_REG_001,1,model_reco,anx_high_anxiety,0,1
EXP_U000050_14,U000050,2025-09-26,CH_SLEEP_001,1,model_reco,ins_high_wake_irregular,0,0
EXP_U000050_15,U000050,2025-09-28,CH_SLEEP_001,1,model_reco,ins_high_wake_irregular,1,0
EXP_U000050_16,U000050,2025-10-02,CH_REG_001,1,model_reco,anx_high_anxiety,0,1
EXP_U000050_17,U000050,2025-10-05,CH_REG_001,1,model_reco,anx_high_anxiety,0,1
EXP_U000050_18,U000050,2025-10-06,CH_REG_002,1,model_reco,anx_high_anxiety,1,0
EXP_U000050_19,U000050,2025-10-10,CH_REG_002,1,model_reco,anx_high_anxiety,0,0
EXP_U000050_20,U000050,2025-10-19,CH_SLEEP_001,1,model_reco,ins_high_wake_irregular,1,0
EXP_U000050_21,U000050,2025-10-24,CH_ACT_002,1,model_reco,dep_low_daylight,0,1
EXP_U000050_22,U000050,2025-10-27,CH_SLEEP_001,1,model_reco,ins_high_wake_irregular,0,1
EXP_U000051_1,U000051,2025-07-25,CH_SLEEP_001,1,model_reco,ins_high_wake_irregular,0,0
EXP_U000051_2,U000051,2025-08-01,CH_ACT_003,1,model_reco,dep_low_activity,0,1
EXP_U000051_3,U000051,2025-08-05,CH_SLEEP_001,1,model_reco,ins_high_wake_irregular,0,0
EXP_U000051_4,U000051,2025-08-13,CH_SLEEP_001,1,model_reco,ins_high_wake_irregular,0,1
EXP_U000051_5,U000051,2025-08-15,CH_SLEEP_001,1,model_reco,ins_high_wake_irregular,1,0
EXP_U000051_6,U000051,2025-08-17,CH_ACT_003,1,model_reco,dep_low_activity,1,0
EXP_U000051_7,U000051,2025-08-22,CH_SLEEP_001,1,model_reco,ins_high_wake_irregular,1,0
EXP_U000051_8,U000051,2025-09-02,CH_SLEEP_001,1,model_reco,ins_high_wake_irregular,0,1
EXP_U000051_9,U000051,2025-09-03,CH_SLEEP_001,1,model_reco,ins_high_wake_irregular,0,0
EXP_U000051_10,U000051,2025-09-08,CH_SLEEP_001,1,model_reco,ins_high_wake_irregular,1,0
EXP_U000051_11,U000051,2025-09-15,CH_SLEEP_001,1,model_reco,ins_high_wake_irregular,0,1
EXP_U000052_1,U000052,2025-07-01,CH_ACT_002,1,model_reco,dep_low_daylight,1,0
EXP_U000052_2,U000052,2025-07-06,CH_REG_002,1,model_reco,anx_high_anxiety,0,0
EXP_U000052_3,U000052,2025-07-12,CH_REG_001,1,model_reco,anx_high_anxiety,0,0
EXP_U000052_4,U000052,2025-07-13,CH_ACT_001,1,model_reco,dep_low_energy,0,1
EXP_U000052_5,U000052,2025-07-21,CH_REG_002,1,model_reco,anx_high_anxiety,0,0
EXP_U000052_6,U000052,2025-07-23,CH_ACT_001,1,model_reco,dep_low_energy,0,0
EXP_U000052_7,U000052,2025-07-25,CH_REG_001,1,model_reco,anx_high_anxiety,1,0
EXP_U000052_8,U000052,2025-07-28,CH_ACT_001,1,model_reco,dep_low_energy,0,1
EXP_U000052_9,U000052,2025-07-30,CH_ACT_001,1,model_reco,dep_low_energy,0,1
EXP_U000052_10,U000052,2025-07-31,CH_REG_001,1,model_reco,anx_high_anxiety,0,0
EXP_U000052_11,U000052,2025-08-09,CH_REG_001,1,model_reco,anx_high_anxiety,1,0
EXP_U000052_12,U000052,2025-08-15,CH_ACT_001,1,model_reco,dep_low_energy,0,1
EXP_U000052_13,U000052,2025-08-19,CH_ACT_001,1,model_reco,dep_low_energy,0,0
EXP_U000052_14,U000052,2025-08-20,CH_REG_001,1,model_reco,anx_high_anxiety,0,0
EXP_U000052_15,U000052,2025-08-21,CH_REG_001,1,model_reco,anx_high_anxiety,0,1
EXP_U000052_16,U000052,2025-08-25,CH_REG_002,1,model_reco,anx_high_anxiety,0,1
EXP_U000052_17,U000052,2025-08-27,CH_REG_002,1,model_reco,anx_high_anxiety,1,0
EXP_U000052_18,U000052,2025-09-02,CH_REG_001,1,model_reco,anx_high_anxiety,0,1
EXP_U000052_19,U000052,2025-09-04,CH_ACT_003,1,model_reco,dep_low_activity,1,0
EXP_U000052_20,U000052,2025-09-06,CH_REG_001,1,model_reco,anx_high_anxiety,1,0
EXP_U000052_21,U000052,2025-09-09,CH_ACT_001,1,model_reco,dep_low_energy,1,0
EXP_U000052_22,U000052,2025-09-11,CH_REG_002,1,model_reco,anx_high_anxiety,0,0
EXP_U000052_23,U000052,2025-09-13,CH_REG_002,1,model_reco,anx_high_anxiety,1,0
EXP_U000052_24,U000052,2025-09-15,CH_ACT_002,1,model_reco,dep_low_daylight,0,1
EXP_U000052_25,U000052,2025-09-17,CH_ACT_002,1,model_reco,dep_low_daylight,1,0
EXP_U000053_1,U000053,2025-08-30,CH_SLEEP_001,1,model_reco,ins_high_wake_irregular,0,1
EXP_U000053_2,U000053,2025-09-06,CH_SLEEP_001,1,model_reco,ins_high_wake_irregular,1,0
EXP_U000053_3,U000053,2025-09-13,CH_SLEEP_001,1,model_reco,ins_high_wake_irregular,0,1
EXP_U000053_4,U000053,2025-09-14,CH_SLEEP_001,1,model_reco,ins_high_wake_irregular,1,0
EXP_U000053_5,U000053,2025-09-25,CH_SLEEP_001,1,model_reco,ins_high_wake_irregular,1,0
EXP_U000053_6,U000053,2025-11-01,CH_SLEEP_001,1,model_reco,ins_high_wake_irregular,0,1
EXP_U000053_7,U000053,2025-11-07,CH_SLEEP_001,1,model_reco,ins_high_wake_irregular,0,1
EXP_U000054_1,U000054,2025-07-13,CH_ACT_001,1,model_reco,dep_low_energy,0,1
EXP_U000054_2,U000054,2025-08-01,CH_ACT_003,1,model_reco,dep_low_activity,1,0
EXP_U000054_3,U000054,2025-08-04,CH_ACT_002,1,model_reco,dep_low_daylight,1,0
EXP_U000054_4,U000054,2025-08-15,CH_ACT_003,1,model_reco,dep_low_activity,1,0
EXP_U000054_5,U000054,2025-08-24,CH_ACT_003,1,model_reco,dep_low_activity,0,0
EXP_U000054_6,U000054,2025-09-06,CH_ACT_002,1,model_reco,dep_low_daylight,1,0
EXP_U000054_7,U000054,2025-09-11,CH_ACT_001,1,model_reco,dep_low_energy,1,0
EXP_U000055_1,U000055,2025-07-31,CH_WELL_001,1,model_reco,supportive_wellbeing,0,1
EXP_U000055_2,U000055,2025-08-30,CH_SLEEP_001,1,model_reco,ins_high_wake_irregular,0,0
EXP_U000055_3,U000055,2025-08-31,CH_SLEEP_001,1,model_reco,ins_high_wake_irregular,0,1
EXP_U000055_4,U000055,2025-09-01,CH_SLEEP_001,1,model_reco,ins_high_wake_irregular,0,0
EXP_U000055_5,U000055,2025-09-28,CH_SLEEP_001,1,model_reco,ins_high_wake_irregular,0,0
EXP_U000056_1,U000056,2025-10-21,CH_ACT_001,1,model_reco,dep_low_energy,0,0
EXP_U000057_1,U000057,2025-06-15,CH_SLEEP_001,1,model_reco,ins_high_wake_irregular,0,0
EXP_U000057_2,U000057,2025-06-17,CH_SLEEP_001,1,model_reco,ins_high_wake_irregular,0,0
EXP_U000059_1,U000059,2025-10-21,CH_WELL_001,1,model_reco,supportive_wellbeing,1,0
EXP_U000060_1,U000060,2025-06-30,CH_REG_002,1,model_reco,anx_high_anxiety,0,0
EXP_U000060_2,U000060,2025-07-01,CH_REG_001,1,model_reco,anx_high_anxiety,0,1
EXP_U000060_3,U000060,2025-07-07,CH_ACT_001,1,model_reco,dep_low_energy,0,0
EXP_U000060_4,U000060,2025-07-16,CH_REG_001,1,model_reco,anx_high_anxiety,0,1
EXP_U000060_5,U000060,2025-07-20,CH_REG_002,1,model_reco,anx_high_anxiety,0,1
EXP_U000060_6,U000060,2025-07-22,CH_REG_002,1,model_reco,anx_high_anxiety,0,0
EXP_U000060_7,U000060,2025-07-26,CH_REG_002,1,model_reco,anx_high_anxiety,1,0
EXP_U000060_8,U000060,2025-08-03,CH_REG_002,1,model_reco,anx_high_anxiety,1,0
EXP_U000060_9,U000060,2025-08-04,CH_REG_001,1,model_reco,anx_high_anxiety,1,0
EXP_U000060_10,U000060,2025-08-05,CH_REG_001,1,model_reco,anx_high_anxiety,1,0
EXP_U000060_11,U000060,2025-08-12,CH_REG_001,1,model_reco,anx_high_anxiety,0,1
EXP_U000060_12,U000060,2025-08-13,CH_REG_001,1,model_reco,anx_high_anxiety,0,0
EXP_U000060_13,U000060,2025-08-14,CH_REG_002,1,model_reco,anx_high_anxiety,1,0
EXP_U000060_14,U000060,2025-08-17,CH_ACT_001,1,model_reco,dep_low_energy,0,1
EXP_U000060_15,U000060,2025-08-18,CH_ACT_001,1,model_reco,dep_low_energy,0,0
EXP_U000060_16,U000060,2025-08-21,CH_ACT_002,1,model_reco,dep_low_daylight,0,1
EXP_U000060_17,U000060,2025-08-22,CH_ACT_003,1,model_reco,dep_low_activity,0,1
EXP_U000060_18,U000060,2025-08-25,CH_ACT_001,1,model_reco,dep_low_energy,0,0
EXP_U000060_19,U000060,2025-08-28,CH_REG_001,1,model_reco,anx_high_anxiety,0,1
EXP_U000060_20,U000060,2025-09-01,CH_REG_002,1,model_reco,anx_high_anxiety,0,0
EXP_U000060_21,U000060,2025-09-05,CH_REG_001,1,model_reco,anx_high_anxiety,0,0
EXP_U000060_22,U000060,2025-09-07,CH_REG_001,1,model_reco,anx_high_anxiety,1,0
EXP_U000060_23,U000060,2025-09-08,CH_REG_002,1,model_reco,anx_high_anxiety,0,1
EXP_U000060_24,U000060,2025-09-09,CH_REG_002,1,model_reco,anx_high_anxiety,0,1
EXP_U000060_25,U000060,2025-09-16,CH_REG_001,1,model_reco,anx_high_anxiety,1,0
EXP_U000061_1,U000061,2025-07-15,CH_SLEEP_001,1,model_reco,ins_high_wake_irregular,0,1
EXP_U000061_2,U000061,2025-08-11,CH_SLEEP_001,1,model_reco,ins_high_wake_irregular,1,0
EXP_U000061_3,U000061,2025-08-17,CH_REG_001,1,model_reco,anx_high_anxiety,0,1
EXP_U000061_4,U000061,2025-08-19,CH_SLEEP_001,1,model_reco,ins_high_wake_irregular,0,0
EXP_U000061_5,U000061,2025-08-24,CH_SLEEP_001,1,model_reco,ins_high_wake_irregular,1,0
EXP_U000061_6,U000061,2025-09-14,CH_SLEEP_001,1,model_reco,ins_high_wake_irregular,1,0
EXP_U000062_1,U000062,2025-11-08,CH_WELL_001,1,model_reco,supportive_wellbeing,0,1
EXP_U000063_1,U000063,2025-08-18,CH_WELL_001,1,model_reco,supportive_wellbeing,0,1
EXP_U000064_1,U000064,2025-06-15,CH_SLEEP_001,1,model_reco,ins_high_wake_irregular,1,0
EXP_U000064_2,U000064,2025-06-18,CH_ACT_003,1,model_reco,dep_low_activity,0,0
EXP_U000064_3,U000064,2025-06-19,CH_ACT_003,1,model_reco,dep_low_activity,0,0
EXP_U000064_4,U000064,2025-06-25,CH_SLEEP_001,1,model_reco,ins_high_wake_irregular,0,0
EXP_U000064_5,U000064,2025-06-27,CH_ACT_002,1,model_reco,dep_low_daylight,0,0
EXP_U000064_6,U000064,2025-07-05,CH_ACT_002,1,model_reco,dep_low_daylight,0,0
EXP_U000064_7,U000064,2025-07-06,CH_ACT_002,1,model_reco,dep_low_daylight,1,0
EXP_U000064_8,U000064,2025-07-09,CH_ACT_002,1,model_reco,dep_low_daylight,0,1
EXP_U000064_9,U000064,2025-07-12,CH_SLEEP_001,1,model_reco,ins_high_wake_irregular,1,0
EXP_U000064_10,U000064,2025-07-13,CH_ACT_001,1,model_reco,dep_low_energy,1,0
EXP_U000064_11,U000064,2025-07-24,CH_ACT_001,1,model_reco,dep_low_energy,1,0
EXP_U000064_12,U000064,2025-07-31,CH_SLEEP_001,1,model_reco,ins_high_wake_irregular,0,1
EXP_U000064_13,U000064,2025-08-01,CH_SLEEP_001,1,model_reco,ins_high_wake_irregular,0,1
EXP_U000064_14,U000064,2025-08-04,CH_ACT_002,1,model_reco,dep_low_daylight,1,0
EXP_U000064_15,U000064,2025-08-16,CH_SLEEP_001,1,model_reco,ins_high_wake_irregular,1,0
EXP_U000064_16,U000064,2025-08-19,CH_ACT_002,1,model_reco,dep_low_daylight,0,1
EXP_U000064_17,U000064,2025-08-20,CH_ACT_003,1,model_reco,dep_low_activity,0,1
EXP_U000064_18,U000064,2025-08-27,CH_ACT_001,1,model_reco,dep_low_energy,0,1
EXP_U000064_19,U000064,2025-08-28,CH_ACT_002,1,model_reco,dep_low_daylight,0,1
EXP_U000064_20,U000064,2025-08-30,CH_SLEEP_001,1,model_reco,ins_high_wake_irregular,1,0
EXP_U000064_21,U000064,2025-09-06,CH_SLEEP_001,1,model_reco,ins_high_wake_irregular,0,1
EXP_U000065_1,U000065,2025-09-17,CH_SLEEP_001,1,model_reco,ins_high_wake_irregular,0,0
EXP_U000065_2,U000065,2025-09-22,CH_SLEEP_001,1,model_reco,ins_high_wake_irregular,0,0
EXP_U000065_3,U000065,2025-09-23,CH_SLEEP_001,1,model_reco,ins_high_wake_irregular,0,0
EXP_U000066_1,U000066,2025-08-08,CH_SLEEP_001,1,model_reco,ins_high_wake_irregular,0,1
EXP_U000066_2,U000066,2025-08-09,CH_SLEEP_001,1,model_reco,ins_high_wake_irregular,0,1
EXP_U000066_3,U000066,2025-08-10,CH_SLEEP_001,1,model_reco,ins_high_wake_irregular,1,0
EXP_U000066_4,U000066,2025-08-15,CH_ACT_002,1,model_reco,dep_low_daylight,0,1
EXP_U000066_5,U000066,2025-08-16,CH_ACT_003,1,model_reco,dep_low_activity,1,0
EXP_U000066_6,U000066,2025-08-17,CH_SLEEP_001,1,model_reco,ins_high_wake_irregular,0,0
EXP_U000066_7,U000066,2025-08-18,CH_SLEEP_001,1,model_reco,ins_high_wake_irregular,0,1
EXP_U000066_8,U000066,2025-08-23,CH_SLEEP_001,1,model_reco,ins_high_wake_irregular,0,0
EXP_U000066_9,U000066,2025-08-27,CH_SLEEP_001,1,model_reco,ins_high_wake_irregular,0,1
EXP_U000066_10,U000066,2025-08-29,CH_SLEEP_001,1,model_reco,ins_high_wake_irregular,0,1
EXP_U000066_11,U000066,2025-09-01,CH_SLEEP_001,1,model_reco,ins_high_wake_irregular,0,1
EXP_U000066_12,U000066,2025-09-11,CH_SLEEP_001,1,model_reco,ins_high_wake_irregular,1,0
EXP_U000066_13,U000066,2025-09-12,CH_ACT_002,1,model_reco,dep_low_daylight,0,1
EXP_U000066_14,U000066,2025-09-13,CH_ACT_002,1,model_reco,dep_low_daylight,0,1
EXP_U000066_15,U000066,2025-09-22,CH_SLEEP_001,1,model_reco,ins_high_wake_irregular,1,0
EXP_U000066_16,U000066,2025-09-26,CH_ACT_003,1,model_reco,dep_low_activity,0,0
EXP_U000066_17,U000066,2025-09-27,CH_ACT_003,1,model_reco,dep_low_activity,0,1
EXP_U000066_18,U000066,2025-10-06,CH_SLEEP_001,1,model_reco,ins_high_wake_irregular,1,0
EXP_U000066_19,U000066,2025-10-09,CH_ACT_003,1,model_reco,dep_low_activity,0,0
EXP_U000066_20,U000066,2025-10-13,CH_SLEEP_001,1,model_reco,ins_high_wake_irregular,1,0
EXP_U000066_21,U000066,2025-10-15,CH_ACT_002,1,model_reco,dep_low_daylight,0,1
EXP_U000066_22,U000066,2025-10-16,CH_ACT_002,1,model_reco,dep_low_daylight,0,1
EXP_U000066_23,U000066,2025-10-21,CH_SLEEP_001,1,model_reco,ins_high_wake_irregular,0,0
EXP_U000066_24,U000066,2025-10-25,CH_SLEEP_001,1,model_reco,ins_high_wake_irregular,0,1
EXP_U000067_1,U000067,2025-07-01,CH_SLEEP_001,1,model_reco,ins_high_wake_irregular,1,0
EXP_U000067_2,U000067,2025-07-18,CH_SLEEP_001,1,model_reco,ins_high_wake_irregular,0,1
EXP_U000067_3,U000067,2025-07-23,CH_SLEEP_001,1,model_reco,ins_high_wake_irregular,0,1
EXP_U000067_4,U000067,2025-07-31,CH_SLEEP_001,1,model_reco,ins_high_wake_irregular,0,1
EXP_U000067_5,U000067,2025-08-13,CH_ACT_002,1,model_reco,dep_low_daylight,0,0
EXP_U000067_6,U000067,2025-08-14,CH_ACT_003,1,model_reco,dep_low_activity,0,0
EXP_U000067_7,U000067,2025-09-12,CH_ACT_002,1,model_reco,dep_low_daylight,1,0
EXP_U000068_1,U000068,2025-06-24,CH_WELL_001,1,model_reco,supportive_wellbeing,0,1
EXP_U000069_1,U000069,2025-09-22,CH_ACT_002,1,model_reco,dep_low_daylight,0,1
EXP_U000069_2,U000069,2025-09-30,CH_ACT_002,1,model_reco,dep_low_daylight,0,1
EXP_U000069_3,U000069,2025-10-02,CH_ACT_003,1,model_reco,dep_low_activity,0,0
EXP_U000069_4,U000069,2025-10-09,CH_ACT_003,1,model_reco,dep_low_activity,0,1
EXP_U000069_5,U000069,2025-10-14,CH_ACT_003,1,model_reco,dep_low_activity,0,1
EXP_U000069_6,U000069,2025-11-01,CH_ACT_002,1,model_reco,dep_low_daylight,0,1
EXP_U000069_7,U000069,2025-11-16,CH_ACT_003,1,model_reco,dep_low_activity,0,1
EXP_U000070_1,U000070,2025-08-31,CH_REG_001,1,model_reco,anx_high_anxiety,0,1
EXP_U000070_2,U000070,2025-09-11,CH_ACT_002,1,model_reco,dep_low_daylight,0,0
EXP_U000070_3,U000070,2025-09-12,CH_ACT_002,1,model_reco,dep_low_daylight,1,0
EXP_U000070_4,U000070,2025-09-17,CH_REG_002,1,model_reco,anx_high_anxiety,1,0
EXP_U000070_5,U000070,2025-09-18,CH_REG_002,1,model_reco,anx_high_anxiety,0,1
EXP_U000070_6,U000070,2025-09-21,CH_REG_002,1,model_reco,anx_high_anxiety,1,0
EXP_U000070_7,U000070,2025-09-26,CH_REG_001,1,model_reco,anx_high_anxiety,0,1
EXP_U000070_8,U000070,2025-09-28,CH_REG_001,1,model_reco,anx_high_anxiety,1,0
EXP_U000070_9,U000070,2025-09-29,CH_REG_001,1,model_reco,anx_high_anxiety,0,1
EXP_U000070_10,U000070,2025-09-30,CH_REG_001,1,model_reco,anx_high_anxiety,1,0
EXP_U000070_11,U000070,2025-10-03,CH_REG_001,1,model_reco,anx_high_anxiety,1,0
EXP_U000070_12,U000070,2025-10-06,CH_REG_001,1,model_reco,anx_high_anxiety,0,1
EXP_U000070_13,U000070,2025-10-07,CH_REG_001,1,model_reco,anx_high_anxiety,1,0
EXP_U000070_14,U000070,2025-10-10,CH_REG_001,1,model_reco,anx_high_anxiety,0,0
EXP_U000070_15,U000070,2025-10-13,CH_ACT_001,1,model_reco,dep_low_energy,0,1
EXP_U000070_16,U000070,2025-10-15,CH_REG_002,1,model_reco,anx_high_anxiety,1,0
EXP_U000070_17,U000070,2025-10-18,CH_ACT_001,1,model_reco,dep_low_energy,0,1
EXP_U000070_18,U000070,2025-10-27,CH_REG_001,1,model_reco,anx_high_anxiety,0,0
EXP_U000070_19,U000070,2025-10-29,CH_REG_001,1,model_reco,anx_high_anxiety,1,0
EXP_U000070_20,U000070,2025-10-30,CH_REG_002,1,model_reco,anx_high_anxiety,1,0
EXP_U000070_21,U000070,2025-11-02,CH_ACT_001,1,model_reco,dep_low_energy,0,1
EXP_U000070_22,U000070,2025-11-06,CH_REG_001,1,model_reco,anx_high_anxiety,1,0
EXP_U000070_23,U000070,2025-11-07,CH_REG_001,1,model_reco,anx_high_anxiety,0,0
EXP_U000070_24,U000070,2025-11-08,CH_REG_001,1,model_reco,anx_high_anxiety,1,0
EXP_U000070_25,U000070,2025-11-11,CH_REG_001,1,model_reco,anx_high_anxiety,1,0
EXP_U000070_26,U000070,2025-11-19,CH_REG_002,1,model_reco,anx_high_anxiety,1,0
EXP_U000070_27,U000070,2025-11-20,CH_REG_001,1,model_reco,anx_high_anxiety,0,1
EXP_U000071_1,U000071,2025-08-26,CH_SLEEP_001,1,model_reco,ins_high_wake_irregular,0,0
EXP_U000071_2,U000071,2025-08-28,CH_SLEEP_001,1,model_reco,ins_high_wake_irregular,0,1
EXP_U000071_3,U000071,2025-08-29,CH_SLEEP_001,1,model_reco,ins_high_wake_irregular,0,0
EXP_U000071_4,U000071,2025-08-30,CH_SLEEP_001,1,model_reco,ins_high_wake_irregular,1,0
EXP_U000071_5,U000071,2025-09-07,CH_SLEEP_001,1,model_reco,ins_high_wake_irregular,1,0
EXP_U000071_6,U000071,2025-09-11,CH_ACT_003,1,model_reco,dep_low_activity,0,0
EXP_U000071_7,U000071,2025-09-18,CH_SLEEP_001,1,model_reco,ins_high_wake_irregular,1,0
EXP_U000071_8,U000071,2025-09-22,CH_ACT_003,1,model_reco,dep_low_activity,0,1
EXP_U000071_9,U000071,2025-09-23,CH_ACT_002,1,model_reco,dep_low_daylight,1,0
EXP_U000071_10,U000071,2025-09-26,CH_SLEEP_001,1,model_reco,ins_high_wake_irregular,1,0
EXP_U000071_11,U000071,2025-09-27,CH_ACT_003,1,model_reco,dep_low_activity,0,1
EXP_U000071_12,U000071,2025-09-29,CH_ACT_003,1,model_reco,dep_low_activity,0,1
EXP_U000071_13,U000071,2025-10-09,CH_SLEEP_001,1,model_reco,ins_high_wake_irregular,1,0
EXP_U000071_14,U000071,2025-10-10,CH_ACT_002,1,model_reco,dep_low_daylight,0,1
EXP_U000071_15,U000071,2025-10-12,CH_ACT_003,1,model_reco,dep_low_activity,1,0
EXP_U000071_16,U000071,2025-10-13,CH_SOC_001,1,model_reco,low_social_contact,0,0
EXP_U000071_17,U000071,2025-10-14,CH_SOC_001,1,model_reco,low_social_contact,0,1
EXP_U000071_18,U000071,2025-10-21,CH_SLEEP_001,1,model_reco,ins_high_wake_irregular,0,0
EXP_U000071_19,U000071,2025-10-27,CH_SLEEP_001,1,model_reco,ins_high_wake_irregular,1,0
EXP_U000071_20,U000071,2025-10-28,CH_ACT_002,1,model_reco,dep_low_daylight,1,0
EXP_U000071_21,U000071,2025-11-02,CH_ACT_002,1,model_reco,dep_low_daylight,1,0
EXP_U000071_22,U000071,2025-11-06,CH_SLEEP_001,1,model_reco,ins_high_wake_irregular,1,0
EXP_U000071_23,U000071,2025-11-08,CH_ACT_003,1,model_reco,dep_low_activity,0,0
EXP_U000071_24,U000071,2025-11-10,CH_ACT_002,1,model_reco,dep_low_daylight,1,0
EXP_U000071_25,U000071,2025-11-11,CH_SOC_001,1,model_reco,low_social_contact,0,0
EXP_U000071_26,U000071,2025-11-13,CH_SLEEP_001,1,model_reco,ins_high_wake_irregular,1,0
EXP_U000072_1,U000072,2025-09-16,CH_ACT_001,1,model_reco,dep_low_energy,0,1
EXP_U000073_1,U000073,2025-07-03,CH_ACT_002,1,model_reco,dep_low_daylight,0,1
EXP_U000073_2,U000073,2025-07-08,CH_SLEEP_001,1,model_reco,ins_high_wake_irregular,0,0
EXP_U000073_3,U000073,2025-07-09,CH_ACT_003,1,model_reco,dep_low_activity,0,1
EXP_U000073_4,U000073,2025-07-14,CH_ACT_002,1,model_reco,dep_low_daylight,0,1
EXP_U000073_5,U000073,2025-07-15,CH_ACT_003,1,model_reco,dep_low_activity,0,0
EXP_U000073_6,U000073,2025-07-16,CH_ACT_003,1,model_reco,dep_low_activity,0,0
EXP_U000073_7,U000073,2025-07-18,CH_SLEEP_001,1,model_reco,ins_high_wake_irregular,0,1
EXP_U000073_8,U000073,2025-07-20,CH_SLEEP_001,1,model_reco,ins_high_wake_irregular,0,1
EXP_U000073_9,U000073,2025-07-21,CH_SLEEP_001,1,model_reco,ins_high_wake_irregular,0,1
EXP_U000073_10,U000073,2025-07-23,CH_SLEEP_001,1,model_reco,ins_high_wake_irregular,1,0
EXP_U000073_11,U000073,2025-07-28,CH_ACT_002,1,model_reco,dep_low_daylight,0,1
EXP_U000073_12,U000073,2025-07-29,CH_ACT_002,1,model_reco,dep_low_daylight,0,1
EXP_U000073_13,U000073,2025-07-30,CH_SLEEP_001,1,model_reco,ins_high_wake_irregular,1,0
EXP_U000073_14,U000073,2025-08-01,CH_ACT_002,1,model_reco,dep_low_daylight,0,1
EXP_U000073_15,U000073,2025-08-10,CH_ACT_001,1,model_reco,dep_low_energy,0,1
EXP_U000073_16,U000073,2025-08-12,CH_ACT_001,1,model_reco,dep_low_energy,0,0
EXP_U000073_17,U000073,2025-08-15,CH_ACT_001,1,model_reco,dep_low_energy,1,0
EXP_U000073_18,U000073,2025-08-21,CH_ACT_003,1,model_reco,dep_low_activity,0,1
EXP_U000073_19,U000073,2025-08-26,CH_ACT_002,1,model_reco,dep_low_daylight,0,1
EXP_U000073_20,U000073,2025-08-27,CH_ACT_002,1,model_reco,dep_low_daylight,1,0
EXP_U000073_21,U000073,2025-09-05,CH_REG_002,1,model_reco,anx_high_anxiety,1,0
EXP_U000073_22,U000073,2025-09-08,CH_ACT_003,1,model_reco,dep_low_activity,0,0
EXP_U000073_23,U000073,2025-09-12,CH_ACT_002,1,model_reco,dep_low_daylight,0,0
EXP_U000073_24,U000073,2025-09-17,CH_ACT_001,1,model_reco,dep_low_energy,0,0
EXP_U000074_1,U000074,2025-08-18,CH_WELL_001,1,model_reco,supportive_wellbeing,0,1
EXP_U000074_2,U000074,2025-09-05,CH_WELL_001,1,model_reco,supportive_wellbeing,1,0
EXP_U000075_1,U000075,2025-08-15,CH_SLEEP_001,1,model_reco,ins_high_wake_irregular,1,0
EXP_U000075_2,U000075,2025-08-26,CH_WELL_001,1,model_reco,supportive_wellbeing,0,0
EXP_U000076_1,U000076,2025-06-23,CH_SLEEP_001,1,model_reco,ins_high_wake_irregular,0,1
EXP_U000076_2,U000076,2025-06-27,CH_SLEEP_001,1,model_reco,ins_high_wake_irregular,1,0
EXP_U000077_1,U000077,2025-09-01,CH_REG_002,1,model_reco,anx_high_anxiety,0,1
EXP_U000077_2,U000077,2025-09-05,CH_REG_001,1,model_reco,anx_high_anxiety,0,1
EXP_U000077_3,U000077,2025-09-16,CH_REG_001,1,model_reco,anx_high_anxiety,0,1
EXP_U000077_4,U000077,2025-10-08,CH_ACT_001,1,model_reco,dep_low_energy,0,0
EXP_U000077_5,U000077,2025-10-09,CH_ACT_001,1,model_reco,dep_low_energy,0,0
EXP_U000077_6,U000077,2025-10-17,CH_REG_002,1,model_reco,anx_high_anxiety,1,0
EXP_U000077_7,U000077,2025-10-30,CH_SLEEP_001,1,model_reco,ins_high_wake_irregular,0,1
EXP_U000077_8,U000077,2025-11-09,CH_ACT_001,1,model_reco,dep_low_energy,0,0
EXP_U000077_9,U000077,2025-11-10,CH_ACT_001,1,model_reco,dep_low_energy,0,1
EXP_U000077_10,U000077,2025-11-11,CH_REG_001,1,model_reco,anx_high_anxiety,1,0
EXP_U000077_11,U000077,2025-11-15,CH_REG_002,1,model_reco,anx_high_anxiety,1,0
EXP_U000078_1,U000078,2025-07-30,CH_REG_002,1,model_reco,anx_high_anxiety,0,1
EXP_U000078_2,U000078,2025-08-16,CH_REG_002,1,model_reco,anx_high_anxiety,1,0
EXP_U000078_3,U000078,2025-08-24,CH_REG_001,1,model_reco,anx_high_anxiety,1,0
EXP_U000078_4,U000078,2025-09-14,CH_REG_001,1,model_reco,anx_high_anxiety,1,0
EXP_U000078_5,U000078,2025-09-20,CH_REG_001,1,model_reco,anx_high_anxiety,1,0
EXP_U000078_6,U000078,2025-09-30,CH_REG_001,1,model_reco,anx_high_anxiety,0,0
EXP_U000078_7,U000078,2025-10-02,CH_REG_001,1,model_reco,anx_high_anxiety,1,0
EXP_U000078_8,U000078,2025-10-09,CH_REG_001,1,model_reco,anx_high_anxiety,1,0
EXP_U000079_1,U000079,2025-07-25,CH_ACT_002,1,model_reco,dep_low_daylight,0,1
EXP_U000079_2,U000079,2025-08-05,CH_ACT_002,1,model_reco,dep_low_daylight,0,0
EXP_U000079_3,U000079,2025-08-08,CH_ACT_002,1,model_reco,dep_low_daylight,0,1
EXP_U000079_4,U000079,2025-08-10,CH_ACT_003,1,model_reco,dep_low_activity,0,0
EXP_U000079_5,U000079,2025-08-12,CH_ACT_003,1,model_reco,dep_low_activity,0,0
EXP_U000079_6,U000079,2025-08-20,CH_ACT_003,1,model_reco,dep_low_activity,0,1
EXP_U000079_7,U000079,2025-08-25,CH_ACT_002,1,model_reco,dep_low_daylight,0,0
EXP_U000079_8,U000079,2025-09-03,CH_ACT_002,1,model_reco,dep_low_daylight,0,0
EXP_U000079_9,U000079,2025-09-04,CH_ACT_003,1,model_reco,dep_low_activity,1,0
EXP_U000079_10,U000079,2025-09-05,CH_SOC_001,1,model_reco,low_social_contact,0,0
EXP_U000079_11,U000079,2025-09-06,CH_SOC_001,1,model_reco,low_social_contact,1,0
EXP_U000079_12,U000079,2025-09-10,CH_ACT_003,1,model_reco,dep_low_activity,0,0
EXP_U000079_13,U000079,2025-09-17,CH_ACT_003,1,model_reco,dep_low_activity,0,1
EXP_U000079_14,U000079,2025-09-19,CH_ACT_002,1,model_reco,dep_low_daylight,0,1
EXP_U000079_15,U000079,2025-09-24,CH_ACT_003,1,model_reco,dep_low_activity,0,0
EXP_U000079_16,U000079,2025-10-06,CH_ACT_002,1,model_reco,dep_low_daylight,1,0
EXP_U000080_1,U000080,2025-07-17,CH_REG_001,1,model_reco,anx_high_anxiety,1,0
EXP_U000080_2,U000080,2025-07-19,CH_REG_002,1,model_reco,anx_high_anxiety,0,1
EXP_U000080_3,U000080,2025-08-03,CH_REG_001,1,model_reco,anx_high_anxiety,0,1
EXP_U000080_4,U000080,2025-08-06,CH_REG_001,1,model_reco,anx_high_anxiety,0,1
EXP_U000080_5,U000080,2025-08-24,CH_REG_001,1,model_reco,anx_high_anxiety,1,0
EXP_U000080_6,U000080,2025-09-10,CH_REG_001,1,model_reco,anx_high_anxiety,1,0
EXP_U000080_7,U000080,2025-09-17,CH_REG_001,1,model_reco,anx_high_anxiety,1,0
EXP_U000080_8,U000080,2025-10-04,CH_REG_001,1,model_reco,anx_high_anxiety,0,0
EXP_U000081_1,U000081,2025-07-27,CH_SLEEP_001,1,model_reco,ins_high_wake_irregular,1,0
EXP_U000081_2,U000081,2025-07-28,CH_ACT_001,1,model_reco,dep_low_energy,0,1
EXP_U000081_3,U000081,2025-07-29,CH_ACT_001,1,model_reco,dep_low_energy,0,0
EXP_U000081_4,U000081,2025-07-30,CH_ACT_001,1,model_reco,dep_low_energy,0,1
EXP_U000081_5,U000081,2025-08-12,CH_SLEEP_001,1,model_reco,ins_high_wake_irregular,0,0
EXP_U000081_6,U000081,2025-08-18,CH_SLEEP_001,1,model_reco,ins_high_wake_irregular,0,1
EXP_U000081_7,U000081,2025-08-21,CH_SLEEP_001,1,model_reco,ins_high_wake_irregular,0,0
EXP_U000081_8,U000081,2025-08-24,CH_SLEEP_001,1,model_reco,ins_high_wake_irregular,0,1
EXP_U000081_9,U000081,2025-08-30,CH_SLEEP_001,1,model_reco,ins_high_wake_irregular,0,1
EXP_U000081_10,U000081,2025-08-31,CH_SLEEP_001,1,model_reco,ins_high_wake_irregular,0,1
EXP_U000081_11,U000081,2025-09-01,CH_SLEEP_001,1,model_reco,ins_high_wake_irregular,0,1
EXP_U000081_12,U000081,2025-09-02,CH_SLEEP_001,1,model_reco,ins_high_wake_irregular,0,1
EXP_U000081_13,U000081,2025-09-16,CH_SLEEP_001,1,model_reco,ins_high_wake_irregular,0,1
EXP_U000081_14,U000081,2025-09-18,CH_SLEEP_001,1,model_reco,ins_high_wake_irregular,0,0
EXP_U000081_15,U000081,2025-09-20,CH_SLEEP_001,1,model_reco,ins_high_wake_irregular,0,0
EXP_U000081_16,U000081,2025-09-27,CH_SLEEP_001,1,model_reco,ins_high_wake_irregular,1,0
EXP_U000081_17,U000081,2025-09-28,CH_ACT_003,1,model_reco,dep_low_activity,0,1
EXP_U000081_18,U000081,2025-10-08,CH_SLEEP_001,1,model_reco,ins_high_wake_irregular,0,0
EXP_U000081_19,U000081,2025-10-15,CH_SLEEP_001,1,model_reco,ins_high_wake_irregular,0,0
EXP_U000081_20,U000081,2025-10-17,CH_SLEEP_001,1,model_reco,ins_high_wake_irregular,0,1
EXP_U000082_1,U000082,2025-07-16,CH_SLEEP_001,1,model_reco,ins_high_wake_irregular,1,0
EXP_U000082_2,U000082,2025-07-18,CH_REG_001,1,model_reco,anx_high_anxiety,1,0
EXP_U000082_3,U000082,2025-08-08,CH_REG_001,1,model_reco,anx_high_anxiety,0,1
EXP_U000082_4,U000082,2025-08-09,CH_SLEEP_001,1,model_reco,ins_high_wake_irregular,0,0
EXP_U000082_5,U000082,2025-08-10,CH_SLEEP_001,1,model_reco,ins_high_wake_irregular,0,0
EXP_U000082_6,U000082,2025-08-14,CH_SLEEP_001,1,model_reco,ins_high_wake_irregular,0,1
EXP_U000082_7,U000082,2025-08-20,CH_SLEEP_001,1,model_reco,ins_high_wake_irregular,1,0
EXP_U000082_8,U000082,2025-08-27,CH_SLEEP_001,1,model_reco,ins_high_wake_irregular,0,1
EXP_U000082_9,U000082,2025-08-28,CH_SLEEP_001,1,model_reco,ins_high_wake_irregular,1,0
EXP_U000082_10,U000082,2025-08-30,CH_REG_001,1,model_reco,anx_high_anxiety,0,1
EXP_U000082_11,U000082,2025-08-31,CH_REG_002,1,model_reco,anx_high_anxiety,0,1
EXP_U000082_12,U000082,2025-09-03,CH_REG_002,1,model_reco,anx_high_anxiety,1,0
EXP_U000082_13,U000082,2025-09-04,CH_SLEEP_001,1,model_reco,ins_high_wake_irregular,0,0
EXP_U000082_14,U000082,2025-09-11,CH_SLEEP_001,1,model_reco,ins_high_wake_irregular,0,0
EXP_U000082_15,U000082,2025-09-19,CH_SLEEP_001,1,model_reco,ins_high_wake_irregular,0,1
EXP_U000082_16,U000082,2025-09-28,CH_REG_001,1,model_reco,anx_high_anxiety,1,0
EXP_U000083_1,U000083,2025-07-25,CH_SLEEP_001,1,model_reco,ins_high_wake_irregular,0,0
EXP_U000083_2,U000083,2025-08-07,CH_SLEEP_001,1,model_reco,ins_high_wake_irregular,0,0
EXP_U000083_3,U000083,2025-08-11,CH_SLEEP_001,1,model_reco,ins_high_wake_irregular,0,0
EXP_U000083_4,U000083,2025-08-13,CH_SLEEP_001,1,model_reco,ins_high_wake_irregular,0,0
EXP_U000083_5,U000083,2025-08-15,CH_SLEEP_001,1,model_reco,ins_high_wake_irregular,0,1
EXP_U000083_6,U000083,2025-08-18,CH_ACT_003,1,model_reco,dep_low_activity,0,0
EXP_U000083_7,U000083,2025-08-19,CH_ACT_002,1,model_reco,dep_low_daylight,1,0
EXP_U000083_8,U000083,2025-08-22,CH_ACT_003,1,model_reco,dep_low_activity,0,0
EXP_U000083_9,U000083,2025-08-27,CH_ACT_003,1,model_reco,dep_low_activity,0,1
EXP_U000083_10,U000083,2025-08-28,CH_ACT_003,1,model_reco,dep_low_activity,0,0
EXP_U000083_11,U000083,2025-09-04,CH_ACT_002,1,model_reco,dep_low_daylight,0,0
EXP_U000083_12,U000083,2025-09-11,CH_ACT_002,1,model_reco,dep_low_daylight,0,1
EXP_U000083_13,U000083,2025-09-15,CH_ACT_003,1,model_reco,dep_low_activity,1,0
EXP_U000083_14,U000083,2025-09-16,CH_REG_002,1,model_reco,anx_high_anxiety,0,0
EXP_U000083_15,U000083,2025-09-17,CH_REG_001,1,model_reco,anx_high_anxiety,0,1
EXP_U000083_16,U000083,2025-09-19,CH_ACT_003,1,model_reco,dep_low_activity,0,0
EXP_U000083_17,U000083,2025-09-27,CH_ACT_002,1,model_reco,dep_low_daylight,0,0
EXP_U000083_18,U000083,2025-10-09,CH_SLEEP_001,1,model_reco,ins_high_wake_irregular,0,0
EXP_U000083_19,U000083,2025-10-12,CH_SLEEP_001,1,model_reco,ins_high_wake_irregular,1,0
EXP_U000086_1,U000086,2025-06-24,CH_ACT_001,1,model_reco,dep_low_energy,0,0
EXP_U000086_2,U000086,2025-06-26,CH_ACT_003,1,model_reco,dep_low_activity,1,0
EXP_U000086_3,U000086,2025-07-11,CH_ACT_001,1,model_reco,dep_low_energy,0,0
EXP_U000086_4,U000086,2025-07-23,CH_ACT_001,1,model_reco,dep_low_energy,1,0
EXP_U000086_5,U000086,2025-08-01,CH_ACT_003,1,model_reco,dep_low_activity,1,0
EXP_U000086_6,U000086,2025-08-13,CH_WELL_001,1,model_reco,supportive_wellbeing,0,0
EXP_U000086_7,U000086,2025-08-24,CH_ACT_003,1,model_reco,dep_low_activity,0,1
EXP_U000087_1,U000087,2025-08-31,CH_ACT_001,1,model_reco,dep_low_energy,1,0
EXP_U000087_2,U000087,2025-09-05,CH_ACT_002,1,model_reco,dep_low_daylight,0,0
EXP_U000087_3,U000087,2025-09-06,CH_ACT_002,1,model_reco,dep_low_daylight,0,1
EXP_U000087_4,U000087,2025-09-16,CH_ACT_003,1,model_reco,dep_low_activity,1,0
EXP_U000087_5,U000087,2025-10-10,CH_ACT_002,1,model_reco,dep_low_daylight,0,0
EXP_U000088_1,U000088,2025-09-03,CH_REG_002,1,model_reco,anx_high_anxiety,0,0
EXP_U000088_2,U000088,2025-09-05,CH_REG_002,1,model_reco,anx_high_anxiety,0,0
EXP_U000088_3,U000088,2025-09-09,CH_REG_001,1,model_reco,anx_high_anxiety,1,0
EXP_U000088_4,U000088,2025-09-11,CH_REG_001,1,model_reco,anx_high_anxiety,1,0
EXP_U000088_5,U000088,2025-09-15,CH_REG_002,1,model_reco,anx_high_anxiety,1,0
EXP_U000088_6,U000088,2025-09-22,CH_REG_001,1,model_reco,anx_high_anxiety,1,0
EXP_U000088_7,U000088,2025-09-23,CH_REG_002,1,model_reco,anx_high_anxiety,1,0
EXP_U000088_8,U000088,2025-09-25,CH_REG_001,1,model_reco,anx_high_anxiety,0,0
EXP_U000088_9,U000088,2025-09-27,CH_REG_001,1,model_reco,anx_high_anxiety,0,0
EXP_U000088_10,U000088,2025-10-05,CH_REG_002,1,model_reco,anx_high_anxiety,1,0
EXP_U000088_11,U000088,2025-10-06,CH_REG_001,1,model_reco,anx_high_anxiety,0,1
EXP_U000088_12,U000088,2025-10-08,CH_REG_001,1,model_reco,anx_high_anxiety,0,1
EXP_U000088_13,U000088,2025-10-09,CH_REG_001,1,model_reco,anx_high_anxiety,0,1
EXP_U000088_14,U000088,2025-10-12,CH_REG_001,1,model_reco,anx_high_anxiety,1,0
EXP_U000088_15,U000088,2025-10-21,CH_REG_001,1,model_reco,anx_high_anxiety,0,0
EXP_U000088_16,U000088,2025-10-28,CH_REG_002,1,model_reco,anx_high_anxiety,1,0
EXP_U000088_17,U000088,2025-10-30,CH_REG_001,1,model_reco,anx_high_anxiety,1,0
EXP_U000088_18,U000088,2025-11-01,CH_REG_002,1,model_reco,anx_high_anxiety,1,0
EXP_U000088_19,U000088,2025-11-03,CH_REG_001,1,model_reco,anx_high_anxiety,1,0
EXP_U000088_20,U000088,2025-11-04,CH_REG_001,1,model_reco,anx_high_anxiety,1,0
EXP_U000088_21,U000088,2025-11-06,CH_REG_002,1,model_reco,anx_high_anxiety,0,0
EXP_U000088_22,U000088,2025-11-09,CH_REG_001,1,model_reco,anx_high_anxiety,0,1
EXP_U000088_23,U000088,2025-11-14,CH_REG_002,1,model_reco,anx_high_anxiety,0,1
EXP_U000088_24,U000088,2025-11-15,CH_REG_001,1,model_reco,anx_high_anxiety,0,1
EXP_U000088_25,U000088,2025-11-23,CH_REG_001,1,model_reco,anx_high_anxiety,0,0
EXP_U000089_1,U000089,2025-09-11,CH_REG_001,1,model_reco,anx_high_anxiety,0,1
EXP_U000089_2,U000089,2025-10-03,CH_REG_001,1,model_reco,anx_high_anxiety,0,0
EXP_U000089_3,U000089,2025-10-04,CH_REG_001,1,model_reco,anx_high_anxiety,1,0
EXP_U000089_4,U000089,2025-10-26,CH_REG_002,1,model_reco,anx_high_anxiety,0,0
EXP_U000089_5,U000089,2025-10-29,CH_REG_001,1,model_reco,anx_high_anxiety,0,0
EXP_U000089_6,U000089,2025-11-02,CH_REG_002,1,model_reco,anx_high_anxiety,1,0
EXP_U000089_7,U000089,2025-11-05,CH_REG_002,1,model_reco,anx_high_anxiety,1,0
EXP_U000089_8,U000089,2025-11-06,CH_REG_001,1,model_reco,anx_high_anxiety,1,0
EXP_U000089_9,U000089,2025-11-10,CH_REG_002,1,model_reco,anx_high_anxiety,0,0
EXP_U000089_10,U000089,2025-11-18,CH_REG_001,1,model_reco,anx_high_anxiety,0,0
EXP_U000090_1,U000090,2025-07-06,CH_SLEEP_001,1,model_reco,ins_high_wake_irregular,1,0
EXP_U000090_2,U000090,2025-07-11,CH_ACT_002,1,model_reco,dep_low_daylight,0,0
EXP_U000090_3,U000090,2025-07-20,CH_SLEEP_001,1,model_reco,ins_high_wake_irregular,0,1
EXP_U000090_4,U000090,2025-08-03,CH_SLEEP_001,1,model_reco,ins_high_wake_irregular,0,0
EXP_U000090_5,U000090,2025-08-05,CH_SLEEP_001,1,model_reco,ins_high_wake_irregular,0,1
EXP_U000090_6,U000090,2025-08-23,CH_SLEEP_001,1,model_reco,ins_high_wake_irregular,0,1
EXP_U000090_7,U000090,2025-09-02,CH_SLEEP_001,1,model_reco,ins_high_wake_irregular,0,1
EXP_U000090_8,U000090,2025-09-04,CH_SLEEP_001,1,model_reco,ins_high_wake_irregular,0,1
EXP_U000090_9,U000090,2025-09-06,CH_SLEEP_001,1,model_reco,ins_high_wake_irregular,1,0
EXP_U000090_10,U000090,2025-09-07,CH_ACT_001,1,model_reco,dep_low_energy,1,0
EXP_U000090_11,U000090,2025-09-20,CH_SLEEP_001,1,model_reco,ins_high_wake_irregular,0,0
EXP_U000090_12,U000090,2025-09-22,CH_SLEEP_001,1,model_reco,ins_high_wake_irregular,0,0
EXP_U000091_1,U000091,2025-07-02,CH_REG_002,1,model_reco,anx_high_anxiety,0,0
EXP_U000091_2,U000091,2025-07-11,CH_ACT_001,1,model_reco,dep_low_energy,1,0
EXP_U000093_1,U000093,2025-07-02,CH_REG_001,1,model_reco,anx_high_anxiety,1,0
EXP_U000093_2,U000093,2025-07-28,CH_WELL_001,1,model_reco,supportive_wellbeing,1,0
EXP_U000094_1,U000094,2025-08-18,CH_WELL_001,1,model_reco,supportive_wellbeing,0,0
EXP_U000095_1,U000095,2025-09-13,CH_REG_001,1,model_reco,anx_high_anxiety,1,0
EXP_U000097_1,U000097,2025-08-01,CH_SLEEP_001,1,model_reco,ins_high_wake_irregular,1,0
EXP_U000097_2,U000097,2025-08-02,CH_REG_001,1,model_reco,anx_high_anxiety,0,1
EXP_U000097_3,U000097,2025-08-06,CH_REG_002,1,model_reco,anx_high_anxiety,0,1
EXP_U000097_4,U000097,2025-08-07,CH_REG_002,1,model_reco,anx_high_anxiety,0,0
EXP_U000097_5,U000097,2025-08-14,CH_SLEEP_001,1,model_reco,ins_high_wake_irregular,0,1
EXP_U000097_6,U000097,2025-08-15,CH_SLEEP_001,1,model_reco,ins_high_wake_irregular,0,1
EXP_U000097_7,U000097,2025-08-25,CH_SLEEP_001,1,model_reco,ins_high_wake_irregular,0,0
EXP_U000097_8,U000097,2025-08-28,CH_REG_001,1,model_reco,anx_high_anxiety,0,0
EXP_U000097_9,U000097,2025-08-29,CH_REG_001,1,model_reco,anx_high_anxiety,1,0
EXP_U000097_10,U000097,2025-09-02,CH_SLEEP_001,1,model_reco,ins_high_wake_irregular,0,1
EXP_U000097_11,U000097,2025-09-05,CH_SLEEP_001,1,model_reco,ins_high_wake_irregular,0,0
EXP_U000097_12,U000097,2025-09-07,CH_SLEEP_001,1,model_reco,ins_high_wake_irregular,0,1
EXP_U000097_13,U000097,2025-09-08,CH_REG_001,1,model_reco,anx_high_anxiety,1,0
EXP_U000097_14,U000097,2025-09-11,CH_SLEEP_001,1,model_reco,ins_high_wake_irregular,0,0
EXP_U000097_15,U000097,2025-09-12,CH_SLEEP_001,1,model_reco,ins_high_wake_irregular,1,0
EXP_U000097_16,U000097,2025-09-17,CH_REG_001,1,model_reco,anx_high_anxiety,0,1
EXP_U000097_17,U000097,2025-09-21,CH_SLEEP_001,1,model_reco,ins_high_wake_irregular,0,0
EXP_U000097_18,U000097,2025-09-22,CH_SLEEP_001,1,model_reco,ins_high_wake_irregular,0,1
EXP_U000097_19,U000097,2025-10-01,CH_SLEEP_001,1,model_reco,ins_high_wake_irregular,1,0
EXP_U000097_20,U000097,2025-10-02,CH_REG_002,1,model_reco,anx_high_anxiety,0,0
EXP_U000097_21,U000097,2025-10-07,CH_REG_001,1,model_reco,anx_high_anxiety,0,0
EXP_U000097_22,U000097,2025-10-08,CH_SLEEP_001,1,model_reco,ins_high_wake_irregular,0,0
EXP_U000097_23,U000097,2025-10-09,CH_SLEEP_001,1,model_reco,ins_high_wake_irregular,1,0
EXP_U000097_24,U000097,2025-10-14,CH_REG_001,1,model_reco,anx_high_anxiety,0,1
EXP_U000097_25,U000097,2025-10-15,CH_REG_001,1,model_reco,anx_high_anxiety,0,1
EXP_U000097_26,U000097,2025-10-18,CH_SLEEP_001,1,model_reco,ins_high_wake_irregular,0,1
EXP_U000097_27,U000097,2025-10-22,CH_SLEEP_001,1,model_reco,ins_high_wake_irregular,0,0
EXP_U000098_1,U000098,2025-09-01,CH_SOC_001,1,model_reco,low_social_contact,0,0
EXP_U000098_2,U000098,2025-09-18,CH_SOC_001,1,model_reco,low_social_contact,0,0
EXP_U000098_3,U000098,2025-09-19,CH_SOC_001,1,model_reco,low_social_contact,0,1
EXP_U000098_4,U000098,2025-09-25,CH_ACT_002,1,model_reco,dep_low_daylight,1,0
EXP_U000098_5,U000098,2025-09-30,CH_SOC_001,1,model_reco,low_social_contact,1,0
EXP_U000098_6,U000098,2025-10-01,CH_ACT_002,1,model_reco,dep_low_daylight,0,1
EXP_U000098_7,U000098,2025-10-09,CH_ACT_003,1,model_reco,dep_low_activity,0,0
EXP_U000098_8,U000098,2025-10-10,CH_ACT_002,1,model_reco,dep_low_daylight,0,1
EXP_U000098_9,U000098,2025-11-02,CH_WELL_001,1,model_reco,supportive_wellbeing,1,0
EXP_U000098_10,U000098,2025-11-21,CH_ACT_003,1,model_reco,dep_low_activity,0,0
EXP_U000098_11,U000098,2025-11-22,CH_ACT_003,1,model_reco,dep_low_activity,0,1
EXP_U000098_12,U000098,2025-11-23,CH_ACT_002,1,model_reco,dep_low_daylight,0,0
EXP_U000099_1,U000099,2025-06-28,CH_SLEEP_001,1,model_reco,ins_high_wake_irregular,1,0
EXP_U000099_2,U000099,2025-06-30,CH_SLEEP_001,1,model_reco,ins_high_wake_irregular,1,0
EXP_U000099_3,U000099,2025-07-09,CH_SLEEP_001,1,model_reco,ins_high_wake_irregular,0,0
EXP_U000099_4,U000099,2025-07-18,CH_SLEEP_001,1,model_reco,ins_high_wake_irregular,1,0
EXP_U000099_5,U000099,2025-07-28,CH_SLEEP_001,1,model_reco,ins_high_wake_irregular,0,1
EXP_U000099_6,U000099,2025-07-30,CH_SLEEP_001,1,model_reco,ins_high_wake_irregular,0,1
EXP_U000099_7,U000099,2025-07-31,CH_SLEEP_001,1,model_reco,ins_high_wake_irregular,0,0
EXP_U000099_8,U000099,2025-08-01,CH_SLEEP_001,1,model_reco,ins_high_wake_irregular,0,1
EXP_U000099_9,U000099,2025-08-04,CH_SLEEP_001,1,model_reco,ins_high_wake_irregular,0,0
EXP_U000099_10,U000099,2025-08-05,CH_SLEEP_001,1,model_reco,ins_high_wake_irregular,1,0
EXP_U000099_11,U000099,2025-08-16,CH_SLEEP_001,1,model_reco,ins_high_wake_irregular,0,1
EXP_U000099_12,U000099,2025-08-17,CH_SLEEP_001,1,model_reco,ins_high_wake_irregular,1,0
EXP_U000099_13,U000099,2025-08-22,CH_WELL_001,1,model_reco,supportive_wellbeing,0,1
EXP_U000099_14,U000099,2025-08-27,CH_SLEEP_001,1,model_reco,ins_high_wake_irregular,0,1
EXP_U000099_15,U000099,2025-09-09,CH_SLEEP_001,1,model_reco,ins_high_wake_irregular,1,0
EXP_U000100_1,U000100,2025-06-28,CH_ACT_001,1,model_reco,dep_low_energy,0,1
EXP_U000100_2,U000100,2025-06-30,CH_ACT_001,1,model_reco,dep_low_energy,0,1
EXP_U000100_3,U000100,2025-07-14,CH_REG_002,1,model_reco,anx_high_anxiety,0,0
EXP_U000100_4,U000100,2025-07-20,CH_REG_002,1,model_reco,anx_high_anxiety,1,0
EXP_U000100_5,U000100,2025-07-27,CH_REG_001,1,model_reco,anx_high_anxiety,1,0
EXP_U000100_6,U000100,2025-08-17,CH_ACT_003,1,model_reco,dep_low_activity,0,1
EXP_U000101_1,U000101,2025-07-02,CH_ACT_002,1,model_reco,dep_low_daylight,1,0
EXP_U000101_2,U000101,2025-07-17,CH_ACT_003,1,model_reco,dep_low_activity,1,0
EXP_U000101_3,U000101,2025-07-31,CH_ACT_001,1,model_reco,dep_low_energy,1,0
EXP_U000101_4,U000101,2025-08-01,CH_SOC_001,1,model_reco,low_social_contact,0,0
EXP_U000101_5,U000101,2025-08-10,CH_ACT_001,1,model_reco,dep_low_energy,0,1
EXP_U000101_6,U000101,2025-08-17,CH_ACT_001,1,model_reco,dep_low_energy,0,0
EXP_U000101_7,U000101,2025-08-23,CH_ACT_003,1,model_reco,dep_low_activity,1,0
EXP_U000101_8,U000101,2025-09-03,CH_ACT_003,1,model_reco,dep_low_activity,0,0
EXP_U000101_9,U000101,2025-09-13,CH_ACT_003,1,model_reco,dep_low_activity,0,0
EXP_U000101_10,U000101,2025-09-16,CH_SLEEP_001,1,model_reco,ins_high_wake_irregular,0,1
EXP_U000101_11,U000101,2025-09-20,CH_ACT_002,1,model_reco,dep_low_daylight,0,0
EXP_U000102_1,U000102,2025-06-23,CH_ACT_003,1,model_reco,dep_low_activity,1,0
EXP_U000102_2,U000102,2025-07-02,CH_ACT_003,1,model_reco,dep_low_activity,0,0
EXP_U000102_3,U000102,2025-07-03,CH_ACT_002,1,model_reco,dep_low_daylight,1,0
EXP_U000102_4,U000102,2025-07-06,CH_ACT_002,1,model_reco,dep_low_daylight,0,0
EXP_U000102_5,U000102,2025-07-13,CH_ACT_003,1,model_reco,dep_low_activity,0,1
EXP_U000102_6,U000102,2025-07-25,CH_ACT_002,1,model_reco,dep_low_daylight,1,0
EXP_U000102_7,U000102,2025-07-26,CH_SOC_001,1,model_reco,low_social_contact,0,1
EXP_U000102_8,U000102,2025-07-27,CH_SOC_001,1,model_reco,low_social_contact,0,0
EXP_U000102_9,U000102,2025-07-30,CH_ACT_002,1,model_reco,dep_low_daylight,0,1
EXP_U000102_10,U000102,2025-08-08,CH_ACT_002,1,model_reco,dep_low_daylight,0,0
EXP_U000102_11,U000102,2025-08-09,CH_ACT_002,1,model_reco,dep_low_daylight,0,0
EXP_U000102_12,U000102,2025-08-12,CH_ACT_003,1,model_reco,dep_low_activity,0,1
EXP_U000102_13,U000102,2025-08-15,CH_ACT_003,1,model_reco,dep_low_activity,1,0
EXP_U000102_14,U000102,2025-08-25,CH_ACT_003,1,model_reco,dep_low_activity,0,0
EXP_U000102_15,U000102,2025-09-05,CH_ACT_003,1,model_reco,dep_low_activity,1,0
EXP_U000102_16,U000102,2025-09-06,CH_SOC_001,1,model_reco,low_social_contact,0,0
EXP_U000102_17,U000102,2025-09-07,CH_SOC_001,1,model_reco,low_social_contact,1,0
EXP_U000103_1,U000103,2025-08-13,CH_SLEEP_001,1,model_reco,ins_high_wake_irregular,0,0
EXP_U000103_2,U000103,2025-08-16,CH_SLEEP_001,1,model_reco,ins_high_wake_irregular,0,0
EXP_U000103_3,U000103,2025-08-22,CH_REG_002,1,model_reco,anx_high_anxiety,0,1
EXP_U000103_4,U000103,2025-08-26,CH_SLEEP_001,1,model_reco,ins_high_wake_irregular,0,0
EXP_U000103_5,U000103,2025-09-05,CH_SLEEP_001,1,model_reco,ins_high_wake_irregular,0,0
EXP_U000103_6,U000103,2025-09-12,CH_SLEEP_001,1,model_reco,ins_high_wake_irregular,0,0
EXP_U000103_7,U000103,2025-09-13,CH_SLEEP_001,1,model_reco,ins_high_wake_irregular,0,0
EXP_U000103_8,U000103,2025-09-15,CH_SLEEP_001,1,model_reco,ins_high_wake_irregular,0,0
EXP_U000103_9,U000103,2025-09-17,CH_SLEEP_001,1,model_reco,ins_high_wake_irregular,0,0
EXP_U000103_10,U000103,2025-10-02,CH_SLEEP_001,1,model_reco,ins_high_wake_irregular,0,0
EXP_U000103_11,U000103,2025-10-09,CH_SLEEP_001,1,model_reco,ins_high_wake_irregular,1,0
EXP_U000103_12,U000103,2025-10-17,CH_SLEEP_001,1,model_reco,ins_high_wake_irregular,0,1
EXP_U000103_13,U000103,2025-10-21,CH_REG_002,1,model_reco,anx_high_anxiety,0,0
EXP_U000103_14,U000103,2025-10-24,CH_SLEEP_001,1,model_reco,ins_high_wake_irregular,0,0
EXP_U000103_15,U000103,2025-10-26,CH_SLEEP_001,1,model_reco,ins_high_wake_irregular,1,0
EXP_U000104_1,U000104,2025-07-12,CH_REG_001,1,model_reco,anx_high_anxiety,1,0
EXP_U000104_2,U000104,2025-07-14,CH_REG_002,1,model_reco,anx_high_anxiety,1,0
EXP_U000104_3,U000104,2025-07-16,CH_SLEEP_001,1,model_reco,ins_high_wake_irregular,0,0
EXP_U000104_4,U000104,2025-07-21,CH_REG_002,1,model_reco,anx_high_anxiety,1,0
EXP_U000104_5,U000104,2025-07-23,CH_REG_001,1,model_reco,anx_high_anxiety,0,1
EXP_U000104_6,U000104,2025-07-31,CH_REG_002,1,model_reco,anx_high_anxiety,0,1
EXP_U000104_7,U000104,2025-08-01,CH_REG_001,1,model_reco,anx_high_anxiety,1,0
EXP_U000104_8,U000104,2025-08-03,CH_REG_002,1,model_reco,anx_high_anxiety,0,1
EXP_U000104_9,U000104,2025-08-06,CH_REG_002,1,model_reco,anx_high_anxiety,1,0
EXP_U000104_10,U000104,2025-08-07,CH_REG_002,1,model_reco,anx_high_anxiety,1,0
EXP_U000104_11,U000104,2025-08-11,CH_REG_001,1,model_reco,anx_high_anxiety,1,0
EXP_U000104_12,U000104,2025-08-24,CH_SLEEP_001,1,model_reco,ins_high_wake_irregular,1,0
EXP_U000104_13,U000104,2025-08-28,CH_REG_001,1,model_reco,anx_high_anxiety,1,0
EXP_U000104_14,U000104,2025-08-29,CH_REG_002,1,model_reco,anx_high_anxiety,1,0
EXP_U000104_15,U000104,2025-08-31,CH_REG_001,1,model_reco,anx_high_anxiety,0,1
EXP_U000104_16,U000104,2025-09-01,CH_REG_001,1,model_reco,anx_high_anxiety,1,0
EXP_U000104_17,U000104,2025-09-04,CH_REG_001,1,model_reco,anx_high_anxiety,1,0
EXP_U000104_18,U000104,2025-09-09,CH_REG_001,1,model_reco,anx_high_anxiety,0,0
EXP_U000104_19,U000104,2025-09-13,CH_REG_001,1,model_reco,anx_high_anxiety,0,1
EXP_U000104_20,U000104,2025-09-17,CH_REG_001,1,model_reco,anx_high_anxiety,1,0
EXP_U000104_21,U000104,2025-09-20,CH_REG_001,1,model_reco,anx_high_anxiety,1,0
EXP_U000104_22,U000104,2025-09-28,CH_REG_002,1,model_reco,anx_high_anxiety,1,0
EXP_U000104_23,U000104,2025-09-29,CH_REG_002,1,model_reco,anx_high_anxiety,1,0
EXP_U000104_24,U000104,2025-09-30,CH_REG_001,1,model_reco,anx_high_anxiety,0,1
EXP_U000105_1,U000105,2025-08-12,CH_REG_001,1,model_reco,anx_high_anxiety,0,1
EXP_U000105_2,U000105,2025-08-30,CH_REG_002,1,model_reco,anx_high_anxiety,0,0
EXP_U000105_3,U000105,2025-08-31,CH_REG_001,1,model_reco,anx_high_anxiety,1,0
EXP_U000105_4,U000105,2025-09-02,CH_REG_002,1,model_reco,anx_high_anxiety,0,0
EXP_U000105_5,U000105,2025-09-12,CH_REG_002,1,model_reco,anx_high_anxiety,0,0
EXP_U000105_6,U000105,2025-09-16,CH_REG_001,1,model_reco,anx_high_anxiety,1,0
EXP_U000105_7,U000105,2025-09-26,CH_REG_001,1,model_reco,anx_high_anxiety,0,1
EXP_U000105_8,U000105,2025-09-29,CH_REG_001,1,model_reco,anx_high_anxiety,1,0
EXP_U000105_9,U000105,2025-10-02,CH_REG_002,1,model_reco,anx_high_anxiety,0,0
EXP_U000105_10,U000105,2025-10-09,CH_SLEEP_001,1,model_reco,ins_high_wake_irregular,0,0
EXP_U000105_11,U000105,2025-10-14,CH_REG_001,1,model_reco,anx_high_anxiety,0,0
EXP_U000105_12,U000105,2025-10-16,CH_REG_001,1,model_reco,anx_high_anxiety,0,0
EXP_U000106_1,U000106,2025-06-15,CH_ACT_002,1,model_reco,dep_low_daylight,0,0
EXP_U000106_2,U000106,2025-06-17,CH_ACT_003,1,model_reco,dep_low_activity,0,0
EXP_U000106_3,U000106,2025-07-13,CH_ACT_003,1,model_reco,dep_low_activity,0,1
EXP_U000106_4,U000106,2025-07-17,CH_ACT_002,1,model_reco,dep_low_daylight,0,0
EXP_U000106_5,U000106,2025-07-19,CH_ACT_003,1,model_reco,dep_low_activity,1,0
EXP_U000106_6,U000106,2025-07-28,CH_ACT_003,1,model_reco,dep_low_activity,1,0
EXP_U000106_7,U000106,2025-07-31,CH_ACT_003,1,model_reco,dep_low_activity,1,0
EXP_U000106_8,U000106,2025-08-01,CH_SOC_001,1,model_reco,low_social_contact,0,1
EXP_U000106_9,U000106,2025-08-05,CH_ACT_002,1,model_reco,dep_low_daylight,1,0
EXP_U000106_10,U000106,2025-08-07,CH_SOC_001,1,model_reco,low_social_contact,0,1
EXP_U000106_11,U000106,2025-08-13,CH_ACT_003,1,model_reco,dep_low_activity,1,0
EXP_U000106_12,U000106,2025-08-19,CH_ACT_002,1,model_reco,dep_low_daylight,0,0
EXP_U000106_13,U000106,2025-08-23,CH_ACT_002,1,model_reco,dep_low_daylight,0,0
EXP_U000106_14,U000106,2025-09-01,CH_SLEEP_001,1,model_reco,ins_high_wake_irregular,0,1
EXP_U000106_15,U000106,2025-09-06,CH_SLEEP_001,1,model_reco,ins_high_wake_irregular,0,0
EXP_U000107_1,U000107,2025-08-17,CH_SLEEP_001,1,model_reco,ins_high_wake_irregular,1,0
EXP_U000107_2,U000107,2025-08-19,CH_REG_001,1,model_reco,anx_high_anxiety,0,1
EXP_U000107_3,U000107,2025-08-24,CH_SLEEP_001,1,model_reco,ins_high_wake_irregular,0,0
EXP_U000107_4,U000107,2025-08-29,CH_SLEEP_001,1,model_reco,ins_high_wake_irregular,0,0
EXP_U000107_5,U000107,2025-09-01,CH_SLEEP_001,1,model_reco,ins_high_wake_irregular,0,0
EXP_U000107_6,U000107,2025-09-04,CH_SLEEP_001,1,model_reco,ins_high_wake_irregular,1,0
EXP_U000107_7,U000107,2025-09-22,CH_REG_001,1,model_reco,anx_high_anxiety,0,0
EXP_U000107_8,U000107,2025-09-25,CH_REG_001,1,model_reco,anx_high_anxiety,1,0
EXP_U000107_9,U000107,2025-09-26,CH_REG_002,1,model_reco,anx_high_anxiety,1,0
EXP_U000107_10,U000107,2025-11-03,CH_SLEEP_001,1,model_reco,ins_high_wake_irregular,0,0
EXP_U000107_11,U000107,2025-11-07,CH_SLEEP_001,1,model_reco,ins_high_wake_irregular,0,1
EXP_U000107_12,U000107,2025-11-08,CH_SLEEP_001,1,model_reco,ins_high_wake_irregular,0,1
EXP_U000108_1,U000108,2025-07-10,CH_REG_001,1,model_reco,anx_high_anxiety,0,0
EXP_U000108_2,U000108,2025-08-16,CH_SLEEP_001,1,model_reco,ins_high_wake_irregular,0,0
EXP_U000108_3,U000108,2025-08-17,CH_SLEEP_001,1,model_reco,ins_high_wake_irregular,0,1
EXP_U000108_4,U000108,2025-08-21,CH_SLEEP_001,1,model_reco,ins_high_wake_irregular,0,0
EXP_U000108_5,U000108,2025-09-16,CH_SLEEP_001,1,model_reco,ins_high_wake_irregular,0,1
EXP_U000108_6,U000108,2025-09-23,CH_SLEEP_001,1,model_reco,ins_high_wake_irregular,1,0
EXP_U000109_1,U000109,2025-08-11,CH_SLEEP_001,1,model_reco,ins_high_wake_irregular,0,1
EXP_U000109_2,U000109,2025-08-12,CH_SLEEP_001,1,model_reco,ins_high_wake_irregular,0,0
EXP_U000109_3,U000109,2025-08-17,CH_SLEEP_001,1,model_reco,ins_high_wake_irregular,1,0
EXP_U000109_4,U000109,2025-08-24,CH_SLEEP_001,1,model_reco,ins_high_wake_irregular,1,0
EXP_U000109_5,U000109,2025-08-29,CH_REG_001,1,model_reco,anx_high_anxiety,1,0
EXP_U000109_6,U000109,2025-09-05,CH_SLEEP_001,1,model_reco,ins_high_wake_irregular,0,0
EXP_U000109_7,U000109,2025-09-15,CH_SLEEP_001,1,model_reco,ins_high_wake_irregular,0,1
EXP_U000109_8,U000109,2025-09-18,CH_SLEEP_001,1,model_reco,ins_high_wake_irregular,0,1
EXP_U000109_9,U000109,2025-09-21,CH_SLEEP_001,1,model_reco,ins_high_wake_irregular,0,1
EXP_U000109_10,U000109,2025-09-22,CH_SLEEP_001,1,model_reco,ins_high_wake_irregular,1,0
EXP_U000109_11,U000109,2025-09-30,CH_SLEEP_001,1,model_reco,ins_high_wake_irregular,1,0
EXP_U000109_12,U000109,2025-10-04,CH_ACT_001,1,model_reco,dep_low_energy,0,0
EXP_U000109_13,U000109,2025-10-07,CH_SLEEP_001,1,model_reco,ins_high_wake_irregular,0,1
EXP_U000109_14,U000109,2025-10-08,CH_SLEEP_001,1,model_reco,ins_high_wake_irregular,0,0
EXP_U000109_15,U000109,2025-10-12,CH_SLEEP_001,1,model_reco,ins_high_wake_irregular,0,1
EXP_U000109_16,U000109,2025-10-17,CH_SLEEP_001,1,model_reco,ins_high_wake_irregular,1,0
EXP_U000109_17,U000109,2025-10-26,CH_REG_001,1,model_reco,anx_high_anxiety,0,0
EXP_U000110_1,U000110,2025-08-20,CH_REG_001,1,model_reco,anx_high_anxiety,0,0
EXP_U000110_2,U000110,2025-08-21,CH_REG_001,1,model_reco,anx_high_anxiety,0,1
EXP_U000110_3,U000110,2025-09-02,CH_REG_001,1,model_reco,anx_high_anxiety,0,0
EXP_U000110_4,U000110,2025-09-04,CH_REG_001,1,model_reco,anx_high_anxiety,0,0
EXP_U000110_5,U000110,2025-09-14,CH_REG_002,1,model_reco,anx_high_anxiety,0,1
EXP_U000110_6,U000110,2025-09-20,CH_REG_001,1,model_reco,anx_high_anxiety,1,0
EXP_U000110_7,U000110,2025-09-23,CH_REG_001,1,model_reco,anx_high_anxiety,1,0
EXP_U000110_8,U000110,2025-09-26,CH_REG_002,1,model_reco,anx_high_anxiety,1,0
EXP_U000110_9,U000110,2025-09-27,CH_REG_001,1,model_reco,anx_high_anxiety,1,0
EXP_U000110_10,U000110,2025-09-29,CH_REG_001,1,model_reco,anx_high_anxiety,1,0
EXP_U000110_11,U000110,2025-10-02,CH_REG_002,1,model_reco,anx_high_anxiety,1,0
EXP_U000110_12,U000110,2025-10-09,CH_REG_001,1,model_reco,anx_high_anxiety,1,0
EXP_U000110_13,U000110,2025-10-20,CH_REG_002,1,model_reco,anx_high_anxiety,0,0
EXP_U000110_14,U000110,2025-10-28,CH_REG_001,1,model_reco,anx_high_anxiety,0,1
EXP_U000110_15,U000110,2025-10-29,CH_REG_001,1,model_reco,anx_high_anxiety,1,0
EXP_U000110_16,U000110,2025-10-30,CH_REG_001,1,model_reco,anx_high_anxiety,1,0
EXP_U000110_17,U000110,2025-11-04,CH_REG_001,1,model_reco,anx_high_anxiety,0,1
EXP_U000110_18,U000110,2025-11-05,CH_REG_002,1,model_reco,anx_high_anxiety,0,0
EXP_U000110_19,U000110,2025-11-06,CH_REG_001,1,model_reco,anx_high_anxiety,1,0
EXP_U000111_1,U000111,2025-11-01,CH_SLEEP_001,1,model_reco,ins_high_wake_irregular,0,1
EXP_U000112_1,U000112,2025-08-20,CH_SLEEP_001,1,model_reco,ins_high_wake_irregular,0,0
EXP_U000112_2,U000112,2025-08-21,CH_SLEEP_001,1,model_reco,ins_high_wake_irregular,1,0
EXP_U000112_3,U000112,2025-08-23,CH_ACT_003,1,model_reco,dep_low_activity,0,1
EXP_U000112_4,U000112,2025-09-03,CH_SLEEP_001,1,model_reco,ins_high_wake_irregular,0,0
EXP_U000112_5,U000112,2025-09-06,CH_ACT_003,1,model_reco,dep_low_activity,1,0
EXP_U000112_6,U000112,2025-09-10,CH_ACT_002,1,model_reco,dep_low_daylight,0,0
EXP_U000112_7,U000112,2025-09-12,CH_SLEEP_001,1,model_reco,ins_high_wake_irregular,0,1
EXP_U000112_8,U000112,2025-09-21,CH_SLEEP_001,1,model_reco,ins_high_wake_irregular,0,1
EXP_U000112_9,U000112,2025-09-24,CH_ACT_002,1,model_reco,dep_low_daylight,1,0
EXP_U000112_10,U000112,2025-09-29,CH_SLEEP_001,1,model_reco,ins_high_wake_irregular,0,1
EXP_U000112_11,U000112,2025-09-30,CH_SLEEP_001,1,model_reco,ins_high_wake_irregular,0,1
EXP_U000112_12,U000112,2025-10-06,CH_SLEEP_001,1,model_reco,ins_high_wake_irregular,1,0
EXP_U000112_13,U000112,2025-10-13,CH_SLEEP_001,1,model_reco,ins_high_wake_irregular,0,1
EXP_U000112_14,U000112,2025-10-15,CH_SLEEP_001,1,model_reco,ins_high_wake_irregular,0,1
EXP_U000112_15,U000112,2025-10-17,CH_SLEEP_001,1,model_reco,ins_high_wake_irregular,1,0
EXP_U000112_16,U000112,2025-10-19,CH_ACT_002,1,model_reco,dep_low_daylight,0,0
EXP_U000112_17,U000112,2025-10-22,CH_ACT_003,1,model_reco,dep_low_activity,0,0
EXP_U000112_18,U000112,2025-10-23,CH_ACT_003,1,model_reco,dep_low_activity,1,0
EXP_U000112_19,U000112,2025-10-25,CH_SLEEP_001,1,model_reco,ins_high_wake_irregular,1,0
EXP_U000112_20,U000112,2025-10-27,CH_ACT_003,1,model_reco,dep_low_activity,0,1
EXP_U000112_21,U000112,2025-11-07,CH_SLEEP_001,1,model_reco,ins_high_wake_irregular,0,1
EXP_U000113_1,U000113,2025-07-05,CH_REG_001,1,model_reco,anx_high_anxiety,0,0
EXP_U000113_2,U000113,2025-07-29,CH_REG_002,1,model_reco,anx_high_anxiety,0,0
EXP_U000113_3,U000113,2025-07-31,CH_REG_001,1,model_reco,anx_high_anxiety,0,1
EXP_U000113_4,U000113,2025-08-12,CH_REG_001,1,model_reco,anx_high_anxiety,0,1
EXP_U000113_5,U000113,2025-09-14,CH_REG_002,1,model_reco,anx_high_anxiety,1,0
EXP_U000113_6,U000113,2025-09-20,CH_REG_001,1,model_reco,anx_high_anxiety,0,0
EXP_U000113_7,U000113,2025-09-24,CH_REG_002,1,model_reco,anx_high_anxiety,1,0
EXP_U000114_1,U000114,2025-11-05,CH_REG_002,1,model_reco,anx_high_anxiety,0,0
EXP_U000115_1,U000115,2025-07-04,CH_REG_001,1,model_reco,anx_high_anxiety,1,0
EXP_U000115_2,U000115,2025-07-15,CH_REG_001,1,model_reco,anx_high_anxiety,1,0
EXP_U000115_3,U000115,2025-07-17,CH_SLEEP_001,1,model_reco,ins_high_wake_irregular,1,0
EXP_U000115_4,U000115,2025-07-19,CH_REG_001,1,model_reco,anx_high_anxiety,0,0
EXP_U000115_5,U000115,2025-08-08,CH_REG_001,1,model_reco,anx_high_anxiety,1,0
EXP_U000115_6,U000115,2025-08-14,CH_REG_001,1,model_reco,anx_high_anxiety,0,1
EXP_U000115_7,U000115,2025-08-28,CH_REG_002,1,model_reco,anx_high_anxiety,0,1
EXP_U000115_8,U000115,2025-08-31,CH_REG_001,1,model_reco,anx_high_anxiety,1,0
EXP_U000115_9,U000115,2025-09-05,CH_REG_001,1,model_reco,anx_high_anxiety,1,0
EXP_U000115_10,U000115,2025-09-08,CH_REG_001,1,model_reco,anx_high_anxiety,1,0
EXP_U000115_11,U000115,2025-09-10,CH_REG_001,1,model_reco,anx_high_anxiety,1,0
EXP_U000115_12,U000115,2025-09-20,CH_REG_001,1,model_reco,anx_high_anxiety,0,0
EXP_U000115_13,U000115,2025-09-22,CH_REG_001,1,model_reco,anx_high_anxiety,1,0
EXP_U000116_1,U000116,2025-08-12,CH_ACT_003,1,model_reco,dep_low_activity,0,0
EXP_U000116_2,U000116,2025-08-16,CH_ACT_002,1,model_reco,dep_low_daylight,0,1
EXP_U000116_3,U000116,2025-08-21,CH_ACT_002,1,model_reco,dep_low_daylight,0,0
EXP_U000116_4,U000116,2025-08-25,CH_ACT_003,1,model_reco,dep_low_activity,0,1
EXP_U000116_5,U000116,2025-08-29,CH_ACT_002,1,model_reco,dep_low_daylight,1,0
EXP_U000116_6,U000116,2025-09-03,CH_ACT_002,1,model_reco,dep_low_daylight,0,1
EXP_U000116_7,U000116,2025-09-08,CH_ACT_003,1,model_reco,dep_low_activity,1,0
EXP_U000116_8,U000116,2025-09-17,CH_ACT_003,1,model_reco,dep_low_activity,0,0
EXP_U000116_9,U000116,2025-09-19,CH_ACT_002,1,model_reco,dep_low_daylight,0,1
EXP_U000116_10,U000116,2025-09-24,CH_ACT_003,1,model_reco,dep_low_activity,0,1
EXP_U000116_11,U000116,2025-09-26,CH_ACT_002,1,model_reco,dep_low_daylight,0,0
EXP_U000116_12,U000116,2025-09-28,CH_ACT_002,1,model_reco,dep_low_daylight,1,0
EXP_U000116_13,U000116,2025-10-03,CH_ACT_002,1,model_reco,dep_low_daylight,0,1
EXP_U000116_14,U000116,2025-10-04,CH_ACT_003,1,model_reco,dep_low_activity,1,0
EXP_U000116_15,U000116,2025-10-08,CH_ACT_003,1,model_reco,dep_low_activity,1,0
EXP_U000116_16,U000116,2025-10-09,CH_REG_001,1,model_reco,anx_high_anxiety,1,0
EXP_U000116_17,U000116,2025-10-12,CH_ACT_002,1,model_reco,dep_low_daylight,0,0
EXP_U000116_18,U000116,2025-10-18,CH_ACT_002,1,model_reco,dep_low_daylight,1,0
EXP_U000116_19,U000116,2025-10-21,CH_ACT_003,1,model_reco,dep_low_activity,0,0
EXP_U000116_20,U000116,2025-10-22,CH_ACT_002,1,model_reco,dep_low_daylight,0,1
EXP_U000116_21,U000116,2025-10-24,CH_ACT_002,1,model_reco,dep_low_daylight,0,1
EXP_U000116_22,U000116,2025-10-26,CH_ACT_003,1,model_reco,dep_low_activity,0,0
EXP_U000116_23,U000116,2025-10-28,CH_ACT_003,1,model_reco,dep_low_activity,1,0
EXP_U000116_24,U000116,2025-10-30,CH_REG_002,1,model_reco,anx_high_anxiety,1,0
EXP_U000116_25,U000116,2025-10-31,CH_ACT_002,1,model_reco,dep_low_daylight,0,1
EXP_U000117_1,U000117,2025-09-02,CH_ACT_002,1,model_reco,dep_low_daylight,0,1
EXP_U000117_2,U000117,2025-09-04,CH_ACT_003,1,model_reco,dep_low_activity,0,1
EXP_U000117_3,U000117,2025-09-06,CH_ACT_003,1,model_reco,dep_low_activity,0,1
EXP_U000117_4,U000117,2025-09-08,CH_ACT_003,1,model_reco,dep_low_activity,0,1
EXP_U000117_5,U000117,2025-09-10,CH_ACT_002,1,model_reco,dep_low_daylight,1,0
EXP_U000117_6,U000117,2025-09-12,CH_ACT_003,1,model_reco,dep_low_activity,0,1
EXP_U000117_7,U000117,2025-09-21,CH_ACT_003,1,model_reco,dep_low_activity,0,1
EXP_U000117_8,U000117,2025-09-25,CH_ACT_003,1,model_reco,dep_low_activity,0,1
EXP_U000117_9,U000117,2025-09-29,CH_SOC_001,1,model_reco,low_social_contact,1,0
EXP_U000117_10,U000117,2025-10-13,CH_ACT_002,1,model_reco,dep_low_daylight,0,1
EXP_U000117_11,U000117,2025-10-17,CH_ACT_002,1,model_reco,dep_low_daylight,0,0
EXP_U000117_12,U000117,2025-10-20,CH_ACT_003,1,model_reco,dep_low_activity,0,1
EXP_U000117_13,U000117,2025-10-21,CH_ACT_003,1,model_reco,dep_low_activity,0,0
EXP_U000117_14,U000117,2025-10-23,CH_ACT_002,1,model_reco,dep_low_daylight,0,1
EXP_U000117_15,U000117,2025-11-05,CH_ACT_003,1,model_reco,dep_low_activity,0,0
EXP_U000117_16,U000117,2025-11-06,CH_ACT_002,1,model_reco,dep_low_daylight,0,0
EXP_U000117_17,U000117,2025-11-20,CH_ACT_002,1,model_reco,dep_low_daylight,1,0
EXP_U000117_18,U000117,2025-11-21,CH_REG_002,1,model_reco,anx_high_anxiety,0,1
EXP_U000118_1,U000118,2025-07-07,CH_ACT_003,1,model_reco,dep_low_activity,0,0
EXP_U000118_2,U000118,2025-07-08,CH_ACT_002,1,model_reco,dep_low_daylight,0,0
EXP_U000118_3,U000118,2025-07-13,CH_ACT_003,1,model_reco,dep_low_activity,0,0
EXP_U000118_4,U000118,2025-07-14,CH_ACT_003,1,model_reco,dep_low_activity,0,0
EXP_U000118_5,U000118,2025-07-15,CH_ACT_002,1,model_reco,dep_low_daylight,1,0
EXP_U000118_6,U000118,2025-07-22,CH_ACT_003,1,model_reco,dep_low_activity,1,0
EXP_U000118_7,U000118,2025-07-25,CH_ACT_002,1,model_reco,dep_low_daylight,1,0
EXP_U000118_8,U000118,2025-07-27,CH_REG_002,1,model_reco,anx_high_anxiety,0,1
EXP_U000118_9,U000118,2025-07-29,CH_ACT_003,1,model_reco,dep_low_activity,1,0
EXP_U000118_10,U000118,2025-08-01,CH_ACT_003,1,model_reco,dep_low_activity,1,0
EXP_U000118_11,U000118,2025-08-06,CH_ACT_003,1,model_reco,dep_low_activity,0,1
EXP_U000118_12,U000118,2025-08-07,CH_ACT_003,1,model_reco,dep_low_activity,1,0
EXP_U000118_13,U000118,2025-08-08,CH_REG_001,1,model_reco,anx_high_anxiety,0,0
EXP_U000118_14,U000118,2025-08-11,CH_ACT_003,1,model_reco,dep_low_activity,1,0
EXP_U000118_15,U000118,2025-08-13,CH_REG_002,1,model_reco,anx_high_anxiety,0,1
EXP_U000118_16,U000118,2025-08-18,CH_ACT_002,1,model_reco,dep_low_daylight,0,0
EXP_U000118_17,U000118,2025-08-24,CH_ACT_003,1,model_reco,dep_low_activity,0,1
EXP_U000118_18,U000118,2025-08-27,CH_ACT_003,1,model_reco,dep_low_activity,1,0
EXP_U000118_19,U000118,2025-08-28,CH_REG_002,1,model_reco,anx_high_anxiety,0,0
EXP_U000118_20,U000118,2025-09-06,CH_ACT_003,1,model_reco,dep_low_activity,0,0
EXP_U000118_21,U000118,2025-09-09,CH_ACT_002,1,model_reco,dep_low_daylight,1,0
EXP_U000118_22,U000118,2025-09-12,CH_ACT_003,1,model_reco,dep_low_activity,1,0
EXP_U000118_23,U000118,2025-09-18,CH_ACT_003,1,model_reco,dep_low_activity,0,0
EXP_U000118_24,U000118,2025-09-19,CH_ACT_003,1,model_reco,dep_low_activity,0,0
EXP_U000118_25,U000118,2025-09-20,CH_ACT_002,1,model_reco,dep_low_daylight,0,1
EXP_U000118_26,U000118,2025-09-21,CH_ACT_002,1,model_reco,dep_low_daylight,1,0
EXP_U000118_27,U000118,2025-09-26,CH_ACT_002,1,model_reco,dep_low_daylight,0,1
EXP_U000118_28,U000118,2025-09-27,CH_ACT_002,1,model_reco,dep_low_daylight,0,0
EXP_U000119_1,U000119,2025-08-23,CH_ACT_001,1,model_reco,dep_low_energy,0,0
EXP_U000119_2,U000119,2025-08-29,CH_REG_001,1,model_reco,anx_high_anxiety,1,0
EXP_U000119_3,U000119,2025-09-01,CH_SLEEP_001,1,model_reco,ins_high_wake_irregular,0,1
EXP_U000119_4,U000119,2025-09-18,CH_SLEEP_001,1,model_reco,ins_high_wake_irregular,0,1
EXP_U000119_5,U000119,2025-09-20,CH_ACT_001,1,model_reco,dep_low_energy,0,1
EXP_U000119_6,U000119,2025-09-24,CH_REG_002,1,model_reco,anx_high_anxiety,1,0
EXP_U000119_7,U000119,2025-10-02,CH_SLEEP_001,1,model_reco,ins_high_wake_irregular,0,1
EXP_U000119_8,U000119,2025-10-09,CH_REG_002,1,model_reco,anx_high_anxiety,1,0
EXP_U000119_9,U000119,2025-10-11,CH_ACT_001,1,model_reco,dep_low_energy,0,1
EXP_U000119_10,U000119,2025-10-16,CH_SLEEP_001,1,model_reco,ins_high_wake_irregular,1,0
EXP_U000119_11,U000119,2025-10-18,CH_ACT_003,1,model_reco,dep_low_activity,0,1
EXP_U000119_12,U000119,2025-11-06,CH_ACT_003,1,model_reco,dep_low_activity,0,1
EXP_U000119_13,U000119,2025-11-07,CH_SLEEP_001,1,model_reco,ins_high_wake_irregular,0,0
EXP_U000120_1,U000120,2025-09-19,CH_WELL_001,1,model_reco,supportive_wellbeing,0,0
EXP_U000120_2,U000120,2025-11-03,CH_WELL_001,1,model_reco,supportive_wellbeing,0,1
EXP_U000121_1,U000121,2025-09-20,CH_WELL_001,1,model_reco,supportive_wellbeing,1,0
EXP_U000121_2,U000121,2025-10-19,CH_WELL_001,1,model_reco,supportive_wellbeing,0,0
EXP_U000121_3,U000121,2025-10-23,CH_WELL_001,1,model_reco,supportive_wellbeing,1,0
EXP_U000121_4,U000121,2025-11-08,CH_WELL_001,1,model_reco,supportive_wellbeing,1,0
EXP_U000122_1,U000122,2025-07-22,CH_ACT_003,1,model_reco,dep_low_activity,0,0
EXP_U000122_2,U000122,2025-08-03,CH_ACT_003,1,model_reco,dep_low_activity,1,0
EXP_U000122_3,U000122,2025-08-08,CH_SLEEP_001,1,model_reco,ins_high_wake_irregular,0,0
EXP_U000122_4,U000122,2025-09-17,CH_ACT_003,1,model_reco,dep_low_activity,0,1
EXP_U000122_5,U000122,2025-10-03,CH_ACT_002,1,model_reco,dep_low_daylight,0,1
EXP_U000123_1,U000123,2025-07-17,CH_WELL_001,1,model_reco,supportive_wellbeing,1,0
EXP_U000124_1,U000124,2025-07-07,CH_ACT_002,1,model_reco,dep_low_daylight,0,0
EXP_U000124_2,U000124,2025-07-15,CH_ACT_002,1,model_reco,dep_low_daylight,0,0
EXP_U000124_3,U000124,2025-07-16,CH_ACT_003,1,model_reco,dep_low_activity,0,1
EXP_U000124_4,U000124,2025-07-18,CH_ACT_003,1,model_reco,dep_low_activity,0,1
EXP_U000124_5,U000124,2025-07-28,CH_ACT_003,1,model_reco,dep_low_activity,0,0
EXP_U000124_6,U000124,2025-07-30,CH_ACT_003,1,model_reco,dep_low_activity,1,0
EXP_U000124_7,U000124,2025-08-01,CH_SOC_001,1,model_reco,low_social_contact,0,1
EXP_U000124_8,U000124,2025-08-05,CH_ACT_002,1,model_reco,dep_low_daylight,1,0
EXP_U000124_9,U000124,2025-08-06,CH_REG_001,1,model_reco,anx_high_anxiety,0,0
EXP_U000124_10,U000124,2025-08-11,CH_SOC_001,1,model_reco,low_social_contact,0,1
EXP_U000124_11,U000124,2025-08-12,CH_SOC_001,1,model_reco,low_social_contact,0,0
EXP_U000124_12,U000124,2025-08-14,CH_SOC_001,1,model_reco,low_social_contact,0,1
EXP_U000124_13,U000124,2025-08-31,CH_ACT_002,1,model_reco,dep_low_daylight,1,0
EXP_U000124_14,U000124,2025-09-01,CH_REG_001,1,model_reco,anx_high_anxiety,0,0
EXP_U000124_15,U000124,2025-09-05,CH_ACT_002,1,model_reco,dep_low_daylight,1,0
EXP_U000124_16,U000124,2025-09-07,CH_ACT_002,1,model_reco,dep_low_daylight,0,1
EXP_U000124_17,U000124,2025-09-14,CH_ACT_003,1,model_reco,dep_low_activity,0,1
EXP_U000124_18,U000124,2025-09-15,CH_ACT_002,1,model_reco,dep_low_daylight,0,0
EXP_U000125_1,U000125,2025-08-01,CH_SLEEP_001,1,model_reco,ins_high_wake_irregular,0,1
EXP_U000125_2,U000125,2025-08-10,CH_SLEEP_001,1,model_reco,ins_high_wake_irregular,0,1
EXP_U000125_3,U000125,2025-08-11,CH_SLEEP_001,1,model_reco,ins_high_wake_irregular,0,0
EXP_U000125_4,U000125,2025-08-14,CH_SLEEP_001,1,model_reco,ins_high_wake_irregular,1,0
EXP_U000125_5,U000125,2025-08-22,CH_SLEEP_001,1,model_reco,ins_high_wake_irregular,0,1
EXP_U000125_6,U000125,2025-08-25,CH_SLEEP_001,1,model_reco,ins_high_wake_irregular,0,1
EXP_U000125_7,U000125,2025-08-27,CH_SLEEP_001,1,model_reco,ins_high_wake_irregular,1,0
EXP_U000125_8,U000125,2025-08-28,CH_ACT_002,1,model_reco,dep_low_daylight,0,0
EXP_U000125_9,U000125,2025-08-31,CH_ACT_002,1,model_reco,dep_low_daylight,0,0
EXP_U000125_10,U000125,2025-09-06,CH_SLEEP_001,1,model_reco,ins_high_wake_irregular,0,1
EXP_U000125_11,U000125,2025-09-08,CH_SLEEP_001,1,model_reco,ins_high_wake_irregular,0,1
EXP_U000125_12,U000125,2025-09-11,CH_SLEEP_001,1,model_reco,ins_high_wake_irregular,0,1
EXP_U000125_13,U000125,2025-09-13,CH_SLEEP_001,1,model_reco,ins_high_wake_irregular,0,1
EXP_U000125_14,U000125,2025-09-14,CH_SLEEP_001,1,model_reco,ins_high_wake_irregular,1,0
EXP_U000125_15,U000125,2025-09-24,CH_SLEEP_001,1,model_reco,ins_high_wake_irregular,0,1
EXP_U000125_16,U000125,2025-09-29,CH_SLEEP_001,1,model_reco,ins_high_wake_irregular,0,1
EXP_U000125_17,U000125,2025-10-02,CH_SLEEP_001,1,model_reco,ins_high_wake_irregular,0,0
EXP_U000125_18,U000125,2025-10-03,CH_SLEEP_001,1,model_reco,ins_high_wake_irregular,1,0
EXP_U000125_19,U000125,2025-10-10,CH_SLEEP_001,1,model_reco,ins_high_wake_irregular,0,0
EXP_U000125_20,U000125,2025-10-12,CH_SLEEP_001,1,model_reco,ins_high_wake_irregular,1,0
EXP_U000125_21,U000125,2025-10-16,CH_ACT_003,1,model_reco,dep_low_activity,0,0
EXP_U000125_22,U000125,2025-10-18,CH_ACT_002,1,model_reco,dep_low_daylight,0,1
EXP_U000125_23,U000125,2025-10-19,CH_SLEEP_001,1,model_reco,ins_high_wake_irregular,0,1
EXP_U000125_24,U000125,2025-10-21,CH_SLEEP_001,1,model_reco,ins_high_wake_irregular,0,0
EXP_U000125_25,U000125,2025-10-22,CH_SLEEP_001,1,model_reco,ins_high_wake_irregular,0,1
EXP_U000126_1,U000126,2025-09-02,CH_ACT_002,1,model_reco,dep_low_daylight,1,0
EXP_U000126_2,U000126,2025-09-06,CH_SLEEP_001,1,model_reco,ins_high_wake_irregular,0,1
EXP_U000126_3,U000126,2025-09-08,CH_SLEEP_001,1,model_reco,ins_high_wake_irregular,0,1
EXP_U000126_4,U000126,2025-09-10,CH_SLEEP_001,1,model_reco,ins_high_wake_irregular,0,0
EXP_U000126_5,U000126,2025-09-14,CH_SLEEP_001,1,model_reco,ins_high_wake_irregular,0,1
EXP_U000126_6,U000126,2025-09-16,CH_ACT_003,1,model_reco,dep_low_activity,0,1
EXP_U000126_7,U000126,2025-09-17,CH_ACT_002,1,model_reco,dep_low_daylight,1,0
EXP_U000126_8,U000126,2025-09-19,CH_REG_001,1,model_reco,anx_high_anxiety,1,0
EXP_U000126_9,U000126,2025-09-23,CH_SLEEP_001,1,model_reco,ins_high_wake_irregular,0,1
EXP_U000126_10,U000126,2025-09-25,CH_ACT_003,1,model_reco,dep_low_activity,0,1
EXP_U000126_11,U000126,2025-09-26,CH_SLEEP_001,1,model_reco,ins_high_wake_irregular,1,0
EXP_U000126_12,U000126,2025-10-03,CH_ACT_002,1,model_reco,dep_low_daylight,0,0
EXP_U000126_13,U000126,2025-10-14,CH_SLEEP_001,1,model_reco,ins_high_wake_irregular,1,0
EXP_U000126_14,U000126,2025-10-15,CH_ACT_002,1,model_reco,dep_low_daylight,1,0
EXP_U000126_15,U000126,2025-10-22,CH_SLEEP_001,1,model_reco,ins_high_wake_irregular,0,1
EXP_U000127_1,U000127,2025-06-18,CH_REG_001,1,model_reco,anx_high_anxiety,0,0
EXP_U000127_2,U000127,2025-06-21,CH_REG_002,1,model_reco,anx_high_anxiety,1,0
EXP_U000127_3,U000127,2025-07-08,CH_REG_002,1,model_reco,anx_high_anxiety,0,1
EXP_U000127_4,U000127,2025-07-13,CH_REG_001,1,model_reco,anx_high_anxiety,0,1
EXP_U000127_5,U000127,2025-07-14,CH_REG_001,1,model_reco,anx_high_anxiety,1,0
EXP_U000127_6,U000127,2025-07-16,CH_REG_002,1,model_reco,anx_high_anxiety,0,0
EXP_U000127_7,U000127,2025-07-19,CH_REG_001,1,model_reco,anx_high_anxiety,1,0
EXP_U000127_8,U000127,2025-07-23,CH_REG_001,1,model_reco,anx_high_anxiety,0,0
EXP_U000127_9,U000127,2025-07-24,CH_REG_001,1,model_reco,anx_high_anxiety,0,1
EXP_U000127_10,U000127,2025-07-26,CH_REG_001,1,model_reco,anx_high_anxiety,1,0
EXP_U000127_11,U000127,2025-07-30,CH_REG_001,1,model_reco,anx_high_anxiety,1,0
EXP_U000127_12,U000127,2025-08-01,CH_REG_002,1,model_reco,anx_high_anxiety,1,0
EXP_U000127_13,U000127,2025-08-02,CH_REG_001,1,model_reco,anx_high_anxiety,0,1
EXP_U000127_14,U000127,2025-08-04,CH_REG_001,1,model_reco,anx_high_anxiety,0,1
EXP_U000127_15,U000127,2025-08-07,CH_REG_002,1,model_reco,anx_high_anxiety,1,0
EXP_U000127_16,U000127,2025-08-19,CH_REG_001,1,model_reco,anx_high_anxiety,0,0
EXP_U000127_17,U000127,2025-08-20,CH_REG_002,1,model_reco,anx_high_anxiety,0,1
EXP_U000127_18,U000127,2025-08-21,CH_REG_002,1,model_reco,anx_high_anxiety,1,0
EXP_U000127_19,U000127,2025-08-23,CH_REG_001,1,model_reco,anx_high_anxiety,0,1
EXP_U000127_20,U000127,2025-08-29,CH_WELL_001,1,model_reco,supportive_wellbeing,0,0
EXP_U000127_21,U000127,2025-09-01,CH_REG_001,1,model_reco,anx_high_anxiety,0,0
EXP_U000127_22,U000127,2025-09-07,CH_REG_002,1,model_reco,anx_high_anxiety,1,0
EXP_U000127_23,U000127,2025-09-09,CH_REG_001,1,model_reco,anx_high_anxiety,0,1
EXP_U000128_1,U000128,2025-09-01,CH_SLEEP_001,1,model_reco,ins_high_wake_irregular,0,0
EXP_U000128_2,U000128,2025-09-12,CH_SLEEP_001,1,model_reco,ins_high_wake_irregular,0,0
EXP_U000128_3,U000128,2025-09-20,CH_SLEEP_001,1,model_reco,ins_high_wake_irregular,0,0
EXP_U000128_4,U000128,2025-11-17,CH_SLEEP_001,1,model_reco,ins_high_wake_irregular,1,0
EXP_U000129_1,U000129,2025-08-01,CH_REG_001,1,model_reco,anx_high_anxiety,0,0
EXP_U000129_2,U000129,2025-08-02,CH_REG_001,1,model_reco,anx_high_anxiety,1,0
EXP_U000129_3,U000129,2025-08-07,CH_REG_001,1,model_reco,anx_high_anxiety,0,1
EXP_U000129_4,U000129,2025-08-31,CH_SOC_001,1,model_reco,low_social_contact,0,0
EXP_U000130_1,U000130,2025-07-11,CH_ACT_003,1,model_reco,dep_low_activity,0,0
EXP_U000130_2,U000130,2025-07-13,CH_ACT_001,1,model_reco,dep_low_energy,0,1
EXP_U000130_3,U000130,2025-08-12,CH_ACT_002,1,model_reco,dep_low_daylight,0,0
EXP_U000130_4,U000130,2025-09-15,CH_ACT_001,1,model_reco,dep_low_energy,0,0
EXP_U000130_5,U000130,2025-09-19,CH_ACT_001,1,model_reco,dep_low_energy,1,0
EXP_U000131_1,U000131,2025-06-18,CH_SLEEP_001,1,model_reco,ins_high_wake_irregular,0,0
EXP_U000131_2,U000131,2025-07-16,CH_SLEEP_001,1,model_reco,ins_high_wake_irregular,0,1
EXP_U000131_3,U000131,2025-07-24,CH_SLEEP_001,1,model_reco,ins_high_wake_irregular,0,1
EXP_U000131_4,U000131,2025-08-09,CH_SLEEP_001,1,model_reco,ins_high_wake_irregular,0,1
EXP_U000131_5,U000131,2025-08-15,CH_REG_001,1,model_reco,anx_high_anxiety,0,0
EXP_U000131_6,U000131,2025-08-28,CH_SLEEP_001,1,model_reco,ins_high_wake_irregular,0,1
EXP_U000131_7,U000131,2025-08-29,CH_SLEEP_001,1,model_reco,ins_high_wake_irregular,0,0
EXP_U000131_8,U000131,2025-09-02,CH_SLEEP_001,1,model_reco,ins_high_wake_irregular,0,1
EXP_U000132_1,U000132,2025-08-15,CH_REG_001,1,model_reco,anx_high_anxiety,1,0
EXP_U000132_2,U000132,2025-08-25,CH_REG_001,1,model_reco,anx_high_anxiety,0,1
EXP_U000132_3,U000132,2025-08-28,CH_SLEEP_001,1,model_reco,ins_high_wake_irregular,0,1
EXP_U000132_4,U000132,2025-09-05,CH_REG_001,1,model_reco,anx_high_anxiety,1,0
EXP_U000132_5,U000132,2025-09-08,CH_REG_001,1,model_reco,anx_high_anxiety,1,0
EXP_U000132_6,U000132,2025-09-20,CH_REG_001,1,model_reco,anx_high_anxiety,0,0
EXP_U000132_7,U000132,2025-09-25,CH_REG_001,1,model_reco,anx_high_anxiety,1,0
EXP_U000132_8,U000132,2025-09-26,CH_REG_002,1,model_reco,anx_high_anxiety,1,0
EXP_U000132_9,U000132,2025-10-04,CH_REG_001,1,model_reco,anx_high_anxiety,0,1
EXP_U000132_10,U000132,2025-10-05,CH_REG_001,1,model_reco,anx_high_anxiety,1,0
EXP_U000132_11,U000132,2025-10-07,CH_REG_002,1,model_reco,anx_high_anxiety,1,0
EXP_U000132_12,U000132,2025-10-19,CH_REG_001,1,model_reco,anx_high_anxiety,0,1
EXP_U000132_13,U000132,2025-10-23,CH_REG_002,1,model_reco,anx_high_anxiety,0,1
EXP_U000132_14,U000132,2025-10-26,CH_REG_001,1,model_reco,anx_high_anxiety,0,1
EXP_U000132_15,U000132,2025-10-28,CH_REG_002,1,model_reco,anx_high_anxiety,1,0
EXP_U000132_16,U000132,2025-10-31,CH_REG_002,1,model_reco,anx_high_anxiety,1,0
EXP_U000133_1,U000133,2025-08-14,CH_REG_002,1,model_reco,anx_high_anxiety,1,0
EXP_U000133_2,U000133,2025-08-16,CH_REG_001,1,model_reco,anx_high_anxiety,0,0
EXP_U000133_3,U000133,2025-08-19,CH_REG_002,1,model_reco,anx_high_anxiety,1,0
EXP_U000133_4,U000133,2025-08-23,CH_ACT_001,1,model_reco,dep_low_energy,0,0
EXP_U000133_5,U000133,2025-08-27,CH_REG_001,1,model_reco,anx_high_anxiety,0,1
EXP_U000133_6,U000133,2025-08-30,CH_REG_002,1,model_reco,anx_high_anxiety,1,0
EXP_U000133_7,U000133,2025-09-03,CH_REG_002,1,model_reco,anx_high_anxiety,1,0
EXP_U000133_8,U000133,2025-09-04,CH_ACT_001,1,model_reco,dep_low_energy,0,1
EXP_U000133_9,U000133,2025-09-06,CH_REG_001,1,model_reco,anx_high_anxiety,0,1
EXP_U000133_10,U000133,2025-09-07,CH_REG_001,1,model_reco,anx_high_anxiety,1,0
EXP_U000133_11,U000133,2025-09-11,CH_REG_001,1,model_reco,anx_high_anxiety,1,0
EXP_U000133_12,U000133,2025-09-12,CH_REG_002,1,model_reco,anx_high_anxiety,0,1
EXP_U000133_13,U000133,2025-09-18,CH_ACT_001,1,model_reco,dep_low_energy,0,0
EXP_U000133_14,U000133,2025-09-28,CH_ACT_001,1,model_reco,dep_low_energy,1,0
EXP_U000133_15,U000133,2025-10-01,CH_REG_002,1,model_reco,anx_high_anxiety,1,0
EXP_U000133_16,U000133,2025-10-03,CH_REG_001,1,model_reco,anx_high_anxiety,1,0
EXP_U000133_17,U000133,2025-10-09,CH_REG_001,1,model_reco,anx_high_anxiety,0,1
EXP_U000133_18,U000133,2025-10-11,CH_REG_002,1,model_reco,anx_high_anxiety,0,1
EXP_U000133_19,U000133,2025-10-19,CH_REG_001,1,model_reco,anx_high_anxiety,1,0
EXP_U000133_20,U000133,2025-10-23,CH_REG_002,1,model_reco,anx_high_anxiety,1,0
EXP_U000133_21,U000133,2025-10-25,CH_REG_002,1,model_reco,anx_high_anxiety,0,0
EXP_U000133_22,U000133,2025-10-26,CH_REG_001,1,model_reco,anx_high_anxiety,1,0
EXP_U000133_23,U000133,2025-10-29,CH_REG_001,1,model_reco,anx_high_anxiety,0,0
EXP_U000133_24,U000133,2025-10-30,CH_REG_001,1,model_reco,anx_high_anxiety,1,0
EXP_U000133_25,U000133,2025-11-02,CH_REG_001,1,model_reco,anx_high_anxiety,0,0
EXP_U000133_26,U000133,2025-11-03,CH_REG_001,1,model_reco,anx_high_anxiety,1,0
EXP_U000134_1,U000134,2025-06-13,CH_ACT_003,1,model_reco,dep_low_activity,0,1
EXP_U000134_2,U000134,2025-07-25,CH_ACT_001,1,model_reco,dep_low_energy,0,1
EXP_U000134_3,U000134,2025-07-28,CH_ACT_001,1,model_reco,dep_low_energy,0,1
EXP_U000134_4,U000134,2025-08-06,CH_ACT_001,1,model_reco,dep_low_energy,1,0
EXP_U000134_5,U000134,2025-08-13,CH_ACT_002,1,model_reco,dep_low_daylight,1,0
EXP_U000134_6,U000134,2025-08-25,CH_ACT_003,1,model_reco,dep_low_activity,0,0
EXP_U000135_1,U000135,2025-08-30,CH_ACT_002,1,model_reco,dep_low_daylight,0,1
EXP_U000135_2,U000135,2025-09-10,CH_ACT_002,1,model_reco,dep_low_daylight,0,0
EXP_U000135_3,U000135,2025-09-12,CH_ACT_002,1,model_reco,dep_low_daylight,0,1
EXP_U000135_4,U000135,2025-09-19,CH_ACT_003,1,model_reco,dep_low_activity,0,1
EXP_U000135_5,U000135,2025-10-05,CH_ACT_003,1,model_reco,dep_low_activity,0,0
EXP_U000135_6,U000135,2025-10-08,CH_ACT_003,1,model_reco,dep_low_activity,0,0
EXP_U000135_7,U000135,2025-10-12,CH_ACT_003,1,model_reco,dep_low_activity,0,0
EXP_U000135_8,U000135,2025-10-14,CH_ACT_003,1,model_reco,dep_low_activity,0,0
EXP_U000135_9,U000135,2025-10-19,CH_ACT_002,1,model_reco,dep_low_daylight,0,1
EXP_U000135_10,U000135,2025-10-26,CH_ACT_003,1,model_reco,dep_low_activity,0,0
EXP_U000135_11,U000135,2025-10-27,CH_ACT_003,1,model_reco,dep_low_activity,0,1
EXP_U000135_12,U000135,2025-11-08,CH_ACT_002,1,model_reco,dep_low_daylight,0,0
EXP_U000135_13,U000135,2025-11-09,CH_ACT_002,1,model_reco,dep_low_daylight,0,0
EXP_U000136_1,U000136,2025-07-30,CH_SLEEP_001,1,model_reco,ins_high_wake_irregular,0,1
EXP_U000136_2,U000136,2025-07-31,CH_SLEEP_001,1,model_reco,ins_high_wake_irregular,0,1
EXP_U000136_3,U000136,2025-08-02,CH_SLEEP_001,1,model_reco,ins_high_wake_irregular,0,0
EXP_U000136_4,U000136,2025-08-03,CH_SLEEP_001,1,model_reco,ins_high_wake_irregular,0,0
EXP_U000136_5,U000136,2025-08-04,CH_SLEEP_001,1,model_reco,ins_high_wake_irregular,0,1
EXP_U000136_6,U000136,2025-08-06,CH_SLEEP_001,1,model_reco,ins_high_wake_irregular,0,1
EXP_U000136_7,U000136,2025-08-07,CH_SLEEP_001,1,model_reco,ins_high_wake_irregular,0,0
EXP_U000136_8,U000136,2025-08-14,CH_SLEEP_001,1,model_reco,ins_high_wake_irregular,0,1
EXP_U000136_9,U000136,2025-08-16,CH_SLEEP_001,1,model_reco,ins_high_wake_irregular,0,0
EXP_U000136_10,U000136,2025-08-24,CH_SLEEP_001,1,model_reco,ins_high_wake_irregular,0,0
EXP_U000136_11,U000136,2025-08-25,CH_SLEEP_001,1,model_reco,ins_high_wake_irregular,1,0
EXP_U000136_12,U000136,2025-08-26,CH_ACT_003,1,model_reco,dep_low_activity,1,0
EXP_U000136_13,U000136,2025-09-04,CH_SLEEP_001,1,model_reco,ins_high_wake_irregular,0,1
EXP_U000136_14,U000136,2025-09-05,CH_SLEEP_001,1,model_reco,ins_high_wake_irregular,0,1
EXP_U000136_15,U000136,2025-09-14,CH_SLEEP_001,1,model_reco,ins_high_wake_irregular,1,0
EXP_U000136_16,U000136,2025-09-20,CH_ACT_002,1,model_reco,dep_low_daylight,0,1
EXP_U000136_17,U000136,2025-09-22,CH_SLEEP_001,1,model_reco,ins_high_wake_irregular,1,0
EXP_U000136_18,U000136,2025-10-01,CH_SLEEP_001,1,model_reco,ins_high_wake_irregular,1,0
EXP_U000136_19,U000136,2025-10-04,CH_ACT_003,1,model_reco,dep_low_activity,1,0
EXP_U000136_20,U000136,2025-10-05,CH_REG_001,1,model_reco,anx_high_anxiety,0,1
EXP_U000136_21,U000136,2025-10-09,CH_SLEEP_001,1,model_reco,ins_high_wake_irregular,0,1
EXP_U000136_22,U000136,2025-10-13,CH_SLEEP_001,1,model_reco,ins_high_wake_irregular,0,0
EXP_U000136_23,U000136,2025-10-15,CH_SLEEP_001,1,model_reco,ins_high_wake_irregular,0,0
EXP_U000136_24,U000136,2025-10-17,CH_SLEEP_001,1,model_reco,ins_high_wake_irregular,1,0
EXP_U000137_1,U000137,2025-08-02,CH_WELL_001,1,model_reco,supportive_wellbeing,0,1
EXP_U000137_2,U000137,2025-08-05,CH_WELL_001,1,model_reco,supportive_wellbeing,0,1
EXP_U000138_1,U000138,2025-08-05,CH_WELL_001,1,model_reco,supportive_wellbeing,0,0
EXP_U000138_2,U000138,2025-08-07,CH_SLEEP_001,1,model_reco,ins_high_wake_irregular,1,0
EXP_U000138_3,U000138,2025-08-12,CH_REG_002,1,model_reco,anx_high_anxiety,0,0
EXP_U000139_1,U000139,2025-06-26,CH_SLEEP_001,1,model_reco,ins_high_wake_irregular,0,1
EXP_U000139_2,U000139,2025-06-27,CH_SLEEP_001,1,model_reco,ins_high_wake_irregular,0,0
EXP_U000139_3,U000139,2025-06-30,CH_SLEEP_001,1,model_reco,ins_high_wake_irregular,1,0
EXP_U000139_4,U000139,2025-08-22,CH_WELL_001,1,model_reco,supportive_wellbeing,0,0
EXP_U000139_5,U000139,2025-09-03,CH_SLEEP_001,1,model_reco,ins_high_wake_irregular,0,1
EXP_U000139_6,U000139,2025-09-05,CH_SLEEP_001,1,model_reco,ins_high_wake_irregular,1,0
EXP_U000140_1,U000140,2025-06-19,CH_ACT_002,1,model_reco,dep_low_daylight,0,1
EXP_U000140_2,U000140,2025-06-29,CH_SLEEP_001,1,model_reco,ins_high_wake_irregular,0,1
EXP_U000140_3,U000140,2025-07-04,CH_SLEEP_001,1,model_reco,ins_high_wake_irregular,0,1
EXP_U000140_4,U000140,2025-07-07,CH_SLEEP_001,1,model_reco,ins_high_wake_irregular,0,1
EXP_U000140_5,U000140,2025-07-14,CH_SLEEP_001,1,model_reco,ins_high_wake_irregular,1,0
EXP_U000140_6,U000140,2025-07-15,CH_ACT_001,1,model_reco,dep_low_energy,0,1
EXP_U000140_7,U000140,2025-07-17,CH_ACT_001,1,model_reco,dep_low_energy,0,0
EXP_U000140_8,U000140,2025-07-23,CH_SLEEP_001,1,model_reco,ins_high_wake_irregular,1,0
EXP_U000140_9,U000140,2025-08-07,CH_SLEEP_001,1,model_reco,ins_high_wake_irregular,0,1
EXP_U000140_10,U000140,2025-08-18,CH_SLEEP_001,1,model_reco,ins_high_wake_irregular,0,1
EXP_U000140_11,U000140,2025-08-21,CH_SLEEP_001,1,model_reco,ins_high_wake_irregular,0,0
EXP_U000141_1,U000141,2025-06-16,CH_SLEEP_001,1,model_reco,ins_high_wake_irregular,0,1
EXP_U000141_2,U000141,2025-06-22,CH_SLEEP_001,1,model_reco,ins_high_wake_irregular,0,1
EXP_U000141_3,U000141,2025-06-24,CH_SLEEP_001,1,model_reco,ins_high_wake_irregular,0,1
EXP_U000141_4,U000141,2025-06-26,CH_SLEEP_001,1,model_reco,ins_high_wake_irregular,0,1
EXP_U000141_5,U000141,2025-07-04,CH_SLEEP_001,1,model_reco,ins_high_wake_irregular,0,0
EXP_U000141_6,U000141,2025-07-06,CH_SLEEP_001,1,model_reco,ins_high_wake_irregular,1,0
EXP_U000141_7,U000141,2025-07-13,CH_SLEEP_001,1,model_reco,ins_high_wake_irregular,1,0
EXP_U000141_8,U000141,2025-07-22,CH_SLEEP_001,1,model_reco,ins_high_wake_irregular,1,0
EXP_U000141_9,U000141,2025-07-24,CH_ACT_002,1,model_reco,dep_low_daylight,0,1
EXP_U000141_10,U000141,2025-07-26,CH_ACT_002,1,model_reco,dep_low_daylight,1,0
EXP_U000141_11,U000141,2025-07-27,CH_SOC_001,1,model_reco,low_social_contact,0,1
EXP_U000141_12,U000141,2025-07-28,CH_SOC_001,1,model_reco,low_social_contact,0,0
EXP_U000141_13,U000141,2025-08-02,CH_SLEEP_001,1,model_reco,ins_high_wake_irregular,1,0
EXP_U000141_14,U000141,2025-08-03,CH_ACT_002,1,model_reco,dep_low_daylight,0,1
EXP_U000141_15,U000141,2025-08-05,CH_ACT_002,1,model_reco,dep_low_daylight,0,1
EXP_U000141_16,U000141,2025-08-10,CH_SLEEP_001,1,model_reco,ins_high_wake_irregular,0,1
EXP_U000141_17,U000141,2025-08-17,CH_SLEEP_001,1,model_reco,ins_high_wake_irregular,0,0
EXP_U000141_18,U000141,2025-08-29,CH_SLEEP_001,1,model_reco,ins_high_wake_irregular,0,1
EXP_U000141_19,U000141,2025-08-30,CH_SLEEP_001,1,model_reco,ins_high_wake_irregular,0,0
EXP_U000141_20,U000141,2025-09-02,CH_SLEEP_001,1,model_reco,ins_high_wake_irregular,0,0
EXP_U000142_1,U000142,2025-07-25,CH_WELL_001,1,model_reco,supportive_wellbeing,0,1
EXP_U000143_1,U000143,2025-06-25,CH_SLEEP_001,1,model_reco,ins_high_wake_irregular,0,1
EXP_U000143_2,U000143,2025-07-16,CH_SLEEP_001,1,model_reco,ins_high_wake_irregular,0,1
EXP_U000144_1,U000144,2025-07-21,CH_SLEEP_001,1,model_reco,ins_high_wake_irregular,1,0
EXP_U000144_2,U000144,2025-07-29,CH_SLEEP_001,1,model_reco,ins_high_wake_irregular,1,0
EXP_U000144_3,U000144,2025-07-31,CH_WELL_001,1,model_reco,supportive_wellbeing,1,0
EXP_U000144_4,U000144,2025-08-06,CH_SLEEP_001,1,model_reco,ins_high_wake_irregular,1,0
EXP_U000144_5,U000144,2025-08-08,CH_WELL_001,1,model_reco,supportive_wellbeing,1,0
EXP_U000144_6,U000144,2025-08-15,CH_SLEEP_001,1,model_reco,ins_high_wake_irregular,0,0
EXP_U000144_7,U000144,2025-08-26,CH_SLEEP_001,1,model_reco,ins_high_wake_irregular,0,0
EXP_U000144_8,U000144,2025-08-28,CH_SLEEP_001,1,model_reco,ins_high_wake_irregular,0,0
EXP_U000144_9,U000144,2025-08-29,CH_SLEEP_001,1,model_reco,ins_high_wake_irregular,0,0
EXP_U000144_10,U000144,2025-09-06,CH_SLEEP_001,1,model_reco,ins_high_wake_irregular,0,1
EXP_U000144_11,U000144,2025-09-09,CH_SLEEP_001,1,model_reco,ins_high_wake_irregular,0,1
EXP_U000144_12,U000144,2025-09-11,CH_SLEEP_001,1,model_reco,ins_high_wake_irregular,0,1
EXP_U000144_13,U000144,2025-09-14,CH_SLEEP_001,1,model_reco,ins_high_wake_irregular,0,0
EXP_U000144_14,U000144,2025-09-20,CH_SLEEP_001,1,model_reco,ins_high_wake_irregular,1,0
EXP_U000144_15,U000144,2025-09-28,CH_SLEEP_001,1,model_reco,ins_high_wake_irregular,1,0
EXP_U000144_16,U000144,2025-10-05,CH_SLEEP_001,1,model_reco,ins_high_wake_irregular,0,0
EXP_U000144_17,U000144,2025-10-08,CH_SLEEP_001,1,model_reco,ins_high_wake_irregular,0,1
EXP_U000145_1,U000145,2025-08-12,CH_REG_002,1,model_reco,anx_high_anxiety,1,0
EXP_U000145_2,U000145,2025-08-16,CH_REG_001,1,model_reco,anx_high_anxiety,1,0
EXP_U000145_3,U000145,2025-09-05,CH_REG_001,1,model_reco,anx_high_anxiety,0,1
EXP_U000145_4,U000145,2025-09-17,CH_REG_001,1,model_reco,anx_high_anxiety,1,0
EXP_U000145_5,U000145,2025-09-19,CH_REG_002,1,model_reco,anx_high_anxiety,1,0
EXP_U000145_6,U000145,2025-09-29,CH_REG_001,1,model_reco,anx_high_anxiety,0,1
EXP_U000145_7,U000145,2025-10-07,CH_REG_002,1,model_reco,anx_high_anxiety,0,0
EXP_U000145_8,U000145,2025-10-13,CH_REG_002,1,model_reco,anx_high_anxiety,0,1
EXP_U000145_9,U000145,2025-10-15,CH_REG_001,1,model_reco,anx_high_anxiety,1,0
EXP_U000146_1,U000146,2025-07-24,CH_REG_001,1,model_reco,anx_high_anxiety,0,0
EXP_U000146_2,U000146,2025-08-11,CH_WELL_001,1,model_reco,supportive_wellbeing,0,1
EXP_U000146_3,U000146,2025-08-23,CH_WELL_001,1,model_reco,supportive_wellbeing,0,1
EXP_U000147_1,U000147,2025-08-19,CH_ACT_003,1,model_reco,dep_low_activity,0,1
EXP_U000147_2,U000147,2025-08-27,CH_ACT_003,1,model_reco,dep_low_activity,0,0
EXP_U000147_3,U000147,2025-09-07,CH_SLEEP_001,1,model_reco,ins_high_wake_irregular,0,1
EXP_U000147_4,U000147,2025-10-06,CH_SLEEP_001,1,model_reco,ins_high_wake_irregular,0,0
EXP_U000147_5,U000147,2025-10-16,CH_ACT_002,1,model_reco,dep_low_daylight,0,0
EXP_U000147_6,U000147,2025-10-26,CH_ACT_002,1,model_reco,dep_low_daylight,0,1
EXP_U000147_7,U000147,2025-10-29,CH_SLEEP_001,1,model_reco,ins_high_wake_irregular,0,0
EXP_U000148_1,U000148,2025-07-16,CH_ACT_003,1,model_reco,dep_low_activity,0,0
EXP_U000148_2,U000148,2025-07-18,CH_ACT_002,1,model_reco,dep_low_daylight,0,1
EXP_U000148_3,U000148,2025-07-19,CH_ACT_002,1,model_reco,dep_low_daylight,0,0
EXP_U000148_4,U000148,2025-07-27,CH_ACT_002,1,model_reco,dep_low_daylight,1,0
EXP_U000148_5,U000148,2025-08-01,CH_ACT_002,1,model_reco,dep_low_daylight,0,0
EXP_U000148_6,U000148,2025-08-10,CH_ACT_003,1,model_reco,dep_low_activity,0,0
EXP_U000148_7,U000148,2025-08-13,CH_ACT_003,1,model_reco,dep_low_activity,1,0
EXP_U000148_8,U000148,2025-08-19,CH_ACT_003,1,model_reco,dep_low_activity,1,0
EXP_U000148_9,U000148,2025-08-29,CH_ACT_003,1,model_reco,dep_low_activity,0,0
EXP_U000148_10,U000148,2025-09-02,CH_ACT_003,1,model_reco,dep_low_activity,0,0
EXP_U000148_11,U000148,2025-09-08,CH_ACT_003,1,model_reco,dep_low_activity,0,0
EXP_U000148_12,U000148,2025-09-12,CH_ACT_002,1,model_reco,dep_low_daylight,0,0
EXP_U000148_13,U000148,2025-09-18,CH_ACT_002,1,model_reco,dep_low_daylight,0,0
EXP_U000148_14,U000148,2025-09-27,CH_ACT_002,1,model_reco,dep_low_daylight,0,0
EXP_U000148_15,U000148,2025-09-29,CH_ACT_003,1,model_reco,dep_low_activity,1,0
EXP_U000148_16,U000148,2025-10-02,CH_ACT_003,1,model_reco,dep_low_activity,0,1
EXP_U000149_1,U000149,2025-09-02,CH_SLEEP_001,1,model_reco,ins_high_wake_irregular,0,0
EXP_U000149_2,U000149,2025-09-16,CH_SLEEP_001,1,model_reco,ins_high_wake_irregular,0,1
EXP_U000149_3,U000149,2025-09-20,CH_SLEEP_001,1,model_reco,ins_high_wake_irregular,1,0
EXP_U000149_4,U000149,2025-10-02,CH_SLEEP_001,1,model_reco,ins_high_wake_irregular,0,0
EXP_U000149_5,U000149,2025-10-04,CH_SLEEP_001,1,model_reco,ins_high_wake_irregular,1,0
EXP_U000149_6,U000149,2025-10-22,CH_SLEEP_001,1,model_reco,ins_high_wake_irregular,1,0
EXP_U000149_7,U000149,2025-10-30,CH_SLEEP_001,1,model_reco,ins_high_wake_irregular,1,0
EXP_U000149_8,U000149,2025-11-07,CH_SLEEP_001,1,model_reco,ins_high_wake_irregular,0,0
EXP_U000149_9,U000149,2025-11-10,CH_SLEEP_001,1,model_reco,ins_high_wake_irregular,1,0
EXP_U000150_1,U000150,2025-08-15,CH_SLEEP_001,1,model_reco,ins_high_wake_irregular,0,1
EXP_U000150_2,U000150,2025-08-18,CH_SLEEP_001,1,model_reco,ins_high_wake_irregular,0,1
EXP_U000150_3,U000150,2025-09-12,CH_SLEEP_001,1,model_reco,ins_high_wake_irregular,0,1
EXP_U000150_4,U000150,2025-09-27,CH_SLEEP_001,1,model_reco,ins_high_wake_irregular,1,0
EXP_U000150_5,U000150,2025-10-06,CH_SLEEP_001,1,model_reco,ins_high_wake_irregular,1,0
EXP_U000151_1,U000151,2025-07-21,CH_ACT_001,1,model_reco,dep_low_energy,0,1
EXP_U000151_2,U000151,2025-07-24,CH_ACT_001,1,model_reco,dep_low_energy,0,1
EXP_U000151_3,U000151,2025-07-30,CH_ACT_001,1,model_reco,dep_low_energy,0,1
EXP_U000151_4,U000151,2025-08-22,CH_ACT_001,1,model_reco,dep_low_energy,1,0
EXP_U000151_5,U000151,2025-08-25,CH_SOC_001,1,model_reco,low_social_contact,0,1
EXP_U000153_1,U000153,2025-09-01,CH_SLEEP_001,1,model_reco,ins_high_wake_irregular,0,0
EXP_U000153_2,U000153,2025-09-08,CH_SLEEP_001,1,model_reco,ins_high_wake_irregular,0,1
EXP_U000153_3,U000153,2025-09-13,CH_SLEEP_001,1,model_reco,ins_high_wake_irregular,0,0
EXP_U000153_4,U000153,2025-09-18,CH_SLEEP_001,1,model_reco,ins_high_wake_irregular,0,1
EXP_U000153_5,U000153,2025-09-19,CH_SLEEP_001,1,model_reco,ins_high_wake_irregular,0,1
EXP_U000153_6,U000153,2025-09-21,CH_SLEEP_001,1,model_reco,ins_high_wake_irregular,0,0
EXP_U000153_7,U000153,2025-09-27,CH_SLEEP_001,1,model_reco,ins_high_wake_irregular,0,1
EXP_U000153_8,U000153,2025-10-03,CH_SLEEP_001,1,model_reco,ins_high_wake_irregular,1,0
EXP_U000153_9,U000153,2025-10-08,CH_REG_002,1,model_reco,anx_high_anxiety,0,1
EXP_U000153_10,U000153,2025-10-10,CH_SLEEP_001,1,model_reco,ins_high_wake_irregular,0,0
EXP_U000153_11,U000153,2025-10-12,CH_SLEEP_001,1,model_reco,ins_high_wake_irregular,0,0
EXP_U000153_12,U000153,2025-10-16,CH_SLEEP_001,1,model_reco,ins_high_wake_irregular,1,0
EXP_U000153_13,U000153,2025-10-22,CH_ACT_003,1,model_reco,dep_low_activity,1,0
EXP_U000153_14,U000153,2025-10-23,CH_SLEEP_001,1,model_reco,ins_high_wake_irregular,0,1
EXP_U000153_15,U000153,2025-10-28,CH_SLEEP_001,1,model_reco,ins_high_wake_irregular,1,0
EXP_U000153_16,U000153,2025-11-05,CH_SLEEP_001,1,model_reco,ins_high_wake_irregular,0,1
EXP_U000153_17,U000153,2025-11-07,CH_SLEEP_001,1,model_reco,ins_high_wake_irregular,0,0
EXP_U000153_18,U000153,2025-11-13,CH_SLEEP_001,1,model_reco,ins_high_wake_irregular,0,1
EXP_U000153_19,U000153,2025-11-17,CH_SLEEP_001,1,model_reco,ins_high_wake_irregular,0,0
EXP_U000154_1,U000154,2025-06-26,CH_SLEEP_001,1,model_reco,ins_high_wake_irregular,1,0
EXP_U000154_2,U000154,2025-07-13,CH_SLEEP_001,1,model_reco,ins_high_wake_irregular,0,1
EXP_U000154_3,U000154,2025-07-14,CH_SLEEP_001,1,model_reco,ins_high_wake_irregular,1,0
EXP_U000154_4,U000154,2025-07-29,CH_SLEEP_001,1,model_reco,ins_high_wake_irregular,0,1
EXP_U000154_5,U000154,2025-08-01,CH_SLEEP_001,1,model_reco,ins_high_wake_irregular,1,0
EXP_U000154_6,U000154,2025-08-03,CH_WELL_001,1,model_reco,supportive_wellbeing,0,0
EXP_U000154_7,U000154,2025-08-10,CH_SLEEP_001,1,model_reco,ins_high_wake_irregular,0,1
EXP_U000154_8,U000154,2025-08-12,CH_SLEEP_001,1,model_reco,ins_high_wake_irregular,0,0
EXP_U000154_9,U000154,2025-08-14,CH_SLEEP_001,1,model_reco,ins_high_wake_irregular,1,0
EXP_U000154_10,U000154,2025-08-24,CH_SLEEP_001,1,model_reco,ins_high_wake_irregular,1,0
EXP_U000154_11,U000154,2025-09-01,CH_ACT_001,1,model_reco,dep_low_energy,1,0
EXP_U000154_12,U000154,2025-09-03,CH_SLEEP_001,1,model_reco,ins_high_wake_irregular,0,1
EXP_U000154_13,U000154,2025-09-08,CH_SLEEP_001,1,model_reco,ins_high_wake_irregular,1,0
EXP_U000154_14,U000154,2025-09-16,CH_SLEEP_001,1,model_reco,ins_high_wake_irregular,0,1
EXP_U000155_1,U000155,2025-07-12,CH_REG_002,1,model_reco,anx_high_anxiety,0,0
EXP_U000155_2,U000155,2025-07-21,CH_REG_001,1,model_reco,anx_high_anxiety,0,1
EXP_U000155_3,U000155,2025-07-22,CH_REG_001,1,model_reco,anx_high_anxiety,1,0
EXP_U000155_4,U000155,2025-08-03,CH_REG_002,1,model_reco,anx_high_anxiety,1,0
EXP_U000155_5,U000155,2025-08-22,CH_REG_002,1,model_reco,anx_high_anxiety,1,0
EXP_U000155_6,U000155,2025-09-04,CH_WELL_001,1,model_reco,supportive_wellbeing,0,0
EXP_U000155_7,U000155,2025-09-18,CH_REG_001,1,model_reco,anx_high_anxiety,1,0
EXP_U000156_1,U000156,2025-09-02,CH_WELL_001,1,model_reco,supportive_wellbeing,1,0
EXP_U000156_2,U000156,2025-09-15,CH_WELL_001,1,model_reco,supportive_wellbeing,0,1
EXP_U000157_1,U000157,2025-08-23,CH_SLEEP_001,1,model_reco,ins_high_wake_irregular,0,1
EXP_U000157_2,U000157,2025-09-02,CH_SLEEP_001,1,model_reco,ins_high_wake_irregular,0,1
EXP_U000157_3,U000157,2025-10-08,CH_SLEEP_001,1,model_reco,ins_high_wake_irregular,1,0
EXP_U000157_4,U000157,2025-10-25,CH_SLEEP_001,1,model_reco,ins_high_wake_irregular,1,0
EXP_U000158_1,U000158,2025-07-15,CH_SLEEP_001,1,model_reco,ins_high_wake_irregular,0,0
EXP_U000158_2,U000158,2025-07-22,CH_SLEEP_001,1,model_reco,ins_high_wake_irregular,0,0
EXP_U000158_3,U000158,2025-07-23,CH_SLEEP_001,1,model_reco,ins_high_wake_irregular,0,1
EXP_U000158_4,U000158,2025-08-03,CH_SLEEP_001,1,model_reco,ins_high_wake_irregular,0,1
EXP_U000158_5,U000158,2025-08-06,CH_SLEEP_001,1,model_reco,ins_high_wake_irregular,1,0
EXP_U000158_6,U000158,2025-08-16,CH_SLEEP_001,1,model_reco,ins_high_wake_irregular,0,0
EXP_U000158_7,U000158,2025-08-26,CH_SLEEP_001,1,model_reco,ins_high_wake_irregular,0,0
EXP_U000158_8,U000158,2025-08-28,CH_SLEEP_001,1,model_reco,ins_high_wake_irregular,0,1
EXP_U000158_9,U000158,2025-08-30,CH_SLEEP_001,1,model_reco,ins_high_wake_irregular,0,0
EXP_U000158_10,U000158,2025-09-02,CH_SLEEP_001,1,model_reco,ins_high_wake_irregular,0,0
EXP_U000158_11,U000158,2025-09-14,CH_SLEEP_001,1,model_reco,ins_high_wake_irregular,0,1
EXP_U000158_12,U000158,2025-09-17,CH_SLEEP_001,1,model_reco,ins_high_wake_irregular,0,1
EXP_U000158_13,U000158,2025-09-20,CH_SLEEP_001,1,model_reco,ins_high_wake_irregular,1,0
EXP_U000158_14,U000158,2025-09-28,CH_SLEEP_001,1,model_reco,ins_high_wake_irregular,0,1
EXP_U000158_15,U000158,2025-09-29,CH_SLEEP_001,1,model_reco,ins_high_wake_irregular,1,0
EXP_U000158_16,U000158,2025-10-06,CH_SLEEP_001,1,model_reco,ins_high_wake_irregular,0,0
EXP_U000159_1,U000159,2025-08-23,CH_REG_001,1,model_reco,anx_high_anxiety,0,0
EXP_U000159_2,U000159,2025-09-02,CH_REG_001,1,model_reco,anx_high_anxiety,0,1
EXP_U000159_3,U000159,2025-09-20,CH_REG_002,1,model_reco,anx_high_anxiety,1,0
EXP_U000159_4,U000159,2025-10-02,CH_REG_001,1,model_reco,anx_high_anxiety,1,0
EXP_U000160_1,U000160,2025-08-11,CH_ACT_002,1,model_reco,dep_low_daylight,0,1
EXP_U000160_2,U000160,2025-09-04,CH_REG_001,1,model_reco,anx_high_anxiety,0,0
EXP_U000160_3,U000160,2025-09-06,CH_REG_001,1,model_reco,anx_high_anxiety,0,1
EXP_U000160_4,U000160,2025-09-11,CH_REG_001,1,model_reco,anx_high_anxiety,0,1
EXP_U000160_5,U000160,2025-09-22,CH_ACT_003,1,model_reco,dep_low_activity,0,1
EXP_U000160_6,U000160,2025-10-13,CH_ACT_002,1,model_reco,dep_low_daylight,0,1
EXP_U000160_7,U000160,2025-10-14,CH_ACT_002,1,model_reco,dep_low_daylight,0,0
EXP_U000160_8,U000160,2025-10-20,CH_REG_002,1,model_reco,anx_high_anxiety,1,0
EXP_U000161_1,U000161,2025-10-03,CH_ACT_002,1,model_reco,dep_low_daylight,1,0
EXP_U000161_2,U000161,2025-11-04,CH_SLEEP_001,1,model_reco,ins_high_wake_irregular,0,0
EXP_U000161_3,U000161,2025-11-15,CH_SLEEP_001,1,model_reco,ins_high_wake_irregular,1,0
EXP_U000162_1,U000162,2025-08-12,CH_ACT_001,1,model_reco,dep_low_energy,1,0
EXP_U000162_2,U000162,2025-08-16,CH_SOC_001,1,model_reco,low_social_contact,1,0
EXP_U000162_3,U000162,2025-08-21,CH_ACT_003,1,model_reco,dep_low_activity,1,0
EXP_U000162_4,U000162,2025-08-24,CH_ACT_002,1,model_reco,dep_low_daylight,0,1
EXP_U000162_5,U000162,2025-08-25,CH_ACT_002,1,model_reco,dep_low_daylight,0,1
EXP_U000162_6,U000162,2025-09-05,CH_ACT_001,1,model_reco,dep_low_energy,0,0
EXP_U000162_7,U000162,2025-09-09,CH_ACT_003,1,model_reco,dep_low_activity,0,1
EXP_U000162_8,U000162,2025-09-11,CH_ACT_002,1,model_reco,dep_low_daylight,1,0
EXP_U000162_9,U000162,2025-09-16,CH_ACT_002,1,model_reco,dep_low_daylight,0,1
EXP_U000162_10,U000162,2025-09-17,CH_ACT_003,1,model_reco,dep_low_activity,0,0
EXP_U000162_11,U000162,2025-09-21,CH_ACT_002,1,model_reco,dep_low_daylight,1,0
EXP_U000162_12,U000162,2025-09-24,CH_ACT_002,1,model_reco,dep_low_daylight,1,0
EXP_U000162_13,U000162,2025-09-30,CH_ACT_001,1,model_reco,dep_low_energy,0,0
EXP_U000162_14,U000162,2025-10-04,CH_ACT_001,1,model_reco,dep_low_energy,0,0
EXP_U000162_15,U000162,2025-10-16,CH_ACT_001,1,model_reco,dep_low_energy,1,0
EXP_U000162_16,U000162,2025-10-22,CH_ACT_003,1,model_reco,dep_low_activity,1,0
EXP_U000162_17,U000162,2025-10-28,CH_ACT_001,1,model_reco,dep_low_energy,0,0
EXP_U000162_18,U000162,2025-10-30,CH_ACT_003,1,model_reco,dep_low_activity,1,0
EXP_U000162_19,U000162,2025-11-02,CH_ACT_003,1,model_reco,dep_low_activity,1,0
EXP_U000163_1,U000163,2025-07-27,CH_ACT_002,1,model_reco,dep_low_daylight,0,0
EXP_U000163_2,U000163,2025-08-04,CH_ACT_003,1,model_reco,dep_low_activity,1,0
EXP_U000163_3,U000163,2025-08-21,CH_ACT_002,1,model_reco,dep_low_daylight,1,0
EXP_U000163_4,U000163,2025-08-29,CH_ACT_003,1,model_reco,dep_low_activity,1,0
EXP_U000163_5,U000163,2025-09-14,CH_ACT_003,1,model_reco,dep_low_activity,0,1
EXP_U000163_6,U000163,2025-10-06,CH_ACT_002,1,model_reco,dep_low_daylight,1,0
EXP_U000164_1,U000164,2025-07-20,CH_REG_002,1,model_reco,anx_high_anxiety,0,1
EXP_U000164_2,U000164,2025-07-23,CH_REG_001,1,model_reco,anx_high_anxiety,1,0
EXP_U000164_3,U000164,2025-08-04,CH_REG_001,1,model_reco,anx_high_anxiety,1,0
EXP_U000164_4,U000164,2025-08-07,CH_ACT_003,1,model_reco,dep_low_activity,0,1
EXP_U000164_5,U000164,2025-08-19,CH_REG_001,1,model_reco,anx_high_anxiety,1,0
EXP_U000164_6,U000164,2025-08-24,CH_SLEEP_001,1,model_reco,ins_high_wake_irregular,0,1
EXP_U000164_7,U000164,2025-08-28,CH_SLEEP_001,1,model_reco,ins_high_wake_irregular,0,0
EXP_U000164_8,U000164,2025-08-31,CH_REG_001,1,model_reco,anx_high_anxiety,1,0
EXP_U000164_9,U000164,2025-09-07,CH_SLEEP_001,1,model_reco,ins_high_wake_irregular,1,0
EXP_U000164_10,U000164,2025-09-21,CH_SLEEP_001,1,model_reco,ins_high_wake_irregular,0,0
EXP_U000164_11,U000164,2025-09-25,CH_REG_001,1,model_reco,anx_high_anxiety,1,0
EXP_U000164_12,U000164,2025-09-30,CH_REG_001,1,model_reco,anx_high_anxiety,1,0
EXP_U000165_1,U000165,2025-07-07,CH_WELL_001,1,model_reco,supportive_wellbeing,1,0
EXP_U000166_1,U000166,2025-08-14,CH_SLEEP_001,1,model_reco,ins_high_wake_irregular,1,0
EXP_U000166_2,U000166,2025-10-04,CH_SLEEP_001,1,model_reco,ins_high_wake_irregular,0,1
EXP_U000166_3,U000166,2025-10-30,CH_SLEEP_001,1,model_reco,ins_high_wake_irregular,0,1
EXP_U000167_1,U000167,2025-06-06,CH_ACT_002,1,model_reco,dep_low_daylight,1,0
EXP_U000167_2,U000167,2025-06-08,CH_SOC_001,1,model_reco,low_social_contact,1,0
EXP_U000167_3,U000167,2025-06-12,CH_ACT_003,1,model_reco,dep_low_activity,0,0
EXP_U000167_4,U000167,2025-06-19,CH_ACT_003,1,model_reco,dep_low_activity,0,1
EXP_U000167_5,U000167,2025-06-20,CH_ACT_002,1,model_reco,dep_low_daylight,0,1
EXP_U000167_6,U000167,2025-06-23,CH_ACT_002,1,model_reco,dep_low_daylight,0,1
EXP_U000167_7,U000167,2025-06-26,CH_ACT_003,1,model_reco,dep_low_activity,0,1
EXP_U000167_8,U000167,2025-06-27,CH_ACT_002,1,model_reco,dep_low_daylight,0,0
EXP_U000167_9,U000167,2025-07-02,CH_ACT_002,1,model_reco,dep_low_daylight,0,0
EXP_U000167_10,U000167,2025-07-03,CH_ACT_003,1,model_reco,dep_low_activity,1,0
EXP_U000167_11,U000167,2025-07-08,CH_ACT_002,1,model_reco,dep_low_daylight,1,0
EXP_U000167_12,U000167,2025-07-12,CH_ACT_002,1,model_reco,dep_low_daylight,0,1
EXP_U000167_13,U000167,2025-07-15,CH_ACT_003,1,model_reco,dep_low_activity,0,0
EXP_U000167_14,U000167,2025-07-21,CH_ACT_003,1,model_reco,dep_low_activity,0,1
EXP_U000167_15,U000167,2025-07-22,CH_ACT_002,1,model_reco,dep_low_daylight,0,1
EXP_U000167_16,U000167,2025-07-26,CH_ACT_002,1,model_reco,dep_low_daylight,0,1
EXP_U000167_17,U000167,2025-08-02,CH_ACT_003,1,model_reco,dep_low_activity,0,1
EXP_U000167_18,U000167,2025-08-07,CH_ACT_003,1,model_reco,dep_low_activity,0,1
EXP_U000167_19,U000167,2025-08-08,CH_ACT_002,1,model_reco,dep_low_daylight,0,0
EXP_U000167_20,U000167,2025-08-15,CH_ACT_003,1,model_reco,dep_low_activity,0,1
EXP_U000167_21,U000167,2025-08-17,CH_ACT_003,1,model_reco,dep_low_activity,0,0
EXP_U000167_22,U000167,2025-08-20,CH_ACT_002,1,model_reco,dep_low_daylight,1,0
EXP_U000167_23,U000167,2025-08-25,CH_ACT_002,1,model_reco,dep_low_daylight,0,0
EXP_U000168_1,U000168,2025-07-04,CH_ACT_001,1,model_reco,dep_low_energy,0,1
EXP_U000168_2,U000168,2025-07-20,CH_ACT_001,1,model_reco,dep_low_energy,1,0
EXP_U000168_3,U000168,2025-08-10,CH_ACT_002,1,model_reco,dep_low_daylight,0,1
EXP_U000168_4,U000168,2025-08-30,CH_ACT_001,1,model_reco,dep_low_energy,0,1
EXP_U000169_1,U000169,2025-06-25,CH_SLEEP_001,1,model_reco,ins_high_wake_irregular,1,0
EXP_U000169_2,U000169,2025-06-26,CH_ACT_001,1,model_reco,dep_low_energy,1,0
EXP_U000169_3,U000169,2025-06-27,CH_SLEEP_001,1,model_reco,ins_high_wake_irregular,0,1
EXP_U000169_4,U000169,2025-07-05,CH_SLEEP_001,1,model_reco,ins_high_wake_irregular,1,0
EXP_U000169_5,U000169,2025-07-18,CH_SLEEP_001,1,model_reco,ins_high_wake_irregular,1,0
EXP_U000169_6,U000169,2025-07-19,CH_ACT_003,1,model_reco,dep_low_activity,0,0
EXP_U000169_7,U000169,2025-07-24,CH_ACT_003,1,model_reco,dep_low_activity,0,0
EXP_U000169_8,U000169,2025-07-29,CH_SLEEP_001,1,model_reco,ins_high_wake_irregular,1,0
EXP_U000169_9,U000169,2025-08-07,CH_SLEEP_001,1,model_reco,ins_high_wake_irregular,0,1
EXP_U000169_10,U000169,2025-08-09,CH_SLEEP_001,1,model_reco,ins_high_wake_irregular,0,0
EXP_U000169_11,U000169,2025-08-11,CH_SLEEP_001,1,model_reco,ins_high_wake_irregular,0,1
EXP_U000169_12,U000169,2025-08-13,CH_SLEEP_001,1,model_reco,ins_high_wake_irregular,0,0
EXP_U000169_13,U000169,2025-08-17,CH_SLEEP_001,1,model_reco,ins_high_wake_irregular,0,1
EXP_U000169_14,U000169,2025-08-18,CH_SLEEP_001,1,model_reco,ins_high_wake_irregular,0,0
EXP_U000169_15,U000169,2025-08-19,CH_SLEEP_001,1,model_reco,ins_high_wake_irregular,0,1
EXP_U000169_16,U000169,2025-08-20,CH_SLEEP_001,1,model_reco,ins_high_wake_irregular,1,0
EXP_U000169_17,U000169,2025-08-21,CH_ACT_003,1,model_reco,dep_low_activity,0,1
EXP_U000169_18,U000169,2025-08-26,CH_ACT_001,1,model_reco,dep_low_energy,0,0
EXP_U000169_19,U000169,2025-08-31,CH_SLEEP_001,1,model_reco,ins_high_wake_irregular,1,0
EXP_U000169_20,U000169,2025-09-03,CH_ACT_003,1,model_reco,dep_low_activity,0,1
EXP_U000169_21,U000169,2025-09-04,CH_ACT_002,1,model_reco,dep_low_daylight,0,0
EXP_U000169_22,U000169,2025-09-14,CH_SLEEP_001,1,model_reco,ins_high_wake_irregular,1,0
EXP_U000170_1,U000170,2025-08-05,CH_SLEEP_001,1,model_reco,ins_high_wake_irregular,1,0
EXP_U000170_2,U000170,2025-08-12,CH_REG_001,1,model_reco,anx_high_anxiety,0,1
EXP_U000171_1,U000171,2025-06-15,CH_SLEEP_001,1,model_reco,ins_high_wake_irregular,0,0
EXP_U000171_2,U000171,2025-06-18,CH_SLEEP_001,1,model_reco,ins_high_wake_irregular,0,1
EXP_U000171_3,U000171,2025-06-19,CH_SLEEP_001,1,model_reco,ins_high_wake_irregular,0,1
EXP_U000171_4,U000171,2025-06-23,CH_SLEEP_001,1,model_reco,ins_high_wake_irregular,1,0
EXP_U000171_5,U000171,2025-06-28,CH_ACT_002,1,model_reco,dep_low_daylight,0,0
EXP_U000171_6,U000171,2025-06-29,CH_ACT_002,1,model_reco,dep_low_daylight,1,0
EXP_U000171_7,U000171,2025-07-01,CH_SLEEP_001,1,model_reco,ins_high_wake_irregular,0,1
EXP_U000171_8,U000171,2025-07-04,CH_SLEEP_001,1,model_reco,ins_high_wake_irregular,0,1
EXP_U000171_9,U000171,2025-07-12,CH_SLEEP_001,1,model_reco,ins_high_wake_irregular,1,0
EXP_U000171_10,U000171,2025-07-19,CH_SLEEP_001,1,model_reco,ins_high_wake_irregular,0,1
EXP_U000171_11,U000171,2025-07-22,CH_SLEEP_001,1,model_reco,ins_high_wake_irregular,0,0
EXP_U000171_12,U000171,2025-07-24,CH_SLEEP_001,1,model_reco,ins_high_wake_irregular,0,1
EXP_U000171_13,U000171,2025-07-26,CH_SLEEP_001,1,model_reco,ins_high_wake_irregular,0,1
EXP_U000171_14,U000171,2025-07-29,CH_SLEEP_001,1,model_reco,ins_high_wake_irregular,0,1
EXP_U000171_15,U000171,2025-07-31,CH_SLEEP_001,1,model_reco,ins_high_wake_irregular,1,0
EXP_U000171_16,U000171,2025-08-01,CH_ACT_002,1,model_reco,dep_low_daylight,0,0
EXP_U000171_17,U000171,2025-08-05,CH_ACT_003,1,model_reco,dep_low_activity,0,1
EXP_U000171_18,U000171,2025-08-06,CH_ACT_003,1,model_reco,dep_low_activity,0,1
EXP_U000171_19,U000171,2025-08-08,CH_SLEEP_001,1,model_reco,ins_high_wake_irregular,0,1
EXP_U000171_20,U000171,2025-08-11,CH_SLEEP_001,1,model_reco,ins_high_wake_irregular,0,1
EXP_U000171_21,U000171,2025-08-14,CH_SLEEP_001,1,model_reco,ins_high_wake_irregular,0,0
EXP_U000171_22,U000171,2025-08-16,CH_SLEEP_001,1,model_reco,ins_high_wake_irregular,0,1
EXP_U000171_23,U000171,2025-08-19,CH_SLEEP_001,1,model_reco,ins_high_wake_irregular,0,1
EXP_U000171_24,U000171,2025-08-29,CH_SLEEP_001,1,model_reco,ins_high_wake_irregular,1,0
EXP_U000171_25,U000171,2025-09-01,CH_ACT_002,1,model_reco,dep_low_daylight,0,1
EXP_U000171_26,U000171,2025-09-04,CH_ACT_003,1,model_reco,dep_low_activity,1,0
EXP_U000171_27,U000171,2025-09-05,CH_SLEEP_001,1,model_reco,ins_high_wake_irregular,0,0
EXP_U000173_1,U000173,2025-08-03,CH_ACT_003,1,model_reco,dep_low_activity,0,0
EXP_U000173_2,U000173,2025-09-09,CH_ACT_003,1,model_reco,dep_low_activity,0,0
EXP_U000173_3,U000173,2025-09-26,CH_ACT_003,1,model_reco,dep_low_activity,0,0
EXP_U000173_4,U000173,2025-10-08,CH_ACT_003,1,model_reco,dep_low_activity,1,0
EXP_U000174_1,U000174,2025-09-14,CH_WELL_001,1,model_reco,supportive_wellbeing,0,1
EXP_U000175_1,U000175,2025-06-19,CH_ACT_003,1,model_reco,dep_low_activity,0,1
EXP_U000175_2,U000175,2025-06-23,CH_ACT_002,1,model_reco,dep_low_daylight,0,1
EXP_U000175_3,U000175,2025-06-30,CH_ACT_003,1,model_reco,dep_low_activity,0,0
EXP_U000175_4,U000175,2025-07-04,CH_SLEEP_001,1,model_reco,ins_high_wake_irregular,1,0
EXP_U000175_5,U000175,2025-07-07,CH_ACT_003,1,model_reco,dep_low_activity,0,1
EXP_U000175_6,U000175,2025-07-11,CH_SLEEP_001,1,model_reco,ins_high_wake_irregular,0,1
EXP_U000175_7,U000175,2025-07-12,CH_SLEEP_001,1,model_reco,ins_high_wake_irregular,0,1
EXP_U000175_8,U000175,2025-07-15,CH_SLEEP_001,1,model_reco,ins_high_wake_irregular,1,0
EXP_U000175_9,U000175,2025-07-16,CH_ACT_003,1,model_reco,dep_low_activity,0,0
EXP_U000175_10,U000175,2025-07-17,CH_ACT_003,1,model_reco,dep_low_activity,0,0
EXP_U000175_11,U000175,2025-07-20,CH_ACT_003,1,model_reco,dep_low_activity,0,1
EXP_U000175_12,U000175,2025-07-23,CH_SLEEP_001,1,model_reco,ins_high_wake_irregular,1,0
EXP_U000175_13,U000175,2025-07-24,CH_ACT_003,1,model_reco,dep_low_activity,0,0
EXP_U000175_14,U000175,2025-07-25,CH_ACT_003,1,model_reco,dep_low_activity,0,0
EXP_U000175_15,U000175,2025-08-02,CH_ACT_002,1,model_reco,dep_low_daylight,1,0
EXP_U000175_16,U000175,2025-08-07,CH_SLEEP_001,1,model_reco,ins_high_wake_irregular,0,1
EXP_U000175_17,U000175,2025-08-10,CH_SLEEP_001,1,model_reco,ins_high_wake_irregular,0,1
EXP_U000175_18,U000175,2025-08-14,CH_SLEEP_001,1,model_reco,ins_high_wake_irregular,0,1
EXP_U000175_19,U000175,2025-08-17,CH_SLEEP_001,1,model_reco,ins_high_wake_irregular,0,1
EXP_U000175_20,U000175,2025-08-20,CH_SLEEP_001,1,model_reco,ins_high_wake_irregular,0,1
EXP_U000175_21,U000175,2025-08-22,CH_SLEEP_001,1,model_reco,ins_high_wake_irregular,0,1
EXP_U000175_22,U000175,2025-08-24,CH_SLEEP_001,1,model_reco,ins_high_wake_irregular,0,1
EXP_U000175_23,U000175,2025-08-30,CH_SLEEP_001,1,model_reco,ins_high_wake_irregular,0,1
EXP_U000175_24,U000175,2025-08-31,CH_SLEEP_001,1,model_reco,ins_high_wake_irregular,1,0
EXP_U000175_25,U000175,2025-09-02,CH_ACT_002,1,model_reco,dep_low_daylight,1,0
EXP_U000175_26,U000175,2025-09-03,CH_ACT_002,1,model_reco,dep_low_daylight,0,1
EXP_U000175_27,U000175,2025-09-04,CH_ACT_002,1,model_reco,dep_low_daylight,0,0
EXP_U000175_28,U000175,2025-09-09,CH_ACT_003,1,model_reco,dep_low_activity,1,0
EXP_U000176_1,U000176,2025-06-16,CH_ACT_003,1,model_reco,dep_low_activity,0,0
EXP_U000176_2,U000176,2025-06-18,CH_ACT_003,1,model_reco,dep_low_activity,0,1
EXP_U000176_3,U000176,2025-06-25,CH_ACT_002,1,model_reco,dep_low_daylight,0,1
EXP_U000176_4,U000176,2025-06-29,CH_ACT_002,1,model_reco,dep_low_daylight,0,0
EXP_U000176_5,U000176,2025-07-05,CH_ACT_003,1,model_reco,dep_low_activity,0,0
EXP_U000176_6,U000176,2025-07-06,CH_SLEEP_001,1,model_reco,ins_high_wake_irregular,0,0
EXP_U000176_7,U000176,2025-07-11,CH_ACT_002,1,model_reco,dep_low_daylight,0,0
EXP_U000176_8,U000176,2025-07-30,CH_ACT_003,1,model_reco,dep_low_activity,0,1
EXP_U000176_9,U000176,2025-08-04,CH_ACT_003,1,model_reco,dep_low_activity,1,0
EXP_U000176_10,U000176,2025-08-05,CH_SOC_001,1,model_reco,low_social_contact,0,1
EXP_U000176_11,U000176,2025-08-08,CH_ACT_002,1,model_reco,dep_low_daylight,1,0
EXP_U000176_12,U000176,2025-08-09,CH_SOC_001,1,model_reco,low_social_contact,0,0
EXP_U000176_13,U000176,2025-08-10,CH_SOC_001,1,model_reco,low_social_contact,0,0
EXP_U000176_14,U000176,2025-08-17,CH_SLEEP_001,1,model_reco,ins_high_wake_irregular,0,1
EXP_U000176_15,U000176,2025-08-19,CH_ACT_002,1,model_reco,dep_low_daylight,0,1
EXP_U000176_16,U000176,2025-08-20,CH_ACT_003,1,model_reco,dep_low_activity,1,0
EXP_U000176_17,U000176,2025-08-29,CH_ACT_002,1,model_reco,dep_low_daylight,0,0
EXP_U000177_1,U000177,2025-07-15,CH_REG_001,1,model_reco,anx_high_anxiety,0,0
EXP_U000177_2,U000177,2025-07-16,CH_REG_001,1,model_reco,anx_high_anxiety,0,0
EXP_U000177_3,U000177,2025-07-17,CH_REG_002,1,model_reco,anx_high_anxiety,0,1
EXP_U000177_4,U000177,2025-07-18,CH_SLEEP_001,1,model_reco,ins_high_wake_irregular,1,0
EXP_U000177_5,U000177,2025-07-20,CH_REG_001,1,model_reco,anx_high_anxiety,0,0
EXP_U000177_6,U000177,2025-07-22,CH_REG_001,1,model_reco,anx_high_anxiety,0,1
EXP_U000177_7,U000177,2025-07-23,CH_REG_001,1,model_reco,anx_high_anxiety,0,0
EXP_U000177_8,U000177,2025-08-05,CH_REG_001,1,model_reco,anx_high_anxiety,0,0
EXP_U000177_9,U000177,2025-08-11,CH_REG_001,1,model_reco,anx_high_anxiety,0,0
EXP_U000177_10,U000177,2025-08-12,CH_REG_001,1,model_reco,anx_high_anxiety,1,0
EXP_U000177_11,U000177,2025-08-13,CH_REG_001,1,model_reco,anx_high_anxiety,0,0
EXP_U000177_12,U000177,2025-08-15,CH_REG_001,1,model_reco,anx_high_anxiety,0,1
EXP_U000177_13,U000177,2025-08-17,CH_REG_001,1,model_reco,anx_high_anxiety,0,0
EXP_U000177_14,U000177,2025-08-25,CH_REG_002,1,model_reco,anx_high_anxiety,0,0
EXP_U000177_15,U000177,2025-08-27,CH_REG_001,1,model_reco,anx_high_anxiety,0,0
EXP_U000177_16,U000177,2025-09-02,CH_REG_001,1,model_reco,anx_high_anxiety,0,0
EXP_U000177_17,U000177,2025-09-11,CH_SLEEP_001,1,model_reco,ins_high_wake_irregular,0,1
EXP_U000177_18,U000177,2025-09-12,CH_SLEEP_001,1,model_reco,ins_high_wake_irregular,0,0
EXP_U000177_19,U000177,2025-09-17,CH_SLEEP_001,1,model_reco,ins_high_wake_irregular,0,0
EXP_U000177_20,U000177,2025-09-20,CH_REG_001,1,model_reco,anx_high_anxiety,1,0
EXP_U000177_21,U000177,2025-09-21,CH_REG_001,1,model_reco,anx_high_anxiety,1,0
EXP_U000177_22,U000177,2025-09-22,CH_REG_001,1,model_reco,anx_high_anxiety,0,1
EXP_U000177_23,U000177,2025-09-23,CH_REG_001,1,model_reco,anx_high_anxiety,1,0
EXP_U000177_24,U000177,2025-09-29,CH_REG_001,1,model_reco,anx_high_anxiety,0,0
EXP_U000177_25,U000177,2025-10-01,CH_REG_001,1,model_reco,anx_high_anxiety,0,0
EXP_U000177_26,U000177,2025-10-05,CH_SLEEP_001,1,model_reco,ins_high_wake_irregular,0,0
EXP_U000177_27,U000177,2025-10-06,CH_SLEEP_001,1,model_reco,ins_high_wake_irregular,0,0
EXP_U000178_1,U000178,2025-07-31,CH_ACT_001,1,model_reco,dep_low_energy,1,0
EXP_U000178_2,U000178,2025-09-09,CH_ACT_001,1,model_reco,dep_low_energy,0,1
EXP_U000178_3,U000178,2025-10-12,CH_ACT_003,1,model_reco,dep_low_activity,0,1
EXP_U000179_1,U000179,2025-06-29,CH_REG_002,1,model_reco,anx_high_anxiety,1,0
EXP_U000179_2,U000179,2025-06-30,CH_ACT_001,1,model_reco,dep_low_energy,1,0
EXP_U000179_3,U000179,2025-07-01,CH_REG_002,1,model_reco,anx_high_anxiety,0,1
EXP_U000179_4,U000179,2025-07-04,CH_REG_002,1,model_reco,anx_high_anxiety,0,0
EXP_U000179_5,U000179,2025-07-11,CH_ACT_001,1,model_reco,dep_low_energy,0,1
EXP_U000179_6,U000179,2025-07-12,CH_REG_001,1,model_reco,anx_high_anxiety,1,0
EXP_U000179_7,U000179,2025-07-14,CH_REG_002,1,model_reco,anx_high_anxiety,1,0
EXP_U000179_8,U000179,2025-07-16,CH_REG_001,1,model_reco,anx_high_anxiety,0,1
EXP_U000179_9,U000179,2025-07-19,CH_REG_001,1,model_reco,anx_high_anxiety,1,0
EXP_U000179_10,U000179,2025-07-22,CH_REG_001,1,model_reco,anx_high_anxiety,1,0
EXP_U000179_11,U000179,2025-07-24,CH_REG_001,1,model_reco,anx_high_anxiety,0,1
EXP_U000179_12,U000179,2025-07-27,CH_ACT_001,1,model_reco,dep_low_energy,0,0
EXP_U000179_13,U000179,2025-08-01,CH_ACT_001,1,model_reco,dep_low_energy,1,0
EXP_U000179_14,U000179,2025-08-09,CH_REG_001,1,model_reco,anx_high_anxiety,0,1
EXP_U000179_15,U000179,2025-08-14,CH_REG_002,1,model_reco,anx_high_anxiety,0,1
EXP_U000179_16,U000179,2025-08-17,CH_REG_002,1,model_reco,anx_high_anxiety,1,0
EXP_U000179_17,U000179,2025-08-27,CH_ACT_001,1,model_reco,dep_low_energy,1,0
EXP_U000179_18,U000179,2025-08-30,CH_REG_002,1,model_reco,anx_high_anxiety,0,0
EXP_U000179_19,U000179,2025-09-01,CH_REG_002,1,model_reco,anx_high_anxiety,1,0
EXP_U000179_20,U000179,2025-09-04,CH_ACT_001,1,model_reco,dep_low_energy,1,0
EXP_U000179_21,U000179,2025-09-06,CH_REG_001,1,model_reco,anx_high_anxiety,0,1
EXP_U000179_22,U000179,2025-09-13,CH_REG_001,1,model_reco,anx_high_anxiety,0,0
EXP_U000179_23,U000179,2025-09-15,CH_REG_001,1,model_reco,anx_high_anxiety,1,0
EXP_U000179_24,U000179,2025-09-18,CH_REG_001,1,model_reco,anx_high_anxiety,0,1
EXP_U000179_25,U000179,2025-09-20,CH_REG_001,1,model_reco,anx_high_anxiety,1,0
EXP_U000180_1,U000180,2025-06-22,CH_REG_002,1,model_reco,anx_high_anxiety,1,0
EXP_U000180_2,U000180,2025-06-29,CH_SLEEP_001,1,model_reco,ins_high_wake_irregular,0,0
EXP_U000180_3,U000180,2025-07-04,CH_REG_001,1,model_reco,anx_high_anxiety,1,0
EXP_U000180_4,U000180,2025-07-13,CH_ACT_001,1,model_reco,dep_low_energy,1,0
EXP_U000180_5,U000180,2025-07-22,CH_REG_002,1,model_reco,anx_high_anxiety,0,0
EXP_U000180_6,U000180,2025-08-25,CH_REG_001,1,model_reco,anx_high_anxiety,1,0
EXP_U000181_1,U000181,2025-06-23,CH_SLEEP_001,1,model_reco,ins_high_wake_irregular,1,0
EXP_U000181_2,U000181,2025-06-25,CH_ACT_003,1,model_reco,dep_low_activity,0,1
EXP_U000181_3,U000181,2025-06-30,CH_ACT_003,1,model_reco,dep_low_activity,1,0
EXP_U000181_4,U000181,2025-07-02,CH_SLEEP_001,1,model_reco,ins_high_wake_irregular,0,0
EXP_U000181_5,U000181,2025-07-15,CH_SLEEP_001,1,model_reco,ins_high_wake_irregular,0,1
EXP_U000181_6,U000181,2025-07-19,CH_SLEEP_001,1,model_reco,ins_high_wake_irregular,1,0
EXP_U000181_7,U000181,2025-07-21,CH_ACT_003,1,model_reco,dep_low_activity,1,0
EXP_U000181_8,U000181,2025-07-23,CH_REG_001,1,model_reco,anx_high_anxiety,0,0
EXP_U000181_9,U000181,2025-07-27,CH_SLEEP_001,1,model_reco,ins_high_wake_irregular,0,1
EXP_U000181_10,U000181,2025-07-31,CH_SLEEP_001,1,model_reco,ins_high_wake_irregular,0,0
EXP_U000181_11,U000181,2025-08-04,CH_SLEEP_001,1,model_reco,ins_high_wake_irregular,0,1
EXP_U000181_12,U000181,2025-08-05,CH_SLEEP_001,1,model_reco,ins_high_wake_irregular,0,1
EXP_U000181_13,U000181,2025-08-14,CH_SLEEP_001,1,model_reco,ins_high_wake_irregular,1,0
EXP_U000181_14,U000181,2025-08-15,CH_ACT_003,1,model_reco,dep_low_activity,0,0
EXP_U000181_15,U000181,2025-08-17,CH_ACT_003,1,model_reco,dep_low_activity,1,0
EXP_U000181_16,U000181,2025-08-18,CH_REG_001,1,model_reco,anx_high_anxiety,0,0
EXP_U000181_17,U000181,2025-08-22,CH_SLEEP_001,1,model_reco,ins_high_wake_irregular,0,1
EXP_U000181_18,U000181,2025-08-23,CH_SLEEP_001,1,model_reco,ins_high_wake_irregular,0,0
EXP_U000181_19,U000181,2025-08-24,CH_ACT_002,1,model_reco,dep_low_daylight,0,1
EXP_U000181_20,U000181,2025-08-25,CH_ACT_003,1,model_reco,dep_low_activity,1,0
EXP_U000181_21,U000181,2025-08-30,CH_SLEEP_001,1,model_reco,ins_high_wake_irregular,0,0
EXP_U000181_22,U000181,2025-09-01,CH_ACT_002,1,model_reco,dep_low_daylight,0,0
EXP_U000181_23,U000181,2025-09-05,CH_SLEEP_001,1,model_reco,ins_high_wake_irregular,0,1
EXP_U000181_24,U000181,2025-09-06,CH_SLEEP_001,1,model_reco,ins_high_wake_irregular,1,0
EXP_U000181_25,U000181,2025-09-09,CH_ACT_002,1,model_reco,dep_low_daylight,1,0
EXP_U000182_1,U000182,2025-08-01,CH_ACT_003,1,model_reco,dep_low_activity,0,0
EXP_U000182_2,U000182,2025-09-12,CH_ACT_002,1,model_reco,dep_low_daylight,1,0
EXP_U000182_3,U000182,2025-09-21,CH_ACT_002,1,model_reco,dep_low_daylight,0,1
EXP_U000183_1,U000183,2025-08-14,CH_SLEEP_001,1,model_reco,ins_high_wake_irregular,1,0
EXP_U000183_2,U000183,2025-08-17,CH_ACT_003,1,model_reco,dep_low_activity,0,1
EXP_U000183_3,U000183,2025-08-22,CH_SLEEP_001,1,model_reco,ins_high_wake_irregular,1,0
EXP_U000183_4,U000183,2025-10-03,CH_SLEEP_001,1,model_reco,ins_high_wake_irregular,0,1
EXP_U000183_5,U000183,2025-10-22,CH_SLEEP_001,1,model_reco,ins_high_wake_irregular,0,0
EXP_U000183_6,U000183,2025-11-02,CH_SLEEP_001,1,model_reco,ins_high_wake_irregular,0,1
EXP_U000185_1,U000185,2025-07-04,CH_ACT_003,1,model_reco,dep_low_activity,0,1
EXP_U000185_2,U000185,2025-08-05,CH_ACT_001,1,model_reco,dep_low_energy,0,1
EXP_U000186_1,U000186,2025-09-07,CH_REG_001,1,model_reco,anx_high_anxiety,0,0
EXP_U000186_2,U000186,2025-10-06,CH_REG_001,1,model_reco,anx_high_anxiety,0,0
EXP_U000186_3,U000186,2025-10-16,CH_REG_002,1,model_reco,anx_high_anxiety,1,0
EXP_U000186_4,U000186,2025-11-18,CH_REG_001,1,model_reco,anx_high_anxiety,1,0
EXP_U000187_1,U000187,2025-08-11,CH_REG_002,1,model_reco,anx_high_anxiety,1,0
EXP_U000187_2,U000187,2025-08-13,CH_REG_002,1,model_reco,anx_high_anxiety,1,0
EXP_U000187_3,U000187,2025-08-16,CH_REG_002,1,model_reco,anx_high_anxiety,0,0
EXP_U000187_4,U000187,2025-08-18,CH_REG_002,1,model_reco,anx_high_anxiety,0,0
EXP_U000187_5,U000187,2025-08-23,CH_REG_001,1,model_reco,anx_high_anxiety,0,1
EXP_U000187_6,U000187,2025-08-26,CH_REG_001,1,model_reco,anx_high_anxiety,1,0
EXP_U000187_7,U000187,2025-08-27,CH_REG_001,1,model_reco,anx_high_anxiety,1,0
EXP_U000187_8,U000187,2025-08-28,CH_REG_002,1,model_reco,anx_high_anxiety,1,0
EXP_U000187_9,U000187,2025-09-02,CH_REG_001,1,model_reco,anx_high_anxiety,1,0
EXP_U000187_10,U000187,2025-09-03,CH_REG_002,1,model_reco,anx_high_anxiety,1,0
EXP_U000187_11,U000187,2025-09-04,CH_REG_002,1,model_reco,anx_high_anxiety,0,0
EXP_U000187_12,U000187,2025-09-09,CH_REG_001,1,model_reco,anx_high_anxiety,1,0
EXP_U000187_13,U000187,2025-09-12,CH_REG_001,1,model_reco,anx_high_anxiety,0,0
EXP_U000187_14,U000187,2025-09-15,CH_REG_001,1,model_reco,anx_high_anxiety,1,0
EXP_U000187_15,U000187,2025-09-17,CH_REG_001,1,model_reco,anx_high_anxiety,0,1
EXP_U000187_16,U000187,2025-09-18,CH_REG_002,1,model_reco,anx_high_anxiety,1,0
EXP_U000187_17,U000187,2025-09-20,CH_REG_001,1,model_reco,anx_high_anxiety,1,0
EXP_U000187_18,U000187,2025-09-21,CH_REG_002,1,model_reco,anx_high_anxiety,1,0
EXP_U000187_19,U000187,2025-09-30,CH_REG_002,1,model_reco,anx_high_anxiety,1,0
EXP_U000187_20,U000187,2025-10-01,CH_REG_002,1,model_reco,anx_high_anxiety,0,1
EXP_U000187_21,U000187,2025-10-02,CH_REG_001,1,model_reco,anx_high_anxiety,0,0
EXP_U000187_22,U000187,2025-10-03,CH_REG_002,1,model_reco,anx_high_anxiety,1,0
EXP_U000187_23,U000187,2025-10-08,CH_REG_002,1,model_reco,anx_high_anxiety,0,0
EXP_U000187_24,U000187,2025-10-14,CH_REG_001,1,model_reco,anx_high_anxiety,0,0
EXP_U000187_25,U000187,2025-10-16,CH_REG_002,1,model_reco,anx_high_anxiety,1,0
EXP_U000187_26,U000187,2025-10-20,CH_REG_001,1,model_reco,anx_high_anxiety,1,0
EXP_U000187_27,U000187,2025-10-21,CH_REG_001,1,model_reco,anx_high_anxiety,0,1
EXP_U000187_28,U000187,2025-10-23,CH_REG_001,1,model_reco,anx_high_anxiety,0,1
EXP_U000188_1,U000188,2025-06-10,CH_ACT_001,1,model_reco,dep_low_energy,0,1
EXP_U000188_2,U000188,2025-06-15,CH_SLEEP_001,1,model_reco,ins_high_wake_irregular,1,0
EXP_U000188_3,U000188,2025-06-18,CH_ACT_001,1,model_reco,dep_low_energy,0,1
EXP_U000188_4,U000188,2025-06-19,CH_ACT_001,1,model_reco,dep_low_energy,0,1
EXP_U000188_5,U000188,2025-07-05,CH_ACT_002,1,model_reco,dep_low_daylight,0,0
EXP_U000188_6,U000188,2025-07-09,CH_SLEEP_001,1,model_reco,ins_high_wake_irregular,0,0
EXP_U000188_7,U000188,2025-07-11,CH_ACT_001,1,model_reco,dep_low_energy,1,0
EXP_U000188_8,U000188,2025-07-13,CH_ACT_001,1,model_reco,dep_low_energy,0,0
EXP_U000188_9,U000188,2025-07-27,CH_ACT_001,1,model_reco,dep_low_energy,0,1
EXP_U000188_10,U000188,2025-08-02,CH_SLEEP_001,1,model_reco,ins_high_wake_irregular,0,0
EXP_U000188_11,U000188,2025-08-13,CH_ACT_002,1,model_reco,dep_low_daylight,0,1
EXP_U000188_12,U000188,2025-08-14,CH_REG_002,1,model_reco,anx_high_anxiety,0,1
EXP_U000188_13,U000188,2025-08-25,CH_REG_001,1,model_reco,anx_high_anxiety,1,0
EXP_U000188_14,U000188,2025-09-01,CH_REG_002,1,model_reco,anx_high_anxiety,0,1
EXP_U000189_1,U000189,2025-08-14,CH_ACT_002,1,model_reco,dep_low_daylight,0,0
EXP_U000189_2,U000189,2025-09-17,CH_SLEEP_001,1,model_reco,ins_high_wake_irregular,1,0
EXP_U000189_3,U000189,2025-09-30,CH_SLEEP_001,1,model_reco,ins_high_wake_irregular,1,0
EXP_U000190_1,U000190,2025-08-29,CH_ACT_001,1,model_reco,dep_low_energy,0,0
EXP_U000190_2,U000190,2025-08-31,CH_REG_001,1,model_reco,anx_high_anxiety,0,1
EXP_U000190_3,U000190,2025-09-06,CH_REG_001,1,model_reco,anx_high_anxiety,0,1
EXP_U000190_4,U000190,2025-09-08,CH_ACT_001,1,model_reco,dep_low_energy,0,0
EXP_U000190_5,U000190,2025-09-20,CH_ACT_002,1,model_reco,dep_low_daylight,0,1
EXP_U000190_6,U000190,2025-09-25,CH_ACT_001,1,model_reco,dep_low_energy,1,0
EXP_U000190_7,U000190,2025-09-26,CH_REG_001,1,model_reco,anx_high_anxiety,0,0
EXP_U000190_8,U000190,2025-09-28,CH_REG_001,1,model_reco,anx_high_anxiety,1,0
EXP_U000190_9,U000190,2025-09-30,CH_ACT_001,1,model_reco,dep_low_energy,1,0
EXP_U000190_10,U000190,2025-10-01,CH_REG_002,1,model_reco,anx_high_anxiety,0,0
EXP_U000190_11,U000190,2025-10-05,CH_REG_002,1,model_reco,anx_high_anxiety,0,0
EXP_U000190_12,U000190,2025-10-11,CH_ACT_003,1,model_reco,dep_low_activity,1,0
EXP_U000190_13,U000190,2025-10-12,CH_REG_002,1,model_reco,anx_high_anxiety,1,0
EXP_U000190_14,U000190,2025-10-18,CH_ACT_002,1,model_reco,dep_low_daylight,1,0
EXP_U000190_15,U000190,2025-10-19,CH_REG_002,1,model_reco,anx_high_anxiety,0,1
EXP_U000190_16,U000190,2025-10-21,CH_ACT_001,1,model_reco,dep_low_energy,1,0
EXP_U000190_17,U000190,2025-10-22,CH_REG_001,1,model_reco,anx_high_anxiety,0,1
EXP_U000190_18,U000190,2025-10-25,CH_REG_001,1,model_reco,anx_high_anxiety,1,0
EXP_U000190_19,U000190,2025-10-27,CH_REG_001,1,model_reco,anx_high_anxiety,0,0
EXP_U000190_20,U000190,2025-11-05,CH_ACT_001,1,model_reco,dep_low_energy,0,0
EXP_U000190_21,U000190,2025-11-06,CH_ACT_001,1,model_reco,dep_low_energy,0,1
EXP_U000190_22,U000190,2025-11-12,CH_REG_002,1,model_reco,anx_high_anxiety,1,0
EXP_U000190_23,U000190,2025-11-13,CH_ACT_001,1,model_reco,dep_low_energy,0,0
EXP_U000190_24,U000190,2025-11-14,CH_ACT_001,1,model_reco,dep_low_energy,0,1
EXP_U000190_25,U000190,2025-11-18,CH_REG_001,1,model_reco,anx_high_anxiety,0,1
EXP_U000190_26,U000190,2025-11-20,CH_REG_001,1,model_reco,anx_high_anxiety,1,0
EXP_U000191_1,U000191,2025-07-07,CH_REG_001,1,model_reco,anx_high_anxiety,0,1
EXP_U000191_2,U000191,2025-07-08,CH_REG_001,1,model_reco,anx_high_anxiety,1,0
EXP_U000191_3,U000191,2025-07-16,CH_REG_001,1,model_reco,anx_high_anxiety,1,0
EXP_U000191_4,U000191,2025-07-20,CH_SLEEP_001,1,model_reco,ins_high_wake_irregular,0,1
EXP_U000191_5,U000191,2025-07-24,CH_REG_001,1,model_reco,anx_high_anxiety,0,1
EXP_U000191_6,U000191,2025-07-25,CH_REG_001,1,model_reco,anx_high_anxiety,1,0
EXP_U000191_7,U000191,2025-07-28,CH_REG_002,1,model_reco,anx_high_anxiety,1,0
EXP_U000191_8,U000191,2025-08-03,CH_SLEEP_001,1,model_reco,ins_high_wake_irregular,0,0
EXP_U000191_9,U000191,2025-08-07,CH_REG_002,1,model_reco,anx_high_anxiety,0,1
EXP_U000191_10,U000191,2025-08-08,CH_REG_001,1,model_reco,anx_high_anxiety,1,0
EXP_U000191_11,U000191,2025-08-09,CH_REG_002,1,model_reco,anx_high_anxiety,0,1
EXP_U000191_12,U000191,2025-08-13,CH_REG_001,1,model_reco,anx_high_anxiety,1,0
EXP_U000191_13,U000191,2025-08-15,CH_REG_001,1,model_reco,anx_high_anxiety,0,1
EXP_U000191_14,U000191,2025-08-16,CH_REG_001,1,model_reco,anx_high_anxiety,1,0
EXP_U000191_15,U000191,2025-08-17,CH_REG_001,1,model_reco,anx_high_anxiety,1,0
EXP_U000191_16,U000191,2025-08-18,CH_REG_001,1,model_reco,anx_high_anxiety,1,0
EXP_U000191_17,U000191,2025-08-22,CH_REG_001,1,model_reco,anx_high_anxiety,1,0
EXP_U000191_18,U000191,2025-08-27,CH_SLEEP_001,1,model_reco,ins_high_wake_irregular,1,0
EXP_U000191_19,U000191,2025-08-29,CH_REG_001,1,model_reco,anx_high_anxiety,0,0
EXP_U000191_20,U000191,2025-08-31,CH_SLEEP_001,1,model_reco,ins_high_wake_irregular,0,1
EXP_U000191_21,U000191,2025-09-03,CH_REG_001,1,model_reco,anx_high_anxiety,1,0
EXP_U000191_22,U000191,2025-09-04,CH_REG_001,1,model_reco,anx_high_anxiety,1,0
EXP_U000191_23,U000191,2025-09-06,CH_REG_001,1,model_reco,anx_high_anxiety,1,0
EXP_U000191_24,U000191,2025-09-13,CH_REG_002,1,model_reco,anx_high_anxiety,0,0
EXP_U000191_25,U000191,2025-09-15,CH_REG_001,1,model_reco,anx_high_anxiety,1,0
EXP_U000191_26,U000191,2025-09-24,CH_REG_002,1,model_reco,anx_high_anxiety,1,0
EXP_U000191_27,U000191,2025-09-25,CH_REG_002,1,model_reco,anx_high_anxiety,1,0
EXP_U000192_1,U000192,2025-06-28,CH_ACT_002,1,model_reco,dep_low_daylight,1,0
EXP_U000192_2,U000192,2025-07-05,CH_ACT_003,1,model_reco,dep_low_activity,0,0
EXP_U000192_3,U000192,2025-07-08,CH_SLEEP_001,1,model_reco,ins_high_wake_irregular,1,0
EXP_U000192_4,U000192,2025-07-09,CH_ACT_002,1,model_reco,dep_low_daylight,0,1
EXP_U000192_5,U000192,2025-07-11,CH_ACT_003,1,model_reco,dep_low_activity,0,0
EXP_U000192_6,U000192,2025-07-13,CH_ACT_002,1,model_reco,dep_low_daylight,0,0
EXP_U000192_7,U000192,2025-07-17,CH_SLEEP_001,1,model_reco,ins_high_wake_irregular,1,0
EXP_U000192_8,U000192,2025-07-21,CH_ACT_002,1,model_reco,dep_low_daylight,0,0
EXP_U000192_9,U000192,2025-07-27,CH_ACT_003,1,model_reco,dep_low_activity,0,1
EXP_U000192_10,U000192,2025-07-28,CH_SLEEP_001,1,model_reco,ins_high_wake_irregular,0,0
EXP_U000192_11,U000192,2025-08-02,CH_ACT_003,1,model_reco,dep_low_activity,1,0
EXP_U000192_12,U000192,2025-08-04,CH_SLEEP_001,1,model_reco,ins_high_wake_irregular,0,1
EXP_U000192_13,U000192,2025-08-05,CH_ACT_003,1,model_reco,dep_low_activity,0,0
EXP_U000192_14,U000192,2025-08-06,CH_ACT_003,1,model_reco,dep_low_activity,1,0
EXP_U000192_15,U000192,2025-08-08,CH_SLEEP_001,1,model_reco,ins_high_wake_irregular,0,0
EXP_U000192_16,U000192,2025-08-19,CH_SLEEP_001,1,model_reco,ins_high_wake_irregular,0,0
EXP_U000192_17,U000192,2025-08-20,CH_SLEEP_001,1,model_reco,ins_high_wake_irregular,0,0
EXP_U000192_18,U000192,2025-08-21,CH_ACT_003,1,model_reco,dep_low_activity,0,0
EXP_U000192_19,U000192,2025-08-25,CH_SLEEP_001,1,model_reco,ins_high_wake_irregular,0,1
EXP_U000192_20,U000192,2025-08-31,CH_SLEEP_001,1,model_reco,ins_high_wake_irregular,0,0
EXP_U000192_21,U000192,2025-09-05,CH_ACT_002,1,model_reco,dep_low_daylight,0,1
EXP_U000192_22,U000192,2025-09-08,CH_ACT_003,1,model_reco,dep_low_activity,0,1
EXP_U000192_23,U000192,2025-09-09,CH_ACT_002,1,model_reco,dep_low_daylight,0,0
EXP_U000193_1,U000193,2025-06-15,CH_ACT_002,1,model_reco,dep_low_daylight,0,0
EXP_U000193_2,U000193,2025-06-17,CH_ACT_003,1,model_reco,dep_low_activity,0,1
EXP_U000193_3,U000193,2025-06-18,CH_ACT_003,1,model_reco,dep_low_activity,0,1
EXP_U000193_4,U000193,2025-06-24,CH_ACT_003,1,model_reco,dep_low_activity,1,0
EXP_U000193_5,U000193,2025-06-29,CH_ACT_001,1,model_reco,dep_low_energy,0,0
EXP_U000193_6,U000193,2025-06-30,CH_ACT_001,1,model_reco,dep_low_energy,0,1
EXP_U000193_7,U000193,2025-07-06,CH_ACT_002,1,model_reco,dep_low_daylight,0,1
EXP_U000193_8,U000193,2025-07-14,CH_ACT_003,1,model_reco,dep_low_activity,0,1
EXP_U000193_9,U000193,2025-07-16,CH_ACT_003,1,model_reco,dep_low_activity,0,0
EXP_U000193_10,U000193,2025-07-17,CH_ACT_001,1,model_reco,dep_low_energy,0,1
EXP_U000193_11,U000193,2025-07-23,CH_ACT_003,1,model_reco,dep_low_activity,0,0
EXP_U000193_12,U000193,2025-07-26,CH_ACT_003,1,model_reco,dep_low_activity,1,0
EXP_U000193_13,U000193,2025-07-27,CH_SOC_001,1,model_reco,low_social_contact,0,1
EXP_U000193_14,U000193,2025-07-28,CH_SOC_001,1,model_reco,low_social_contact,0,1
EXP_U000193_15,U000193,2025-08-10,CH_ACT_003,1,model_reco,dep_low_activity,0,1
EXP_U000193_16,U000193,2025-08-13,CH_ACT_001,1,model_reco,dep_low_energy,0,1
EXP_U000193_17,U000193,2025-08-14,CH_ACT_003,1,model_reco,dep_low_activity,1,0
EXP_U000193_18,U000193,2025-08-22,CH_ACT_002,1,model_reco,dep_low_daylight,1,0
EXP_U000193_19,U000193,2025-08-24,CH_SOC_001,1,model_reco,low_social_contact,1,0
EXP_U000193_20,U000193,2025-08-25,CH_ACT_003,1,model_reco,dep_low_activity,0,0
EXP_U000193_21,U000193,2025-08-28,CH_ACT_001,1,model_reco,dep_low_energy,1,0
EXP_U000194_1,U000194,2025-09-17,CH_SLEEP_001,1,model_reco,ins_high_wake_irregular,1,0
EXP_U000195_1,U000195,2025-06-10,CH_ACT_001,1,model_reco,dep_low_energy,0,1
EXP_U000195_2,U000195,2025-06-29,CH_SLEEP_001,1,model_reco,ins_high_wake_irregular,1,0
EXP_U000195_3,U000195,2025-07-22,CH_SLEEP_001,1,model_reco,ins_high_wake_irregular,0,1
EXP_U000195_4,U000195,2025-07-24,CH_SLEEP_001,1,model_reco,ins_high_wake_irregular,1,0
EXP_U000195_5,U000195,2025-07-31,CH_WELL_001,1,model_reco,supportive_wellbeing,0,0
EXP_U000195_6,U000195,2025-08-02,CH_ACT_001,1,model_reco,dep_low_energy,0,0
EXP_U000195_7,U000195,2025-08-09,CH_SLEEP_001,1,model_reco,ins_high_wake_irregular,0,1
EXP_U000195_8,U000195,2025-08-11,CH_SLEEP_001,1,model_reco,ins_high_wake_irregular,0,0
EXP_U000195_9,U000195,2025-08-21,CH_SLEEP_001,1,model_reco,ins_high_wake_irregular,0,1
EXP_U000195_10,U000195,2025-08-23,CH_SLEEP_001,1,model_reco,ins_high_wake_irregular,0,1
EXP_U000195_11,U000195,2025-08-24,CH_SLEEP_001,1,model_reco,ins_high_wake_irregular,1,0
EXP_U000196_1,U000196,2025-08-31,CH_ACT_001,1,model_reco,dep_low_energy,0,0
EXP_U000196_2,U000196,2025-09-10,CH_REG_001,1,model_reco,anx_high_anxiety,0,0
EXP_U000196_3,U000196,2025-09-13,CH_REG_001,1,model_reco,anx_high_anxiety,1,0
EXP_U000196_4,U000196,2025-09-21,CH_ACT_002,1,model_reco,dep_low_daylight,0,1
EXP_U000196_5,U000196,2025-10-06,CH_ACT_001,1,model_reco,dep_low_energy,1,0
EXP_U000196_6,U000196,2025-10-09,CH_REG_001,1,model_reco,anx_high_anxiety,1,0
EXP_U000196_7,U000196,2025-10-10,CH_REG_001,1,model_reco,anx_high_anxiety,1,0
EXP_U000196_8,U000196,2025-10-17,CH_ACT_001,1,model_reco,dep_low_energy,0,0
EXP_U000196_9,U000196,2025-10-18,CH_ACT_002,1,model_reco,dep_low_daylight,0,0
EXP_U000196_10,U000196,2025-10-19,CH_ACT_001,1,model_reco,dep_low_energy,0,0
EXP_U000196_11,U000196,2025-10-21,CH_ACT_002,1,model_reco,dep_low_daylight,0,1
EXP_U000196_12,U000196,2025-11-15,CH_ACT_002,1,model_reco,dep_low_daylight,1,0
EXP_U000197_1,U000197,2025-10-06,CH_REG_001,1,model_reco,anx_high_anxiety,0,0
EXP_U000197_2,U000197,2025-11-04,CH_REG_001,1,model_reco,anx_high_anxiety,1,0
EXP_U000198_1,U000198,2025-08-24,CH_ACT_003,1,model_reco,dep_low_activity,1,0
EXP_U000198_2,U000198,2025-08-26,CH_ACT_003,1,model_reco,dep_low_activity,0,0
EXP_U000198_3,U000198,2025-08-31,CH_SLEEP_001,1,model_reco,ins_high_wake_irregular,1,0
EXP_U000198_4,U000198,2025-09-04,CH_ACT_003,1,model_reco,dep_low_activity,1,0
EXP_U000198_5,U000198,2025-10-04,CH_SLEEP_001,1,model_reco,ins_high_wake_irregular,1,0
EXP_U000198_6,U000198,2025-10-07,CH_ACT_003,1,model_reco,dep_low_activity,0,1
EXP_U000198_7,U000198,2025-10-09,CH_SLEEP_001,1,model_reco,ins_high_wake_irregular,0,0
EXP_U000198_8,U000198,2025-10-14,CH_ACT_002,1,model_reco,dep_low_daylight,0,1
EXP_U000198_9,U000198,2025-10-18,CH_ACT_003,1,model_reco,dep_low_activity,0,0
EXP_U000198_10,U000198,2025-10-24,CH_ACT_003,1,model_reco,dep_low_activity,0,1
EXP_U000198_11,U000198,2025-10-29,CH_SLEEP_001,1,model_reco,ins_high_wake_irregular,1,0
EXP_U000198_12,U000198,2025-10-31,CH_ACT_003,1,model_reco,dep_low_activity,0,1
EXP_U000199_1,U000199,2025-06-20,CH_SLEEP_001,1,model_reco,ins_high_wake_irregular,1,0
EXP_U000199_2,U000199,2025-06-24,CH_REG_001,1,model_reco,anx_high_anxiety,1,0
EXP_U000199_3,U000199,2025-06-25,CH_REG_001,1,model_reco,anx_high_anxiety,1,0
EXP_U000199_4,U000199,2025-07-02,CH_SLEEP_001,1,model_reco,ins_high_wake_irregular,0,1
EXP_U000199_5,U000199,2025-07-05,CH_SLEEP_001,1,model_reco,ins_high_wake_irregular,0,1
EXP_U000199_6,U000199,2025-07-14,CH_SLEEP_001,1,model_reco,ins_high_wake_irregular,0,0
EXP_U000199_7,U000199,2025-07-17,CH_SLEEP_001,1,model_reco,ins_high_wake_irregular,0,1
EXP_U000199_8,U000199,2025-07-24,CH_SLEEP_001,1,model_reco,ins_high_wake_irregular,0,0
EXP_U000199_9,U000199,2025-07-27,CH_SLEEP_001,1,model_reco,ins_high_wake_irregular,0,0
EXP_U000199_10,U000199,2025-08-03,CH_SLEEP_001,1,model_reco,ins_high_wake_irregular,0,1
EXP_U000199_11,U000199,2025-08-29,CH_SLEEP_001,1,model_reco,ins_high_wake_irregular,0,0
EXP_U000199_12,U000199,2025-08-30,CH_SLEEP_001,1,model_reco,ins_high_wake_irregular,1,0
EXP_U000200_1,U000200,2025-08-30,CH_REG_001,1,model_reco,anx_high_anxiety,0,1
EXP_U000200_2,U000200,2025-09-02,CH_REG_002,1,model_reco,anx_high_anxiety,1,0
EXP_U000200_3,U000200,2025-09-03,CH_REG_002,1,model_reco,anx_high_anxiety,1,0
EXP_U000200_4,U000200,2025-09-04,CH_REG_001,1,model_reco,anx_high_anxiety,1,0
EXP_U000200_5,U000200,2025-09-06,CH_REG_001,1,model_reco,anx_high_anxiety,1,0
EXP_U000200_6,U000200,2025-09-08,CH_REG_001,1,model_reco,anx_high_anxiety,0,1
EXP_U000200_7,U000200,2025-09-10,CH_REG_001,1,model_reco,anx_high_anxiety,1,0
EXP_U000200_8,U000200,2025-09-11,CH_REG_001,1,model_reco,anx_high_anxiety,1,0
EXP_U000200_9,U000200,2025-09-12,CH_REG_001,1,model_reco,anx_high_anxiety,1,0
EXP_U000200_10,U000200,2025-09-16,CH_REG_002,1,model_reco,anx_high_anxiety,0,0
EXP_U000200_11,U000200,2025-09-20,CH_REG_001,1,model_reco,anx_high_anxiety,0,0
EXP_U000200_12,U000200,2025-09-22,CH_REG_001,1,model_reco,anx_high_anxiety,1,0
EXP_U000200_13,U000200,2025-09-24,CH_REG_001,1,model_reco,anx_high_anxiety,1,0
EXP_U000200_14,U000200,2025-09-25,CH_REG_001,1,model_reco,anx_high_anxiety,0,1
EXP_U000200_15,U000200,2025-09-29,CH_REG_001,1,model_reco,anx_high_anxiety,1,0
EXP_U000200_16,U000200,2025-10-03,CH_REG_001,1,model_reco,anx_high_anxiety,0,0
EXP_U000200_17,U000200,2025-10-07,CH_REG_001,1,model_reco,anx_high_anxiety,0,0
EXP_U000200_18,U000200,2025-10-12,CH_REG_002,1,model_reco,anx_high_anxiety,1,0
EXP_U000200_19,U000200,2025-10-14,CH_REG_001,1,model_reco,anx_high_anxiety,1,0
EXP_U000200_20,U000200,2025-10-17,CH_REG_001,1,model_reco,anx_high_anxiety,1,0
EXP_U000200_21,U000200,2025-10-22,CH_REG_002,1,model_reco,anx_high_anxiety,1,0
EXP_U000200_22,U000200,2025-10-28,CH_REG_002,1,model_reco,anx_high_anxiety,1,0
EXP_U000200_23,U000200,2025-11-06,CH_REG_002,1,model_reco,anx_high_anxiety,1,0
EXP_U000200_24,U000200,2025-11-08,CH_REG_002,1,model_reco,anx_high_anxiety,0,1
EXP_U000200_25,U000200,2025-11-11,CH_REG_002,1,model_reco,anx_high_anxiety,0,1
EXP_U000200_26,U000200,2025-11-12,CH_REG_002,1,model_reco,anx_high_anxiety,0,0
EXP_U000200_27,U000200,2025-11-13,CH_REG_001,1,model_reco,anx_high_anxiety,0,0
EXP_U000200_28,U000200,2025-11-17,CH_REG_001,1,model_reco,anx_high_anxiety,1,0
EXP_U000201_1,U000201,2025-07-30,CH_SLEEP_001,1,model_reco,ins_high_wake_irregular,0,0
EXP_U000201_2,U000201,2025-08-05,CH_SLEEP_001,1,model_reco,ins_high_wake_irregular,0,1
EXP_U000201_3,U000201,2025-08-07,CH_SLEEP_001,1,model_reco,ins_high_wake_irregular,1,0
EXP_U000201_4,U000201,2025-08-10,CH_ACT_002,1,model_reco,dep_low_daylight,1,0
EXP_U000201_5,U000201,2025-08-14,CH_SLEEP_001,1,model_reco,ins_high_wake_irregular,0,1
EXP_U000201_6,U000201,2025-08-15,CH_SLEEP_001,1,model_reco,ins_high_wake_irregular,1,0
EXP_U000201_7,U000201,2025-08-21,CH_ACT_002,1,model_reco,dep_low_daylight,1,0
EXP_U000201_8,U000201,2025-09-02,CH_SLEEP_001,1,model_reco,ins_high_wake_irregular,1,0
EXP_U000201_9,U000201,2025-09-08,CH_ACT_002,1,model_reco,dep_low_daylight,0,0
EXP_U000201_10,U000201,2025-09-26,CH_SLEEP_001,1,model_reco,ins_high_wake_irregular,0,0
EXP_U000201_11,U000201,2025-09-27,CH_SLEEP_001,1,model_reco,ins_high_wake_irregular,0,0
EXP_U000201_12,U000201,2025-10-06,CH_SLEEP_001,1,model_reco,ins_high_wake_irregular,0,1
EXP_U000201_13,U000201,2025-10-11,CH_SLEEP_001,1,model_reco,ins_high_wake_irregular,0,0
EXP_U000201_14,U000201,2025-10-13,CH_SLEEP_001,1,model_reco,ins_high_wake_irregular,0,1
EXP_U000201_15,U000201,2025-10-17,CH_SLEEP_001,1,model_reco,ins_high_wake_irregular,0,1
EXP_U000201_16,U000201,2025-10-18,CH_SLEEP_001,1,model_reco,ins_high_wake_irregular,0,1
EXP_U000202_1,U000202,2025-06-26,CH_WELL_001,1,model_reco,supportive_wellbeing,0,1
EXP_U000202_2,U000202,2025-07-20,CH_WELL_001,1,model_reco,supportive_wellbeing,1,0
EXP_U000203_1,U000203,2025-07-24,CH_SLEEP_001,1,model_reco,ins_high_wake_irregular,0,1
EXP_U000203_2,U000203,2025-08-17,CH_SLEEP_001,1,model_reco,ins_high_wake_irregular,1,0
EXP_U000203_3,U000203,2025-08-27,CH_SLEEP_001,1,model_reco,ins_high_wake_irregular,1,0
EXP_U000203_4,U000203,2025-08-29,CH_ACT_002,1,model_reco,dep_low_daylight,0,1
EXP_U000203_5,U000203,2025-09-03,CH_SLEEP_001,1,model_reco,ins_high_wake_irregular,0,1
EXP_U000203_6,U000203,2025-09-06,CH_SLEEP_001,1,model_reco,ins_high_wake_irregular,0,1
EXP_U000203_7,U000203,2025-09-10,CH_SLEEP_001,1,model_reco,ins_high_wake_irregular,0,1
EXP_U000203_8,U000203,2025-09-13,CH_SLEEP_001,1,model_reco,ins_high_wake_irregular,1,0
EXP_U000203_9,U000203,2025-09-26,CH_SLEEP_001,1,model_reco,ins_high_wake_irregular,1,0
EXP_U000203_10,U000203,2025-09-30,CH_ACT_002,1,model_reco,dep_low_daylight,0,0
EXP_U000203_11,U000203,2025-10-01,CH_ACT_002,1,model_reco,dep_low_daylight,0,0
EXP_U000203_12,U000203,2025-10-04,CH_SLEEP_001,1,model_reco,ins_high_wake_irregular,0,1
EXP_U000203_13,U000203,2025-10-05,CH_SLEEP_001,1,model_reco,ins_high_wake_irregular,1,0
EXP_U000203_14,U000203,2025-10-06,CH_ACT_002,1,model_reco,dep_low_daylight,0,0
EXP_U000204_1,U000204,2025-07-12,CH_ACT_002,1,model_reco,dep_low_daylight,0,1
EXP_U000204_2,U000204,2025-07-13,CH_SLEEP_001,1,model_reco,ins_high_wake_irregular,1,0
EXP_U000204_3,U000204,2025-07-31,CH_REG_001,1,model_reco,anx_high_anxiety,1,0
EXP_U000204_4,U000204,2025-08-04,CH_ACT_003,1,model_reco,dep_low_activity,0,0
EXP_U000204_5,U000204,2025-08-23,CH_REG_001,1,model_reco,anx_high_anxiety,0,1
EXP_U000204_6,U000204,2025-09-15,CH_SOC_001,1,model_reco,low_social_contact,1,0
EXP_U000205_1,U000205,2025-09-25,CH_ACT_001,1,model_reco,dep_low_energy,0,1
EXP_U000206_1,U000206,2025-08-28,CH_SLEEP_001,1,model_reco,ins_high_wake_irregular,0,0
EXP_U000206_2,U000206,2025-09-03,CH_SLEEP_001,1,model_reco,ins_high_wake_irregular,0,1
EXP_U000206_3,U000206,2025-09-04,CH_SLEEP_001,1,model_reco,ins_high_wake_irregular,0,1
EXP_U000206_4,U000206,2025-09-22,CH_SLEEP_001,1,model_reco,ins_high_wake_irregular,0,0
EXP_U000206_5,U000206,2025-10-04,CH_SLEEP_001,1,model_reco,ins_high_wake_irregular,1,0
EXP_U000206_6,U000206,2025-10-05,CH_ACT_002,1,model_reco,dep_low_daylight,0,0
EXP_U000206_7,U000206,2025-10-13,CH_SLEEP_001,1,model_reco,ins_high_wake_irregular,1,0
EXP_U000206_8,U000206,2025-10-14,CH_ACT_003,1,model_reco,dep_low_activity,0,1
EXP_U000206_9,U000206,2025-10-26,CH_SLEEP_001,1,model_reco,ins_high_wake_irregular,0,1
EXP_U000207_1,U000207,2025-08-09,CH_ACT_003,1,model_reco,dep_low_activity,1,0
EXP_U000207_2,U000207,2025-08-14,CH_SOC_001,1,model_reco,low_social_contact,1,0
EXP_U000207_3,U000207,2025-09-15,CH_ACT_003,1,model_reco,dep_low_activity,0,1
EXP_U000207_4,U000207,2025-10-09,CH_ACT_003,1,model_reco,dep_low_activity,1,0
EXP_U000207_5,U000207,2025-10-12,CH_ACT_003,1,model_reco,dep_low_activity,0,1
EXP_U000207_6,U000207,2025-10-20,CH_ACT_003,1,model_reco,dep_low_activity,0,1
EXP_U000208_1,U000208,2025-07-05,CH_REG_002,1,model_reco,anx_high_anxiety,1,0
EXP_U000208_2,U000208,2025-07-07,CH_REG_002,1,model_reco,anx_high_anxiety,1,0
EXP_U000208_3,U000208,2025-07-10,CH_REG_002,1,model_reco,anx_high_anxiety,1,0
EXP_U000208_4,U000208,2025-07-11,CH_REG_001,1,model_reco,anx_high_anxiety,1,0
EXP_U000208_5,U000208,2025-07-16,CH_REG_001,1,model_reco,anx_high_anxiety,1,0
EXP_U000208_6,U000208,2025-07-21,CH_REG_001,1,model_reco,anx_high_anxiety,0,0
EXP_U000208_7,U000208,2025-07-25,CH_REG_001,1,model_reco,anx_high_anxiety,1,0
EXP_U000208_8,U000208,2025-07-27,CH_REG_001,1,model_reco,anx_high_anxiety,1,0
EXP_U000208_9,U000208,2025-07-29,CH_REG_002,1,model_reco,anx_high_anxiety,1,0
EXP_U000208_10,U000208,2025-07-30,CH_REG_002,1,model_reco,anx_high_anxiety,1,0
EXP_U000208_11,U000208,2025-07-31,CH_REG_002,1,model_reco,anx_high_anxiety,1,0
EXP_U000208_12,U000208,2025-08-02,CH_REG_002,1,model_reco,anx_high_anxiety,1,0
EXP_U000208_13,U000208,2025-08-14,CH_REG_001,1,model_reco,anx_high_anxiety,1,0
EXP_U000208_14,U000208,2025-08-22,CH_REG_001,1,model_reco,anx_high_anxiety,1,0
EXP_U000208_15,U000208,2025-08-24,CH_REG_001,1,model_reco,anx_high_anxiety,0,0
EXP_U000208_16,U000208,2025-08-28,CH_REG_001,1,model_reco,anx_high_anxiety,1,0
EXP_U000208_17,U000208,2025-08-31,CH_REG_001,1,model_reco,anx_high_anxiety,1,0
EXP_U000208_18,U000208,2025-09-01,CH_REG_002,1,model_reco,anx_high_anxiety,1,0
EXP_U000208_19,U000208,2025-09-02,CH_REG_002,1,model_reco,anx_high_anxiety,1,0
EXP_U000208_20,U000208,2025-09-04,CH_REG_001,1,model_reco,anx_high_anxiety,0,0
EXP_U000208_21,U000208,2025-09-09,CH_REG_001,1,model_reco,anx_high_anxiety,1,0
EXP_U000208_22,U000208,2025-09-10,CH_REG_001,1,model_reco,anx_high_anxiety,1,0
EXP_U000208_23,U000208,2025-09-11,CH_REG_001,1,model_reco,anx_high_anxiety,1,0
EXP_U000208_24,U000208,2025-09-18,CH_REG_002,1,model_reco,anx_high_anxiety,1,0
EXP_U000208_25,U000208,2025-09-21,CH_REG_001,1,model_reco,anx_high_anxiety,1,0
EXP_U000209_1,U000209,2025-07-07,CH_SLEEP_001,1,model_reco,ins_high_wake_irregular,0,0
EXP_U000209_2,U000209,2025-07-16,CH_SLEEP_001,1,model_reco,ins_high_wake_irregular,0,0
EXP_U000209_3,U000209,2025-07-17,CH_SLEEP_001,1,model_reco,ins_high_wake_irregular,1,0
EXP_U000209_4,U000209,2025-07-24,CH_SLEEP_001,1,model_reco,ins_high_wake_irregular,0,1
EXP_U000209_5,U000209,2025-07-25,CH_SLEEP_001,1,model_reco,ins_high_wake_irregular,0,1
EXP_U000209_6,U000209,2025-08-02,CH_SLEEP_001,1,model_reco,ins_high_wake_irregular,0,0
EXP_U000209_7,U000209,2025-08-06,CH_SLEEP_001,1,model_reco,ins_high_wake_irregular,0,0
EXP_U000209_8,U000209,2025-08-08,CH_SLEEP_001,1,model_reco,ins_high_wake_irregular,1,0
EXP_U000209_9,U000209,2025-08-15,CH_SLEEP_001,1,model_reco,ins_high_wake_irregular,1,0
EXP_U000209_10,U000209,2025-08-18,CH_WELL_001,1,model_reco,supportive_wellbeing,0,0
EXP_U000209_11,U000209,2025-08-25,CH_SLEEP_001,1,model_reco,ins_high_wake_irregular,1,0
EXP_U000209_12,U000209,2025-09-01,CH_SLEEP_001,1,model_reco,ins_high_wake_irregular,0,0
EXP_U000209_13,U000209,2025-09-04,CH_SLEEP_001,1,model_reco,ins_high_wake_irregular,1,0
EXP_U000209_14,U000209,2025-09-11,CH_SLEEP_001,1,model_reco,ins_high_wake_irregular,0,1
EXP_U000209_15,U000209,2025-09-13,CH_SLEEP_001,1,model_reco,ins_high_wake_irregular,0,1
EXP_U000209_16,U000209,2025-09-14,CH_SLEEP_001,1,model_reco,ins_high_wake_irregular,0,0
EXP_U000209_17,U000209,2025-09-18,CH_SLEEP_001,1,model_reco,ins_high_wake_irregular,1,0
EXP_U000209_18,U000209,2025-09-27,CH_SLEEP_001,1,model_reco,ins_high_wake_irregular,0,1
EXP_U000210_1,U000210,2025-06-27,CH_SLEEP_001,1,model_reco,ins_high_wake_irregular,1,0
EXP_U000210_2,U000210,2025-07-03,CH_ACT_003,1,model_reco,dep_low_activity,0,0
EXP_U000210_3,U000210,2025-07-12,CH_SLEEP_001,1,model_reco,ins_high_wake_irregular,1,0
EXP_U000210_4,U000210,2025-07-13,CH_ACT_002,1,model_reco,dep_low_daylight,0,1
EXP_U000210_5,U000210,2025-07-15,CH_ACT_003,1,model_reco,dep_low_activity,0,0
EXP_U000210_6,U000210,2025-08-18,CH_SLEEP_001,1,model_reco,ins_high_wake_irregular,1,0
EXP_U000210_7,U000210,2025-08-24,CH_ACT_002,1,model_reco,dep_low_daylight,0,1
EXP_U000212_1,U000212,2025-07-10,CH_REG_001,1,model_reco,anx_high_anxiety,1,0
EXP_U000212_2,U000212,2025-07-13,CH_REG_001,1,model_reco,anx_high_anxiety,1,0
EXP_U000212_3,U000212,2025-07-14,CH_REG_001,1,model_reco,anx_high_anxiety,1,0
EXP_U000212_4,U000212,2025-07-15,CH_REG_001,1,model_reco,anx_high_anxiety,0,1
EXP_U000212_5,U000212,2025-07-23,CH_REG_001,1,model_reco,anx_high_anxiety,0,0
EXP_U000212_6,U000212,2025-07-25,CH_REG_002,1,model_reco,anx_high_anxiety,0,0
EXP_U000212_7,U000212,2025-07-26,CH_REG_001,1,model_reco,anx_high_anxiety,0,0
EXP_U000212_8,U000212,2025-08-01,CH_REG_002,1,model_reco,anx_high_anxiety,1,0
EXP_U000212_9,U000212,2025-08-04,CH_REG_002,1,model_reco,anx_high_anxiety,0,0
EXP_U000212_10,U000212,2025-08-07,CH_REG_002,1,model_reco,anx_high_anxiety,0,0
EXP_U000212_11,U000212,2025-08-10,CH_REG_001,1,model_reco,anx_high_anxiety,0,0
EXP_U000212_12,U000212,2025-08-19,CH_REG_001,1,model_reco,anx_high_anxiety,0,0
EXP_U000212_13,U000212,2025-08-22,CH_REG_001,1,model_reco,anx_high_anxiety,0,1
EXP_U000212_14,U000212,2025-08-30,CH_REG_001,1,model_reco,anx_high_anxiety,0,1
EXP_U000212_15,U000212,2025-09-01,CH_REG_001,1,model_reco,anx_high_anxiety,0,1
EXP_U000212_16,U000212,2025-09-05,CH_REG_001,1,model_reco,anx_high_anxiety,1,0
EXP_U000212_17,U000212,2025-09-06,CH_REG_001,1,model_reco,anx_high_anxiety,1,0
EXP_U000212_18,U000212,2025-09-13,CH_REG_002,1,model_reco,anx_high_anxiety,0,0
EXP_U000212_19,U000212,2025-09-16,CH_REG_002,1,model_reco,anx_high_anxiety,1,0
EXP_U000212_20,U000212,2025-09-18,CH_REG_001,1,model_reco,anx_high_anxiety,0,1
EXP_U000212_21,U000212,2025-09-19,CH_REG_001,1,model_reco,anx_high_anxiety,0,0
EXP_U000212_22,U000212,2025-09-22,CH_REG_001,1,model_reco,anx_high_anxiety,0,0
EXP_U000212_23,U000212,2025-09-27,CH_REG_001,1,model_reco,anx_high_anxiety,0,1
EXP_U000212_24,U000212,2025-09-28,CH_REG_001,1,model_reco,anx_high_anxiety,0,0
EXP_U000213_1,U000213,2025-06-12,CH_SOC_001,1,model_reco,low_social_contact,1,0
EXP_U000213_2,U000213,2025-06-21,CH_ACT_002,1,model_reco,dep_low_daylight,0,1
EXP_U000213_3,U000213,2025-06-30,CH_SLEEP_001,1,model_reco,ins_high_wake_irregular,0,0
EXP_U000213_4,U000213,2025-07-01,CH_SLEEP_001,1,model_reco,ins_high_wake_irregular,1,0
EXP_U000213_5,U000213,2025-07-02,CH_ACT_002,1,model_reco,dep_low_daylight,0,1
EXP_U000213_6,U000213,2025-07-03,CH_ACT_002,1,model_reco,dep_low_daylight,0,1
EXP_U000213_7,U000213,2025-07-06,CH_ACT_002,1,model_reco,dep_low_daylight,0,1
EXP_U000213_8,U000213,2025-07-21,CH_ACT_002,1,model_reco,dep_low_daylight,0,0
EXP_U000213_9,U000213,2025-07-27,CH_SLEEP_001,1,model_reco,ins_high_wake_irregular,0,1
EXP_U000213_10,U000213,2025-07-28,CH_SLEEP_001,1,model_reco,ins_high_wake_irregular,0,1
EXP_U000213_11,U000213,2025-07-29,CH_SLEEP_001,1,model_reco,ins_high_wake_irregular,1,0
EXP_U000213_12,U000213,2025-07-30,CH_ACT_002,1,model_reco,dep_low_daylight,0,0
EXP_U000213_13,U000213,2025-08-01,CH_REG_001,1,model_reco,anx_high_anxiety,0,1
EXP_U000213_14,U000213,2025-08-04,CH_ACT_003,1,model_reco,dep_low_activity,0,0
EXP_U000213_15,U000213,2025-08-06,CH_ACT_003,1,model_reco,dep_low_activity,0,0
EXP_U000213_16,U000213,2025-08-11,CH_ACT_002,1,model_reco,dep_low_daylight,0,0
EXP_U000213_17,U000213,2025-08-12,CH_SLEEP_001,1,model_reco,ins_high_wake_irregular,1,0
EXP_U000213_18,U000213,2025-08-30,CH_REG_002,1,model_reco,anx_high_anxiety,1,0
EXP_U000213_19,U000213,2025-08-31,CH_SLEEP_001,1,model_reco,ins_high_wake_irregular,0,0
EXP_U000213_20,U000213,2025-09-01,CH_SLEEP_001,1,model_reco,ins_high_wake_irregular,0,0
EXP_U000214_1,U000214,2025-07-30,CH_SLEEP_001,1,model_reco,ins_high_wake_irregular,1,0
EXP_U000214_2,U000214,2025-08-05,CH_ACT_003,1,model_reco,dep_low_activity,0,0
EXP_U000214_3,U000214,2025-08-23,CH_SLEEP_001,1,model_reco,ins_high_wake_irregular,0,1
EXP_U000214_4,U000214,2025-09-07,CH_SLEEP_001,1,model_reco,ins_high_wake_irregular,1,0
EXP_U000214_5,U000214,2025-09-10,CH_ACT_002,1,model_reco,dep_low_daylight,1,0
EXP_U000214_6,U000214,2025-09-18,CH_SLEEP_001,1,model_reco,ins_high_wake_irregular,0,1
EXP_U000214_7,U000214,2025-09-23,CH_SLEEP_001,1,model_reco,ins_high_wake_irregular,0,1
EXP_U000214_8,U000214,2025-09-26,CH_SLEEP_001,1,model_reco,ins_high_wake_irregular,0,0
EXP_U000214_9,U000214,2025-10-03,CH_SLEEP_001,1,model_reco,ins_high_wake_irregular,0,1
EXP_U000214_10,U000214,2025-10-05,CH_SLEEP_001,1,model_reco,ins_high_wake_irregular,0,1
EXP_U000214_11,U000214,2025-10-06,CH_SLEEP_001,1,model_reco,ins_high_wake_irregular,0,1
EXP_U000214_12,U000214,2025-10-09,CH_SLEEP_001,1,model_reco,ins_high_wake_irregular,1,0
EXP_U000215_1,U000215,2025-07-07,CH_SLEEP_001,1,model_reco,ins_high_wake_irregular,0,1
EXP_U000215_2,U000215,2025-07-16,CH_REG_001,1,model_reco,anx_high_anxiety,0,0
EXP_U000215_3,U000215,2025-07-18,CH_REG_001,1,model_reco,anx_high_anxiety,1,0
EXP_U000215_4,U000215,2025-08-22,CH_SLEEP_001,1,model_reco,ins_high_wake_irregular,0,1
EXP_U000215_5,U000215,2025-08-25,CH_SLEEP_001,1,model_reco,ins_high_wake_irregular,0,1
EXP_U000215_6,U000215,2025-09-01,CH_SLEEP_001,1,model_reco,ins_high_wake_irregular,1,0
EXP_U000215_7,U000215,2025-09-18,CH_SLEEP_001,1,model_reco,ins_high_wake_irregular,0,1
EXP_U000215_8,U000215,2025-09-20,CH_SLEEP_001,1,model_reco,ins_high_wake_irregular,0,1
EXP_U000216_1,U000216,2025-08-16,CH_SLEEP_001,1,model_reco,ins_high_wake_irregular,0,1
EXP_U000216_2,U000216,2025-08-18,CH_SLEEP_001,1,model_reco,ins_high_wake_irregular,0,1
EXP_U000216_3,U000216,2025-09-27,CH_ACT_003,1,model_reco,dep_low_activity,1,0
EXP_U000216_4,U000216,2025-10-05,CH_SLEEP_001,1,model_reco,ins_high_wake_irregular,0,1
EXP_U000217_1,U000217,2025-06-10,CH_ACT_002,1,model_reco,dep_low_daylight,1,0
EXP_U000217_2,U000217,2025-06-12,CH_SOC_001,1,model_reco,low_social_contact,1,0
EXP_U000217_3,U000217,2025-06-27,CH_ACT_003,1,model_reco,dep_low_activity,0,1
EXP_U000217_4,U000217,2025-06-30,CH_ACT_001,1,model_reco,dep_low_energy,0,1
EXP_U000217_5,U000217,2025-07-08,CH_ACT_001,1,model_reco,dep_low_energy,0,1
EXP_U000217_6,U000217,2025-07-23,CH_ACT_003,1,model_reco,dep_low_activity,1,0
EXP_U000217_7,U000217,2025-08-03,CH_ACT_002,1,model_reco,dep_low_daylight,0,0
EXP_U000217_8,U000217,2025-08-10,CH_ACT_001,1,model_reco,dep_low_energy,1,0
EXP_U000218_1,U000218,2025-08-18,CH_REG_001,1,model_reco,anx_high_anxiety,1,0
EXP_U000218_2,U000218,2025-08-24,CH_REG_002,1,model_reco,anx_high_anxiety,0,1
EXP_U000218_3,U000218,2025-09-03,CH_REG_002,1,model_reco,anx_high_anxiety,0,1
EXP_U000218_4,U000218,2025-09-24,CH_REG_002,1,model_reco,anx_high_anxiety,1,0
EXP_U000219_1,U000219,2025-07-09,CH_ACT_003,1,model_reco,dep_low_activity,0,1
EXP_U000219_2,U000219,2025-07-30,CH_ACT_003,1,model_reco,dep_low_activity,0,0
EXP_U000219_3,U000219,2025-07-31,CH_ACT_002,1,model_reco,dep_low_daylight,0,1
EXP_U000219_4,U000219,2025-08-01,CH_ACT_003,1,model_reco,dep_low_activity,0,0
EXP_U000219_5,U000219,2025-08-10,CH_ACT_002,1,model_reco,dep_low_daylight,1,0
EXP_U000219_6,U000219,2025-08-12,CH_SOC_001,1,model_reco,low_social_contact,1,0
EXP_U000219_7,U000219,2025-08-18,CH_ACT_003,1,model_reco,dep_low_activity,0,1
EXP_U000219_8,U000219,2025-08-21,CH_ACT_002,1,model_reco,dep_low_daylight,1,0
EXP_U000219_9,U000219,2025-08-29,CH_ACT_002,1,model_reco,dep_low_daylight,1,0
EXP_U000219_10,U000219,2025-09-01,CH_ACT_002,1,model_reco,dep_low_daylight,0,0
EXP_U000219_11,U000219,2025-09-05,CH_ACT_003,1,model_reco,dep_low_activity,0,0
EXP_U000219_12,U000219,2025-09-08,CH_ACT_003,1,model_reco,dep_low_activity,1,0
EXP_U000219_13,U000219,2025-09-21,CH_ACT_002,1,model_reco,dep_low_daylight,0,1
EXP_U000220_1,U000220,2025-08-28,CH_REG_001,1,model_reco,anx_high_anxiety,0,1
EXP_U000220_2,U000220,2025-08-29,CH_REG_002,1,model_reco,anx_high_anxiety,1,0
EXP_U000220_3,U000220,2025-09-03,CH_REG_001,1,model_reco,anx_high_anxiety,1,0
EXP_U000220_4,U000220,2025-09-04,CH_REG_001,1,model_reco,anx_high_anxiety,1,0
EXP_U000220_5,U000220,2025-09-11,CH_REG_001,1,model_reco,anx_high_anxiety,0,0
EXP_U000220_6,U000220,2025-09-12,CH_REG_001,1,model_reco,anx_high_anxiety,0,0
EXP_U000220_7,U000220,2025-09-18,CH_REG_001,1,model_reco,anx_high_anxiety,0,0
EXP_U000220_8,U000220,2025-09-19,CH_REG_001,1,model_reco,anx_high_anxiety,1,0
EXP_U000220_9,U000220,2025-09-24,CH_REG_001,1,model_reco,anx_high_anxiety,0,1
EXP_U000220_10,U000220,2025-09-26,CH_REG_001,1,model_reco,anx_high_anxiety,1,0
EXP_U000220_11,U000220,2025-10-02,CH_REG_001,1,model_reco,anx_high_anxiety,0,0
EXP_U000220_12,U000220,2025-10-03,CH_REG_001,1,model_reco,anx_high_anxiety,0,1
EXP_U000220_13,U000220,2025-10-04,CH_REG_001,1,model_reco,anx_high_anxiety,0,1
EXP_U000220_14,U000220,2025-10-05,CH_REG_002,1,model_reco,anx_high_anxiety,0,0
EXP_U000220_15,U000220,2025-10-10,CH_REG_002,1,model_reco,anx_high_anxiety,0,0
EXP_U000220_16,U000220,2025-10-23,CH_REG_001,1,model_reco,anx_high_anxiety,1,0
EXP_U000220_17,U000220,2025-11-05,CH_REG_002,1,model_reco,anx_high_anxiety,0,0
EXP_U000220_18,U000220,2025-11-07,CH_REG_001,1,model_reco,anx_high_anxiety,0,1
EXP_U000220_19,U000220,2025-11-14,CH_REG_001,1,model_reco,anx_high_anxiety,1,0
EXP_U000221_1,U000221,2025-06-18,CH_WELL_001,1,model_reco,supportive_wellbeing,1,0
EXP_U000221_2,U000221,2025-06-30,CH_WELL_001,1,model_reco,supportive_wellbeing,0,1
EXP_U000221_3,U000221,2025-07-13,CH_WELL_001,1,model_reco,supportive_wellbeing,0,1
EXP_U000222_1,U000222,2025-08-19,CH_REG_002,1,model_reco,anx_high_anxiety,1,0
EXP_U000222_2,U000222,2025-08-30,CH_REG_002,1,model_reco,anx_high_anxiety,0,1
EXP_U000222_3,U000222,2025-08-31,CH_REG_002,1,model_reco,anx_high_anxiety,1,0
EXP_U000222_4,U000222,2025-09-05,CH_REG_001,1,model_reco,anx_high_anxiety,0,0
EXP_U000222_5,U000222,2025-09-15,CH_REG_002,1,model_reco,anx_high_anxiety,0,1
EXP_U000222_6,U000222,2025-10-04,CH_REG_002,1,model_reco,anx_high_anxiety,0,1
EXP_U000222_7,U000222,2025-10-13,CH_REG_001,1,model_reco,anx_high_anxiety,1,0
EXP_U000222_8,U000222,2025-10-14,CH_REG_001,1,model_reco,anx_high_anxiety,1,0
EXP_U000222_9,U000222,2025-10-17,CH_REG_001,1,model_reco,anx_high_anxiety,0,0
EXP_U000222_10,U000222,2025-10-27,CH_REG_001,1,model_reco,anx_high_anxiety,0,0
EXP_U000222_11,U000222,2025-11-03,CH_REG_001,1,model_reco,anx_high_anxiety,1,0
EXP_U000223_1,U000223,2025-08-05,CH_ACT_002,1,model_reco,dep_low_daylight,0,1
EXP_U000223_2,U000223,2025-08-18,CH_ACT_003,1,model_reco,dep_low_activity,0,1
EXP_U000223_3,U000223,2025-08-20,CH_ACT_003,1,model_reco,dep_low_activity,0,1
EXP_U000223_4,U000223,2025-08-28,CH_ACT_002,1,model_reco,dep_low_daylight,0,1
EXP_U000223_5,U000223,2025-09-01,CH_ACT_003,1,model_reco,dep_low_activity,0,1
EXP_U000223_6,U000223,2025-09-03,CH_ACT_002,1,model_reco,dep_low_daylight,0,1
EXP_U000223_7,U000223,2025-09-10,CH_ACT_002,1,model_reco,dep_low_daylight,0,1
EXP_U000223_8,U000223,2025-09-13,CH_ACT_003,1,model_reco,dep_low_activity,0,0
EXP_U000223_9,U000223,2025-09-14,CH_ACT_002,1,model_reco,dep_low_daylight,1,0
EXP_U000223_10,U000223,2025-09-17,CH_ACT_002,1,model_reco,dep_low_daylight,0,0
EXP_U000223_11,U000223,2025-09-19,CH_ACT_003,1,model_reco,dep_low_activity,0,0
EXP_U000223_12,U000223,2025-09-20,CH_ACT_003,1,model_reco,dep_low_activity,0,1
EXP_U000223_13,U000223,2025-09-21,CH_ACT_003,1,model_reco,dep_low_activity,1,0
EXP_U000223_14,U000223,2025-09-28,CH_ACT_003,1,model_reco,dep_low_activity,0,0
EXP_U000223_15,U000223,2025-09-29,CH_ACT_003,1,model_reco,dep_low_activity,1,0
EXP_U000223_16,U000223,2025-10-01,CH_REG_002,1,model_reco,anx_high_anxiety,0,1
EXP_U000223_17,U000223,2025-10-03,CH_ACT_003,1,model_reco,dep_low_activity,1,0
EXP_U000223_18,U000223,2025-10-10,CH_ACT_002,1,model_reco,dep_low_daylight,0,1
EXP_U000223_19,U000223,2025-10-25,CH_ACT_003,1,model_reco,dep_low_activity,1,0
EXP_U000225_1,U000225,2025-08-03,CH_ACT_002,1,model_reco,dep_low_daylight,0,1
EXP_U000225_2,U000225,2025-08-04,CH_ACT_002,1,model_reco,dep_low_daylight,0,0
EXP_U000225_3,U000225,2025-08-07,CH_ACT_003,1,model_reco,dep_low_activity,0,1
EXP_U000225_4,U000225,2025-08-08,CH_ACT_002,1,model_reco,dep_low_daylight,1,0
EXP_U000225_5,U000225,2025-08-09,CH_SLEEP_001,1,model_reco,ins_high_wake_irregular,0,1
EXP_U000225_6,U000225,2025-08-14,CH_ACT_003,1,model_reco,dep_low_activity,0,1
EXP_U000225_7,U000225,2025-08-15,CH_ACT_002,1,model_reco,dep_low_daylight,0,1
EXP_U000225_8,U000225,2025-08-16,CH_ACT_002,1,model_reco,dep_low_daylight,0,0
EXP_U000225_9,U000225,2025-08-23,CH_SLEEP_001,1,model_reco,ins_high_wake_irregular,1,0
EXP_U000225_10,U000225,2025-08-26,CH_ACT_002,1,model_reco,dep_low_daylight,1,0
EXP_U000225_11,U000225,2025-08-27,CH_ACT_003,1,model_reco,dep_low_activity,1,0
EXP_U000225_12,U000225,2025-08-28,CH_REG_001,1,model_reco,anx_high_anxiety,0,0
EXP_U000225_13,U000225,2025-09-04,CH_ACT_003,1,model_reco,dep_low_activity,0,1
EXP_U000225_14,U000225,2025-09-09,CH_SLEEP_001,1,model_reco,ins_high_wake_irregular,1,0
EXP_U000225_15,U000225,2025-09-15,CH_ACT_003,1,model_reco,dep_low_activity,0,0
EXP_U000225_16,U000225,2025-09-17,CH_SLEEP_001,1,model_reco,ins_high_wake_irregular,0,1
EXP_U000225_17,U000225,2025-09-19,CH_ACT_002,1,model_reco,dep_low_daylight,0,1
EXP_U000225_18,U000225,2025-09-21,CH_SLEEP_001,1,model_reco,ins_high_wake_irregular,0,0
EXP_U000225_19,U000225,2025-09-26,CH_SLEEP_001,1,model_reco,ins_high_wake_irregular,1,0
EXP_U000225_20,U000225,2025-09-27,CH_ACT_003,1,model_reco,dep_low_activity,1,0
EXP_U000225_21,U000225,2025-09-28,CH_REG_001,1,model_reco,anx_high_anxiety,0,1
EXP_U000225_22,U000225,2025-09-30,CH_ACT_002,1,model_reco,dep_low_daylight,0,1
EXP_U000225_23,U000225,2025-10-06,CH_SLEEP_001,1,model_reco,ins_high_wake_irregular,0,1
EXP_U000225_24,U000225,2025-10-07,CH_SLEEP_001,1,model_reco,ins_high_wake_irregular,1,0
EXP_U000225_25,U000225,2025-10-12,CH_ACT_003,1,model_reco,dep_low_activity,0,1
EXP_U000225_26,U000225,2025-10-13,CH_ACT_003,1,model_reco,dep_low_activity,1,0
EXP_U000225_27,U000225,2025-10-18,CH_SLEEP_001,1,model_reco,ins_high_wake_irregular,1,0
EXP_U000226_1,U000226,2025-07-21,CH_ACT_002,1,model_reco,dep_low_daylight,1,0
EXP_U000226_2,U000226,2025-07-28,CH_ACT_003,1,model_reco,dep_low_activity,1,0
EXP_U000226_3,U000226,2025-07-30,CH_SOC_001,1,model_reco,low_social_contact,0,0
EXP_U000226_4,U000226,2025-08-04,CH_ACT_002,1,model_reco,dep_low_daylight,0,1
EXP_U000226_5,U000226,2025-08-05,CH_ACT_003,1,model_reco,dep_low_activity,1,0
EXP_U000226_6,U000226,2025-08-09,CH_ACT_003,1,model_reco,dep_low_activity,0,1
EXP_U000226_7,U000226,2025-08-16,CH_ACT_002,1,model_reco,dep_low_daylight,1,0
EXP_U000226_8,U000226,2025-08-19,CH_ACT_003,1,model_reco,dep_low_activity,0,0
EXP_U000226_9,U000226,2025-08-30,CH_ACT_002,1,model_reco,dep_low_daylight,0,1
EXP_U000226_10,U000226,2025-09-01,CH_ACT_002,1,model_reco,dep_low_daylight,1,0
EXP_U000226_11,U000226,2025-09-09,CH_ACT_002,1,model_reco,dep_low_daylight,1,0
EXP_U000226_12,U000226,2025-09-27,CH_ACT_003,1,model_reco,dep_low_activity,1,0
EXP_U000226_13,U000226,2025-10-03,CH_ACT_003,1,model_reco,dep_low_activity,1,0
EXP_U000226_14,U000226,2025-10-10,CH_ACT_003,1,model_reco,dep_low_activity,1,0
EXP_U000227_1,U000227,2025-08-10,CH_REG_002,1,model_reco,anx_high_anxiety,1,0
EXP_U000227_2,U000227,2025-08-11,CH_REG_001,1,model_reco,anx_high_anxiety,0,1
EXP_U000227_3,U000227,2025-08-12,CH_REG_001,1,model_reco,anx_high_anxiety,1,0
EXP_U000227_4,U000227,2025-08-14,CH_REG_002,1,model_reco,anx_high_anxiety,1,0
EXP_U000227_5,U000227,2025-08-18,CH_REG_001,1,model_reco,anx_high_anxiety,0,0
EXP_U000227_6,U000227,2025-08-23,CH_SLEEP_001,1,model_reco,ins_high_wake_irregular,0,1
EXP_U000227_7,U000227,2025-09-06,CH_REG_002,1,model_reco,anx_high_anxiety,0,1
EXP_U000227_8,U000227,2025-09-09,CH_REG_002,1,model_reco,anx_high_anxiety,1,0
EXP_U000227_9,U000227,2025-09-10,CH_REG_001,1,model_reco,anx_high_anxiety,0,1
EXP_U000227_10,U000227,2025-09-15,CH_SLEEP_001,1,model_reco,ins_high_wake_irregular,0,1
EXP_U000227_11,U000227,2025-09-16,CH_ACT_001,1,model_reco,dep_low_energy,0,0
EXP_U000227_12,U000227,2025-09-26,CH_ACT_001,1,model_reco,dep_low_energy,0,0
EXP_U000227_13,U000227,2025-09-28,CH_ACT_001,1,model_reco,dep_low_energy,0,1
EXP_U000227_14,U000227,2025-10-01,CH_SLEEP_001,1,model_reco,ins_high_wake_irregular,0,1
EXP_U000227_15,U000227,2025-10-04,CH_REG_001,1,model_reco,anx_high_anxiety,1,0
EXP_U000227_16,U000227,2025-10-07,CH_ACT_001,1,model_reco,dep_low_energy,0,1
EXP_U000227_17,U000227,2025-10-08,CH_REG_001,1,model_reco,anx_high_anxiety,0,1
EXP_U000227_18,U000227,2025-10-09,CH_REG_002,1,model_reco,anx_high_anxiety,0,0
EXP_U000227_19,U000227,2025-10-24,CH_REG_001,1,model_reco,anx_high_anxiety,1,0
EXP_U000227_20,U000227,2025-10-26,CH_REG_002,1,model_reco,anx_high_anxiety,1,0
EXP_U000228_1,U000228,2025-07-28,CH_REG_001,1,model_reco,anx_high_anxiety,0,0
EXP_U000228_2,U000228,2025-09-07,CH_REG_002,1,model_reco,anx_high_anxiety,0,1
EXP_U000229_1,U000229,2025-08-19,CH_SOC_001,1,model_reco,low_social_contact,1,0
EXP_U000230_1,U000230,2025-07-04,CH_REG_002,1,model_reco,anx_high_anxiety,1,0
EXP_U000230_2,U000230,2025-07-07,CH_REG_001,1,model_reco,anx_high_anxiety,0,1
EXP_U000230_3,U000230,2025-07-09,CH_SLEEP_001,1,model_reco,ins_high_wake_irregular,1,0
EXP_U000230_4,U000230,2025-07-16,CH_SLEEP_001,1,model_reco,ins_high_wake_irregular,0,0
EXP_U000230_5,U000230,2025-07-20,CH_REG_002,1,model_reco,anx_high_anxiety,0,0
EXP_U000230_6,U000230,2025-07-27,CH_REG_002,1,model_reco,anx_high_anxiety,1,0
EXP_U000230_7,U000230,2025-07-28,CH_REG_001,1,model_reco,anx_high_anxiety,0,1
EXP_U000230_8,U000230,2025-07-30,CH_SLEEP_001,1,model_reco,ins_high_wake_irregular,0,0
EXP_U000230_9,U000230,2025-08-05,CH_SLEEP_001,1,model_reco,ins_high_wake_irregular,0,1
EXP_U000230_10,U000230,2025-08-07,CH_SLEEP_001,1,model_reco,ins_high_wake_irregular,0,0
EXP_U000230_11,U000230,2025-08-20,CH_SLEEP_001,1,model_reco,ins_high_wake_irregular,1,0
EXP_U000230_12,U000230,2025-08-24,CH_SLEEP_001,1,model_reco,ins_high_wake_irregular,1,0
EXP_U000230_13,U000230,2025-08-29,CH_REG_001,1,model_reco,anx_high_anxiety,1,0
EXP_U000230_14,U000230,2025-08-30,CH_REG_001,1,model_reco,anx_high_anxiety,0,0
EXP_U000230_15,U000230,2025-09-01,CH_SLEEP_001,1,model_reco,ins_high_wake_irregular,1,0
EXP_U000230_16,U000230,2025-09-04,CH_REG_001,1,model_reco,anx_high_anxiety,1,0
EXP_U000231_1,U000231,2025-07-07,CH_ACT_003,1,model_reco,dep_low_activity,1,0
EXP_U000231_2,U000231,2025-07-11,CH_ACT_002,1,model_reco,dep_low_daylight,0,0
EXP_U000231_3,U000231,2025-07-14,CH_SLEEP_001,1,model_reco,ins_high_wake_irregular,0,1
EXP_U000231_4,U000231,2025-07-16,CH_SLEEP_001,1,model_reco,ins_high_wake_irregular,1,0
EXP_U000231_5,U000231,2025-07-24,CH_SLEEP_001,1,model_reco,ins_high_wake_irregular,0,1
EXP_U000231_6,U000231,2025-07-27,CH_SOC_001,1,model_reco,low_social_contact,0,1
EXP_U000231_7,U000231,2025-07-30,CH_SLEEP_001,1,model_reco,ins_high_wake_irregular,0,1
EXP_U000231_8,U000231,2025-08-03,CH_SLEEP_001,1,model_reco,ins_high_wake_irregular,1,0
EXP_U000231_9,U000231,2025-08-06,CH_ACT_002,1,model_reco,dep_low_daylight,0,1
EXP_U000231_10,U000231,2025-08-11,CH_SLEEP_001,1,model_reco,ins_high_wake_irregular,1,0
EXP_U000231_11,U000231,2025-08-12,CH_ACT_003,1,model_reco,dep_low_activity,0,1
EXP_U000231_12,U000231,2025-08-14,CH_ACT_003,1,model_reco,dep_low_activity,0,1
EXP_U000231_13,U000231,2025-08-19,CH_SOC_001,1,model_reco,low_social_contact,1,0
EXP_U000231_14,U000231,2025-08-23,CH_SLEEP_001,1,model_reco,ins_high_wake_irregular,0,1
EXP_U000231_15,U000231,2025-08-26,CH_SLEEP_001,1,model_reco,ins_high_wake_irregular,0,0
EXP_U000231_16,U000231,2025-08-28,CH_ACT_003,1,model_reco,dep_low_activity,0,0
EXP_U000231_17,U000231,2025-09-19,CH_SLEEP_001,1,model_reco,ins_high_wake_irregular,0,1
EXP_U000232_1,U000232,2025-07-24,CH_REG_001,1,model_reco,anx_high_anxiety,1,0
EXP_U000233_1,U000233,2025-06-30,CH_REG_002,1,model_reco,anx_high_anxiety,0,1
EXP_U000233_2,U000233,2025-07-01,CH_REG_001,1,model_reco,anx_high_anxiety,0,1
EXP_U000233_3,U000233,2025-07-07,CH_ACT_001,1,model_reco,dep_low_energy,0,1
EXP_U000233_4,U000233,2025-07-08,CH_ACT_001,1,model_reco,dep_low_energy,1,0
EXP_U000233_5,U000233,2025-07-10,CH_REG_001,1,model_reco,anx_high_anxiety,1,0
EXP_U000233_6,U000233,2025-07-12,CH_REG_001,1,model_reco,anx_high_anxiety,1,0
EXP_U000233_7,U000233,2025-07-16,CH_REG_002,1,model_reco,anx_high_anxiety,1,0
EXP_U000233_8,U000233,2025-07-23,CH_REG_001,1,model_reco,anx_high_anxiety,1,0
EXP_U000233_9,U000233,2025-07-24,CH_REG_001,1,model_reco,anx_high_anxiety,0,1
EXP_U000233_10,U000233,2025-07-25,CH_REG_002,1,model_reco,anx_high_anxiety,1,0
EXP_U000233_11,U000233,2025-08-01,CH_REG_001,1,model_reco,anx_high_anxiety,1,0
EXP_U000233_12,U000233,2025-08-04,CH_REG_001,1,model_reco,anx_high_anxiety,0,1
EXP_U000233_13,U000233,2025-08-05,CH_REG_001,1,model_reco,anx_high_anxiety,0,0
EXP_U000233_14,U000233,2025-08-10,CH_REG_001,1,model_reco,anx_high_anxiety,1,0
EXP_U000233_15,U000233,2025-08-11,CH_REG_001,1,model_reco,anx_high_anxiety,0,0
EXP_U000233_16,U000233,2025-08-15,CH_REG_002,1,model_reco,anx_high_anxiety,0,1
EXP_U000233_17,U000233,2025-08-16,CH_REG_002,1,model_reco,anx_high_anxiety,1,0
EXP_U000233_18,U000233,2025-08-22,CH_REG_001,1,model_reco,anx_high_anxiety,0,1
EXP_U000233_19,U000233,2025-08-23,CH_REG_002,1,model_reco,anx_high_anxiety,1,0
EXP_U000233_20,U000233,2025-08-29,CH_REG_001,1,model_reco,anx_high_anxiety,0,0
EXP_U000233_21,U000233,2025-08-30,CH_REG_001,1,model_reco,anx_high_anxiety,0,0
EXP_U000233_22,U000233,2025-09-04,CH_REG_002,1,model_reco,anx_high_anxiety,1,0
EXP_U000233_23,U000233,2025-09-05,CH_REG_002,1,model_reco,anx_high_anxiety,0,1
EXP_U000233_24,U000233,2025-09-13,CH_REG_001,1,model_reco,anx_high_anxiety,0,1
EXP_U000233_25,U000233,2025-09-17,CH_REG_002,1,model_reco,anx_high_anxiety,1,0
EXP_U000234_1,U000234,2025-07-01,CH_REG_002,1,model_reco,anx_high_anxiety,1,0
EXP_U000234_2,U000234,2025-07-02,CH_REG_001,1,model_reco,anx_high_anxiety,1,0
EXP_U000234_3,U000234,2025-07-12,CH_REG_001,1,model_reco,anx_high_anxiety,1,0
EXP_U000234_4,U000234,2025-07-23,CH_REG_002,1,model_reco,anx_high_anxiety,1,0
EXP_U000234_5,U000234,2025-07-25,CH_REG_001,1,model_reco,anx_high_anxiety,0,1
EXP_U000234_6,U000234,2025-07-26,CH_REG_002,1,model_reco,anx_high_anxiety,1,0
EXP_U000234_7,U000234,2025-07-28,CH_REG_001,1,model_reco,anx_high_anxiety,1,0
EXP_U000234_8,U000234,2025-07-30,CH_REG_001,1,model_reco,anx_high_anxiety,1,0
EXP_U000234_9,U000234,2025-08-01,CH_REG_002,1,model_reco,anx_high_anxiety,1,0
EXP_U000234_10,U000234,2025-08-03,CH_REG_001,1,model_reco,anx_high_anxiety,1,0
EXP_U000234_11,U000234,2025-08-05,CH_REG_001,1,model_reco,anx_high_anxiety,0,1
EXP_U000234_12,U000234,2025-08-06,CH_REG_002,1,model_reco,anx_high_anxiety,1,0
EXP_U000234_13,U000234,2025-08-18,CH_REG_001,1,model_reco,anx_high_anxiety,1,0
EXP_U000234_14,U000234,2025-08-20,CH_REG_002,1,model_reco,anx_high_anxiety,1,0
EXP_U000234_15,U000234,2025-08-22,CH_REG_001,1,model_reco,anx_high_anxiety,0,1
EXP_U000234_16,U000234,2025-08-23,CH_REG_001,1,model_reco,anx_high_anxiety,0,0
EXP_U000234_17,U000234,2025-08-25,CH_REG_001,1,model_reco,anx_high_anxiety,0,1
EXP_U000234_18,U000234,2025-09-05,CH_REG_002,1,model_reco,anx_high_anxiety,1,0
EXP_U000234_19,U000234,2025-09-06,CH_REG_002,1,model_reco,anx_high_anxiety,0,0
EXP_U000234_20,U000234,2025-09-08,CH_ACT_001,1,model_reco,dep_low_energy,1,0
EXP_U000234_21,U000234,2025-09-12,CH_REG_002,1,model_reco,anx_high_anxiety,1,0
EXP_U000234_22,U000234,2025-09-13,CH_REG_001,1,model_reco,anx_high_anxiety,1,0
EXP_U000234_23,U000234,2025-09-15,CH_REG_002,1,model_reco,anx_high_anxiety,0,1
EXP_U000235_1,U000235,2025-08-09,CH_REG_001,1,model_reco,anx_high_anxiety,0,0
EXP_U000236_1,U000236,2025-07-21,CH_ACT_001,1,model_reco,dep_low_energy,1,0
EXP_U000236_2,U000236,2025-08-02,CH_ACT_002,1,model_reco,dep_low_daylight,0,1
EXP_U000236_3,U000236,2025-08-18,CH_ACT_002,1,model_reco,dep_low_daylight,0,1
EXP_U000236_4,U000236,2025-08-27,CH_ACT_003,1,model_reco,dep_low_activity,1,0
EXP_U000236_5,U000236,2025-09-04,CH_ACT_003,1,model_reco,dep_low_activity,0,0
EXP_U000236_6,U000236,2025-09-09,CH_ACT_001,1,model_reco,dep_low_energy,0,0
EXP_U000236_7,U000236,2025-09-14,CH_ACT_001,1,model_reco,dep_low_energy,1,0
EXP_U000237_1,U000237,2025-08-19,CH_SLEEP_001,1,model_reco,ins_high_wake_irregular,0,0
EXP_U000238_1,U000238,2025-08-02,CH_SLEEP_001,1,model_reco,ins_high_wake_irregular,0,0
EXP_U000238_2,U000238,2025-08-04,CH_SLEEP_001,1,model_reco,ins_high_wake_irregular,0,0
EXP_U000238_3,U000238,2025-08-05,CH_SLEEP_001,1,model_reco,ins_high_wake_irregular,1,0
EXP_U000238_4,U000238,2025-08-15,CH_SLEEP_001,1,model_reco,ins_high_wake_irregular,0,1
EXP_U000238_5,U000238,2025-08-19,CH_SLEEP_001,1,model_reco,ins_high_wake_irregular,0,0
EXP_U000238_6,U000238,2025-08-21,CH_SLEEP_001,1,model_reco,ins_high_wake_irregular,0,0
EXP_U000238_7,U000238,2025-08-31,CH_SLEEP_001,1,model_reco,ins_high_wake_irregular,0,0
EXP_U000238_8,U000238,2025-09-03,CH_SLEEP_001,1,model_reco,ins_high_wake_irregular,0,1
EXP_U000238_9,U000238,2025-09-04,CH_SLEEP_001,1,model_reco,ins_high_wake_irregular,1,0
EXP_U000238_10,U000238,2025-09-09,CH_REG_001,1,model_reco,anx_high_anxiety,0,0
EXP_U000238_11,U000238,2025-09-16,CH_SLEEP_001,1,model_reco,ins_high_wake_irregular,0,0
EXP_U000238_12,U000238,2025-09-22,CH_SLEEP_001,1,model_reco,ins_high_wake_irregular,0,0
EXP_U000238_13,U000238,2025-09-23,CH_SLEEP_001,1,model_reco,ins_high_wake_irregular,0,0
EXP_U000238_14,U000238,2025-09-27,CH_SLEEP_001,1,model_reco,ins_high_wake_irregular,0,0
EXP_U000238_15,U000238,2025-09-28,CH_SLEEP_001,1,model_reco,ins_high_wake_irregular,0,1
EXP_U000238_16,U000238,2025-09-30,CH_SLEEP_001,1,model_reco,ins_high_wake_irregular,0,0
EXP_U000238_17,U000238,2025-10-01,CH_SLEEP_001,1,model_reco,ins_high_wake_irregular,0,0
EXP_U000238_18,U000238,2025-10-03,CH_SLEEP_001,1,model_reco,ins_high_wake_irregular,0,1
EXP_U000238_19,U000238,2025-10-06,CH_SLEEP_001,1,model_reco,ins_high_wake_irregular,1,0
EXP_U000238_20,U000238,2025-10-11,CH_REG_001,1,model_reco,anx_high_anxiety,0,0
EXP_U000238_21,U000238,2025-10-15,CH_SLEEP_001,1,model_reco,ins_high_wake_irregular,0,0
EXP_U000238_22,U000238,2025-10-19,CH_SLEEP_001,1,model_reco,ins_high_wake_irregular,1,0
EXP_U000239_1,U000239,2025-07-26,CH_SLEEP_001,1,model_reco,ins_high_wake_irregular,0,1
EXP_U000239_2,U000239,2025-08-02,CH_SLEEP_001,1,model_reco,ins_high_wake_irregular,0,1
EXP_U000239_3,U000239,2025-08-03,CH_ACT_003,1,model_reco,dep_low_activity,0,0
EXP_U000239_4,U000239,2025-08-04,CH_SLEEP_001,1,model_reco,ins_high_wake_irregular,0,0
EXP_U000239_5,U000239,2025-08-09,CH_SLEEP_001,1,model_reco,ins_high_wake_irregular,1,0
EXP_U000239_6,U000239,2025-08-10,CH_ACT_003,1,model_reco,dep_low_activity,0,0
EXP_U000239_7,U000239,2025-08-13,CH_ACT_002,1,model_reco,dep_low_daylight,0,1
EXP_U000239_8,U000239,2025-08-26,CH_SLEEP_001,1,model_reco,ins_high_wake_irregular,0,1
EXP_U000239_9,U000239,2025-08-31,CH_ACT_003,1,model_reco,dep_low_activity,0,1
EXP_U000239_10,U000239,2025-09-01,CH_ACT_002,1,model_reco,dep_low_daylight,0,1
EXP_U000239_11,U000239,2025-09-03,CH_ACT_002,1,model_reco,dep_low_daylight,1,0
EXP_U000239_12,U000239,2025-09-08,CH_SLEEP_001,1,model_reco,ins_high_wake_irregular,0,0
EXP_U000239_13,U000239,2025-09-09,CH_SLEEP_001,1,model_reco,ins_high_wake_irregular,0,0
EXP_U000239_14,U000239,2025-09-22,CH_ACT_002,1,model_reco,dep_low_daylight,1,0
EXP_U000239_15,U000239,2025-09-30,CH_ACT_002,1,model_reco,dep_low_daylight,1,0
EXP_U000239_16,U000239,2025-10-03,CH_ACT_002,1,model_reco,dep_low_daylight,0,0
EXP_U000240_1,U000240,2025-07-31,CH_REG_001,1,model_reco,anx_high_anxiety,0,0
EXP_U000240_2,U000240,2025-08-03,CH_REG_002,1,model_reco,anx_high_anxiety,0,0
EXP_U000240_3,U000240,2025-08-08,CH_REG_001,1,model_reco,anx_high_anxiety,1,0
EXP_U000240_4,U000240,2025-08-15,CH_REG_002,1,model_reco,anx_high_anxiety,1,0
EXP_U000240_5,U000240,2025-08-20,CH_REG_002,1,model_reco,anx_high_anxiety,1,0
EXP_U000240_6,U000240,2025-08-23,CH_REG_002,1,model_reco,anx_high_anxiety,1,0
EXP_U000240_7,U000240,2025-08-27,CH_REG_002,1,model_reco,anx_high_anxiety,1,0
EXP_U000240_8,U000240,2025-08-29,CH_REG_001,1,model_reco,anx_high_anxiety,0,0
EXP_U000240_9,U000240,2025-09-03,CH_REG_001,1,model_reco,anx_high_anxiety,1,0
EXP_U000240_10,U000240,2025-09-05,CH_REG_001,1,model_reco,anx_high_anxiety,0,1
EXP_U000240_11,U000240,2025-09-07,CH_REG_002,1,model_reco,anx_high_anxiety,0,0
EXP_U000240_12,U000240,2025-09-09,CH_REG_001,1,model_reco,anx_high_anxiety,0,1
EXP_U000240_13,U000240,2025-09-14,CH_REG_002,1,model_reco,anx_high_anxiety,0,0
EXP_U000240_14,U000240,2025-09-16,CH_REG_002,1,model_reco,anx_high_anxiety,1,0
EXP_U000240_15,U000240,2025-09-17,CH_REG_001,1,model_reco,anx_high_anxiety,0,0
EXP_U000240_16,U000240,2025-09-20,CH_REG_002,1,model_reco,anx_high_anxiety,0,0
EXP_U000240_17,U000240,2025-09-21,CH_REG_002,1,model_reco,anx_high_anxiety,1,0
EXP_U000240_18,U000240,2025-09-22,CH_REG_002,1,model_reco,anx_high_anxiety,0,0
EXP_U000240_19,U000240,2025-09-24,CH_REG_001,1,model_reco,anx_high_anxiety,1,0
EXP_U000240_20,U000240,2025-09-26,CH_REG_001,1,model_reco,anx_high_anxiety,0,1
EXP_U000240_21,U000240,2025-09-27,CH_REG_001,1,model_reco,anx_high_anxiety,0,1
EXP_U000240_22,U000240,2025-09-29,CH_REG_001,1,model_reco,anx_high_anxiety,0,0
EXP_U000240_23,U000240,2025-10-08,CH_REG_002,1,model_reco,anx_high_anxiety,1,0
EXP_U000240_24,U000240,2025-10-09,CH_REG_001,1,model_reco,anx_high_anxiety,1,0
EXP_U000240_25,U000240,2025-10-10,CH_REG_002,1,model_reco,anx_high_anxiety,0,1
EXP_U000240_26,U000240,2025-10-14,CH_REG_002,1,model_reco,anx_high_anxiety,1,0
EXP_U000240_27,U000240,2025-10-15,CH_REG_001,1,model_reco,anx_high_anxiety,1,0
EXP_U000241_1,U000241,2025-07-04,CH_ACT_003,1,model_reco,dep_low_activity,1,0
EXP_U000241_2,U000241,2025-07-11,CH_SLEEP_001,1,model_reco,ins_high_wake_irregular,1,0
EXP_U000241_3,U000241,2025-07-12,CH_ACT_001,1,model_reco,dep_low_energy,0,1
EXP_U000241_4,U000241,2025-07-17,CH_ACT_003,1,model_reco,dep_low_activity,0,0
EXP_U000241_5,U000241,2025-07-21,CH_SLEEP_001,1,model_reco,ins_high_wake_irregular,1,0
EXP_U000241_6,U000241,2025-07-22,CH_ACT_002,1,model_reco,dep_low_daylight,0,1
EXP_U000241_7,U000241,2025-07-26,CH_ACT_002,1,model_reco,dep_low_daylight,0,1
EXP_U000241_8,U000241,2025-07-31,CH_SLEEP_001,1,model_reco,ins_high_wake_irregular,1,0
EXP_U000241_9,U000241,2025-08-01,CH_ACT_001,1,model_reco,dep_low_energy,0,1
EXP_U000241_10,U000241,2025-08-02,CH_ACT_001,1,model_reco,dep_low_energy,0,0
EXP_U000241_11,U000241,2025-08-05,CH_ACT_003,1,model_reco,dep_low_activity,0,0
EXP_U000241_12,U000241,2025-08-06,CH_ACT_003,1,model_reco,dep_low_activity,0,0
EXP_U000241_13,U000241,2025-08-08,CH_SLEEP_001,1,model_reco,ins_high_wake_irregular,1,0
EXP_U000241_14,U000241,2025-08-09,CH_ACT_002,1,model_reco,dep_low_daylight,0,1
EXP_U000241_15,U000241,2025-08-20,CH_SLEEP_001,1,model_reco,ins_high_wake_irregular,0,0
EXP_U000241_16,U000241,2025-08-21,CH_SLEEP_001,1,model_reco,ins_high_wake_irregular,0,0
EXP_U000241_17,U000241,2025-08-26,CH_ACT_002,1,model_reco,dep_low_daylight,0,1
EXP_U000241_18,U000241,2025-09-12,CH_SLEEP_001,1,model_reco,ins_high_wake_irregular,0,0
EXP_U000241_19,U000241,2025-09-13,CH_SLEEP_001,1,model_reco,ins_high_wake_irregular,0,0
EXP_U000241_20,U000241,2025-09-14,CH_SLEEP_001,1,model_reco,ins_high_wake_irregular,0,0
EXP_U000243_1,U000243,2025-08-24,CH_ACT_001,1,model_reco,dep_low_energy,0,1
EXP_U000245_1,U000245,2025-06-14,CH_REG_001,1,model_reco,anx_high_anxiety,0,0
EXP_U000245_2,U000245,2025-06-15,CH_REG_001,1,model_reco,anx_high_anxiety,0,0
EXP_U000245_3,U000245,2025-06-20,CH_REG_001,1,model_reco,anx_high_anxiety,1,0
EXP_U000245_4,U000245,2025-07-22,CH_REG_001,1,model_reco,anx_high_anxiety,1,0
EXP_U000245_5,U000245,2025-08-08,CH_REG_001,1,model_reco,anx_high_anxiety,1,0
EXP_U000245_6,U000245,2025-08-16,CH_REG_002,1,model_reco,anx_high_anxiety,0,1
EXP_U000246_1,U000246,2025-08-07,CH_ACT_001,1,model_reco,dep_low_energy,1,0
EXP_U000246_2,U000246,2025-08-27,CH_ACT_001,1,model_reco,dep_low_energy,0,1
EXP_U000247_1,U000247,2025-08-01,CH_SLEEP_001,1,model_reco,ins_high_wake_irregular,0,0
EXP_U000247_2,U000247,2025-08-13,CH_SLEEP_001,1,model_reco,ins_high_wake_irregular,0,0
EXP_U000247_3,U000247,2025-08-16,CH_SLEEP_001,1,model_reco,ins_high_wake_irregular,0,1
EXP_U000247_4,U000247,2025-08-20,CH_SLEEP_001,1,model_reco,ins_high_wake_irregular,1,0
EXP_U000247_5,U000247,2025-08-27,CH_SLEEP_001,1,model_reco,ins_high_wake_irregular,1,0
EXP_U000247_6,U000247,2025-09-03,CH_SLEEP_001,1,model_reco,ins_high_wake_irregular,0,0
EXP_U000247_7,U000247,2025-09-06,CH_SLEEP_001,1,model_reco,ins_high_wake_irregular,0,0
EXP_U000247_8,U000247,2025-09-11,CH_SLEEP_001,1,model_reco,ins_high_wake_irregular,0,0
EXP_U000247_9,U000247,2025-09-13,CH_SLEEP_001,1,model_reco,ins_high_wake_irregular,0,1
EXP_U000247_10,U000247,2025-09-18,CH_SLEEP_001,1,model_reco,ins_high_wake_irregular,1,0
EXP_U000247_11,U000247,2025-09-30,CH_SLEEP_001,1,model_reco,ins_high_wake_irregular,0,1
EXP_U000247_12,U000247,2025-10-02,CH_SLEEP_001,1,model_reco,ins_high_wake_irregular,0,1
EXP_U000247_13,U000247,2025-10-03,CH_SLEEP_001,1,model_reco,ins_high_wake_irregular,0,1
EXP_U000247_14,U000247,2025-10-05,CH_SLEEP_001,1,model_reco,ins_high_wake_irregular,0,1
EXP_U000247_15,U000247,2025-10-13,CH_SLEEP_001,1,model_reco,ins_high_wake_irregular,0,0
EXP_U000248_1,U000248,2025-06-20,CH_SLEEP_001,1,model_reco,ins_high_wake_irregular,1,0
EXP_U000248_2,U000248,2025-06-23,CH_ACT_001,1,model_reco,dep_low_energy,0,1
EXP_U000248_3,U000248,2025-06-24,CH_REG_001,1,model_reco,anx_high_anxiety,1,0
EXP_U000248_4,U000248,2025-06-26,CH_ACT_001,1,model_reco,dep_low_energy,0,0
EXP_U000248_5,U000248,2025-06-27,CH_SLEEP_001,1,model_reco,ins_high_wake_irregular,0,1
EXP_U000248_6,U000248,2025-06-28,CH_SLEEP_001,1,model_reco,ins_high_wake_irregular,0,0
EXP_U000248_7,U000248,2025-07-18,CH_SLEEP_001,1,model_reco,ins_high_wake_irregular,0,1
EXP_U000248_8,U000248,2025-07-29,CH_SLEEP_001,1,model_reco,ins_high_wake_irregular,0,1
EXP_U000248_9,U000248,2025-07-30,CH_SLEEP_001,1,model_reco,ins_high_wake_irregular,0,0
EXP_U000248_10,U000248,2025-08-03,CH_SLEEP_001,1,model_reco,ins_high_wake_irregular,0,1
EXP_U000248_11,U000248,2025-08-04,CH_SLEEP_001,1,model_reco,ins_high_wake_irregular,1,0
EXP_U000248_12,U000248,2025-08-05,CH_ACT_003,1,model_reco,dep_low_activity,0,1
EXP_U000248_13,U000248,2025-08-29,CH_SLEEP_001,1,model_reco,ins_high_wake_irregular,1,0
EXP_U000249_1,U000249,2025-09-18,CH_REG_001,1,model_reco,anx_high_anxiety,0,0
EXP_U000249_2,U000249,2025-09-19,CH_REG_002,1,model_reco,anx_high_anxiety,0,1
EXP_U000250_1,U000250,2025-09-19,CH_REG_001,1,model_reco,anx_high_anxiety,0,0
EXP_U000251_1,U000251,2025-06-11,CH_WELL_001,1,model_reco,supportive_wellbeing,0,1
EXP_U000252_1,U000252,2025-06-15,CH_SLEEP_001,1,model_reco,ins_high_wake_irregular,1,0
EXP_U000252_2,U000252,2025-06-30,CH_SLEEP_001,1,model_reco,ins_high_wake_irregular,1,0
EXP_U000252_3,U000252,2025-07-11,CH_SLEEP_001,1,model_reco,ins_high_wake_irregular,0,1
EXP_U000252_4,U000252,2025-08-06,CH_SLEEP_001,1,model_reco,ins_high_wake_irregular,1,0
EXP_U000252_5,U000252,2025-08-25,CH_ACT_003,1,model_reco,dep_low_activity,0,1
EXP_U000252_6,U000252,2025-08-27,CH_ACT_001,1,model_reco,dep_low_energy,0,0
EXP_U000253_1,U000253,2025-09-10,CH_SLEEP_001,1,model_reco,ins_high_wake_irregular,1,0
EXP_U000253_2,U000253,2025-09-22,CH_SLEEP_001,1,model_reco,ins_high_wake_irregular,1,0
EXP_U000253_3,U000253,2025-09-26,CH_ACT_002,1,model_reco,dep_low_daylight,0,1
EXP_U000253_4,U000253,2025-10-18,CH_SLEEP_001,1,model_reco,ins_high_wake_irregular,0,1
EXP_U000253_5,U000253,2025-11-02,CH_SLEEP_001,1,model_reco,ins_high_wake_irregular,0,0
EXP_U000253_6,U000253,2025-11-03,CH_SLEEP_001,1,model_reco,ins_high_wake_irregular,1,0
EXP_U000253_7,U000253,2025-11-10,CH_SLEEP_001,1,model_reco,ins_high_wake_irregular,1,0
EXP_U000254_1,U000254,2025-07-14,CH_REG_002,1,model_reco,anx_high_anxiety,1,0
EXP_U000254_2,U000254,2025-08-12,CH_REG_001,1,model_reco,anx_high_anxiety,1,0
EXP_U000254_3,U000254,2025-08-13,CH_REG_002,1,model_reco,anx_high_anxiety,0,0
EXP_U000254_4,U000254,2025-08-15,CH_REG_002,1,model_reco,anx_high_anxiety,0,0
EXP_U000254_5,U000254,2025-08-19,CH_REG_001,1,model_reco,anx_high_anxiety,0,1
EXP_U000254_6,U000254,2025-08-24,CH_REG_001,1,model_reco,anx_high_anxiety,1,0
EXP_U000254_7,U000254,2025-10-03,CH_REG_001,1,model_reco,anx_high_anxiety,1,0
EXP_U000255_1,U000255,2025-07-01,CH_REG_002,1,model_reco,anx_high_anxiety,1,0
EXP_U000255_2,U000255,2025-07-03,CH_SLEEP_001,1,model_reco,ins_high_wake_irregular,0,0
EXP_U000255_3,U000255,2025-07-06,CH_SLEEP_001,1,model_reco,ins_high_wake_irregular,0,1
EXP_U000255_4,U000255,2025-07-18,CH_SLEEP_001,1,model_reco,ins_high_wake_irregular,0,1
EXP_U000255_5,U000255,2025-07-21,CH_SLEEP_001,1,model_reco,ins_high_wake_irregular,0,0
EXP_U000255_6,U000255,2025-07-22,CH_SLEEP_001,1,model_reco,ins_high_wake_irregular,0,1
EXP_U000255_7,U000255,2025-07-23,CH_SLEEP_001,1,model_reco,ins_high_wake_irregular,0,1
EXP_U000255_8,U000255,2025-07-29,CH_SLEEP_001,1,model_reco,ins_high_wake_irregular,0,1
EXP_U000255_9,U000255,2025-08-02,CH_SLEEP_001,1,model_reco,ins_high_wake_irregular,1,0
EXP_U000255_10,U000255,2025-08-05,CH_REG_002,1,model_reco,anx_high_anxiety,0,0
EXP_U000255_11,U000255,2025-08-06,CH_REG_001,1,model_reco,anx_high_anxiety,0,1
EXP_U000255_12,U000255,2025-08-12,CH_SLEEP_001,1,model_reco,ins_high_wake_irregular,0,1
EXP_U000255_13,U000255,2025-08-13,CH_SLEEP_001,1,model_reco,ins_high_wake_irregular,0,0
EXP_U000255_14,U000255,2025-08-14,CH_SLEEP_001,1,model_reco,ins_high_wake_irregular,0,0
EXP_U000255_15,U000255,2025-08-15,CH_SLEEP_001,1,model_reco,ins_high_wake_irregular,0,1
EXP_U000255_16,U000255,2025-08-16,CH_SLEEP_001,1,model_reco,ins_high_wake_irregular,0,1
EXP_U000255_17,U000255,2025-08-18,CH_SLEEP_001,1,model_reco,ins_high_wake_irregular,1,0
EXP_U000255_18,U000255,2025-08-19,CH_REG_001,1,model_reco,anx_high_anxiety,1,0
EXP_U000255_19,U000255,2025-08-22,CH_REG_002,1,model_reco,anx_high_anxiety,1,0
EXP_U000255_20,U000255,2025-08-24,CH_SLEEP_001,1,model_reco,ins_high_wake_irregular,0,1
EXP_U000255_21,U000255,2025-09-01,CH_SLEEP_001,1,model_reco,ins_high_wake_irregular,0,0
EXP_U000255_22,U000255,2025-09-09,CH_SLEEP_001,1,model_reco,ins_high_wake_irregular,0,0
EXP_U000255_23,U000255,2025-09-11,CH_SLEEP_001,1,model_reco,ins_high_wake_irregular,0,0
EXP_U000255_24,U000255,2025-09-19,CH_REG_001,1,model_reco,anx_high_anxiety,1,0
EXP_U000256_1,U000256,2025-06-15,CH_SLEEP_001,1,model_reco,ins_high_wake_irregular,0,0
EXP_U000256_2,U000256,2025-06-19,CH_SLEEP_001,1,model_reco,ins_high_wake_irregular,0,0
EXP_U000256_3,U000256,2025-06-22,CH_SLEEP_001,1,model_reco,ins_high_wake_irregular,0,0
EXP_U000256_4,U000256,2025-07-02,CH_SLEEP_001,1,model_reco,ins_high_wake_irregular,1,0
EXP_U000256_5,U000256,2025-07-18,CH_SLEEP_001,1,model_reco,ins_high_wake_irregular,1,0
EXP_U000257_1,U000257,2025-07-04,CH_ACT_003,1,model_reco,dep_low_activity,1,0
EXP_U000257_2,U000257,2025-08-04,CH_ACT_002,1,model_reco,dep_low_daylight,0,0
EXP_U000257_3,U000257,2025-08-13,CH_ACT_003,1,model_reco,dep_low_activity,1,0
EXP_U000257_4,U000257,2025-08-19,CH_ACT_003,1,model_reco,dep_low_activity,1,0
EXP_U000257_5,U000257,2025-08-29,CH_ACT_003,1,model_reco,dep_low_activity,1,0
EXP_U000257_6,U000257,2025-08-31,CH_SOC_001,1,model_reco,low_social_contact,0,1
EXP_U000258_1,U000258,2025-07-23,CH_REG_001,1,model_reco,anx_high_anxiety,0,1
EXP_U000258_2,U000258,2025-07-26,CH_REG_001,1,model_reco,anx_high_anxiety,0,0
EXP_U000258_3,U000258,2025-07-28,CH_REG_002,1,model_reco,anx_high_anxiety,0,0
EXP_U000258_4,U000258,2025-08-11,CH_REG_001,1,model_reco,anx_high_anxiety,1,0
EXP_U000258_5,U000258,2025-08-12,CH_REG_001,1,model_reco,anx_high_anxiety,1,0
EXP_U000258_6,U000258,2025-08-21,CH_REG_001,1,model_reco,anx_high_anxiety,1,0
EXP_U000258_7,U000258,2025-08-22,CH_REG_001,1,model_reco,anx_high_anxiety,1,0
EXP_U000258_8,U000258,2025-09-11,CH_REG_001,1,model_reco,anx_high_anxiety,1,0
EXP_U000258_9,U000258,2025-09-14,CH_REG_002,1,model_reco,anx_high_anxiety,1,0
EXP_U000258_10,U000258,2025-09-20,CH_REG_001,1,model_reco,anx_high_anxiety,0,1
EXP_U000258_11,U000258,2025-10-02,CH_REG_001,1,model_reco,anx_high_anxiety,1,0
EXP_U000258_12,U000258,2025-10-04,CH_REG_001,1,model_reco,anx_high_anxiety,0,1
EXP_U000258_13,U000258,2025-10-06,CH_REG_002,1,model_reco,anx_high_anxiety,0,0
EXP_U000259_1,U000259,2025-06-16,CH_SLEEP_001,1,model_reco,ins_high_wake_irregular,0,1
EXP_U000259_2,U000259,2025-07-06,CH_SLEEP_001,1,model_reco,ins_high_wake_irregular,1,0
EXP_U000259_3,U000259,2025-07-11,CH_ACT_002,1,model_reco,dep_low_daylight,0,0
EXP_U000259_4,U000259,2025-07-18,CH_SLEEP_001,1,model_reco,ins_high_wake_irregular,1,0
EXP_U000259_5,U000259,2025-07-19,CH_ACT_003,1,model_reco,dep_low_activity,0,1
EXP_U000259_6,U000259,2025-07-22,CH_SLEEP_001,1,model_reco,ins_high_wake_irregular,1,0
EXP_U000259_7,U000259,2025-07-31,CH_SLEEP_001,1,model_reco,ins_high_wake_irregular,0,1
EXP_U000259_8,U000259,2025-08-12,CH_SLEEP_001,1,model_reco,ins_high_wake_irregular,0,1
EXP_U000259_9,U000259,2025-08-19,CH_SLEEP_001,1,model_reco,ins_high_wake_irregular,1,0
EXP_U000259_10,U000259,2025-08-21,CH_ACT_002,1,model_reco,dep_low_daylight,0,1
EXP_U000261_1,U000261,2025-07-15,CH_ACT_002,1,model_reco,dep_low_daylight,1,0
EXP_U000261_2,U000261,2025-07-19,CH_ACT_002,1,model_reco,dep_low_daylight,0,0
EXP_U000261_3,U000261,2025-07-28,CH_ACT_003,1,model_reco,dep_low_activity,1,0
EXP_U000261_4,U000261,2025-07-31,CH_ACT_001,1,model_reco,dep_low_energy,0,1
EXP_U000261_5,U000261,2025-08-10,CH_ACT_003,1,model_reco,dep_low_activity,0,1
EXP_U000261_6,U000261,2025-08-22,CH_ACT_001,1,model_reco,dep_low_energy,1,0
EXP_U000261_7,U000261,2025-08-23,CH_SOC_001,1,model_reco,low_social_contact,0,1
EXP_U000261_8,U000261,2025-08-25,CH_SOC_001,1,model_reco,low_social_contact,0,1
EXP_U000261_9,U000261,2025-08-28,CH_ACT_003,1,model_reco,dep_low_activity,0,1
EXP_U000261_10,U000261,2025-08-29,CH_ACT_002,1,model_reco,dep_low_daylight,0,1
EXP_U000261_11,U000261,2025-08-31,CH_ACT_001,1,model_reco,dep_low_energy,1,0
EXP_U000261_12,U000261,2025-09-01,CH_SOC_001,1,model_reco,low_social_contact,0,1
EXP_U000261_13,U000261,2025-09-13,CH_ACT_002,1,model_reco,dep_low_daylight,1,0
EXP_U000261_14,U000261,2025-09-21,CH_ACT_003,1,model_reco,dep_low_activity,0,0
EXP_U000261_15,U000261,2025-09-26,CH_ACT_003,1,model_reco,dep_low_activity,0,1
EXP_U000261_16,U000261,2025-09-30,CH_ACT_002,1,model_reco,dep_low_daylight,1,0
EXP_U000262_1,U000262,2025-06-19,CH_SLEEP_001,1,model_reco,ins_high_wake_irregular,0,1
EXP_U000262_2,U000262,2025-07-01,CH_SLEEP_001,1,model_reco,ins_high_wake_irregular,0,0
EXP_U000262_3,U000262,2025-07-02,CH_SLEEP_001,1,model_reco,ins_high_wake_irregular,0,1
EXP_U000262_4,U000262,2025-07-06,CH_SLEEP_001,1,model_reco,ins_high_wake_irregular,0,1
EXP_U000262_5,U000262,2025-07-11,CH_SLEEP_001,1,model_reco,ins_high_wake_irregular,1,0
EXP_U000262_6,U000262,2025-07-13,CH_ACT_002,1,model_reco,dep_low_daylight,1,0
EXP_U000262_7,U000262,2025-07-14,CH_SOC_001,1,model_reco,low_social_contact,0,0
EXP_U000262_8,U000262,2025-07-24,CH_SLEEP_001,1,model_reco,ins_high_wake_irregular,0,1
EXP_U000262_9,U000262,2025-07-31,CH_SLEEP_001,1,model_reco,ins_high_wake_irregular,1,0
EXP_U000262_10,U000262,2025-08-08,CH_SLEEP_001,1,model_reco,ins_high_wake_irregular,1,0
EXP_U000262_11,U000262,2025-08-13,CH_ACT_002,1,model_reco,dep_low_daylight,0,1
EXP_U000262_12,U000262,2025-08-16,CH_SLEEP_001,1,model_reco,ins_high_wake_irregular,0,0
EXP_U000262_13,U000262,2025-08-23,CH_SLEEP_001,1,model_reco,ins_high_wake_irregular,0,0
EXP_U000262_14,U000262,2025-08-26,CH_SLEEP_001,1,model_reco,ins_high_wake_irregular,0,1
EXP_U000262_15,U000262,2025-08-28,CH_SLEEP_001,1,model_reco,ins_high_wake_irregular,0,1
EXP_U000263_1,U000263,2025-06-26,CH_WELL_001,1,model_reco,supportive_wellbeing,0,0
EXP_U000263_2,U000263,2025-07-23,CH_WELL_001,1,model_reco,supportive_wellbeing,0,1
EXP_U000263_3,U000263,2025-09-04,CH_WELL_001,1,model_reco,supportive_wellbeing,0,1
EXP_U000264_1,U000264,2025-07-30,CH_ACT_003,1,model_reco,dep_low_activity,1,0
EXP_U000264_2,U000264,2025-08-02,CH_ACT_003,1,model_reco,dep_low_activity,0,1
EXP_U000264_3,U000264,2025-08-04,CH_ACT_002,1,model_reco,dep_low_daylight,1,0
EXP_U000264_4,U000264,2025-08-08,CH_ACT_003,1,model_reco,dep_low_activity,1,0
EXP_U000264_5,U000264,2025-08-10,CH_SOC_001,1,model_reco,low_social_contact,0,1
EXP_U000264_6,U000264,2025-08-14,CH_ACT_003,1,model_reco,dep_low_activity,0,1
EXP_U000264_7,U000264,2025-08-19,CH_ACT_002,1,model_reco,dep_low_daylight,0,0
EXP_U000264_8,U000264,2025-08-25,CH_ACT_002,1,model_reco,dep_low_daylight,0,0
EXP_U000264_9,U000264,2025-08-26,CH_ACT_002,1,model_reco,dep_low_daylight,0,1
EXP_U000264_10,U000264,2025-08-30,CH_ACT_002,1,model_reco,dep_low_daylight,1,0
EXP_U000264_11,U000264,2025-09-02,CH_ACT_002,1,model_reco,dep_low_daylight,0,0
EXP_U000264_12,U000264,2025-09-04,CH_ACT_002,1,model_reco,dep_low_daylight,1,0
EXP_U000264_13,U000264,2025-09-05,CH_SOC_001,1,model_reco,low_social_contact,0,1
EXP_U000264_14,U000264,2025-09-11,CH_ACT_002,1,model_reco,dep_low_daylight,0,0
EXP_U000264_15,U000264,2025-09-12,CH_ACT_003,1,model_reco,dep_low_activity,0,1
EXP_U000264_16,U000264,2025-09-13,CH_ACT_003,1,model_reco,dep_low_activity,1,0
EXP_U000264_17,U000264,2025-09-21,CH_ACT_003,1,model_reco,dep_low_activity,0,1
EXP_U000264_18,U000264,2025-09-24,CH_ACT_002,1,model_reco,dep_low_daylight,0,1
EXP_U000264_19,U000264,2025-09-29,CH_ACT_002,1,model_reco,dep_low_daylight,1,0
EXP_U000264_20,U000264,2025-10-03,CH_ACT_003,1,model_reco,dep_low_activity,0,1
EXP_U000264_21,U000264,2025-10-11,CH_ACT_002,1,model_reco,dep_low_daylight,0,1
EXP_U000264_22,U000264,2025-10-13,CH_ACT_002,1,model_reco,dep_low_daylight,0,1
EXP_U000264_23,U000264,2025-10-19,CH_ACT_003,1,model_reco,dep_low_activity,1,0
EXP_U000265_1,U000265,2025-06-17,CH_SLEEP_001,1,model_reco,ins_high_wake_irregular,1,0
EXP_U000265_2,U000265,2025-06-22,CH_SLEEP_001,1,model_reco,ins_high_wake_irregular,1,0
EXP_U000265_3,U000265,2025-06-29,CH_SLEEP_001,1,model_reco,ins_high_wake_irregular,0,1
EXP_U000265_4,U000265,2025-06-30,CH_SLEEP_001,1,model_reco,ins_high_wake_irregular,1,0
EXP_U000265_5,U000265,2025-07-09,CH_SLEEP_001,1,model_reco,ins_high_wake_irregular,1,0
EXP_U000265_6,U000265,2025-07-11,CH_ACT_001,1,model_reco,dep_low_energy,1,0
EXP_U000265_7,U000265,2025-07-16,CH_SLEEP_001,1,model_reco,ins_high_wake_irregular,0,1
EXP_U000265_8,U000265,2025-07-22,CH_SLEEP_001,1,model_reco,ins_high_wake_irregular,0,0
EXP_U000265_9,U000265,2025-07-26,CH_SLEEP_001,1,model_reco,ins_high_wake_irregular,0,1
EXP_U000265_10,U000265,2025-07-30,CH_SLEEP_001,1,model_reco,ins_high_wake_irregular,0,1
EXP_U000265_11,U000265,2025-08-05,CH_SLEEP_001,1,model_reco,ins_high_wake_irregular,0,1
EXP_U000265_12,U000265,2025-08-10,CH_SLEEP_001,1,model_reco,ins_high_wake_irregular,0,0
EXP_U000265_13,U000265,2025-08-14,CH_SLEEP_001,1,model_reco,ins_high_wake_irregular,0,0
EXP_U000265_14,U000265,2025-08-15,CH_SLEEP_001,1,model_reco,ins_high_wake_irregular,0,1
EXP_U000265_15,U000265,2025-08-19,CH_SLEEP_001,1,model_reco,ins_high_wake_irregular,0,1
EXP_U000265_16,U000265,2025-08-21,CH_SLEEP_001,1,model_reco,ins_high_wake_irregular,0,0
EXP_U000265_17,U000265,2025-08-22,CH_SLEEP_001,1,model_reco,ins_high_wake_irregular,0,1
EXP_U000265_18,U000265,2025-08-25,CH_SLEEP_001,1,model_reco,ins_high_wake_irregular,0,1
EXP_U000265_19,U000265,2025-08-26,CH_SLEEP_001,1,model_reco,ins_high_wake_irregular,0,0
EXP_U000265_20,U000265,2025-08-31,CH_SLEEP_001,1,model_reco,ins_high_wake_irregular,1,0
EXP_U000265_21,U000265,2025-09-04,CH_REG_001,1,model_reco,anx_high_anxiety,1,0
EXP_U000265_22,U000265,2025-09-08,CH_SLEEP_001,1,model_reco,ins_high_wake_irregular,0,1
EXP_U000266_1,U000266,2025-06-12,CH_ACT_003,1,model_reco,dep_low_activity,1,0
EXP_U000266_2,U000266,2025-06-13,CH_SOC_001,1,model_reco,low_social_contact,0,1
EXP_U000266_3,U000266,2025-06-14,CH_SOC_001,1,model_reco,low_social_contact,0,1
EXP_U000266_4,U000266,2025-06-23,CH_ACT_003,1,model_reco,dep_low_activity,1,0
EXP_U000266_5,U000266,2025-07-02,CH_ACT_002,1,model_reco,dep_low_daylight,1,0
EXP_U000266_6,U000266,2025-07-10,CH_ACT_002,1,model_reco,dep_low_daylight,1,0
EXP_U000266_7,U000266,2025-07-13,CH_ACT_003,1,model_reco,dep_low_activity,1,0
EXP_U000266_8,U000266,2025-07-15,CH_SOC_001,1,model_reco,low_social_contact,1,0
EXP_U000266_9,U000266,2025-07-16,CH_ACT_002,1,model_reco,dep_low_daylight,0,1
EXP_U000266_10,U000266,2025-07-22,CH_ACT_002,1,model_reco,dep_low_daylight,0,1
EXP_U000266_11,U000266,2025-07-29,CH_ACT_002,1,model_reco,dep_low_daylight,1,0
EXP_U000266_12,U000266,2025-08-01,CH_ACT_002,1,model_reco,dep_low_daylight,0,0
EXP_U000266_13,U000266,2025-08-02,CH_ACT_002,1,model_reco,dep_low_daylight,1,0
EXP_U000266_14,U000266,2025-08-08,CH_ACT_003,1,model_reco,dep_low_activity,0,0
EXP_U000266_15,U000266,2025-08-12,CH_ACT_003,1,model_reco,dep_low_activity,1,0
EXP_U000266_16,U000266,2025-08-15,CH_ACT_002,1,model_reco,dep_low_daylight,1,0
EXP_U000266_17,U000266,2025-08-21,CH_ACT_003,1,model_reco,dep_low_activity,1,0
EXP_U000268_1,U000268,2025-07-19,CH_SLEEP_001,1,model_reco,ins_high_wake_irregular,0,0
EXP_U000268_2,U000268,2025-07-22,CH_SLEEP_001,1,model_reco,ins_high_wake_irregular,0,1
EXP_U000268_3,U000268,2025-09-21,CH_WELL_001,1,model_reco,supportive_wellbeing,1,0
EXP_U000269_1,U000269,2025-08-25,CH_SLEEP_001,1,model_reco,ins_high_wake_irregular,1,0
EXP_U000269_2,U000269,2025-08-28,CH_ACT_002,1,model_reco,dep_low_daylight,1,0
EXP_U000269_3,U000269,2025-08-31,CH_ACT_003,1,model_reco,dep_low_activity,0,1
EXP_U000269_4,U000269,2025-09-02,CH_SLEEP_001,1,model_reco,ins_high_wake_irregular,1,0
EXP_U000269_5,U000269,2025-09-04,CH_ACT_002,1,model_reco,dep_low_daylight,1,0
EXP_U000269_6,U000269,2025-09-08,CH_ACT_002,1,model_reco,dep_low_daylight,1,0
EXP_U000269_7,U000269,2025-09-17,CH_SLEEP_001,1,model_reco,ins_high_wake_irregular,1,0
EXP_U000269_8,U000269,2025-09-18,CH_ACT_003,1,model_reco,dep_low_activity,0,1
EXP_U000269_9,U000269,2025-09-24,CH_SLEEP_001,1,model_reco,ins_high_wake_irregular,1,0
EXP_U000269_10,U000269,2025-09-28,CH_ACT_002,1,model_reco,dep_low_daylight,1,0
EXP_U000269_11,U000269,2025-10-02,CH_SLEEP_001,1,model_reco,ins_high_wake_irregular,0,1
EXP_U000269_12,U000269,2025-10-11,CH_SLEEP_001,1,model_reco,ins_high_wake_irregular,0,0
EXP_U000269_13,U000269,2025-10-19,CH_SLEEP_001,1,model_reco,ins_high_wake_irregular,0,1
EXP_U000269_14,U000269,2025-10-22,CH_SLEEP_001,1,model_reco,ins_high_wake_irregular,0,0
EXP_U000269_15,U000269,2025-10-29,CH_SLEEP_001,1,model_reco,ins_high_wake_irregular,1,0
EXP_U000269_16,U000269,2025-10-31,CH_ACT_003,1,model_reco,dep_low_activity,1,0
EXP_U000269_17,U000269,2025-11-03,CH_ACT_002,1,model_reco,dep_low_daylight,0,0
EXP_U000269_18,U000269,2025-11-13,CH_SLEEP_001,1,model_reco,ins_high_wake_irregular,1,0
EXP_U000270_1,U000270,2025-06-29,CH_REG_001,1,model_reco,anx_high_anxiety,0,0
EXP_U000270_2,U000270,2025-07-01,CH_REG_001,1,model_reco,anx_high_anxiety,0,1
EXP_U000270_3,U000270,2025-07-12,CH_REG_001,1,model_reco,anx_high_anxiety,0,0
EXP_U000270_4,U000270,2025-07-17,CH_REG_001,1,model_reco,anx_high_anxiety,0,1
EXP_U000270_5,U000270,2025-08-02,CH_REG_001,1,model_reco,anx_high_anxiety,1,0
EXP_U000270_6,U000270,2025-08-03,CH_REG_001,1,model_reco,anx_high_anxiety,1,0
EXP_U000270_7,U000270,2025-08-07,CH_REG_001,1,model_reco,anx_high_anxiety,0,1
EXP_U000270_8,U000270,2025-08-08,CH_REG_001,1,model_reco,anx_high_anxiety,1,0
EXP_U000270_9,U000270,2025-08-10,CH_REG_002,1,model_reco,anx_high_anxiety,1,0
EXP_U000270_10,U000270,2025-08-15,CH_REG_001,1,model_reco,anx_high_anxiety,1,0
EXP_U000270_11,U000270,2025-08-28,CH_REG_001,1,model_reco,anx_high_anxiety,1,0
EXP_U000270_12,U000270,2025-08-29,CH_REG_001,1,model_reco,anx_high_anxiety,1,0
EXP_U000270_13,U000270,2025-09-04,CH_REG_001,1,model_reco,anx_high_anxiety,0,0
EXP_U000270_14,U000270,2025-09-08,CH_REG_001,1,model_reco,anx_high_anxiety,0,1
EXP_U000270_15,U000270,2025-09-13,CH_REG_001,1,model_reco,anx_high_anxiety,1,0
EXP_U000270_16,U000270,2025-09-14,CH_REG_001,1,model_reco,anx_high_anxiety,0,0
EXP_U000270_17,U000270,2025-09-15,CH_REG_002,1,model_reco,anx_high_anxiety,0,0
EXP_U000270_18,U000270,2025-09-16,CH_REG_002,1,model_reco,anx_high_anxiety,0,1
EXP_U000270_19,U000270,2025-09-17,CH_REG_001,1,model_reco,anx_high_anxiety,1,0
EXP_U000270_20,U000270,2025-09-20,CH_REG_002,1,model_reco,anx_high_anxiety,0,1
EXP_U000271_1,U000271,2025-06-18,CH_ACT_001,1,model_reco,dep_low_energy,1,0
EXP_U000271_2,U000271,2025-06-23,CH_WELL_001,1,model_reco,supportive_wellbeing,1,0
EXP_U000271_3,U000271,2025-06-30,CH_ACT_001,1,model_reco,dep_low_energy,0,1
EXP_U000271_4,U000271,2025-07-01,CH_ACT_003,1,model_reco,dep_low_activity,1,0
EXP_U000271_5,U000271,2025-07-03,CH_SOC_001,1,model_reco,low_social_contact,0,1
EXP_U000271_6,U000271,2025-07-08,CH_ACT_001,1,model_reco,dep_low_energy,0,1
EXP_U000271_7,U000271,2025-07-09,CH_ACT_002,1,model_reco,dep_low_daylight,0,0
EXP_U000271_8,U000271,2025-07-11,CH_ACT_001,1,model_reco,dep_low_energy,1,0
EXP_U000271_9,U000271,2025-08-19,CH_ACT_001,1,model_reco,dep_low_energy,1,0
EXP_U000271_10,U000271,2025-08-22,CH_SOC_001,1,model_reco,low_social_contact,0,0
EXP_U000272_1,U000272,2025-06-12,CH_ACT_001,1,model_reco,dep_low_energy,1,0
EXP_U000272_2,U000272,2025-08-11,CH_ACT_003,1,model_reco,dep_low_activity,0,1
EXP_U000272_3,U000272,2025-08-19,CH_REG_001,1,model_reco,anx_high_anxiety,1,0
EXP_U000272_4,U000272,2025-09-02,CH_REG_001,1,model_reco,anx_high_anxiety,0,0
EXP_U000274_1,U000274,2025-08-09,CH_REG_002,1,model_reco,anx_high_anxiety,1,0
EXP_U000274_2,U000274,2025-08-16,CH_REG_001,1,model_reco,anx_high_anxiety,0,1
EXP_U000274_3,U000274,2025-09-01,CH_REG_001,1,model_reco,anx_high_anxiety,0,1
EXP_U000274_4,U000274,2025-09-05,CH_REG_001,1,model_reco,anx_high_anxiety,1,0
EXP_U000274_5,U000274,2025-09-13,CH_REG_002,1,model_reco,anx_high_anxiety,0,0
EXP_U000274_6,U000274,2025-09-15,CH_REG_001,1,model_reco,anx_high_anxiety,0,0
EXP_U000274_7,U000274,2025-09-18,CH_REG_001,1,model_reco,anx_high_anxiety,0,1
EXP_U000274_8,U000274,2025-09-24,CH_REG_001,1,model_reco,anx_high_anxiety,1,0
EXP_U000274_9,U000274,2025-09-27,CH_REG_002,1,model_reco,anx_high_anxiety,0,1
EXP_U000274_10,U000274,2025-10-02,CH_REG_002,1,model_reco,anx_high_anxiety,1,0
EXP_U000274_11,U000274,2025-10-05,CH_REG_001,1,model_reco,anx_high_anxiety,1,0
EXP_U000274_12,U000274,2025-10-10,CH_REG_001,1,model_reco,anx_high_anxiety,0,1
EXP_U000274_13,U000274,2025-10-23,CH_REG_001,1,model_reco,anx_high_anxiety,0,1
EXP_U000274_14,U000274,2025-10-25,CH_REG_002,1,model_reco,anx_high_anxiety,1,0
EXP_U000274_15,U000274,2025-10-27,CH_REG_002,1,model_reco,anx_high_anxiety,0,1
EXP_U000275_1,U000275,2025-09-02,CH_WELL_001,1,model_reco,supportive_wellbeing,0,0
EXP_U000275_2,U000275,2025-09-03,CH_WELL_001,1,model_reco,supportive_wellbeing,0,1
EXP_U000275_3,U000275,2025-09-10,CH_ACT_001,1,model_reco,dep_low_energy,0,1
EXP_U000275_4,U000275,2025-09-12,CH_ACT_002,1,model_reco,dep_low_daylight,1,0
EXP_U000275_5,U000275,2025-09-16,CH_ACT_001,1,model_reco,dep_low_energy,1,0
EXP_U000275_6,U000275,2025-09-23,CH_ACT_001,1,model_reco,dep_low_energy,1,0
EXP_U000275_7,U000275,2025-10-26,CH_ACT_002,1,model_reco,dep_low_daylight,1,0
EXP_U000275_8,U000275,2025-10-31,CH_ACT_001,1,model_reco,dep_low_energy,1,0
EXP_U000276_1,U000276,2025-07-12,CH_SLEEP_001,1,model_reco,ins_high_wake_irregular,0,0
EXP_U000276_2,U000276,2025-08-02,CH_SLEEP_001,1,model_reco,ins_high_wake_irregular,1,0
EXP_U000276_3,U000276,2025-08-07,CH_REG_001,1,model_reco,anx_high_anxiety,0,0
EXP_U000276_4,U000276,2025-09-01,CH_SLEEP_001,1,model_reco,ins_high_wake_irregular,1,0
EXP_U000276_5,U000276,2025-09-23,CH_SLEEP_001,1,model_reco,ins_high_wake_irregular,1,0
EXP_U000277_1,U000277,2025-06-24,CH_ACT_002,1,model_reco,dep_low_daylight,0,1
EXP_U000277_2,U000277,2025-06-26,CH_ACT_001,1,model_reco,dep_low_energy,0,1
EXP_U000277_3,U000277,2025-07-08,CH_ACT_001,1,model_reco,dep_low_energy,1,0
EXP_U000277_4,U000277,2025-07-18,CH_ACT_003,1,model_reco,dep_low_activity,1,0
EXP_U000277_5,U000277,2025-07-20,CH_SOC_001,1,model_reco,low_social_contact,1,0
EXP_U000277_6,U000277,2025-07-27,CH_ACT_003,1,model_reco,dep_low_activity,0,0
EXP_U000277_7,U000277,2025-07-29,CH_ACT_003,1,model_reco,dep_low_activity,0,1
EXP_U000277_8,U000277,2025-08-07,CH_ACT_003,1,model_reco,dep_low_activity,0,1
EXP_U000277_9,U000277,2025-08-29,CH_ACT_002,1,model_reco,dep_low_daylight,0,0
EXP_U000277_10,U000277,2025-09-05,CH_ACT_003,1,model_reco,dep_low_activity,1,0
EXP_U000278_1,U000278,2025-10-18,CH_SLEEP_001,1,model_reco,ins_high_wake_irregular,0,0
EXP_U000279_1,U000279,2025-06-20,CH_ACT_003,1,model_reco,dep_low_activity,1,0
EXP_U000279_2,U000279,2025-06-30,CH_ACT_003,1,model_reco,dep_low_activity,1,0
EXP_U000279_3,U000279,2025-07-01,CH_SOC_001,1,model_reco,low_social_contact,0,1
EXP_U000279_4,U000279,2025-07-02,CH_SOC_001,1,model_reco,low_social_contact,1,0
EXP_U000279_5,U000279,2025-07-05,CH_ACT_003,1,model_reco,dep_low_activity,1,0
EXP_U000279_6,U000279,2025-07-17,CH_ACT_001,1,model_reco,dep_low_energy,1,0
EXP_U000279_7,U000279,2025-07-28,CH_ACT_001,1,model_reco,dep_low_energy,0,1
EXP_U000279_8,U000279,2025-07-30,CH_ACT_003,1,model_reco,dep_low_activity,0,0
EXP_U000279_9,U000279,2025-07-31,CH_ACT_002,1,model_reco,dep_low_daylight,1,0
EXP_U000279_10,U000279,2025-08-12,CH_ACT_001,1,model_reco,dep_low_energy,0,0
EXP_U000279_11,U000279,2025-08-17,CH_ACT_001,1,model_reco,dep_low_energy,0,0
EXP_U000279_12,U000279,2025-08-24,CH_ACT_001,1,model_reco,dep_low_energy,0,1
EXP_U000279_13,U000279,2025-08-30,CH_ACT_001,1,model_reco,dep_low_energy,1,0
EXP_U000280_1,U000280,2025-07-16,CH_ACT_003,1,model_reco,dep_low_activity,0,0
EXP_U000280_2,U000280,2025-07-18,CH_ACT_003,1,model_reco,dep_low_activity,0,1
EXP_U000280_3,U000280,2025-07-20,CH_ACT_002,1,model_reco,dep_low_daylight,0,1
EXP_U000280_4,U000280,2025-07-22,CH_SLEEP_001,1,model_reco,ins_high_wake_irregular,0,1
EXP_U000280_5,U000280,2025-08-08,CH_ACT_002,1,model_reco,dep_low_daylight,1,0
EXP_U000280_6,U000280,2025-08-10,CH_REG_001,1,model_reco,anx_high_anxiety,0,0
EXP_U000280_7,U000280,2025-08-13,CH_ACT_003,1,model_reco,dep_low_activity,0,0
EXP_U000280_8,U000280,2025-08-16,CH_ACT_003,1,model_reco,dep_low_activity,0,0
EXP_U000280_9,U000280,2025-08-20,CH_ACT_002,1,model_reco,dep_low_daylight,0,0
EXP_U000280_10,U000280,2025-08-21,CH_ACT_002,1,model_reco,dep_low_daylight,0,1
EXP_U000280_11,U000280,2025-08-28,CH_ACT_003,1,model_reco,dep_low_activity,0,1
EXP_U000280_12,U000280,2025-09-02,CH_SLEEP_001,1,model_reco,ins_high_wake_irregular,0,0
EXP_U000280_13,U000280,2025-09-03,CH_ACT_002,1,model_reco,dep_low_daylight,0,0
EXP_U000280_14,U000280,2025-09-06,CH_ACT_002,1,model_reco,dep_low_daylight,0,1
EXP_U000280_15,U000280,2025-09-20,CH_ACT_003,1,model_reco,dep_low_activity,0,1
EXP_U000280_16,U000280,2025-09-24,CH_REG_001,1,model_reco,anx_high_anxiety,0,1
EXP_U000280_17,U000280,2025-09-29,CH_ACT_003,1,model_reco,dep_low_activity,0,0
EXP_U000281_1,U000281,2025-10-31,CH_WELL_001,1,model_reco,supportive_wellbeing,0,1
EXP_U000281_2,U000281,2025-11-17,CH_WELL_001,1,model_reco,supportive_wellbeing,0,0
EXP_U000283_1,U000283,2025-07-23,CH_REG_002,1,model_reco,anx_high_anxiety,1,0
EXP_U000283_2,U000283,2025-07-24,CH_REG_001,1,model_reco,anx_high_anxiety,0,0
EXP_U000283_3,U000283,2025-07-26,CH_REG_001,1,model_reco,anx_high_anxiety,0,1
EXP_U000283_4,U000283,2025-08-10,CH_REG_002,1,model_reco,anx_high_anxiety,0,1
EXP_U000283_5,U000283,2025-08-12,CH_REG_001,1,model_reco,anx_high_anxiety,1,0
EXP_U000283_6,U000283,2025-08-14,CH_REG_002,1,model_reco,anx_high_anxiety,0,0
EXP_U000283_7,U000283,2025-08-16,CH_REG_001,1,model_reco,anx_high_anxiety,0,0
EXP_U000283_8,U000283,2025-08-17,CH_REG_001,1,model_reco,anx_high_anxiety,1,0
EXP_U000283_9,U000283,2025-08-22,CH_REG_001,1,model_reco,anx_high_anxiety,1,0
EXP_U000283_10,U000283,2025-08-23,CH_REG_001,1,model_reco,anx_high_anxiety,1,0
EXP_U000283_11,U000283,2025-09-05,CH_REG_001,1,model_reco,anx_high_anxiety,1,0
EXP_U000283_12,U000283,2025-09-10,CH_REG_002,1,model_reco,anx_high_anxiety,0,0
EXP_U000283_13,U000283,2025-09-18,CH_REG_001,1,model_reco,anx_high_anxiety,0,1
EXP_U000283_14,U000283,2025-09-22,CH_REG_001,1,model_reco,anx_high_anxiety,1,0
EXP_U000283_15,U000283,2025-09-23,CH_REG_002,1,model_reco,anx_high_anxiety,0,0
EXP_U000283_16,U000283,2025-09-26,CH_REG_001,1,model_reco,anx_high_anxiety,1,0
EXP_U000283_17,U000283,2025-09-28,CH_REG_001,1,model_reco,anx_high_anxiety,1,0
EXP_U000283_18,U000283,2025-09-29,CH_REG_001,1,model_reco,anx_high_anxiety,1,0
EXP_U000283_19,U000283,2025-10-11,CH_REG_001,1,model_reco,anx_high_anxiety,0,1
EXP_U000283_20,U000283,2025-10-13,CH_REG_001,1,model_reco,anx_high_anxiety,1,0
EXP_U000284_1,U000284,2025-08-27,CH_SLEEP_001,1,model_reco,ins_high_wake_irregular,0,1
EXP_U000284_2,U000284,2025-08-29,CH_SLEEP_001,1,model_reco,ins_high_wake_irregular,0,0
EXP_U000284_3,U000284,2025-09-05,CH_SLEEP_001,1,model_reco,ins_high_wake_irregular,0,1
EXP_U000284_4,U000284,2025-09-08,CH_SLEEP_001,1,model_reco,ins_high_wake_irregular,0,0
EXP_U000284_5,U000284,2025-09-20,CH_SLEEP_001,1,model_reco,ins_high_wake_irregular,1,0
EXP_U000284_6,U000284,2025-09-29,CH_SLEEP_001,1,model_reco,ins_high_wake_irregular,1,0
EXP_U000284_7,U000284,2025-10-20,CH_SLEEP_001,1,model_reco,ins_high_wake_irregular,1,0
EXP_U000284_8,U000284,2025-10-22,CH_ACT_003,1,model_reco,dep_low_activity,1,0
EXP_U000284_9,U000284,2025-10-24,CH_REG_001,1,model_reco,anx_high_anxiety,0,1
EXP_U000284_10,U000284,2025-10-30,CH_SLEEP_001,1,model_reco,ins_high_wake_irregular,1,0
EXP_U000285_1,U000285,2025-07-17,CH_REG_001,1,model_reco,anx_high_anxiety,0,1
EXP_U000285_2,U000285,2025-08-09,CH_REG_001,1,model_reco,anx_high_anxiety,1,0
EXP_U000285_3,U000285,2025-08-19,CH_REG_001,1,model_reco,anx_high_anxiety,0,0
EXP_U000285_4,U000285,2025-09-06,CH_REG_001,1,model_reco,anx_high_anxiety,0,0
EXP_U000285_5,U000285,2025-09-07,CH_REG_001,1,model_reco,anx_high_anxiety,0,1
EXP_U000286_1,U000286,2025-06-22,CH_SLEEP_001,1,model_reco,ins_high_wake_irregular,1,0
EXP_U000286_2,U000286,2025-07-05,CH_SLEEP_001,1,model_reco,ins_high_wake_irregular,0,1
EXP_U000286_3,U000286,2025-07-29,CH_SLEEP_001,1,model_reco,ins_high_wake_irregular,0,0
EXP_U000286_4,U000286,2025-08-25,CH_SLEEP_001,1,model_reco,ins_high_wake_irregular,1,0
EXP_U000287_1,U000287,2025-07-23,CH_ACT_001,1,model_reco,dep_low_energy,1,0
EXP_U000287_2,U000287,2025-07-26,CH_SOC_001,1,model_reco,low_social_contact,1,0
EXP_U000287_3,U000287,2025-08-02,CH_ACT_003,1,model_reco,dep_low_activity,0,1
EXP_U000287_4,U000287,2025-08-04,CH_WELL_001,1,model_reco,supportive_wellbeing,1,0
EXP_U000287_5,U000287,2025-08-24,CH_SLEEP_001,1,model_reco,ins_high_wake_irregular,0,0
EXP_U000287_6,U000287,2025-08-29,CH_ACT_002,1,model_reco,dep_low_daylight,1,0
EXP_U000287_7,U000287,2025-08-31,CH_SLEEP_001,1,model_reco,ins_high_wake_irregular,1,0
EXP_U000287_8,U000287,2025-09-24,CH_ACT_001,1,model_reco,dep_low_energy,0,1
EXP_U000287_9,U000287,2025-09-25,CH_ACT_003,1,model_reco,dep_low_activity,1,0
EXP_U000288_1,U000288,2025-07-28,CH_SLEEP_001,1,model_reco,ins_high_wake_irregular,0,1
EXP_U000288_2,U000288,2025-08-10,CH_SLEEP_001,1,model_reco,ins_high_wake_irregular,0,1
EXP_U000288_3,U000288,2025-08-11,CH_SLEEP_001,1,model_reco,ins_high_wake_irregular,0,0
EXP_U000288_4,U000288,2025-08-15,CH_SLEEP_001,1,model_reco,ins_high_wake_irregular,0,0
EXP_U000288_5,U000288,2025-08-22,CH_SLEEP_001,1,model_reco,ins_high_wake_irregular,0,0
EXP_U000288_6,U000288,2025-08-27,CH_SLEEP_001,1,model_reco,ins_high_wake_irregular,0,1
EXP_U000288_7,U000288,2025-08-28,CH_SLEEP_001,1,model_reco,ins_high_wake_irregular,1,0
EXP_U000288_8,U000288,2025-08-29,CH_REG_001,1,model_reco,anx_high_anxiety,0,1
EXP_U000288_9,U000288,2025-09-10,CH_SLEEP_001,1,model_reco,ins_high_wake_irregular,0,1
EXP_U000288_10,U000288,2025-09-16,CH_SLEEP_001,1,model_reco,ins_high_wake_irregular,0,1
EXP_U000288_11,U000288,2025-09-27,CH_SLEEP_001,1,model_reco,ins_high_wake_irregular,0,0
EXP_U000288_12,U000288,2025-09-30,CH_SLEEP_001,1,model_reco,ins_high_wake_irregular,0,1
EXP_U000288_13,U000288,2025-10-04,CH_SLEEP_001,1,model_reco,ins_high_wake_irregular,0,0
EXP_U000288_14,U000288,2025-10-07,CH_SLEEP_001,1,model_reco,ins_high_wake_irregular,0,0
EXP_U000289_1,U000289,2025-08-31,CH_REG_001,1,model_reco,anx_high_anxiety,1,0
EXP_U000289_2,U000289,2025-09-01,CH_REG_002,1,model_reco,anx_high_anxiety,0,0
EXP_U000289_3,U000289,2025-09-05,CH_REG_001,1,model_reco,anx_high_anxiety,0,1
EXP_U000289_4,U000289,2025-09-09,CH_ACT_001,1,model_reco,dep_low_energy,0,0
EXP_U000289_5,U000289,2025-09-10,CH_REG_002,1,model_reco,anx_high_anxiety,0,1
EXP_U000289_6,U000289,2025-09-22,CH_REG_002,1,model_reco,anx_high_anxiety,1,0
EXP_U000289_7,U000289,2025-10-07,CH_REG_002,1,model_reco,anx_high_anxiety,1,0
EXP_U000289_8,U000289,2025-10-08,CH_REG_002,1,model_reco,anx_high_anxiety,0,0
EXP_U000289_9,U000289,2025-10-10,CH_ACT_001,1,model_reco,dep_low_energy,0,1
EXP_U000289_10,U000289,2025-10-12,CH_REG_001,1,model_reco,anx_high_anxiety,1,0
EXP_U000289_11,U000289,2025-10-19,CH_REG_002,1,model_reco,anx_high_anxiety,1,0
EXP_U000289_12,U000289,2025-11-02,CH_ACT_003,1,model_reco,dep_low_activity,0,0
EXP_U000290_1,U000290,2025-08-14,CH_WELL_001,1,model_reco,supportive_wellbeing,1,0
EXP_U000290_2,U000290,2025-08-25,CH_WELL_001,1,model_reco,supportive_wellbeing,1,0
EXP_U000291_1,U000291,2025-06-23,CH_SLEEP_001,1,model_reco,ins_high_wake_irregular,1,0
EXP_U000291_2,U000291,2025-06-25,CH_ACT_003,1,model_reco,dep_low_activity,0,1
EXP_U000291_3,U000291,2025-06-26,CH_ACT_003,1,model_reco,dep_low_activity,0,0
EXP_U000291_4,U000291,2025-06-30,CH_SLEEP_001,1,model_reco,ins_high_wake_irregular,0,0
EXP_U000291_5,U000291,2025-07-02,CH_SLEEP_001,1,model_reco,ins_high_wake_irregular,1,0
EXP_U000291_6,U000291,2025-07-03,CH_ACT_003,1,model_reco,dep_low_activity,0,1
EXP_U000291_7,U000291,2025-07-15,CH_SLEEP_001,1,model_reco,ins_high_wake_irregular,0,1
EXP_U000291_8,U000291,2025-07-20,CH_SLEEP_001,1,model_reco,ins_high_wake_irregular,1,0
EXP_U000291_9,U000291,2025-07-28,CH_SLEEP_001,1,model_reco,ins_high_wake_irregular,0,0
EXP_U000291_10,U000291,2025-08-01,CH_SLEEP_001,1,model_reco,ins_high_wake_irregular,0,1
EXP_U000291_11,U000291,2025-08-07,CH_SLEEP_001,1,model_reco,ins_high_wake_irregular,1,0
EXP_U000291_12,U000291,2025-08-10,CH_ACT_003,1,model_reco,dep_low_activity,0,0
EXP_U000291_13,U000291,2025-08-14,CH_SLEEP_001,1,model_reco,ins_high_wake_irregular,1,0
EXP_U000291_14,U000291,2025-08-19,CH_ACT_003,1,model_reco,dep_low_activity,1,0
EXP_U000291_15,U000291,2025-08-20,CH_REG_002,1,model_reco,anx_high_anxiety,0,1
EXP_U000291_16,U000291,2025-08-26,CH_SLEEP_001,1,model_reco,ins_high_wake_irregular,1,0
EXP_U000291_17,U000291,2025-08-30,CH_ACT_003,1,model_reco,dep_low_activity,0,0
EXP_U000291_18,U000291,2025-09-04,CH_SLEEP_001,1,model_reco,ins_high_wake_irregular,1,0
EXP_U000291_19,U000291,2025-09-12,CH_SLEEP_001,1,model_reco,ins_high_wake_irregular,0,1
EXP_U000292_1,U000292,2025-06-13,CH_REG_001,1,model_reco,anx_high_anxiety,0,0
EXP_U000292_2,U000292,2025-06-14,CH_REG_001,1,model_reco,anx_high_anxiety,1,0
EXP_U000292_3,U000292,2025-06-18,CH_REG_001,1,model_reco,anx_high_anxiety,1,0
EXP_U000292_4,U000292,2025-06-27,CH_REG_002,1,model_reco,anx_high_anxiety,1,0
EXP_U000292_5,U000292,2025-07-02,CH_REG_001,1,model_reco,anx_high_anxiety,1,0
EXP_U000292_6,U000292,2025-07-11,CH_REG_001,1,model_reco,anx_high_anxiety,0,1
EXP_U000292_7,U000292,2025-07-14,CH_REG_002,1,model_reco,anx_high_anxiety,1,0
EXP_U000292_8,U000292,2025-07-15,CH_REG_001,1,model_reco,anx_high_anxiety,1,0
EXP_U000292_9,U000292,2025-07-20,CH_REG_001,1,model_reco,anx_high_anxiety,0,0
EXP_U000292_10,U000292,2025-07-23,CH_REG_001,1,model_reco,anx_high_anxiety,1,0
EXP_U000292_11,U000292,2025-07-26,CH_REG_002,1,model_reco,anx_high_anxiety,0,1
EXP_U000292_12,U000292,2025-08-01,CH_REG_001,1,model_reco,anx_high_anxiety,1,0
EXP_U000292_13,U000292,2025-08-03,CH_REG_002,1,model_reco,anx_high_anxiety,0,0
EXP_U000292_14,U000292,2025-08-09,CH_REG_001,1,model_reco,anx_high_anxiety,1,0
EXP_U000292_15,U000292,2025-08-10,CH_REG_001,1,model_reco,anx_high_anxiety,1,0
EXP_U000292_16,U000292,2025-08-11,CH_REG_001,1,model_reco,anx_high_anxiety,1,0
EXP_U000292_17,U000292,2025-08-12,CH_REG_002,1,model_reco,anx_high_anxiety,1,0
EXP_U000292_18,U000292,2025-08-13,CH_REG_001,1,model_reco,anx_high_anxiety,1,0
EXP_U000292_19,U000292,2025-08-14,CH_REG_001,1,model_reco,anx_high_anxiety,1,0
EXP_U000292_20,U000292,2025-08-19,CH_REG_001,1,model_reco,anx_high_anxiety,0,1
EXP_U000292_21,U000292,2025-08-20,CH_REG_001,1,model_reco,anx_high_anxiety,1,0
EXP_U000292_22,U000292,2025-08-25,CH_REG_002,1,model_reco,anx_high_anxiety,0,0
EXP_U000292_23,U000292,2025-08-28,CH_REG_001,1,model_reco,anx_high_anxiety,0,0
EXP_U000292_24,U000292,2025-09-01,CH_REG_001,1,model_reco,anx_high_anxiety,0,0
EXP_U000294_1,U000294,2025-08-22,CH_SLEEP_001,1,model_reco,ins_high_wake_irregular,1,0
EXP_U000294_2,U000294,2025-09-06,CH_SLEEP_001,1,model_reco,ins_high_wake_irregular,0,0
EXP_U000295_1,U000295,2025-07-10,CH_ACT_002,1,model_reco,dep_low_daylight,1,0
EXP_U000295_2,U000295,2025-07-12,CH_SOC_001,1,model_reco,low_social_contact,0,0
EXP_U000295_3,U000295,2025-07-14,CH_ACT_002,1,model_reco,dep_low_daylight,1,0
EXP_U000295_4,U000295,2025-07-15,CH_ACT_001,1,model_reco,dep_low_energy,0,1
EXP_U000295_5,U000295,2025-07-17,CH_ACT_002,1,model_reco,dep_low_daylight,0,0
EXP_U000295_6,U000295,2025-07-28,CH_ACT_003,1,model_reco,dep_low_activity,0,1
EXP_U000295_7,U000295,2025-07-29,CH_ACT_001,1,model_reco,dep_low_energy,0,1
EXP_U000295_8,U000295,2025-08-03,CH_ACT_001,1,model_reco,dep_low_energy,0,0
EXP_U000295_9,U000295,2025-08-14,CH_ACT_003,1,model_reco,dep_low_activity,0,1
EXP_U000295_10,U000295,2025-08-17,CH_ACT_003,1,model_reco,dep_low_activity,0,1
EXP_U000295_11,U000295,2025-08-20,CH_WELL_001,1,model_reco,supportive_wellbeing,0,1
EXP_U000295_12,U000295,2025-08-26,CH_ACT_001,1,model_reco,dep_low_energy,0,1
EXP_U000295_13,U000295,2025-09-02,CH_ACT_001,1,model_reco,dep_low_energy,1,0
EXP_U000295_14,U000295,2025-09-05,CH_SOC_001,1,model_reco,low_social_contact,1,0
EXP_U000295_15,U000295,2025-09-08,CH_ACT_001,1,model_reco,dep_low_energy,0,1
EXP_U000295_16,U000295,2025-09-11,CH_ACT_003,1,model_reco,dep_low_activity,1,0
EXP_U000295_17,U000295,2025-09-20,CH_ACT_001,1,model_reco,dep_low_energy,0,0
EXP_U000295_18,U000295,2025-09-27,CH_ACT_001,1,model_reco,dep_low_energy,0,0
EXP_U000295_19,U000295,2025-09-28,CH_ACT_003,1,model_reco,dep_low_activity,0,0
EXP_U000296_1,U000296,2025-06-09,CH_REG_002,1,model_reco,anx_high_anxiety,0,0
EXP_U000296_2,U000296,2025-06-15,CH_REG_001,1,model_reco,anx_high_anxiety,1,0
EXP_U000296_3,U000296,2025-06-19,CH_REG_002,1,model_reco,anx_high_anxiety,0,1
EXP_U000296_4,U000296,2025-06-20,CH_REG_001,1,model_reco,anx_high_anxiety,1,0
EXP_U000296_5,U000296,2025-06-23,CH_ACT_001,1,model_reco,dep_low_energy,0,1
EXP_U000296_6,U000296,2025-07-08,CH_REG_002,1,model_reco,anx_high_anxiety,1,0
EXP_U000296_7,U000296,2025-07-19,CH_REG_002,1,model_reco,anx_high_anxiety,0,0
EXP_U000296_8,U000296,2025-08-02,CH_REG_002,1,model_reco,anx_high_anxiety,0,1
EXP_U000296_9,U000296,2025-08-22,CH_REG_001,1,model_reco,anx_high_anxiety,0,0
EXP_U000296_10,U000296,2025-08-30,CH_REG_001,1,model_reco,anx_high_anxiety,1,0
EXP_U000297_1,U000297,2025-06-23,CH_ACT_002,1,model_reco,dep_low_daylight,0,1
EXP_U000297_2,U000297,2025-06-27,CH_SLEEP_001,1,model_reco,ins_high_wake_irregular,0,0
EXP_U000297_3,U000297,2025-07-07,CH_ACT_003,1,model_reco,dep_low_activity,0,1
EXP_U000297_4,U000297,2025-07-18,CH_SLEEP_001,1,model_reco,ins_high_wake_irregular,0,1
EXP_U000297_5,U000297,2025-07-26,CH_ACT_003,1,model_reco,dep_low_activity,0,0
EXP_U000297_6,U000297,2025-07-29,CH_ACT_003,1,model_reco,dep_low_activity,1,0
EXP_U000297_7,U000297,2025-08-02,CH_SLEEP_001,1,model_reco,ins_high_wake_irregular,1,0
EXP_U000297_8,U000297,2025-08-11,CH_SLEEP_001,1,model_reco,ins_high_wake_irregular,1,0
EXP_U000297_9,U000297,2025-08-22,CH_ACT_003,1,model_reco,dep_low_activity,1,0
EXP_U000297_10,U000297,2025-08-26,CH_ACT_003,1,model_reco,dep_low_activity,0,0
EXP_U000297_11,U000297,2025-08-30,CH_ACT_002,1,model_reco,dep_low_daylight,0,0
EXP_U000298_1,U000298,2025-07-31,CH_REG_002,1,model_reco,anx_high_anxiety,0,0
EXP_U000298_2,U000298,2025-08-12,CH_REG_002,1,model_reco,anx_high_anxiety,0,0
EXP_U000298_3,U000298,2025-08-13,CH_REG_001,1,model_reco,anx_high_anxiety,0,1
EXP_U000298_4,U000298,2025-08-19,CH_REG_001,1,model_reco,anx_high_anxiety,0,1
EXP_U000298_5,U000298,2025-08-23,CH_REG_001,1,model_reco,anx_high_anxiety,1,0
EXP_U000298_6,U000298,2025-08-24,CH_REG_001,1,model_reco,anx_high_anxiety,1,0
EXP_U000298_7,U000298,2025-08-26,CH_REG_002,1,model_reco,anx_high_anxiety,1,0
EXP_U000298_8,U000298,2025-09-01,CH_REG_002,1,model_reco,anx_high_anxiety,0,1
EXP_U000298_9,U000298,2025-09-02,CH_REG_001,1,model_reco,anx_high_anxiety,1,0
EXP_U000298_10,U000298,2025-09-04,CH_REG_001,1,model_reco,anx_high_anxiety,0,0
EXP_U000298_11,U000298,2025-09-05,CH_REG_002,1,model_reco,anx_high_anxiety,0,0
EXP_U000298_12,U000298,2025-09-07,CH_REG_001,1,model_reco,anx_high_anxiety,0,0
EXP_U000298_13,U000298,2025-09-08,CH_REG_002,1,model_reco,anx_high_anxiety,1,0
EXP_U000298_14,U000298,2025-09-09,CH_REG_001,1,model_reco,anx_high_anxiety,0,1
EXP_U000298_15,U000298,2025-09-11,CH_REG_001,1,model_reco,anx_high_anxiety,1,0
EXP_U000298_16,U000298,2025-09-14,CH_REG_001,1,model_reco,anx_high_anxiety,0,0
EXP_U000298_17,U000298,2025-09-28,CH_REG_001,1,model_reco,anx_high_anxiety,1,0
EXP_U000298_18,U000298,2025-10-01,CH_REG_002,1,model_reco,anx_high_anxiety,0,1
EXP_U000298_19,U000298,2025-10-09,CH_REG_001,1,model_reco,anx_high_anxiety,0,0
EXP_U000298_20,U000298,2025-10-10,CH_REG_002,1,model_reco,anx_high_anxiety,1,0
EXP_U000298_21,U000298,2025-10-15,CH_REG_002,1,model_reco,anx_high_anxiety,1,0
EXP_U000298_22,U000298,2025-10-18,CH_REG_001,1,model_reco,anx_high_anxiety,0,0
EXP_U000298_23,U000298,2025-10-21,CH_REG_001,1,model_reco,anx_high_anxiety,0,1
EXP_U000299_1,U000299,2025-06-18,CH_ACT_001,1,model_reco,dep_low_energy,0,1
EXP_U000299_2,U000299,2025-06-27,CH_ACT_001,1,model_reco,dep_low_energy,0,1
EXP_U000299_3,U000299,2025-06-30,CH_ACT_002,1,model_reco,dep_low_daylight,0,0
EXP_U000299_4,U000299,2025-07-01,CH_ACT_003,1,model_reco,dep_low_activity,0,1
EXP_U000299_5,U000299,2025-07-04,CH_ACT_003,1,model_reco,dep_low_activity,0,0
EXP_U000299_6,U000299,2025-07-06,CH_ACT_003,1,model_reco,dep_low_activity,1,0
EXP_U000299_7,U000299,2025-07-09,CH_ACT_001,1,model_reco,dep_low_energy,0,0
EXP_U000299_8,U000299,2025-07-11,CH_ACT_001,1,model_reco,dep_low_energy,0,1
EXP_U000299_9,U000299,2025-07-15,CH_ACT_002,1,model_reco,dep_low_daylight,0,0
EXP_U000299_10,U000299,2025-07-17,CH_ACT_001,1,model_reco,dep_low_energy,0,1
EXP_U000299_11,U000299,2025-08-05,CH_REG_002,1,model_reco,anx_high_anxiety,1,0
EXP_U000299_12,U000299,2025-08-07,CH_REG_002,1,model_reco,anx_high_anxiety,0,1
EXP_U000299_13,U000299,2025-08-25,CH_ACT_002,1,model_reco,dep_low_daylight,0,1
EXP_U000299_14,U000299,2025-09-02,CH_ACT_001,1,model_reco,dep_low_energy,0,1
EXP_U000300_1,U000300,2025-08-11,CH_REG_002,1,model_reco,anx_high_anxiety,1,0
EXP_U000300_2,U000300,2025-08-12,CH_REG_001,1,model_reco,anx_high_anxiety,1,0
EXP_U000300_3,U000300,2025-08-16,CH_REG_002,1,model_reco,anx_high_anxiety,0,1
EXP_U000300_4,U000300,2025-08-17,CH_REG_001,1,model_reco,anx_high_anxiety,1,0
EXP_U000300_5,U000300,2025-08-19,CH_REG_001,1,model_reco,anx_high_anxiety,0,1
EXP_U000300_6,U000300,2025-08-30,CH_ACT_001,1,model_reco,dep_low_energy,0,1
EXP_U000300_7,U000300,2025-09-09,CH_REG_002,1,model_reco,anx_high_anxiety,1,0
EXP_U000300_8,U000300,2025-09-10,CH_REG_002,1,model_reco,anx_high_anxiety,1,0
EXP_U000300_9,U000300,2025-09-13,CH_REG_002,1,model_reco,anx_high_anxiety,0,0
EXP_U000300_10,U000300,2025-09-14,CH_ACT_001,1,model_reco,dep_low_energy,0,1
EXP_U000300_11,U000300,2025-09-19,CH_REG_002,1,model_reco,anx_high_anxiety,1,0
EXP_U000300_12,U000300,2025-09-22,CH_REG_001,1,model_reco,anx_high_anxiety,1,0
EXP_U000300_13,U000300,2025-09-23,CH_REG_001,1,model_reco,anx_high_anxiety,1,0
EXP_U000300_14,U000300,2025-09-25,CH_SLEEP_001,1,model_reco,ins_high_wake_irregular,1,0
EXP_U000300_15,U000300,2025-09-28,CH_REG_001,1,model_reco,anx_high_anxiety,0,1
EXP_U000300_16,U000300,2025-10-07,CH_REG_001,1,model_reco,anx_high_anxiety,0,0
EXP_U000300_17,U000300,2025-10-10,CH_REG_001,1,model_reco,anx_high_anxiety,0,1
EXP_U000300_18,U000300,2025-10-16,CH_REG_001,1,model_reco,anx_high_anxiety,1,0
EXP_U000301_1,U000301,2025-07-29,CH_SLEEP_001,1,model_reco,ins_high_wake_irregular,0,0
EXP_U000301_2,U000301,2025-07-31,CH_SLEEP_001,1,model_reco,ins_high_wake_irregular,0,0
EXP_U000301_3,U000301,2025-08-01,CH_SLEEP_001,1,model_reco,ins_high_wake_irregular,0,0
EXP_U000301_4,U000301,2025-08-04,CH_SLEEP_001,1,model_reco,ins_high_wake_irregular,0,1
EXP_U000301_5,U000301,2025-08-06,CH_SLEEP_001,1,model_reco,ins_high_wake_irregular,1,0
EXP_U000301_6,U000301,2025-08-13,CH_SLEEP_001,1,model_reco,ins_high_wake_irregular,1,0
EXP_U000301_7,U000301,2025-08-22,CH_SLEEP_001,1,model_reco,ins_high_wake_irregular,0,1
EXP_U000301_8,U000301,2025-08-28,CH_SLEEP_001,1,model_reco,ins_high_wake_irregular,0,0
EXP_U000301_9,U000301,2025-09-08,CH_SLEEP_001,1,model_reco,ins_high_wake_irregular,0,1
EXP_U000301_10,U000301,2025-09-12,CH_SLEEP_001,1,model_reco,ins_high_wake_irregular,1,0
EXP_U000301_11,U000301,2025-09-16,CH_REG_002,1,model_reco,anx_high_anxiety,0,1
EXP_U000301_12,U000301,2025-09-19,CH_SLEEP_001,1,model_reco,ins_high_wake_irregular,1,0
EXP_U000301_13,U000301,2025-09-26,CH_SLEEP_001,1,model_reco,ins_high_wake_irregular,0,0
EXP_U000301_14,U000301,2025-10-01,CH_SLEEP_001,1,model_reco,ins_high_wake_irregular,0,1
EXP_U000302_1,U000302,2025-09-08,CH_ACT_003,1,model_reco,dep_low_activity,0,1
EXP_U000302_2,U000302,2025-09-26,CH_ACT_002,1,model_reco,dep_low_daylight,1,0
EXP_U000302_3,U000302,2025-09-28,CH_SOC_001,1,model_reco,low_social_contact,1,0
EXP_U000302_4,U000302,2025-10-01,CH_ACT_003,1,model_reco,dep_low_activity,0,1
EXP_U000302_5,U000302,2025-10-12,CH_ACT_003,1,model_reco,dep_low_activity,1,0
EXP_U000302_6,U000302,2025-10-18,CH_ACT_003,1,model_reco,dep_low_activity,1,0
EXP_U000302_7,U000302,2025-11-01,CH_ACT_003,1,model_reco,dep_low_activity,0,1
EXP_U000302_8,U000302,2025-11-04,CH_ACT_003,1,model_reco,dep_low_activity,1,0
EXP_U000304_1,U000304,2025-06-19,CH_SLEEP_001,1,model_reco,ins_high_wake_irregular,0,1
EXP_U000304_2,U000304,2025-06-21,CH_SLEEP_001,1,model_reco,ins_high_wake_irregular,1,0
EXP_U000304_3,U000304,2025-06-22,CH_SLEEP_001,1,model_reco,ins_high_wake_irregular,0,1
EXP_U000304_4,U000304,2025-06-28,CH_SLEEP_001,1,model_reco,ins_high_wake_irregular,0,1
EXP_U000304_5,U000304,2025-07-30,CH_SLEEP_001,1,model_reco,ins_high_wake_irregular,0,0
EXP_U000304_6,U000304,2025-07-31,CH_SLEEP_001,1,model_reco,ins_high_wake_irregular,0,0
EXP_U000304_7,U000304,2025-08-06,CH_SLEEP_001,1,model_reco,ins_high_wake_irregular,0,0
EXP_U000304_8,U000304,2025-08-20,CH_SLEEP_001,1,model_reco,ins_high_wake_irregular,0,1
EXP_U000304_9,U000304,2025-08-27,CH_SLEEP_001,1,model_reco,ins_high_wake_irregular,0,1
EXP_U000304_10,U000304,2025-08-28,CH_SLEEP_001,1,model_reco,ins_high_wake_irregular,0,0
EXP_U000304_11,U000304,2025-09-07,CH_SLEEP_001,1,model_reco,ins_high_wake_irregular,1,0
EXP_U000305_1,U000305,2025-07-11,CH_ACT_003,1,model_reco,dep_low_activity,0,0
EXP_U000305_2,U000305,2025-07-14,CH_SOC_001,1,model_reco,low_social_contact,1,0
EXP_U000305_3,U000305,2025-07-21,CH_ACT_003,1,model_reco,dep_low_activity,0,1
EXP_U000305_4,U000305,2025-07-28,CH_ACT_002,1,model_reco,dep_low_daylight,0,1
EXP_U000305_5,U000305,2025-08-05,CH_ACT_002,1,model_reco,dep_low_daylight,0,0
EXP_U000305_6,U000305,2025-09-08,CH_ACT_002,1,model_reco,dep_low_daylight,0,1
EXP_U000305_7,U000305,2025-09-25,CH_ACT_003,1,model_reco,dep_low_activity,0,1
EXP_U000307_1,U000307,2025-07-25,CH_SLEEP_001,1,model_reco,ins_high_wake_irregular,0,0
EXP_U000307_2,U000307,2025-07-29,CH_SLEEP_001,1,model_reco,ins_high_wake_irregular,0,1
EXP_U000307_3,U000307,2025-08-06,CH_SLEEP_001,1,model_reco,ins_high_wake_irregular,0,1
EXP_U000307_4,U000307,2025-08-08,CH_SLEEP_001,1,model_reco,ins_high_wake_irregular,0,0
EXP_U000307_5,U000307,2025-08-12,CH_SLEEP_001,1,model_reco,ins_high_wake_irregular,0,1
EXP_U000307_6,U000307,2025-08-16,CH_SLEEP_001,1,model_reco,ins_high_wake_irregular,1,0
EXP_U000307_7,U000307,2025-08-17,CH_ACT_002,1,model_reco,dep_low_daylight,0,0
EXP_U000307_8,U000307,2025-08-20,CH_ACT_003,1,model_reco,dep_low_activity,0,0
EXP_U000307_9,U000307,2025-08-22,CH_ACT_003,1,model_reco,dep_low_activity,0,1
EXP_U000307_10,U000307,2025-08-27,CH_SLEEP_001,1,model_reco,ins_high_wake_irregular,1,0
EXP_U000307_11,U000307,2025-08-29,CH_ACT_003,1,model_reco,dep_low_activity,1,0
EXP_U000307_12,U000307,2025-08-31,CH_SLEEP_001,1,model_reco,ins_high_wake_irregular,1,0
EXP_U000307_13,U000307,2025-09-03,CH_ACT_003,1,model_reco,dep_low_activity,0,0
EXP_U000307_14,U000307,2025-09-06,CH_ACT_003,1,model_reco,dep_low_activity,0,1
EXP_U000307_15,U000307,2025-09-07,CH_SLEEP_001,1,model_reco,ins_high_wake_irregular,1,0
EXP_U000307_16,U000307,2025-09-08,CH_ACT_002,1,model_reco,dep_low_daylight,0,0
EXP_U000307_17,U000307,2025-09-11,CH_ACT_002,1,model_reco,dep_low_daylight,0,1
EXP_U000307_18,U000307,2025-09-12,CH_ACT_003,1,model_reco,dep_low_activity,0,1
EXP_U000307_19,U000307,2025-09-16,CH_SLEEP_001,1,model_reco,ins_high_wake_irregular,0,0
EXP_U000307_20,U000307,2025-09-21,CH_SLEEP_001,1,model_reco,ins_high_wake_irregular,0,0
EXP_U000307_21,U000307,2025-09-26,CH_SLEEP_001,1,model_reco,ins_high_wake_irregular,0,0
EXP_U000307_22,U000307,2025-10-02,CH_SLEEP_001,1,model_reco,ins_high_wake_irregular,0,0
EXP_U000307_23,U000307,2025-10-04,CH_SLEEP_001,1,model_reco,ins_high_wake_irregular,1,0
EXP_U000307_24,U000307,2025-10-05,CH_ACT_002,1,model_reco,dep_low_daylight,0,1
EXP_U000307_25,U000307,2025-10-10,CH_ACT_002,1,model_reco,dep_low_daylight,0,1
EXP_U000308_1,U000308,2025-07-06,CH_SLEEP_001,1,model_reco,ins_high_wake_irregular,0,0
EXP_U000308_2,U000308,2025-07-27,CH_SLEEP_001,1,model_reco,ins_high_wake_irregular,1,0
EXP_U000308_3,U000308,2025-08-17,CH_SLEEP_001,1,model_reco,ins_high_wake_irregular,0,1
EXP_U000308_4,U000308,2025-09-11,CH_SLEEP_001,1,model_reco,ins_high_wake_irregular,0,1
EXP_U000309_1,U000309,2025-07-26,CH_REG_002,1,model_reco,anx_high_anxiety,1,0
EXP_U000309_2,U000309,2025-07-31,CH_REG_001,1,model_reco,anx_high_anxiety,0,0
EXP_U000309_3,U000309,2025-08-02,CH_REG_001,1,model_reco,anx_high_anxiety,1,0
EXP_U000309_4,U000309,2025-08-09,CH_REG_001,1,model_reco,anx_high_anxiety,0,1
EXP_U000309_5,U000309,2025-08-10,CH_REG_002,1,model_reco,anx_high_anxiety,1,0
EXP_U000309_6,U000309,2025-08-11,CH_REG_002,1,model_reco,anx_high_anxiety,0,1
EXP_U000309_7,U000309,2025-08-13,CH_REG_001,1,model_reco,anx_high_anxiety,0,1
EXP_U000309_8,U000309,2025-08-14,CH_REG_002,1,model_reco,anx_high_anxiety,1,0
EXP_U000309_9,U000309,2025-08-18,CH_REG_001,1,model_reco,anx_high_anxiety,1,0
EXP_U000309_10,U000309,2025-08-20,CH_REG_001,1,model_reco,anx_high_anxiety,0,0
EXP_U000309_11,U000309,2025-08-22,CH_REG_002,1,model_reco,anx_high_anxiety,0,1
EXP_U000309_12,U000309,2025-08-23,CH_REG_001,1,model_reco,anx_high_anxiety,1,0
EXP_U000309_13,U000309,2025-08-29,CH_REG_001,1,model_reco,anx_high_anxiety,1,0
EXP_U000309_14,U000309,2025-08-30,CH_REG_001,1,model_reco,anx_high_anxiety,1,0
EXP_U000309_15,U000309,2025-09-02,CH_REG_001,1,model_reco,anx_high_anxiety,1,0
EXP_U000309_16,U000309,2025-09-03,CH_REG_001,1,model_reco,anx_high_anxiety,0,0
EXP_U000309_17,U000309,2025-09-07,CH_REG_001,1,model_reco,anx_high_anxiety,1,0
EXP_U000309_18,U000309,2025-09-09,CH_REG_002,1,model_reco,anx_high_anxiety,0,0
EXP_U000309_19,U000309,2025-09-14,CH_REG_001,1,model_reco,anx_high_anxiety,1,0
EXP_U000309_20,U000309,2025-09-19,CH_REG_001,1,model_reco,anx_high_anxiety,0,1
EXP_U000309_21,U000309,2025-09-29,CH_REG_001,1,model_reco,anx_high_anxiety,1,0
EXP_U000309_22,U000309,2025-10-06,CH_REG_001,1,model_reco,anx_high_anxiety,0,1
EXP_U000309_23,U000309,2025-10-11,CH_REG_001,1,model_reco,anx_high_anxiety,0,1
EXP_U000310_1,U000310,2025-07-25,CH_SLEEP_001,1,model_reco,ins_high_wake_irregular,0,0
EXP_U000310_2,U000310,2025-07-26,CH_SLEEP_001,1,model_reco,ins_high_wake_irregular,0,0
EXP_U000310_3,U000310,2025-07-27,CH_SLEEP_001,1,model_reco,ins_high_wake_irregular,1,0
EXP_U000310_4,U000310,2025-07-29,CH_ACT_003,1,model_reco,dep_low_activity,0,1
EXP_U000310_5,U000310,2025-08-01,CH_ACT_003,1,model_reco,dep_low_activity,0,1
EXP_U000310_6,U000310,2025-08-03,CH_SLEEP_001,1,model_reco,ins_high_wake_irregular,0,0
EXP_U000310_7,U000310,2025-08-17,CH_SLEEP_001,1,model_reco,ins_high_wake_irregular,0,0
EXP_U000310_8,U000310,2025-08-23,CH_SLEEP_001,1,model_reco,ins_high_wake_irregular,0,1
EXP_U000310_9,U000310,2025-09-05,CH_SLEEP_001,1,model_reco,ins_high_wake_irregular,0,0
EXP_U000310_10,U000310,2025-09-07,CH_SLEEP_001,1,model_reco,ins_high_wake_irregular,1,0
EXP_U000310_11,U000310,2025-09-16,CH_SLEEP_001,1,model_reco,ins_high_wake_irregular,0,0
EXP_U000310_12,U000310,2025-09-20,CH_SLEEP_001,1,model_reco,ins_high_wake_irregular,0,0
EXP_U000310_13,U000310,2025-09-27,CH_SLEEP_001,1,model_reco,ins_high_wake_irregular,0,0
EXP_U000310_14,U000310,2025-10-04,CH_SLEEP_001,1,model_reco,ins_high_wake_irregular,0,1
EXP_U000310_15,U000310,2025-10-10,CH_SLEEP_001,1,model_reco,ins_high_wake_irregular,0,1
EXP_U000310_16,U000310,2025-10-14,CH_SLEEP_001,1,model_reco,ins_high_wake_irregular,0,0
EXP_U000311_1,U000311,2025-07-22,CH_SLEEP_001,1,model_reco,ins_high_wake_irregular,0,1
EXP_U000311_2,U000311,2025-07-23,CH_ACT_002,1,model_reco,dep_low_daylight,1,0
EXP_U000311_3,U000311,2025-07-26,CH_SLEEP_001,1,model_reco,ins_high_wake_irregular,1,0
EXP_U000311_4,U000311,2025-07-28,CH_ACT_002,1,model_reco,dep_low_daylight,0,1
EXP_U000311_5,U000311,2025-07-30,CH_ACT_003,1,model_reco,dep_low_activity,0,0
EXP_U000311_6,U000311,2025-07-31,CH_ACT_002,1,model_reco,dep_low_daylight,0,1
EXP_U000311_7,U000311,2025-08-12,CH_SLEEP_001,1,model_reco,ins_high_wake_irregular,0,0
EXP_U000311_8,U000311,2025-08-14,CH_SLEEP_001,1,model_reco,ins_high_wake_irregular,0,0
EXP_U000311_9,U000311,2025-08-16,CH_SLEEP_001,1,model_reco,ins_high_wake_irregular,0,0
EXP_U000311_10,U000311,2025-08-21,CH_SLEEP_001,1,model_reco,ins_high_wake_irregular,0,0
EXP_U000311_11,U000311,2025-08-24,CH_SLEEP_001,1,model_reco,ins_high_wake_irregular,0,1
EXP_U000311_12,U000311,2025-08-27,CH_SLEEP_001,1,model_reco,ins_high_wake_irregular,1,0
EXP_U000311_13,U000311,2025-08-28,CH_ACT_002,1,model_reco,dep_low_daylight,0,1
EXP_U000311_14,U000311,2025-08-29,CH_ACT_003,1,model_reco,dep_low_activity,0,1
EXP_U000311_15,U000311,2025-08-30,CH_ACT_003,1,model_reco,dep_low_activity,0,1
EXP_U000311_16,U000311,2025-09-12,CH_SLEEP_001,1,model_reco,ins_high_wake_irregular,0,1
EXP_U000311_17,U000311,2025-09-17,CH_SLEEP_001,1,model_reco,ins_high_wake_irregular,0,1
EXP_U000311_18,U000311,2025-09-19,CH_ACT_003,1,model_reco,dep_low_activity,0,0
EXP_U000311_19,U000311,2025-09-21,CH_SLEEP_001,1,model_reco,ins_high_wake_irregular,0,1
EXP_U000311_20,U000311,2025-09-25,CH_SLEEP_001,1,model_reco,ins_high_wake_irregular,0,1
EXP_U000311_21,U000311,2025-09-30,CH_SLEEP_001,1,model_reco,ins_high_wake_irregular,1,0
EXP_U000311_22,U000311,2025-10-03,CH_ACT_002,1,model_reco,dep_low_daylight,0,1
EXP_U000311_23,U000311,2025-10-08,CH_SLEEP_001,1,model_reco,ins_high_wake_irregular,1,0
EXP_U000311_24,U000311,2025-10-11,CH_ACT_003,1,model_reco,dep_low_activity,0,0
EXP_U000311_25,U000311,2025-10-13,CH_ACT_003,1,model_reco,dep_low_activity,0,1
EXP_U000312_1,U000312,2025-08-16,CH_ACT_002,1,model_reco,dep_low_daylight,0,1
EXP_U000312_2,U000312,2025-08-17,CH_ACT_003,1,model_reco,dep_low_activity,0,1
EXP_U000312_3,U000312,2025-08-18,CH_ACT_003,1,model_reco,dep_low_activity,0,1
EXP_U000312_4,U000312,2025-08-22,CH_ACT_003,1,model_reco,dep_low_activity,1,0
EXP_U000312_5,U000312,2025-08-26,CH_ACT_002,1,model_reco,dep_low_daylight,1,0
EXP_U000312_6,U000312,2025-09-02,CH_ACT_002,1,model_reco,dep_low_daylight,1,0
EXP_U000312_7,U000312,2025-09-08,CH_ACT_002,1,model_reco,dep_low_daylight,0,0
EXP_U000312_8,U000312,2025-09-13,CH_ACT_003,1,model_reco,dep_low_activity,1,0
EXP_U000312_9,U000312,2025-09-16,CH_ACT_003,1,model_reco,dep_low_activity,0,1
EXP_U000312_10,U000312,2025-09-30,CH_ACT_002,1,model_reco,dep_low_daylight,0,0
EXP_U000312_11,U000312,2025-10-02,CH_ACT_003,1,model_reco,dep_low_activity,0,1
EXP_U000312_12,U000312,2025-10-08,CH_ACT_003,1,model_reco,dep_low_activity,1,0
EXP_U000312_13,U000312,2025-10-17,CH_ACT_002,1,model_reco,dep_low_daylight,0,1
EXP_U000312_14,U000312,2025-10-19,CH_ACT_002,1,model_reco,dep_low_daylight,1,0
EXP_U000312_15,U000312,2025-10-21,CH_SOC_001,1,model_reco,low_social_contact,1,0
EXP_U000312_16,U000312,2025-10-22,CH_ACT_002,1,model_reco,dep_low_daylight,1,0
EXP_U000312_17,U000312,2025-10-30,CH_ACT_003,1,model_reco,dep_low_activity,1,0
EXP_U000312_18,U000312,2025-11-06,CH_ACT_002,1,model_reco,dep_low_daylight,0,0
EXP_U000313_1,U000313,2025-06-17,CH_REG_001,1,model_reco,anx_high_anxiety,1,0
EXP_U000313_2,U000313,2025-07-06,CH_ACT_002,1,model_reco,dep_low_daylight,0,1
EXP_U000313_3,U000313,2025-07-28,CH_ACT_003,1,model_reco,dep_low_activity,0,0
EXP_U000313_4,U000313,2025-07-29,CH_ACT_002,1,model_reco,dep_low_daylight,0,0
EXP_U000313_5,U000313,2025-08-06,CH_SLEEP_001,1,model_reco,ins_high_wake_irregular,0,1
EXP_U000313_6,U000313,2025-08-12,CH_ACT_002,1,model_reco,dep_low_daylight,0,0
EXP_U000313_7,U000313,2025-08-22,CH_SLEEP_001,1,model_reco,ins_high_wake_irregular,0,1
EXP_U000313_8,U000313,2025-08-24,CH_ACT_001,1,model_reco,dep_low_energy,0,1
EXP_U000313_9,U000313,2025-08-30,CH_ACT_003,1,model_reco,dep_low_activity,1,0
EXP_U000313_10,U000313,2025-09-04,CH_ACT_003,1,model_reco,dep_low_activity,0,1
EXP_U000314_1,U000314,2025-09-01,CH_ACT_003,1,model_reco,dep_low_activity,1,0
EXP_U000314_2,U000314,2025-09-10,CH_ACT_002,1,model_reco,dep_low_daylight,1,0
EXP_U000314_3,U000314,2025-09-13,CH_ACT_003,1,model_reco,dep_low_activity,1,0
EXP_U000314_4,U000314,2025-09-15,CH_SOC_001,1,model_reco,low_social_contact,0,0
EXP_U000314_5,U000314,2025-09-18,CH_ACT_002,1,model_reco,dep_low_daylight,0,1
EXP_U000314_6,U000314,2025-09-22,CH_SLEEP_001,1,model_reco,ins_high_wake_irregular,0,0
EXP_U000314_7,U000314,2025-09-24,CH_ACT_003,1,model_reco,dep_low_activity,0,0
EXP_U000314_8,U000314,2025-09-28,CH_ACT_003,1,model_reco,dep_low_activity,0,0
EXP_U000314_9,U000314,2025-09-29,CH_SLEEP_001,1,model_reco,ins_high_wake_irregular,0,1
EXP_U000314_10,U000314,2025-09-30,CH_SLEEP_001,1,model_reco,ins_high_wake_irregular,0,0
EXP_U000314_11,U000314,2025-10-02,CH_SLEEP_001,1,model_reco,ins_high_wake_irregular,0,1
EXP_U000314_12,U000314,2025-10-03,CH_ACT_002,1,model_reco,dep_low_daylight,0,1
EXP_U000314_13,U000314,2025-10-05,CH_SLEEP_001,1,model_reco,ins_high_wake_irregular,1,0
EXP_U000314_14,U000314,2025-10-07,CH_ACT_003,1,model_reco,dep_low_activity,0,1
EXP_U000314_15,U000314,2025-10-14,CH_ACT_003,1,model_reco,dep_low_activity,0,1
EXP_U000314_16,U000314,2025-10-15,CH_ACT_002,1,model_reco,dep_low_daylight,0,0
EXP_U000314_17,U000314,2025-10-16,CH_ACT_003,1,model_reco,dep_low_activity,0,0
EXP_U000314_18,U000314,2025-10-27,CH_SLEEP_001,1,model_reco,ins_high_wake_irregular,0,1
EXP_U000314_19,U000314,2025-10-28,CH_ACT_003,1,model_reco,dep_low_activity,0,1
EXP_U000314_20,U000314,2025-10-29,CH_ACT_003,1,model_reco,dep_low_activity,0,0
EXP_U000314_21,U000314,2025-10-30,CH_ACT_003,1,model_reco,dep_low_activity,0,1
EXP_U000314_22,U000314,2025-11-05,CH_ACT_003,1,model_reco,dep_low_activity,1,0
EXP_U000314_23,U000314,2025-11-13,CH_ACT_002,1,model_reco,dep_low_daylight,0,0
EXP_U000314_24,U000314,2025-11-21,CH_ACT_002,1,model_reco,dep_low_daylight,0,0
EXP_U000315_1,U000315,2025-09-18,CH_ACT_001,1,model_reco,dep_low_energy,0,1
EXP_U000315_2,U000315,2025-10-03,CH_ACT_001,1,model_reco,dep_low_energy,1,0
EXP_U000315_3,U000315,2025-10-13,CH_ACT_002,1,model_reco,dep_low_daylight,1,0
EXP_U000316_1,U000316,2025-08-06,CH_SLEEP_001,1,model_reco,ins_high_wake_irregular,0,0
EXP_U000316_2,U000316,2025-09-05,CH_REG_002,1,model_reco,anx_high_anxiety,1,0
EXP_U000316_3,U000316,2025-09-17,CH_ACT_001,1,model_reco,dep_low_energy,0,0
EXP_U000316_4,U000316,2025-09-30,CH_ACT_002,1,model_reco,dep_low_daylight,0,0
EXP_U000317_1,U000317,2025-08-30,CH_SLEEP_001,1,model_reco,ins_high_wake_irregular,1,0
EXP_U000317_2,U000317,2025-09-02,CH_ACT_003,1,model_reco,dep_low_activity,0,1
EXP_U000317_3,U000317,2025-09-11,CH_SLEEP_001,1,model_reco,ins_high_wake_irregular,0,0
EXP_U000317_4,U000317,2025-09-12,CH_SLEEP_001,1,model_reco,ins_high_wake_irregular,1,0
EXP_U000317_5,U000317,2025-09-16,CH_ACT_002,1,model_reco,dep_low_daylight,0,1
EXP_U000317_6,U000317,2025-09-20,CH_SLEEP_001,1,model_reco,ins_high_wake_irregular,1,0
EXP_U000317_7,U000317,2025-09-26,CH_ACT_002,1,model_reco,dep_low_daylight,0,0
EXP_U000317_8,U000317,2025-09-27,CH_SLEEP_001,1,model_reco,ins_high_wake_irregular,1,0
EXP_U000317_9,U000317,2025-09-28,CH_ACT_003,1,model_reco,dep_low_activity,0,1
EXP_U000317_10,U000317,2025-10-05,CH_SLEEP_001,1,model_reco,ins_high_wake_irregular,0,1
EXP_U000317_11,U000317,2025-10-09,CH_SLEEP_001,1,model_reco,ins_high_wake_irregular,0,0
EXP_U000317_12,U000317,2025-10-13,CH_SLEEP_001,1,model_reco,ins_high_wake_irregular,1,0
EXP_U000317_13,U000317,2025-10-14,CH_ACT_002,1,model_reco,dep_low_daylight,0,1
EXP_U000317_14,U000317,2025-10-20,CH_SLEEP_001,1,model_reco,ins_high_wake_irregular,0,0
EXP_U000317_15,U000317,2025-10-23,CH_SLEEP_001,1,model_reco,ins_high_wake_irregular,1,0
EXP_U000317_16,U000317,2025-10-27,CH_ACT_003,1,model_reco,dep_low_activity,0,0
EXP_U000317_17,U000317,2025-11-02,CH_SLEEP_001,1,model_reco,ins_high_wake_irregular,1,0
EXP_U000317_18,U000317,2025-11-04,CH_ACT_003,1,model_reco,dep_low_activity,0,0
EXP_U000317_19,U000317,2025-11-11,CH_SLEEP_001,1,model_reco,ins_high_wake_irregular,1,0
EXP_U000317_20,U000317,2025-11-13,CH_ACT_002,1,model_reco,dep_low_daylight,0,1
EXP_U000317_21,U000317,2025-11-16,CH_ACT_002,1,model_reco,dep_low_daylight,0,1
EXP_U000318_1,U000318,2025-07-25,CH_REG_002,1,model_reco,anx_high_anxiety,0,0
EXP_U000318_2,U000318,2025-08-01,CH_WELL_001,1,model_reco,supportive_wellbeing,1,0
EXP_U000318_3,U000318,2025-08-15,CH_REG_001,1,model_reco,anx_high_anxiety,1,0
EXP_U000318_4,U000318,2025-08-16,CH_REG_002,1,model_reco,anx_high_anxiety,1,0
EXP_U000318_5,U000318,2025-09-06,CH_WELL_001,1,model_reco,supportive_wellbeing,1,0
EXP_U000318_6,U000318,2025-09-20,CH_REG_002,1,model_reco,anx_high_anxiety,0,1
EXP_U000319_1,U000319,2025-09-12,CH_SLEEP_001,1,model_reco,ins_high_wake_irregular,1,0
EXP_U000319_2,U000319,2025-09-18,CH_ACT_001,1,model_reco,dep_low_energy,0,0
EXP_U000319_3,U000319,2025-09-20,CH_SLEEP_001,1,model_reco,ins_high_wake_irregular,1,0
EXP_U000319_4,U000319,2025-09-21,CH_ACT_002,1,model_reco,dep_low_daylight,0,0
EXP_U000319_5,U000319,2025-09-25,CH_ACT_002,1,model_reco,dep_low_daylight,0,0
EXP_U000319_6,U000319,2025-09-28,CH_SLEEP_001,1,model_reco,ins_high_wake_irregular,1,0
EXP_U000319_7,U000319,2025-09-29,CH_ACT_002,1,model_reco,dep_low_daylight,0,0
EXP_U000319_8,U000319,2025-10-17,CH_SLEEP_001,1,model_reco,ins_high_wake_irregular,1,0
EXP_U000319_9,U000319,2025-10-28,CH_SLEEP_001,1,model_reco,ins_high_wake_irregular,0,1
EXP_U000319_10,U000319,2025-11-01,CH_ACT_002,1,model_reco,dep_low_daylight,0,0
EXP_U000319_11,U000319,2025-11-04,CH_ACT_002,1,model_reco,dep_low_daylight,1,0
EXP_U000319_12,U000319,2025-11-10,CH_SLEEP_001,1,model_reco,ins_high_wake_irregular,0,0
EXP_U000319_13,U000319,2025-11-16,CH_SLEEP_001,1,model_reco,ins_high_wake_irregular,1,0
EXP_U000319_14,U000319,2025-11-17,CH_REG_002,1,model_reco,anx_high_anxiety,1,0
EXP_U000320_1,U000320,2025-07-23,CH_REG_002,1,model_reco,anx_high_anxiety,0,1
EXP_U000320_2,U000320,2025-08-24,CH_REG_001,1,model_reco,anx_high_anxiety,1,0
EXP_U000320_3,U000320,2025-08-26,CH_REG_001,1,model_reco,anx_high_anxiety,1,0
EXP_U000320_4,U000320,2025-08-27,CH_REG_002,1,model_reco,anx_high_anxiety,1,0
EXP_U000320_5,U000320,2025-08-28,CH_REG_002,1,model_reco,anx_high_anxiety,0,0
EXP_U000320_6,U000320,2025-08-29,CH_REG_002,1,model_reco,anx_high_anxiety,1,0
EXP_U000320_7,U000320,2025-08-30,CH_REG_001,1,model_reco,anx_high_anxiety,0,1
EXP_U000321_1,U000321,2025-10-13,CH_WELL_001,1,model_reco,supportive_wellbeing,0,1
EXP_U000321_2,U000321,2025-10-27,CH_WELL_001,1,model_reco,supportive_wellbeing,0,0
EXP_U000321_3,U000321,2025-11-12,CH_WELL_001,1,model_reco,supportive_wellbeing,0,0
EXP_U000322_1,U000322,2025-10-01,CH_REG_001,1,model_reco,anx_high_anxiety,0,0
EXP_U000322_2,U000322,2025-10-18,CH_REG_002,1,model_reco,anx_high_anxiety,0,1
EXP_U000322_3,U000322,2025-10-20,CH_REG_001,1,model_reco,anx_high_anxiety,0,0
EXP_U000322_4,U000322,2025-10-25,CH_REG_001,1,model_reco,anx_high_anxiety,0,0
EXP_U000323_1,U000323,2025-08-27,CH_SLEEP_001,1,model_reco,ins_high_wake_irregular,0,1
EXP_U000323_2,U000323,2025-08-31,CH_SLEEP_001,1,model_reco,ins_high_wake_irregular,1,0
EXP_U000323_3,U000323,2025-09-06,CH_ACT_003,1,model_reco,dep_low_activity,0,1
EXP_U000323_4,U000323,2025-09-12,CH_SLEEP_001,1,model_reco,ins_high_wake_irregular,0,1
EXP_U000323_5,U000323,2025-09-18,CH_SLEEP_001,1,model_reco,ins_high_wake_irregular,0,1
EXP_U000323_6,U000323,2025-09-20,CH_SLEEP_001,1,model_reco,ins_high_wake_irregular,1,0
EXP_U000323_7,U000323,2025-09-28,CH_SLEEP_001,1,model_reco,ins_high_wake_irregular,1,0
EXP_U000323_8,U000323,2025-10-01,CH_ACT_002,1,model_reco,dep_low_daylight,0,0
EXP_U000323_9,U000323,2025-10-05,CH_SLEEP_001,1,model_reco,ins_high_wake_irregular,0,1
EXP_U000323_10,U000323,2025-10-06,CH_SLEEP_001,1,model_reco,ins_high_wake_irregular,1,0
EXP_U000323_11,U000323,2025-10-09,CH_ACT_003,1,model_reco,dep_low_activity,0,1
EXP_U000323_12,U000323,2025-10-15,CH_SLEEP_001,1,model_reco,ins_high_wake_irregular,0,1
EXP_U000323_13,U000323,2025-10-16,CH_SLEEP_001,1,model_reco,ins_high_wake_irregular,0,1
EXP_U000323_14,U000323,2025-10-17,CH_SLEEP_001,1,model_reco,ins_high_wake_irregular,1,0
EXP_U000323_15,U000323,2025-10-19,CH_ACT_002,1,model_reco,dep_low_daylight,0,0
EXP_U000323_16,U000323,2025-10-20,CH_ACT_002,1,model_reco,dep_low_daylight,1,0
EXP_U000323_17,U000323,2025-10-29,CH_SLEEP_001,1,model_reco,ins_high_wake_irregular,0,0
EXP_U000323_18,U000323,2025-10-30,CH_SLEEP_001,1,model_reco,ins_high_wake_irregular,0,1
EXP_U000323_19,U000323,2025-11-02,CH_SLEEP_001,1,model_reco,ins_high_wake_irregular,0,0
EXP_U000323_20,U000323,2025-11-09,CH_SLEEP_001,1,model_reco,ins_high_wake_irregular,0,1
EXP_U000323_21,U000323,2025-11-11,CH_SLEEP_001,1,model_reco,ins_high_wake_irregular,0,0
EXP_U000323_22,U000323,2025-11-13,CH_SLEEP_001,1,model_reco,ins_high_wake_irregular,1,0
EXP_U000323_23,U000323,2025-11-14,CH_ACT_003,1,model_reco,dep_low_activity,0,0
EXP_U000323_24,U000323,2025-11-15,CH_ACT_003,1,model_reco,dep_low_activity,1,0
EXP_U000323_25,U000323,2025-11-16,CH_ACT_003,1,model_reco,dep_low_activity,1,0
EXP_U000324_1,U000324,2025-06-26,CH_ACT_002,1,model_reco,dep_low_daylight,0,0
EXP_U000324_2,U000324,2025-06-29,CH_ACT_002,1,model_reco,dep_low_daylight,0,1
EXP_U000324_3,U000324,2025-07-03,CH_ACT_002,1,model_reco,dep_low_daylight,0,0
EXP_U000324_4,U000324,2025-07-04,CH_ACT_003,1,model_reco,dep_low_activity,1,0
EXP_U000324_5,U000324,2025-07-07,CH_ACT_002,1,model_reco,dep_low_daylight,1,0
EXP_U000324_6,U000324,2025-07-13,CH_ACT_003,1,model_reco,dep_low_activity,0,0
EXP_U000324_7,U000324,2025-07-17,CH_ACT_002,1,model_reco,dep_low_daylight,1,0
EXP_U000324_8,U000324,2025-07-19,CH_SOC_001,1,model_reco,low_social_contact,0,1
EXP_U000324_9,U000324,2025-07-22,CH_SOC_001,1,model_reco,low_social_contact,0,1
EXP_U000324_10,U000324,2025-07-24,CH_SOC_001,1,model_reco,low_social_contact,1,0
EXP_U000324_11,U000324,2025-07-29,CH_ACT_003,1,model_reco,dep_low_activity,1,0
EXP_U000324_12,U000324,2025-08-09,CH_ACT_002,1,model_reco,dep_low_daylight,0,0
EXP_U000324_13,U000324,2025-08-13,CH_ACT_003,1,model_reco,dep_low_activity,0,1
EXP_U000324_14,U000324,2025-08-19,CH_ACT_003,1,model_reco,dep_low_activity,0,1
EXP_U000324_15,U000324,2025-08-20,CH_ACT_003,1,model_reco,dep_low_activity,0,0
EXP_U000324_16,U000324,2025-08-22,CH_ACT_002,1,model_reco,dep_low_daylight,0,1
EXP_U000324_17,U000324,2025-08-29,CH_ACT_003,1,model_reco,dep_low_activity,0,1
EXP_U000324_18,U000324,2025-08-30,CH_ACT_003,1,model_reco,dep_low_activity,0,0
EXP_U000324_19,U000324,2025-09-10,CH_ACT_002,1,model_reco,dep_low_daylight,0,0
EXP_U000324_20,U000324,2025-09-17,CH_ACT_002,1,model_reco,dep_low_daylight,0,0
EXP_U000326_1,U000326,2025-07-07,CH_SLEEP_001,1,model_reco,ins_high_wake_irregular,0,0
EXP_U000326_2,U000326,2025-07-09,CH_SLEEP_001,1,model_reco,ins_high_wake_irregular,0,0
EXP_U000326_3,U000326,2025-07-10,CH_SLEEP_001,1,model_reco,ins_high_wake_irregular,0,0
EXP_U000326_4,U000326,2025-07-16,CH_SLEEP_001,1,model_reco,ins_high_wake_irregular,0,1
EXP_U000326_5,U000326,2025-07-25,CH_SLEEP_001,1,model_reco,ins_high_wake_irregular,0,1
EXP_U000326_6,U000326,2025-08-07,CH_SLEEP_001,1,model_reco,ins_high_wake_irregular,0,0
EXP_U000326_7,U000326,2025-08-15,CH_SLEEP_001,1,model_reco,ins_high_wake_irregular,0,1
EXP_U000326_8,U000326,2025-08-22,CH_SLEEP_001,1,model_reco,ins_high_wake_irregular,1,0
EXP_U000326_9,U000326,2025-08-29,CH_SLEEP_001,1,model_reco,ins_high_wake_irregular,0,0
EXP_U000326_10,U000326,2025-08-30,CH_SLEEP_001,1,model_reco,ins_high_wake_irregular,1,0
EXP_U000326_11,U000326,2025-09-18,CH_SLEEP_001,1,model_reco,ins_high_wake_irregular,0,1
EXP_U000326_12,U000326,2025-09-19,CH_SLEEP_001,1,model_reco,ins_high_wake_irregular,0,1
EXP_U000326_13,U000326,2025-09-23,CH_SLEEP_001,1,model_reco,ins_high_wake_irregular,0,0
EXP_U000327_1,U000327,2025-09-08,CH_SLEEP_001,1,model_reco,ins_high_wake_irregular,0,1
EXP_U000327_2,U000327,2025-11-10,CH_SLEEP_001,1,model_reco,ins_high_wake_irregular,1,0
EXP_U000327_3,U000327,2025-11-11,CH_SLEEP_001,1,model_reco,ins_high_wake_irregular,0,0
EXP_U000327_4,U000327,2025-11-12,CH_SLEEP_001,1,model_reco,ins_high_wake_irregular,0,1
EXP_U000328_1,U000328,2025-08-18,CH_ACT_003,1,model_reco,dep_low_activity,0,0
EXP_U000328_2,U000328,2025-08-19,CH_ACT_002,1,model_reco,dep_low_daylight,0,1
EXP_U000328_3,U000328,2025-08-28,CH_ACT_002,1,model_reco,dep_low_daylight,0,1
EXP_U000328_4,U000328,2025-09-05,CH_ACT_002,1,model_reco,dep_low_daylight,0,0
EXP_U000328_5,U000328,2025-09-07,CH_ACT_002,1,model_reco,dep_low_daylight,0,0
EXP_U000328_6,U000328,2025-09-10,CH_ACT_003,1,model_reco,dep_low_activity,0,1
EXP_U000328_7,U000328,2025-09-13,CH_ACT_002,1,model_reco,dep_low_daylight,0,1
EXP_U000328_8,U000328,2025-09-17,CH_ACT_002,1,model_reco,dep_low_daylight,0,1
EXP_U000328_9,U000328,2025-09-19,CH_ACT_001,1,model_reco,dep_low_energy,1,0
EXP_U000328_10,U000328,2025-09-26,CH_ACT_002,1,model_reco,dep_low_daylight,0,1
EXP_U000328_11,U000328,2025-09-28,CH_ACT_003,1,model_reco,dep_low_activity,0,0
EXP_U000328_12,U000328,2025-09-30,CH_ACT_003,1,model_reco,dep_low_activity,0,1
EXP_U000328_13,U000328,2025-10-03,CH_ACT_003,1,model_reco,dep_low_activity,0,1
EXP_U000328_14,U000328,2025-10-04,CH_ACT_003,1,model_reco,dep_low_activity,0,1
EXP_U000328_15,U000328,2025-10-06,CH_ACT_002,1,model_reco,dep_low_daylight,1,0
EXP_U000328_16,U000328,2025-10-18,CH_ACT_001,1,model_reco,dep_low_energy,0,0
EXP_U000328_17,U000328,2025-10-20,CH_ACT_002,1,model_reco,dep_low_daylight,1,0
EXP_U000328_18,U000328,2025-10-22,CH_REG_001,1,model_reco,anx_high_anxiety,0,0
EXP_U000328_19,U000328,2025-10-25,CH_ACT_002,1,model_reco,dep_low_daylight,0,1
EXP_U000328_20,U000328,2025-10-27,CH_ACT_002,1,model_reco,dep_low_daylight,1,0
EXP_U000328_21,U000328,2025-10-30,CH_ACT_002,1,model_reco,dep_low_daylight,0,1
EXP_U000329_1,U000329,2025-10-16,CH_REG_002,1,model_reco,anx_high_anxiety,0,1
EXP_U000329_2,U000329,2025-10-17,CH_REG_002,1,model_reco,anx_high_anxiety,0,0
EXP_U000330_1,U000330,2025-08-29,CH_REG_001,1,model_reco,anx_high_anxiety,1,0
EXP_U000331_1,U000331,2025-07-11,CH_SLEEP_001,1,model_reco,ins_high_wake_irregular,0,1
EXP_U000331_2,U000331,2025-07-16,CH_SLEEP_001,1,model_reco,ins_high_wake_irregular,0,1
EXP_U000331_3,U000331,2025-07-19,CH_SLEEP_001,1,model_reco,ins_high_wake_irregular,1,0
EXP_U000331_4,U000331,2025-07-20,CH_REG_001,1,model_reco,anx_high_anxiety,0,0
EXP_U000331_5,U000331,2025-07-23,CH_SLEEP_001,1,model_reco,ins_high_wake_irregular,0,1
EXP_U000331_6,U000331,2025-08-01,CH_SLEEP_001,1,model_reco,ins_high_wake_irregular,0,0
EXP_U000331_7,U000331,2025-08-02,CH_SLEEP_001,1,model_reco,ins_high_wake_irregular,0,0
EXP_U000331_8,U000331,2025-08-05,CH_SLEEP_001,1,model_reco,ins_high_wake_irregular,1,0
EXP_U000331_9,U000331,2025-08-13,CH_SLEEP_001,1,model_reco,ins_high_wake_irregular,0,0
EXP_U000331_10,U000331,2025-08-21,CH_SLEEP_001,1,model_reco,ins_high_wake_irregular,1,0
EXP_U000331_11,U000331,2025-08-25,CH_REG_001,1,model_reco,anx_high_anxiety,0,0
EXP_U000331_12,U000331,2025-08-28,CH_SLEEP_001,1,model_reco,ins_high_wake_irregular,1,0
EXP_U000331_13,U000331,2025-08-29,CH_REG_002,1,model_reco,anx_high_anxiety,0,0
EXP_U000331_14,U000331,2025-09-02,CH_REG_001,1,model_reco,anx_high_anxiety,0,1
EXP_U000331_15,U000331,2025-09-04,CH_SLEEP_001,1,model_reco,ins_high_wake_irregular,0,1
EXP_U000331_16,U000331,2025-09-06,CH_SLEEP_001,1,model_reco,ins_high_wake_irregular,0,1
EXP_U000331_17,U000331,2025-09-09,CH_SLEEP_001,1,model_reco,ins_high_wake_irregular,0,0
EXP_U000331_18,U000331,2025-09-17,CH_SLEEP_001,1,model_reco,ins_high_wake_irregular,0,0
EXP_U000331_19,U000331,2025-09-19,CH_SLEEP_001,1,model_reco,ins_high_wake_irregular,1,0
EXP_U000331_20,U000331,2025-09-25,CH_REG_001,1,model_reco,anx_high_anxiety,0,0
EXP_U000331_21,U000331,2025-09-26,CH_SLEEP_001,1,model_reco,ins_high_wake_irregular,0,1
EXP_U000331_22,U000331,2025-09-27,CH_SLEEP_001,1,model_reco,ins_high_wake_irregular,0,1
EXP_U000331_23,U000331,2025-09-29,CH_SLEEP_001,1,model_reco,ins_high_wake_irregular,1,0
EXP_U000332_1,U000332,2025-06-10,CH_ACT_002,1,model_reco,dep_low_daylight,1,0
EXP_U000332_2,U000332,2025-06-13,CH_ACT_003,1,model_reco,dep_low_activity,0,0
EXP_U000332_3,U000332,2025-06-21,CH_ACT_002,1,model_reco,dep_low_daylight,0,0
EXP_U000332_4,U000332,2025-06-26,CH_ACT_002,1,model_reco,dep_low_daylight,0,1
EXP_U000332_5,U000332,2025-06-29,CH_ACT_002,1,model_reco,dep_low_daylight,1,0
EXP_U000332_6,U000332,2025-07-04,CH_ACT_002,1,model_reco,dep_low_daylight,1,0
EXP_U000332_7,U000332,2025-07-10,CH_ACT_002,1,model_reco,dep_low_daylight,0,0
EXP_U000332_8,U000332,2025-07-11,CH_ACT_002,1,model_reco,dep_low_daylight,0,0
EXP_U000332_9,U000332,2025-07-29,CH_ACT_003,1,model_reco,dep_low_activity,0,0
EXP_U000332_10,U000332,2025-08-05,CH_SLEEP_001,1,model_reco,ins_high_wake_irregular,0,0
EXP_U000332_11,U000332,2025-08-11,CH_ACT_002,1,model_reco,dep_low_daylight,0,1
EXP_U000332_12,U000332,2025-08-14,CH_ACT_002,1,model_reco,dep_low_daylight,1,0
EXP_U000333_1,U000333,2025-07-27,CH_SLEEP_001,1,model_reco,ins_high_wake_irregular,0,0
EXP_U000333_2,U000333,2025-07-31,CH_SLEEP_001,1,model_reco,ins_high_wake_irregular,0,1
EXP_U000333_3,U000333,2025-08-11,CH_SLEEP_001,1,model_reco,ins_high_wake_irregular,0,1
EXP_U000333_4,U000333,2025-08-13,CH_SLEEP_001,1,model_reco,ins_high_wake_irregular,1,0
EXP_U000333_5,U000333,2025-08-22,CH_SLEEP_001,1,model_reco,ins_high_wake_irregular,0,1
EXP_U000333_6,U000333,2025-08-27,CH_SLEEP_001,1,model_reco,ins_high_wake_irregular,0,1
EXP_U000333_7,U000333,2025-09-01,CH_SLEEP_001,1,model_reco,ins_high_wake_irregular,0,1
EXP_U000333_8,U000333,2025-09-13,CH_SLEEP_001,1,model_reco,ins_high_wake_irregular,1,0
EXP_U000333_9,U000333,2025-09-19,CH_REG_001,1,model_reco,anx_high_anxiety,1,0
EXP_U000333_10,U000333,2025-09-25,CH_SLEEP_001,1,model_reco,ins_high_wake_irregular,0,1
EXP_U000333_11,U000333,2025-10-10,CH_SLEEP_001,1,model_reco,ins_high_wake_irregular,0,1
EXP_U000333_12,U000333,2025-10-15,CH_SLEEP_001,1,model_reco,ins_high_wake_irregular,0,1
EXP_U000336_1,U000336,2025-06-15,CH_REG_001,1,model_reco,anx_high_anxiety,1,0
EXP_U000336_2,U000336,2025-06-23,CH_REG_001,1,model_reco,anx_high_anxiety,1,0
EXP_U000336_3,U000336,2025-06-27,CH_REG_002,1,model_reco,anx_high_anxiety,0,1
EXP_U000336_4,U000336,2025-06-29,CH_REG_002,1,model_reco,anx_high_anxiety,0,0
EXP_U000336_5,U000336,2025-07-16,CH_REG_002,1,model_reco,anx_high_anxiety,1,0
EXP_U000336_6,U000336,2025-08-17,CH_REG_001,1,model_reco,anx_high_anxiety,1,0
EXP_U000336_7,U000336,2025-08-19,CH_SLEEP_001,1,model_reco,ins_high_wake_irregular,0,1
EXP_U000336_8,U000336,2025-08-25,CH_REG_002,1,model_reco,anx_high_anxiety,0,0
EXP_U000337_1,U000337,2025-08-30,CH_SLEEP_001,1,model_reco,ins_high_wake_irregular,0,1
EXP_U000337_2,U000337,2025-09-03,CH_SLEEP_001,1,model_reco,ins_high_wake_irregular,1,0
EXP_U000337_3,U000337,2025-11-11,CH_SLEEP_001,1,model_reco,ins_high_wake_irregular,0,0
EXP_U000338_1,U000338,2025-08-20,CH_REG_001,1,model_reco,anx_high_anxiety,1,0
EXP_U000338_2,U000338,2025-09-13,CH_SLEEP_001,1,model_reco,ins_high_wake_irregular,0,1
EXP_U000338_3,U000338,2025-09-20,CH_SLEEP_001,1,model_reco,ins_high_wake_irregular,0,0
EXP_U000338_4,U000338,2025-09-26,CH_REG_002,1,model_reco,anx_high_anxiety,0,0
EXP_U000338_5,U000338,2025-09-28,CH_REG_001,1,model_reco,anx_high_anxiety,1,0
EXP_U000338_6,U000338,2025-10-02,CH_REG_002,1,model_reco,anx_high_anxiety,1,0
EXP_U000338_7,U000338,2025-10-20,CH_REG_001,1,model_reco,anx_high_anxiety,0,1
EXP_U000338_8,U000338,2025-10-22,CH_REG_001,1,model_reco,anx_high_anxiety,1,0
EXP_U000338_9,U000338,2025-10-23,CH_REG_002,1,model_reco,anx_high_anxiety,1,0
EXP_U000338_10,U000338,2025-10-27,CH_SLEEP_001,1,model_reco,ins_high_wake_irregular,0,1
EXP_U000339_1,U000339,2025-06-07,CH_SLEEP_001,1,model_reco,ins_high_wake_irregular,1,0
EXP_U000339_2,U000339,2025-06-09,CH_REG_001,1,model_reco,anx_high_anxiety,0,0
EXP_U000339_3,U000339,2025-06-15,CH_SLEEP_001,1,model_reco,ins_high_wake_irregular,0,1
EXP_U000339_4,U000339,2025-06-30,CH_SLEEP_001,1,model_reco,ins_high_wake_irregular,1,0
EXP_U000339_5,U000339,2025-07-14,CH_SLEEP_001,1,model_reco,ins_high_wake_irregular,0,1
EXP_U000339_6,U000339,2025-07-19,CH_SLEEP_001,1,model_reco,ins_high_wake_irregular,0,1
EXP_U000339_7,U000339,2025-07-21,CH_SLEEP_001,1,model_reco,ins_high_wake_irregular,1,0
EXP_U000339_8,U000339,2025-07-31,CH_SLEEP_001,1,model_reco,ins_high_wake_irregular,1,0
EXP_U000339_9,U000339,2025-08-11,CH_SLEEP_001,1,model_reco,ins_high_wake_irregular,1,0
EXP_U000340_1,U000340,2025-06-24,CH_SLEEP_001,1,model_reco,ins_high_wake_irregular,0,1
EXP_U000340_2,U000340,2025-07-02,CH_SLEEP_001,1,model_reco,ins_high_wake_irregular,1,0
EXP_U000340_3,U000340,2025-07-12,CH_SLEEP_001,1,model_reco,ins_high_wake_irregular,0,0
EXP_U000340_4,U000340,2025-07-14,CH_SLEEP_001,1,model_reco,ins_high_wake_irregular,0,1
EXP_U000340_5,U000340,2025-07-26,CH_SLEEP_001,1,model_reco,ins_high_wake_irregular,0,0
EXP_U000340_6,U000340,2025-07-27,CH_SLEEP_001,1,model_reco,ins_high_wake_irregular,1,0
EXP_U000340_7,U000340,2025-08-09,CH_SLEEP_001,1,model_reco,ins_high_wake_irregular,1,0
EXP_U000340_8,U000340,2025-08-19,CH_SLEEP_001,1,model_reco,ins_high_wake_irregular,0,1
EXP_U000340_9,U000340,2025-08-26,CH_SLEEP_001,1,model_reco,ins_high_wake_irregular,0,1
EXP_U000340_10,U000340,2025-08-29,CH_SLEEP_001,1,model_reco,ins_high_wake_irregular,0,0
EXP_U000343_1,U000343,2025-07-15,CH_REG_001,1,model_reco,anx_high_anxiety,1,0
EXP_U000343_2,U000343,2025-07-21,CH_SLEEP_001,1,model_reco,ins_high_wake_irregular,0,0
EXP_U000343_3,U000343,2025-07-23,CH_SLEEP_001,1,model_reco,ins_high_wake_irregular,1,0
EXP_U000343_4,U000343,2025-07-31,CH_REG_001,1,model_reco,anx_high_anxiety,0,1
EXP_U000343_5,U000343,2025-08-06,CH_SLEEP_001,1,model_reco,ins_high_wake_irregular,0,1
EXP_U000343_6,U000343,2025-08-08,CH_SLEEP_001,1,model_reco,ins_high_wake_irregular,0,1
EXP_U000343_7,U000343,2025-08-23,CH_SLEEP_001,1,model_reco,ins_high_wake_irregular,1,0
EXP_U000343_8,U000343,2025-08-27,CH_REG_001,1,model_reco,anx_high_anxiety,0,0
EXP_U000343_9,U000343,2025-08-28,CH_REG_001,1,model_reco,anx_high_anxiety,1,0
EXP_U000343_10,U000343,2025-09-01,CH_SLEEP_001,1,model_reco,ins_high_wake_irregular,0,1
EXP_U000343_11,U000343,2025-09-11,CH_REG_002,1,model_reco,anx_high_anxiety,1,0
EXP_U000343_12,U000343,2025-09-14,CH_REG_001,1,model_reco,anx_high_anxiety,1,0
EXP_U000344_1,U000344,2025-08-09,CH_REG_001,1,model_reco,anx_high_anxiety,1,0
EXP_U000344_2,U000344,2025-08-22,CH_REG_001,1,model_reco,anx_high_anxiety,0,1
EXP_U000344_3,U000344,2025-08-31,CH_REG_001,1,model_reco,anx_high_anxiety,1,0
EXP_U000344_4,U000344,2025-09-03,CH_REG_001,1,model_reco,anx_high_anxiety,1,0
EXP_U000344_5,U000344,2025-09-12,CH_WELL_001,1,model_reco,supportive_wellbeing,1,0
EXP_U000344_6,U000344,2025-09-24,CH_REG_001,1,model_reco,anx_high_anxiety,0,0
EXP_U000344_7,U000344,2025-09-27,CH_REG_001,1,model_reco,anx_high_anxiety,1,0
EXP_U000345_1,U000345,2025-08-21,CH_ACT_003,1,model_reco,dep_low_activity,0,1
EXP_U000345_2,U000345,2025-08-24,CH_ACT_003,1,model_reco,dep_low_activity,0,1
EXP_U000345_3,U000345,2025-09-02,CH_SLEEP_001,1,model_reco,ins_high_wake_irregular,1,0
EXP_U000345_4,U000345,2025-09-16,CH_SLEEP_001,1,model_reco,ins_high_wake_irregular,0,0
EXP_U000345_5,U000345,2025-10-03,CH_ACT_003,1,model_reco,dep_low_activity,1,0
EXP_U000345_6,U000345,2025-10-23,CH_ACT_002,1,model_reco,dep_low_daylight,1,0
EXP_U000345_7,U000345,2025-11-03,CH_ACT_003,1,model_reco,dep_low_activity,0,1
EXP_U000345_8,U000345,2025-11-09,CH_ACT_003,1,model_reco,dep_low_activity,0,0
EXP_U000345_9,U000345,2025-11-11,CH_ACT_002,1,model_reco,dep_low_daylight,0,1
EXP_U000346_1,U000346,2025-06-16,CH_ACT_003,1,model_reco,dep_low_activity,1,0
EXP_U000346_2,U000346,2025-06-20,CH_ACT_002,1,model_reco,dep_low_daylight,0,0
EXP_U000346_3,U000346,2025-08-11,CH_ACT_003,1,model_reco,dep_low_activity,1,0
EXP_U000346_4,U000346,2025-08-13,CH_SOC_001,1,model_reco,low_social_contact,0,1
EXP_U000346_5,U000346,2025-09-06,CH_ACT_003,1,model_reco,dep_low_activity,1,0
EXP_U000347_1,U000347,2025-08-29,CH_SLEEP_001,1,model_reco,ins_high_wake_irregular,1,0
EXP_U000347_2,U000347,2025-10-04,CH_SLEEP_001,1,model_reco,ins_high_wake_irregular,0,1
EXP_U000347_3,U000347,2025-11-05,CH_REG_002,1,model_reco,anx_high_anxiety,0,0
EXP_U000348_1,U000348,2025-07-23,CH_REG_002,1,model_reco,anx_high_anxiety,0,1
EXP_U000348_2,U000348,2025-07-25,CH_REG_001,1,model_reco,anx_high_anxiety,1,0
EXP_U000348_3,U000348,2025-07-28,CH_REG_002,1,model_reco,anx_high_anxiety,0,0
EXP_U000348_4,U000348,2025-07-30,CH_REG_001,1,model_reco,anx_high_anxiety,1,0
EXP_U000348_5,U000348,2025-08-02,CH_REG_002,1,model_reco,anx_high_anxiety,0,0
EXP_U000348_6,U000348,2025-08-05,CH_REG_002,1,model_reco,anx_high_anxiety,1,0
EXP_U000348_7,U000348,2025-08-07,CH_REG_001,1,model_reco,anx_high_anxiety,0,0
EXP_U000348_8,U000348,2025-08-08,CH_REG_001,1,model_reco,anx_high_anxiety,0,1
EXP_U000348_9,U000348,2025-08-14,CH_ACT_001,1,model_reco,dep_low_energy,0,1
EXP_U000348_10,U000348,2025-08-15,CH_ACT_001,1,model_reco,dep_low_energy,1,0
EXP_U000348_11,U000348,2025-08-16,CH_REG_001,1,model_reco,anx_high_anxiety,0,1
EXP_U000348_12,U000348,2025-08-22,CH_REG_002,1,model_reco,anx_high_anxiety,0,1
EXP_U000348_13,U000348,2025-08-28,CH_REG_001,1,model_reco,anx_high_anxiety,0,0
EXP_U000348_14,U000348,2025-08-29,CH_REG_001,1,model_reco,anx_high_anxiety,1,0
EXP_U000348_15,U000348,2025-08-31,CH_ACT_001,1,model_reco,dep_low_energy,0,0
EXP_U000348_16,U000348,2025-09-09,CH_ACT_003,1,model_reco,dep_low_activity,1,0
EXP_U000348_17,U000348,2025-09-10,CH_REG_001,1,model_reco,anx_high_anxiety,0,1
EXP_U000348_18,U000348,2025-09-12,CH_REG_002,1,model_reco,anx_high_anxiety,0,0
EXP_U000348_19,U000348,2025-09-13,CH_REG_002,1,model_reco,anx_high_anxiety,1,0
EXP_U000348_20,U000348,2025-09-15,CH_REG_001,1,model_reco,anx_high_anxiety,1,0
EXP_U000348_21,U000348,2025-09-19,CH_REG_001,1,model_reco,anx_high_anxiety,1,0
EXP_U000348_22,U000348,2025-09-20,CH_REG_001,1,model_reco,anx_high_anxiety,0,1
EXP_U000348_23,U000348,2025-09-27,CH_REG_002,1,model_reco,anx_high_anxiety,1,0
EXP_U000348_24,U000348,2025-10-10,CH_REG_002,1,model_reco,anx_high_anxiety,1,0
EXP_U000348_25,U000348,2025-10-14,CH_REG_001,1,model_reco,anx_high_anxiety,0,0
EXP_U000350_1,U000350,2025-08-15,CH_SLEEP_001,1,model_reco,ins_high_wake_irregular,1,0
EXP_U000350_2,U000350,2025-08-22,CH_SLEEP_001,1,model_reco,ins_high_wake_irregular,0,1
EXP_U000350_3,U000350,2025-08-25,CH_SLEEP_001,1,model_reco,ins_high_wake_irregular,0,1
EXP_U000350_4,U000350,2025-10-09,CH_SLEEP_001,1,model_reco,ins_high_wake_irregular,0,1
EXP_U000351_1,U000351,2025-07-20,CH_SLEEP_001,1,model_reco,ins_high_wake_irregular,0,1
EXP_U000351_2,U000351,2025-07-21,CH_REG_001,1,model_reco,anx_high_anxiety,0,0
EXP_U000351_3,U000351,2025-07-29,CH_REG_002,1,model_reco,anx_high_anxiety,0,1
EXP_U000351_4,U000351,2025-08-07,CH_REG_002,1,model_reco,anx_high_anxiety,1,0
EXP_U000351_5,U000351,2025-08-15,CH_REG_001,1,model_reco,anx_high_anxiety,0,0
EXP_U000351_6,U000351,2025-08-21,CH_REG_001,1,model_reco,anx_high_anxiety,1,0
EXP_U000351_7,U000351,2025-08-22,CH_REG_002,1,model_reco,anx_high_anxiety,1,0
EXP_U000351_8,U000351,2025-09-02,CH_REG_001,1,model_reco,anx_high_anxiety,0,0
EXP_U000351_9,U000351,2025-09-11,CH_REG_002,1,model_reco,anx_high_anxiety,1,0
EXP_U000351_10,U000351,2025-09-13,CH_REG_002,1,model_reco,anx_high_anxiety,0,1
EXP_U000351_11,U000351,2025-09-14,CH_REG_002,1,model_reco,anx_high_anxiety,0,1
EXP_U000351_12,U000351,2025-09-17,CH_REG_001,1,model_reco,anx_high_anxiety,0,1
EXP_U000351_13,U000351,2025-09-20,CH_REG_001,1,model_reco,anx_high_anxiety,0,0
EXP_U000351_14,U000351,2025-09-26,CH_REG_001,1,model_reco,anx_high_anxiety,0,0
EXP_U000351_15,U000351,2025-10-01,CH_REG_001,1,model_reco,anx_high_anxiety,1,0
EXP_U000351_16,U000351,2025-10-03,CH_REG_001,1,model_reco,anx_high_anxiety,0,1
EXP_U000351_17,U000351,2025-10-06,CH_REG_001,1,model_reco,anx_high_anxiety,0,0
EXP_U000351_18,U000351,2025-10-07,CH_REG_001,1,model_reco,anx_high_anxiety,1,0
EXP_U000352_1,U000352,2025-06-17,CH_ACT_001,1,model_reco,dep_low_energy,0,1
EXP_U000352_2,U000352,2025-06-23,CH_REG_001,1,model_reco,anx_high_anxiety,0,1
EXP_U000352_3,U000352,2025-06-26,CH_REG_001,1,model_reco,anx_high_anxiety,0,0
EXP_U000352_4,U000352,2025-06-29,CH_REG_001,1,model_reco,anx_high_anxiety,0,0
EXP_U000352_5,U000352,2025-07-08,CH_REG_002,1,model_reco,anx_high_anxiety,0,1
EXP_U000352_6,U000352,2025-07-16,CH_REG_002,1,model_reco,anx_high_anxiety,0,0
EXP_U000352_7,U000352,2025-07-30,CH_REG_001,1,model_reco,anx_high_anxiety,1,0
EXP_U000352_8,U000352,2025-08-05,CH_REG_001,1,model_reco,anx_high_anxiety,1,0
EXP_U000352_9,U000352,2025-08-20,CH_REG_002,1,model_reco,anx_high_anxiety,1,0
EXP_U000353_1,U000353,2025-08-11,CH_ACT_001,1,model_reco,dep_low_energy,0,0
EXP_U000353_2,U000353,2025-08-27,CH_ACT_002,1,model_reco,dep_low_daylight,0,1
EXP_U000353_3,U000353,2025-08-28,CH_ACT_001,1,model_reco,dep_low_energy,0,1
EXP_U000353_4,U000353,2025-08-30,CH_ACT_001,1,model_reco,dep_low_energy,1,0
EXP_U000353_5,U000353,2025-09-13,CH_ACT_001,1,model_reco,dep_low_energy,1,0
EXP_U000353_6,U000353,2025-09-18,CH_ACT_003,1,model_reco,dep_low_activity,0,0
EXP_U000353_7,U000353,2025-10-08,CH_ACT_001,1,model_reco,dep_low_energy,1,0
EXP_U000353_8,U000353,2025-10-18,CH_ACT_003,1,model_reco,dep_low_activity,0,1
EXP_U000353_9,U000353,2025-10-27,CH_ACT_001,1,model_reco,dep_low_energy,0,1
EXP_U000354_1,U000354,2025-07-23,CH_SLEEP_001,1,model_reco,ins_high_wake_irregular,1,0
EXP_U000354_2,U000354,2025-07-26,CH_REG_001,1,model_reco,anx_high_anxiety,0,0
EXP_U000354_3,U000354,2025-08-05,CH_SLEEP_001,1,model_reco,ins_high_wake_irregular,1,0
EXP_U000354_4,U000354,2025-08-08,CH_REG_002,1,model_reco,anx_high_anxiety,0,0
EXP_U000354_5,U000354,2025-08-11,CH_REG_001,1,model_reco,anx_high_anxiety,0,1
EXP_U000354_6,U000354,2025-08-17,CH_SLEEP_001,1,model_reco,ins_high_wake_irregular,1,0
EXP_U000354_7,U000354,2025-08-28,CH_SLEEP_001,1,model_reco,ins_high_wake_irregular,0,1
EXP_U000354_8,U000354,2025-09-17,CH_SLEEP_001,1,model_reco,ins_high_wake_irregular,0,0
EXP_U000354_9,U000354,2025-09-19,CH_SLEEP_001,1,model_reco,ins_high_wake_irregular,0,1
EXP_U000355_1,U000355,2025-06-06,CH_REG_001,1,model_reco,anx_high_anxiety,1,0
EXP_U000355_2,U000355,2025-06-20,CH_REG_001,1,model_reco,anx_high_anxiety,1,0
EXP_U000355_3,U000355,2025-06-29,CH_SLEEP_001,1,model_reco,ins_high_wake_irregular,0,0
EXP_U000355_4,U000355,2025-07-03,CH_REG_001,1,model_reco,anx_high_anxiety,0,0
EXP_U000355_5,U000355,2025-07-23,CH_SLEEP_001,1,model_reco,ins_high_wake_irregular,1,0
EXP_U000355_6,U000355,2025-08-08,CH_REG_001,1,model_reco,anx_high_anxiety,0,1
EXP_U000355_7,U000355,2025-08-10,CH_REG_002,1,model_reco,anx_high_anxiety,1,0
EXP_U000355_8,U000355,2025-08-15,CH_REG_001,1,model_reco,anx_high_anxiety,1,0
EXP_U000355_9,U000355,2025-08-26,CH_REG_001,1,model_reco,anx_high_anxiety,1,0
EXP_U000356_1,U000356,2025-06-08,CH_ACT_003,1,model_reco,dep_low_activity,1,0
EXP_U000356_2,U000356,2025-06-13,CH_ACT_002,1,model_reco,dep_low_daylight,0,0
EXP_U000356_3,U000356,2025-06-14,CH_ACT_002,1,model_reco,dep_low_daylight,0,0
EXP_U000356_4,U000356,2025-06-16,CH_ACT_001,1,model_reco,dep_low_energy,0,0
EXP_U000356_5,U000356,2025-06-25,CH_ACT_003,1,model_reco,dep_low_activity,1,0
EXP_U000356_6,U000356,2025-06-26,CH_REG_002,1,model_reco,anx_high_anxiety,1,0
EXP_U000356_7,U000356,2025-06-28,CH_ACT_002,1,model_reco,dep_low_daylight,1,0
EXP_U000356_8,U000356,2025-07-07,CH_ACT_003,1,model_reco,dep_low_activity,0,0
EXP_U000356_9,U000356,2025-07-08,CH_ACT_002,1,model_reco,dep_low_daylight,0,1
EXP_U000356_10,U000356,2025-07-15,CH_ACT_002,1,model_reco,dep_low_daylight,0,0
EXP_U000356_11,U000356,2025-07-18,CH_ACT_002,1,model_reco,dep_low_daylight,1,0
EXP_U000356_12,U000356,2025-07-22,CH_ACT_002,1,model_reco,dep_low_daylight,0,0
EXP_U000356_13,U000356,2025-07-27,CH_ACT_003,1,model_reco,dep_low_activity,0,1
EXP_U000356_14,U000356,2025-07-29,CH_ACT_002,1,model_reco,dep_low_daylight,0,1
EXP_U000356_15,U000356,2025-08-02,CH_ACT_002,1,model_reco,dep_low_daylight,0,0
EXP_U000356_16,U000356,2025-08-14,CH_ACT_002,1,model_reco,dep_low_daylight,1,0
EXP_U000356_17,U000356,2025-08-17,CH_ACT_003,1,model_reco,dep_low_activity,0,0
EXP_U000356_18,U000356,2025-08-18,CH_ACT_002,1,model_reco,dep_low_daylight,1,0
EXP_U000356_19,U000356,2025-08-20,CH_REG_001,1,model_reco,anx_high_anxiety,1,0
EXP_U000358_1,U000358,2025-06-02,CH_SLEEP_001,1,model_reco,ins_high_wake_irregular,1,0
EXP_U000358_2,U000358,2025-06-09,CH_SLEEP_001,1,model_reco,ins_high_wake_irregular,0,0
EXP_U000358_3,U000358,2025-06-22,CH_SLEEP_001,1,model_reco,ins_high_wake_irregular,0,1
EXP_U000358_4,U000358,2025-06-27,CH_SLEEP_001,1,model_reco,ins_high_wake_irregular,0,1
EXP_U000358_5,U000358,2025-07-04,CH_WELL_001,1,model_reco,supportive_wellbeing,0,0
EXP_U000358_6,U000358,2025-08-11,CH_SLEEP_001,1,model_reco,ins_high_wake_irregular,0,0
EXP_U000358_7,U000358,2025-08-13,CH_SLEEP_001,1,model_reco,ins_high_wake_irregular,1,0
EXP_U000359_1,U000359,2025-06-19,CH_REG_002,1,model_reco,anx_high_anxiety,0,0
EXP_U000359_2,U000359,2025-06-20,CH_REG_002,1,model_reco,anx_high_anxiety,1,0
EXP_U000359_3,U000359,2025-07-03,CH_REG_002,1,model_reco,anx_high_anxiety,0,0
EXP_U000359_4,U000359,2025-07-08,CH_SLEEP_001,1,model_reco,ins_high_wake_irregular,0,0
EXP_U000359_5,U000359,2025-07-21,CH_REG_001,1,model_reco,anx_high_anxiety,0,1
EXP_U000359_6,U000359,2025-07-25,CH_REG_002,1,model_reco,anx_high_anxiety,0,0
EXP_U000359_7,U000359,2025-07-30,CH_SLEEP_001,1,model_reco,ins_high_wake_irregular,0,0
EXP_U000359_8,U000359,2025-08-06,CH_REG_001,1,model_reco,anx_high_anxiety,1,0
EXP_U000359_9,U000359,2025-08-07,CH_REG_001,1,model_reco,anx_high_anxiety,1,0
EXP_U000359_10,U000359,2025-08-09,CH_REG_001,1,model_reco,anx_high_anxiety,0,0
EXP_U000359_11,U000359,2025-08-10,CH_REG_001,1,model_reco,anx_high_anxiety,0,0
EXP_U000359_12,U000359,2025-08-15,CH_REG_001,1,model_reco,anx_high_anxiety,0,0
EXP_U000359_13,U000359,2025-08-18,CH_REG_001,1,model_reco,anx_high_anxiety,0,1
EXP_U000359_14,U000359,2025-08-19,CH_REG_002,1,model_reco,anx_high_anxiety,0,0
EXP_U000359_15,U000359,2025-08-21,CH_REG_001,1,model_reco,anx_high_anxiety,0,1
EXP_U000359_16,U000359,2025-08-23,CH_REG_001,1,model_reco,anx_high_anxiety,0,1
EXP_U000360_1,U000360,2025-08-24,CH_WELL_001,1,model_reco,supportive_wellbeing,0,1
EXP_U000360_2,U000360,2025-08-30,CH_WELL_001,1,model_reco,supportive_wellbeing,0,0
EXP_U000361_1,U000361,2025-08-11,CH_WELL_001,1,model_reco,supportive_wellbeing,0,1
EXP_U000362_1,U000362,2025-07-10,CH_SLEEP_001,1,model_reco,ins_high_wake_irregular,0,1
EXP_U000362_2,U000362,2025-07-11,CH_SLEEP_001,1,model_reco,ins_high_wake_irregular,1,0
EXP_U000362_3,U000362,2025-07-18,CH_SLEEP_001,1,model_reco,ins_high_wake_irregular,1,0
EXP_U000362_4,U000362,2025-07-19,CH_ACT_003,1,model_reco,dep_low_activity,0,0
EXP_U000362_5,U000362,2025-07-23,CH_ACT_002,1,model_reco,dep_low_daylight,0,0
EXP_U000362_6,U000362,2025-07-26,CH_SLEEP_001,1,model_reco,ins_high_wake_irregular,0,1
EXP_U000362_7,U000362,2025-07-29,CH_SLEEP_001,1,model_reco,ins_high_wake_irregular,1,0
EXP_U000362_8,U000362,2025-08-03,CH_ACT_002,1,model_reco,dep_low_daylight,0,0
EXP_U000362_9,U000362,2025-08-06,CH_SLEEP_001,1,model_reco,ins_high_wake_irregular,0,0
EXP_U000362_10,U000362,2025-08-09,CH_SLEEP_001,1,model_reco,ins_high_wake_irregular,1,0
EXP_U000362_11,U000362,2025-08-12,CH_ACT_002,1,model_reco,dep_low_daylight,0,0
EXP_U000362_12,U000362,2025-08-21,CH_SLEEP_001,1,model_reco,ins_high_wake_irregular,0,0
EXP_U000362_13,U000362,2025-08-27,CH_SLEEP_001,1,model_reco,ins_high_wake_irregular,1,0
EXP_U000362_14,U000362,2025-09-06,CH_SLEEP_001,1,model_reco,ins_high_wake_irregular,0,1
EXP_U000362_15,U000362,2025-09-10,CH_SLEEP_001,1,model_reco,ins_high_wake_irregular,0,1
EXP_U000362_16,U000362,2025-09-15,CH_SLEEP_001,1,model_reco,ins_high_wake_irregular,0,1
EXP_U000362_17,U000362,2025-09-17,CH_SLEEP_001,1,model_reco,ins_high_wake_irregular,1,0
EXP_U000363_1,U000363,2025-08-28,CH_REG_001,1,model_reco,anx_high_anxiety,1,0
EXP_U000363_2,U000363,2025-08-30,CH_REG_001,1,model_reco,anx_high_anxiety,1,0
EXP_U000363_3,U000363,2025-09-10,CH_REG_001,1,model_reco,anx_high_anxiety,0,1
EXP_U000363_4,U000363,2025-10-05,CH_REG_002,1,model_reco,anx_high_anxiety,1,0
EXP_U000364_1,U000364,2025-06-19,CH_ACT_001,1,model_reco,dep_low_energy,0,0
EXP_U000364_2,U000364,2025-06-21,CH_SLEEP_001,1,model_reco,ins_high_wake_irregular,0,1
EXP_U000364_3,U000364,2025-07-11,CH_WELL_001,1,model_reco,supportive_wellbeing,0,1
EXP_U000364_4,U000364,2025-07-18,CH_SLEEP_001,1,model_reco,ins_high_wake_irregular,1,0
EXP_U000364_5,U000364,2025-07-21,CH_ACT_001,1,model_reco,dep_low_energy,1,0
EXP_U000364_6,U000364,2025-07-27,CH_SLEEP_001,1,model_reco,ins_high_wake_irregular,0,1
EXP_U000364_7,U000364,2025-07-28,CH_SLEEP_001,1,model_reco,ins_high_wake_irregular,0,1
EXP_U000364_8,U000364,2025-07-31,CH_SLEEP_001,1,model_reco,ins_high_wake_irregular,0,0
EXP_U000364_9,U000364,2025-08-01,CH_ACT_001,1,model_reco,dep_low_energy,1,0
EXP_U000364_10,U000364,2025-08-02,CH_SOC_001,1,model_reco,low_social_contact,0,1
EXP_U000364_11,U000364,2025-08-10,CH_SLEEP_001,1,model_reco,ins_high_wake_irregular,0,0
EXP_U000364_12,U000364,2025-08-25,CH_SLEEP_001,1,model_reco,ins_high_wake_irregular,1,0
EXP_U000364_13,U000364,2025-08-30,CH_ACT_001,1,model_reco,dep_low_energy,1,0
EXP_U000365_1,U000365,2025-08-18,CH_REG_001,1,model_reco,anx_high_anxiety,0,0
EXP_U000365_2,U000365,2025-08-28,CH_ACT_002,1,model_reco,dep_low_daylight,0,1
EXP_U000365_3,U000365,2025-08-30,CH_SLEEP_001,1,model_reco,ins_high_wake_irregular,0,0
EXP_U000365_4,U000365,2025-09-04,CH_REG_001,1,model_reco,anx_high_anxiety,0,1
EXP_U000365_5,U000365,2025-09-07,CH_REG_001,1,model_reco,anx_high_anxiety,0,1
EXP_U000365_6,U000365,2025-09-08,CH_ACT_001,1,model_reco,dep_low_energy,1,0
EXP_U000365_7,U000365,2025-09-12,CH_REG_001,1,model_reco,anx_high_anxiety,0,1
EXP_U000365_8,U000365,2025-09-13,CH_SLEEP_001,1,model_reco,ins_high_wake_irregular,0,0
EXP_U000365_9,U000365,2025-09-17,CH_REG_001,1,model_reco,anx_high_anxiety,0,1
EXP_U000365_10,U000365,2025-09-18,CH_REG_001,1,model_reco,anx_high_anxiety,0,1
EXP_U000365_11,U000365,2025-09-19,CH_REG_001,1,model_reco,anx_high_anxiety,0,0
EXP_U000365_12,U000365,2025-09-20,CH_REG_001,1,model_reco,anx_high_anxiety,0,0
EXP_U000365_13,U000365,2025-09-22,CH_ACT_001,1,model_reco,dep_low_energy,0,1
EXP_U000365_14,U000365,2025-09-23,CH_REG_001,1,model_reco,anx_high_anxiety,1,0
EXP_U000365_15,U000365,2025-09-25,CH_ACT_002,1,model_reco,dep_low_daylight,0,0
EXP_U000365_16,U000365,2025-09-30,CH_ACT_001,1,model_reco,dep_low_energy,1,0
EXP_U000365_17,U000365,2025-10-01,CH_REG_001,1,model_reco,anx_high_anxiety,0,0
EXP_U000365_18,U000365,2025-10-03,CH_ACT_002,1,model_reco,dep_low_daylight,1,0
EXP_U000365_19,U000365,2025-10-04,CH_SLEEP_001,1,model_reco,ins_high_wake_irregular,0,1
EXP_U000365_20,U000365,2025-10-12,CH_ACT_001,1,model_reco,dep_low_energy,0,0
EXP_U000365_21,U000365,2025-10-15,CH_ACT_003,1,model_reco,dep_low_activity,0,1
EXP_U000365_22,U000365,2025-10-17,CH_REG_002,1,model_reco,anx_high_anxiety,1,0
EXP_U000365_23,U000365,2025-10-19,CH_REG_001,1,model_reco,anx_high_anxiety,0,1
EXP_U000365_24,U000365,2025-10-24,CH_ACT_002,1,model_reco,dep_low_daylight,0,0
EXP_U000366_1,U000366,2025-08-10,CH_REG_001,1,model_reco,anx_high_anxiety,1,0
EXP_U000366_2,U000366,2025-09-17,CH_ACT_001,1,model_reco,dep_low_energy,0,0
EXP_U000366_3,U000366,2025-09-21,CH_ACT_001,1,model_reco,dep_low_energy,1,0
EXP_U000366_4,U000366,2025-09-24,CH_REG_001,1,model_reco,anx_high_anxiety,0,1
EXP_U000367_1,U000367,2025-06-13,CH_SLEEP_001,1,model_reco,ins_high_wake_irregular,1,0
EXP_U000367_2,U000367,2025-06-17,CH_ACT_002,1,model_reco,dep_low_daylight,0,1
EXP_U000367_3,U000367,2025-06-18,CH_ACT_003,1,model_reco,dep_low_activity,0,1
EXP_U000367_4,U000367,2025-06-27,CH_SLEEP_001,1,model_reco,ins_high_wake_irregular,1,0
EXP_U000367_5,U000367,2025-06-28,CH_ACT_003,1,model_reco,dep_low_activity,0,0
EXP_U000367_6,U000367,2025-07-15,CH_SLEEP_001,1,model_reco,ins_high_wake_irregular,0,1
EXP_U000367_7,U000367,2025-07-26,CH_SLEEP_001,1,model_reco,ins_high_wake_irregular,1,0
EXP_U000367_8,U000367,2025-07-30,CH_ACT_002,1,model_reco,dep_low_daylight,0,0
EXP_U000367_9,U000367,2025-08-09,CH_SLEEP_001,1,model_reco,ins_high_wake_irregular,0,1
EXP_U000367_10,U000367,2025-08-13,CH_SLEEP_001,1,model_reco,ins_high_wake_irregular,0,1
EXP_U000367_11,U000367,2025-09-01,CH_SLEEP_001,1,model_reco,ins_high_wake_irregular,1,0
EXP_U000367_12,U000367,2025-09-02,CH_SLEEP_001,1,model_reco,ins_high_wake_irregular,1,0
EXP_U000368_1,U000368,2025-09-06,CH_WELL_001,1,model_reco,supportive_wellbeing,0,0
EXP_U000368_2,U000368,2025-09-27,CH_WELL_001,1,model_reco,supportive_wellbeing,0,0
EXP_U000369_1,U000369,2025-08-16,CH_ACT_003,1,model_reco,dep_low_activity,1,0
EXP_U000369_2,U000369,2025-08-18,CH_REG_002,1,model_reco,anx_high_anxiety,1,0
EXP_U000369_3,U000369,2025-08-31,CH_ACT_003,1,model_reco,dep_low_activity,0,1
EXP_U000369_4,U000369,2025-09-04,CH_ACT_002,1,model_reco,dep_low_daylight,0,1
EXP_U000369_5,U000369,2025-09-05,CH_ACT_002,1,model_reco,dep_low_daylight,0,1
EXP_U000369_6,U000369,2025-09-10,CH_ACT_002,1,model_reco,dep_low_daylight,0,1
EXP_U000369_7,U000369,2025-09-21,CH_ACT_002,1,model_reco,dep_low_daylight,1,0
EXP_U000369_8,U000369,2025-09-27,CH_ACT_002,1,model_reco,dep_low_daylight,0,1
EXP_U000369_9,U000369,2025-10-03,CH_ACT_003,1,model_reco,dep_low_activity,1,0
EXP_U000369_10,U000369,2025-10-10,CH_ACT_002,1,model_reco,dep_low_daylight,1,0
EXP_U000369_11,U000369,2025-10-13,CH_ACT_002,1,model_reco,dep_low_daylight,1,0
EXP_U000369_12,U000369,2025-10-14,CH_SOC_001,1,model_reco,low_social_contact,0,1
EXP_U000369_13,U000369,2025-10-17,CH_ACT_003,1,model_reco,dep_low_activity,0,1
EXP_U000369_14,U000369,2025-10-20,CH_ACT_003,1,model_reco,dep_low_activity,1,0
EXP_U000369_15,U000369,2025-10-21,CH_REG_001,1,model_reco,anx_high_anxiety,1,0
EXP_U000369_16,U000369,2025-10-23,CH_ACT_003,1,model_reco,dep_low_activity,0,1
EXP_U000369_17,U000369,2025-10-26,CH_ACT_002,1,model_reco,dep_low_daylight,1,0
EXP_U000370_1,U000370,2025-08-08,CH_REG_002,1,model_reco,anx_high_anxiety,0,0
EXP_U000370_2,U000370,2025-09-12,CH_SLEEP_001,1,model_reco,ins_high_wake_irregular,1,0
EXP_U000370_3,U000370,2025-09-25,CH_SLEEP_001,1,model_reco,ins_high_wake_irregular,0,0
EXP_U000371_1,U000371,2025-07-02,CH_SLEEP_001,1,model_reco,ins_high_wake_irregular,0,0
EXP_U000371_2,U000371,2025-07-03,CH_ACT_003,1,model_reco,dep_low_activity,0,0
EXP_U000371_3,U000371,2025-07-06,CH_SLEEP_001,1,model_reco,ins_high_wake_irregular,0,1
EXP_U000371_4,U000371,2025-07-08,CH_SLEEP_001,1,model_reco,ins_high_wake_irregular,0,1
EXP_U000371_5,U000371,2025-07-10,CH_SLEEP_001,1,model_reco,ins_high_wake_irregular,0,1
EXP_U000371_6,U000371,2025-07-11,CH_SLEEP_001,1,model_reco,ins_high_wake_irregular,0,1
EXP_U000371_7,U000371,2025-07-13,CH_SLEEP_001,1,model_reco,ins_high_wake_irregular,1,0
EXP_U000371_8,U000371,2025-07-15,CH_ACT_002,1,model_reco,dep_low_daylight,1,0
EXP_U000371_9,U000371,2025-07-22,CH_SLEEP_001,1,model_reco,ins_high_wake_irregular,0,0
EXP_U000371_10,U000371,2025-07-23,CH_SLEEP_001,1,model_reco,ins_high_wake_irregular,1,0
EXP_U000371_11,U000371,2025-08-02,CH_SLEEP_001,1,model_reco,ins_high_wake_irregular,0,1
EXP_U000371_12,U000371,2025-08-06,CH_SLEEP_001,1,model_reco,ins_high_wake_irregular,1,0
EXP_U000371_13,U000371,2025-08-09,CH_ACT_002,1,model_reco,dep_low_daylight,0,0
EXP_U000371_14,U000371,2025-08-20,CH_SLEEP_001,1,model_reco,ins_high_wake_irregular,0,0
EXP_U000371_15,U000371,2025-08-21,CH_SLEEP_001,1,model_reco,ins_high_wake_irregular,0,1
EXP_U000371_16,U000371,2025-08-24,CH_SLEEP_001,1,model_reco,ins_high_wake_irregular,1,0
EXP_U000371_17,U000371,2025-08-28,CH_ACT_003,1,model_reco,dep_low_activity,0,0
EXP_U000371_18,U000371,2025-08-29,CH_ACT_002,1,model_reco,dep_low_daylight,0,0
EXP_U000371_19,U000371,2025-09-02,CH_ACT_002,1,model_reco,dep_low_daylight,0,0
EXP_U000371_20,U000371,2025-09-06,CH_SLEEP_001,1,model_reco,ins_high_wake_irregular,0,0
EXP_U000371_21,U000371,2025-09-10,CH_SLEEP_001,1,model_reco,ins_high_wake_irregular,1,0
EXP_U000371_22,U000371,2025-09-11,CH_ACT_003,1,model_reco,dep_low_activity,0,1
EXP_U000371_23,U000371,2025-09-13,CH_SLEEP_001,1,model_reco,ins_high_wake_irregular,0,1
EXP_U000371_24,U000371,2025-09-15,CH_SLEEP_001,1,model_reco,ins_high_wake_irregular,1,0
EXP_U000371_25,U000371,2025-09-20,CH_ACT_003,1,model_reco,dep_low_activity,0,0
EXP_U000371_26,U000371,2025-09-21,CH_ACT_002,1,model_reco,dep_low_daylight,0,1
EXP_U000372_1,U000372,2025-06-14,CH_SLEEP_001,1,model_reco,ins_high_wake_irregular,1,0
EXP_U000372_2,U000372,2025-06-18,CH_ACT_002,1,model_reco,dep_low_daylight,0,1
EXP_U000372_3,U000372,2025-06-20,CH_ACT_003,1,model_reco,dep_low_activity,0,0
EXP_U000372_4,U000372,2025-06-28,CH_SLEEP_001,1,model_reco,ins_high_wake_irregular,0,0
EXP_U000372_5,U000372,2025-07-06,CH_SLEEP_001,1,model_reco,ins_high_wake_irregular,0,0
EXP_U000372_6,U000372,2025-07-15,CH_SLEEP_001,1,model_reco,ins_high_wake_irregular,0,1
EXP_U000372_7,U000372,2025-07-22,CH_SLEEP_001,1,model_reco,ins_high_wake_irregular,0,1
EXP_U000372_8,U000372,2025-08-07,CH_SLEEP_001,1,model_reco,ins_high_wake_irregular,0,1
EXP_U000372_9,U000372,2025-08-13,CH_SLEEP_001,1,model_reco,ins_high_wake_irregular,0,1
EXP_U000374_1,U000374,2025-06-23,CH_REG_001,1,model_reco,anx_high_anxiety,1,0
EXP_U000374_2,U000374,2025-06-27,CH_REG_002,1,model_reco,anx_high_anxiety,1,0
EXP_U000374_3,U000374,2025-07-03,CH_REG_001,1,model_reco,anx_high_anxiety,0,0
EXP_U000374_4,U000374,2025-07-04,CH_REG_002,1,model_reco,anx_high_anxiety,1,0
EXP_U000374_5,U000374,2025-07-25,CH_REG_001,1,model_reco,anx_high_anxiety,0,1
EXP_U000374_6,U000374,2025-07-29,CH_REG_002,1,model_reco,anx_high_anxiety,0,1
EXP_U000374_7,U000374,2025-08-03,CH_REG_001,1,model_reco,anx_high_anxiety,0,1
EXP_U000374_8,U000374,2025-08-04,CH_REG_002,1,model_reco,anx_high_anxiety,1,0
EXP_U000374_9,U000374,2025-08-06,CH_REG_001,1,model_reco,anx_high_anxiety,0,1
EXP_U000374_10,U000374,2025-08-08,CH_REG_001,1,model_reco,anx_high_anxiety,1,0
EXP_U000374_11,U000374,2025-08-16,CH_REG_001,1,model_reco,anx_high_anxiety,1,0
EXP_U000374_12,U000374,2025-08-23,CH_REG_001,1,model_reco,anx_high_anxiety,0,1
EXP_U000374_13,U000374,2025-08-27,CH_REG_002,1,model_reco,anx_high_anxiety,0,0
EXP_U000374_14,U000374,2025-08-29,CH_REG_002,1,model_reco,anx_high_anxiety,0,0
EXP_U000375_1,U000375,2025-06-27,CH_REG_001,1,model_reco,anx_high_anxiety,1,0
EXP_U000375_2,U000375,2025-07-07,CH_WELL_001,1,model_reco,supportive_wellbeing,0,1
EXP_U000375_3,U000375,2025-07-10,CH_REG_001,1,model_reco,anx_high_anxiety,1,0
EXP_U000375_4,U000375,2025-07-22,CH_REG_002,1,model_reco,anx_high_anxiety,0,1
EXP_U000375_5,U000375,2025-07-30,CH_REG_001,1,model_reco,anx_high_anxiety,1,0
EXP_U000375_6,U000375,2025-08-14,CH_REG_001,1,model_reco,anx_high_anxiety,1,0
EXP_U000375_7,U000375,2025-08-15,CH_REG_001,1,model_reco,anx_high_anxiety,1,0
EXP_U000375_8,U000375,2025-08-17,CH_REG_001,1,model_reco,anx_high_anxiety,1,0
EXP_U000375_9,U000375,2025-08-22,CH_REG_001,1,model_reco,anx_high_anxiety,1,0
EXP_U000375_10,U000375,2025-09-01,CH_REG_001,1,model_reco,anx_high_anxiety,0,1
EXP_U000375_11,U000375,2025-09-03,CH_REG_001,1,model_reco,anx_high_anxiety,0,0
EXP_U000375_12,U000375,2025-09-10,CH_REG_001,1,model_reco,anx_high_anxiety,1,0
EXP_U000376_1,U000376,2025-08-19,CH_WELL_001,1,model_reco,supportive_wellbeing,0,0
EXP_U000377_1,U000377,2025-09-05,CH_REG_002,1,model_reco,anx_high_anxiety,0,0
EXP_U000377_2,U000377,2025-09-06,CH_REG_001,1,model_reco,anx_high_anxiety,1,0
EXP_U000377_3,U000377,2025-09-09,CH_REG_001,1,model_reco,anx_high_anxiety,1,0
EXP_U000377_4,U000377,2025-09-13,CH_REG_002,1,model_reco,anx_high_anxiety,0,1
EXP_U000377_5,U000377,2025-09-14,CH_REG_001,1,model_reco,anx_high_anxiety,1,0
EXP_U000377_6,U000377,2025-09-30,CH_REG_001,1,model_reco,anx_high_anxiety,1,0
EXP_U000377_7,U000377,2025-10-17,CH_REG_001,1,model_reco,anx_high_anxiety,0,0
EXP_U000377_8,U000377,2025-10-18,CH_REG_002,1,model_reco,anx_high_anxiety,1,0
EXP_U000377_9,U000377,2025-10-20,CH_REG_002,1,model_reco,anx_high_anxiety,1,0
EXP_U000377_10,U000377,2025-10-25,CH_REG_001,1,model_reco,anx_high_anxiety,0,1
EXP_U000377_11,U000377,2025-10-30,CH_REG_001,1,model_reco,anx_high_anxiety,0,0
EXP_U000377_12,U000377,2025-10-31,CH_REG_002,1,model_reco,anx_high_anxiety,1,0
EXP_U000377_13,U000377,2025-11-04,CH_REG_001,1,model_reco,anx_high_anxiety,0,1
EXP_U000377_14,U000377,2025-11-09,CH_REG_002,1,model_reco,anx_high_anxiety,0,1
EXP_U000378_1,U000378,2025-08-26,CH_SLEEP_001,1,model_reco,ins_high_wake_irregular,0,0
EXP_U000378_2,U000378,2025-08-27,CH_SLEEP_001,1,model_reco,ins_high_wake_irregular,0,0
EXP_U000378_3,U000378,2025-08-29,CH_SLEEP_001,1,model_reco,ins_high_wake_irregular,1,0
EXP_U000378_4,U000378,2025-10-21,CH_SLEEP_001,1,model_reco,ins_high_wake_irregular,0,0
EXP_U000379_1,U000379,2025-08-25,CH_SLEEP_001,1,model_reco,ins_high_wake_irregular,0,0
EXP_U000379_2,U000379,2025-09-09,CH_SLEEP_001,1,model_reco,ins_high_wake_irregular,0,0
EXP_U000379_3,U000379,2025-09-12,CH_SLEEP_001,1,model_reco,ins_high_wake_irregular,0,1
EXP_U000379_4,U000379,2025-09-14,CH_SLEEP_001,1,model_reco,ins_high_wake_irregular,1,0
EXP_U000379_5,U000379,2025-09-19,CH_REG_002,1,model_reco,anx_high_anxiety,1,0
EXP_U000379_6,U000379,2025-09-20,CH_SLEEP_001,1,model_reco,ins_high_wake_irregular,0,1
EXP_U000379_7,U000379,2025-09-26,CH_SLEEP_001,1,model_reco,ins_high_wake_irregular,1,0
EXP_U000379_8,U000379,2025-10-12,CH_SLEEP_001,1,model_reco,ins_high_wake_irregular,0,1
EXP_U000379_9,U000379,2025-10-14,CH_SLEEP_001,1,model_reco,ins_high_wake_irregular,1,0
EXP_U000379_10,U000379,2025-10-23,CH_SLEEP_001,1,model_reco,ins_high_wake_irregular,1,0
EXP_U000379_11,U000379,2025-10-24,CH_REG_002,1,model_reco,anx_high_anxiety,0,1
EXP_U000379_12,U000379,2025-10-29,CH_REG_001,1,model_reco,anx_high_anxiety,0,0
EXP_U000379_13,U000379,2025-11-01,CH_SLEEP_001,1,model_reco,ins_high_wake_irregular,0,1
EXP_U000379_14,U000379,2025-11-07,CH_SLEEP_001,1,model_reco,ins_high_wake_irregular,1,0
EXP_U000380_1,U000380,2025-08-10,CH_SLEEP_001,1,model_reco,ins_high_wake_irregular,0,1
EXP_U000380_2,U000380,2025-08-19,CH_SLEEP_001,1,model_reco,ins_high_wake_irregular,0,1
EXP_U000380_3,U000380,2025-08-30,CH_SLEEP_001,1,model_reco,ins_high_wake_irregular,1,0
EXP_U000380_4,U000380,2025-09-26,CH_SLEEP_001,1,model_reco,ins_high_wake_irregular,0,1
EXP_U000380_5,U000380,2025-09-29,CH_SLEEP_001,1,model_reco,ins_high_wake_irregular,1,0
EXP_U000381_1,U000381,2025-09-19,CH_REG_001,1,model_reco,anx_high_anxiety,1,0
EXP_U000382_1,U000382,2025-07-14,CH_SLEEP_001,1,model_reco,ins_high_wake_irregular,0,0
EXP_U000382_2,U000382,2025-07-18,CH_SLEEP_001,1,model_reco,ins_high_wake_irregular,0,1
EXP_U000382_3,U000382,2025-07-20,CH_SLEEP_001,1,model_reco,ins_high_wake_irregular,0,1
EXP_U000382_4,U000382,2025-07-21,CH_SLEEP_001,1,model_reco,ins_high_wake_irregular,0,0
EXP_U000382_5,U000382,2025-07-23,CH_SLEEP_001,1,model_reco,ins_high_wake_irregular,0,1
EXP_U000382_6,U000382,2025-07-26,CH_SLEEP_001,1,model_reco,ins_high_wake_irregular,1,0
EXP_U000382_7,U000382,2025-07-27,CH_ACT_002,1,model_reco,dep_low_daylight,0,0
EXP_U000382_8,U000382,2025-07-28,CH_ACT_002,1,model_reco,dep_low_daylight,0,0
EXP_U000382_9,U000382,2025-07-29,CH_ACT_002,1,model_reco,dep_low_daylight,0,0
EXP_U000382_10,U000382,2025-08-01,CH_ACT_002,1,model_reco,dep_low_daylight,0,0
EXP_U000382_11,U000382,2025-08-05,CH_SLEEP_001,1,model_reco,ins_high_wake_irregular,0,1
EXP_U000382_12,U000382,2025-08-08,CH_SLEEP_001,1,model_reco,ins_high_wake_irregular,0,1
EXP_U000382_13,U000382,2025-08-09,CH_SLEEP_001,1,model_reco,ins_high_wake_irregular,0,1
EXP_U000382_14,U000382,2025-08-12,CH_SLEEP_001,1,model_reco,ins_high_wake_irregular,1,0
EXP_U000382_15,U000382,2025-08-13,CH_ACT_003,1,model_reco,dep_low_activity,0,0
EXP_U000382_16,U000382,2025-08-14,CH_ACT_002,1,model_reco,dep_low_daylight,0,1
EXP_U000382_17,U000382,2025-08-19,CH_SLEEP_001,1,model_reco,ins_high_wake_irregular,0,1
EXP_U000382_18,U000382,2025-08-20,CH_SLEEP_001,1,model_reco,ins_high_wake_irregular,0,1
EXP_U000382_19,U000382,2025-08-24,CH_SLEEP_001,1,model_reco,ins_high_wake_irregular,0,0
EXP_U000382_20,U000382,2025-09-02,CH_SLEEP_001,1,model_reco,ins_high_wake_irregular,1,0
EXP_U000382_21,U000382,2025-09-05,CH_ACT_003,1,model_reco,dep_low_activity,1,0
EXP_U000382_22,U000382,2025-09-07,CH_REG_001,1,model_reco,anx_high_anxiety,0,0
EXP_U000382_23,U000382,2025-09-11,CH_SLEEP_001,1,model_reco,ins_high_wake_irregular,1,0
EXP_U000382_24,U000382,2025-09-13,CH_ACT_003,1,model_reco,dep_low_activity,0,0
EXP_U000382_25,U000382,2025-09-14,CH_ACT_002,1,model_reco,dep_low_daylight,1,0
EXP_U000382_26,U000382,2025-09-22,CH_SLEEP_001,1,model_reco,ins_high_wake_irregular,1,0
EXP_U000384_1,U000384,2025-09-06,CH_REG_001,1,model_reco,anx_high_anxiety,0,1
EXP_U000384_2,U000384,2025-09-07,CH_REG_002,1,model_reco,anx_high_anxiety,1,0
EXP_U000384_3,U000384,2025-09-21,CH_REG_001,1,model_reco,anx_high_anxiety,0,0
EXP_U000384_4,U000384,2025-10-12,CH_SLEEP_001,1,model_reco,ins_high_wake_irregular,0,1
EXP_U000384_5,U000384,2025-10-15,CH_SLEEP_001,1,model_reco,ins_high_wake_irregular,0,1
EXP_U000384_6,U000384,2025-10-19,CH_SLEEP_001,1,model_reco,ins_high_wake_irregular,0,1
EXP_U000385_1,U000385,2025-08-18,CH_ACT_003,1,model_reco,dep_low_activity,1,0
EXP_U000385_2,U000385,2025-08-21,CH_ACT_003,1,model_reco,dep_low_activity,1,0
EXP_U000385_3,U000385,2025-08-25,CH_SLEEP_001,1,model_reco,ins_high_wake_irregular,0,1
EXP_U000385_4,U000385,2025-08-26,CH_SLEEP_001,1,model_reco,ins_high_wake_irregular,1,0
EXP_U000385_5,U000385,2025-09-07,CH_ACT_003,1,model_reco,dep_low_activity,0,0
EXP_U000385_6,U000385,2025-09-15,CH_ACT_003,1,model_reco,dep_low_activity,1,0
EXP_U000385_7,U000385,2025-09-23,CH_ACT_002,1,model_reco,dep_low_daylight,0,1
EXP_U000385_8,U000385,2025-09-29,CH_SLEEP_001,1,model_reco,ins_high_wake_irregular,1,0
EXP_U000385_9,U000385,2025-09-30,CH_ACT_002,1,model_reco,dep_low_daylight,0,0
EXP_U000385_10,U000385,2025-10-06,CH_SLEEP_001,1,model_reco,ins_high_wake_irregular,1,0
EXP_U000385_11,U000385,2025-10-11,CH_ACT_003,1,model_reco,dep_low_activity,0,1
EXP_U000385_12,U000385,2025-10-20,CH_SLEEP_001,1,model_reco,ins_high_wake_irregular,1,0
EXP_U000385_13,U000385,2025-10-24,CH_ACT_003,1,model_reco,dep_low_activity,0,1
EXP_U000385_14,U000385,2025-10-28,CH_ACT_002,1,model_reco,dep_low_daylight,0,0
EXP_U000386_1,U000386,2025-06-07,CH_SLEEP_001,1,model_reco,ins_high_wake_irregular,0,1
EXP_U000386_2,U000386,2025-07-14,CH_SLEEP_001,1,model_reco,ins_high_wake_irregular,0,0
EXP_U000386_3,U000386,2025-07-28,CH_SLEEP_001,1,model_reco,ins_high_wake_irregular,1,0
EXP_U000386_4,U000386,2025-07-29,CH_REG_002,1,model_reco,anx_high_anxiety,0,0
EXP_U000387_1,U000387,2025-06-12,CH_SLEEP_001,1,model_reco,ins_high_wake_irregular,0,1
EXP_U000387_2,U000387,2025-07-26,CH_SLEEP_001,1,model_reco,ins_high_wake_irregular,0,1
EXP_U000387_3,U000387,2025-07-30,CH_SLEEP_001,1,model_reco,ins_high_wake_irregular,1,0
EXP_U000387_4,U000387,2025-08-31,CH_SLEEP_001,1,model_reco,ins_high_wake_irregular,0,1
EXP_U000388_1,U000388,2025-07-26,CH_REG_001,1,model_reco,anx_high_anxiety,1,0
EXP_U000388_2,U000388,2025-07-28,CH_REG_001,1,model_reco,anx_high_anxiety,1,0
EXP_U000388_3,U000388,2025-07-31,CH_REG_002,1,model_reco,anx_high_anxiety,1,0
EXP_U000388_4,U000388,2025-08-01,CH_REG_001,1,model_reco,anx_high_anxiety,1,0
EXP_U000388_5,U000388,2025-08-13,CH_REG_002,1,model_reco,anx_high_anxiety,0,1
EXP_U000388_6,U000388,2025-08-14,CH_REG_001,1,model_reco,anx_high_anxiety,1,0
EXP_U000388_7,U000388,2025-08-20,CH_REG_002,1,model_reco,anx_high_anxiety,1,0
EXP_U000388_8,U000388,2025-08-24,CH_REG_002,1,model_reco,anx_high_anxiety,0,1
EXP_U000388_9,U000388,2025-08-27,CH_REG_002,1,model_reco,anx_high_anxiety,1,0
EXP_U000388_10,U000388,2025-08-28,CH_REG_002,1,model_reco,anx_high_anxiety,0,0
EXP_U000388_11,U000388,2025-08-30,CH_REG_001,1,model_reco,anx_high_anxiety,1,0
EXP_U000388_12,U000388,2025-08-31,CH_REG_002,1,model_reco,anx_high_anxiety,0,1
EXP_U000388_13,U000388,2025-09-03,CH_REG_001,1,model_reco,anx_high_anxiety,1,0
EXP_U000388_14,U000388,2025-09-10,CH_REG_002,1,model_reco,anx_high_anxiety,0,1
EXP_U000388_15,U000388,2025-09-13,CH_REG_002,1,model_reco,anx_high_anxiety,1,0
EXP_U000388_16,U000388,2025-09-15,CH_REG_001,1,model_reco,anx_high_anxiety,1,0
EXP_U000388_17,U000388,2025-09-16,CH_REG_001,1,model_reco,anx_high_anxiety,0,0
EXP_U000388_18,U000388,2025-09-22,CH_REG_001,1,model_reco,anx_high_anxiety,1,0
EXP_U000388_19,U000388,2025-09-23,CH_REG_002,1,model_reco,anx_high_anxiety,0,0
EXP_U000388_20,U000388,2025-09-24,CH_REG_002,1,model_reco,anx_high_anxiety,0,1
EXP_U000388_21,U000388,2025-09-27,CH_REG_001,1,model_reco,anx_high_anxiety,1,0
EXP_U000388_22,U000388,2025-09-28,CH_REG_002,1,model_reco,anx_high_anxiety,1,0
EXP_U000388_23,U000388,2025-09-29,CH_REG_001,1,model_reco,anx_high_anxiety,1,0
EXP_U000388_24,U000388,2025-09-30,CH_REG_001,1,model_reco,anx_high_anxiety,1,0
EXP_U000389_1,U000389,2025-08-18,CH_REG_002,1,model_reco,anx_high_anxiety,1,0
EXP_U000389_2,U000389,2025-09-12,CH_REG_001,1,model_reco,anx_high_anxiety,0,0
EXP_U000389_3,U000389,2025-09-18,CH_REG_002,1,model_reco,anx_high_anxiety,1,0
EXP_U000389_4,U000389,2025-09-30,CH_REG_001,1,model_reco,anx_high_anxiety,1,0
EXP_U000389_5,U000389,2025-10-01,CH_REG_001,1,model_reco,anx_high_anxiety,0,0
EXP_U000389_6,U000389,2025-10-02,CH_SLEEP_001,1,model_reco,ins_high_wake_irregular,0,1
EXP_U000390_1,U000390,2025-06-26,CH_SLEEP_001,1,model_reco,ins_high_wake_irregular,0,0
EXP_U000390_2,U000390,2025-06-28,CH_ACT_003,1,model_reco,dep_low_activity,0,1
EXP_U000390_3,U000390,2025-06-29,CH_ACT_003,1,model_reco,dep_low_activity,0,1
EXP_U000390_4,U000390,2025-07-08,CH_SLEEP_001,1,model_reco,ins_high_wake_irregular,0,0
EXP_U000390_5,U000390,2025-07-09,CH_SLEEP_001,1,model_reco,ins_high_wake_irregular,0,0
EXP_U000390_6,U000390,2025-07-11,CH_SLEEP_001,1,model_reco,ins_high_wake_irregular,0,0
EXP_U000390_7,U000390,2025-07-17,CH_SLEEP_001,1,model_reco,ins_high_wake_irregular,0,0
EXP_U000390_8,U000390,2025-07-20,CH_ACT_003,1,model_reco,dep_low_activity,1,0
EXP_U000390_9,U000390,2025-07-24,CH_SLEEP_001,1,model_reco,ins_high_wake_irregular,0,1
EXP_U000390_10,U000390,2025-07-26,CH_ACT_003,1,model_reco,dep_low_activity,0,1
EXP_U000390_11,U000390,2025-07-29,CH_SLEEP_001,1,model_reco,ins_high_wake_irregular,0,1
EXP_U000390_12,U000390,2025-07-30,CH_ACT_001,1,model_reco,dep_low_energy,0,1
EXP_U000390_13,U000390,2025-08-04,CH_SLEEP_001,1,model_reco,ins_high_wake_irregular,0,0
EXP_U000390_14,U000390,2025-08-13,CH_REG_001,1,model_reco,anx_high_anxiety,0,0
EXP_U000390_15,U000390,2025-08-18,CH_SLEEP_001,1,model_reco,ins_high_wake_irregular,0,1
EXP_U000390_16,U000390,2025-08-22,CH_SLEEP_001,1,model_reco,ins_high_wake_irregular,0,0
EXP_U000390_17,U000390,2025-08-23,CH_SLEEP_001,1,model_reco,ins_high_wake_irregular,0,1
EXP_U000390_18,U000390,2025-08-27,CH_SLEEP_001,1,model_reco,ins_high_wake_irregular,0,1
EXP_U000390_19,U000390,2025-08-28,CH_SLEEP_001,1,model_reco,ins_high_wake_irregular,1,0
EXP_U000390_20,U000390,2025-08-31,CH_ACT_002,1,model_reco,dep_low_daylight,0,1
EXP_U000390_21,U000390,2025-09-01,CH_ACT_002,1,model_reco,dep_low_daylight,0,1
EXP_U000390_22,U000390,2025-09-06,CH_SLEEP_001,1,model_reco,ins_high_wake_irregular,0,1
EXP_U000390_23,U000390,2025-09-15,CH_REG_001,1,model_reco,anx_high_anxiety,1,0
EXP_U000391_1,U000391,2025-07-29,CH_ACT_001,1,model_reco,dep_low_energy,0,0
EXP_U000391_2,U000391,2025-07-30,CH_SLEEP_001,1,model_reco,ins_high_wake_irregular,0,1
EXP_U000391_3,U000391,2025-08-07,CH_SLEEP_001,1,model_reco,ins_high_wake_irregular,0,1
EXP_U000391_4,U000391,2025-09-01,CH_ACT_003,1,model_reco,dep_low_activity,0,0
EXP_U000391_5,U000391,2025-09-16,CH_SLEEP_001,1,model_reco,ins_high_wake_irregular,0,0
EXP_U000391_6,U000391,2025-09-19,CH_SLEEP_001,1,model_reco,ins_high_wake_irregular,0,1
EXP_U000391_7,U000391,2025-10-02,CH_REG_002,1,model_reco,anx_high_anxiety,1,0
EXP_U000392_1,U000392,2025-09-03,CH_WELL_001,1,model_reco,supportive_wellbeing,0,1
EXP_U000393_1,U000393,2025-06-08,CH_SLEEP_001,1,model_reco,ins_high_wake_irregular,0,0
EXP_U000393_2,U000393,2025-06-09,CH_ACT_002,1,model_reco,dep_low_daylight,1,0
EXP_U000393_3,U000393,2025-06-12,CH_ACT_003,1,model_reco,dep_low_activity,0,0
EXP_U000393_4,U000393,2025-06-21,CH_ACT_003,1,model_reco,dep_low_activity,1,0
EXP_U000393_5,U000393,2025-06-24,CH_ACT_002,1,model_reco,dep_low_daylight,1,0
EXP_U000393_6,U000393,2025-06-30,CH_ACT_002,1,model_reco,dep_low_daylight,1,0
EXP_U000393_7,U000393,2025-07-05,CH_ACT_003,1,model_reco,dep_low_activity,0,0
EXP_U000393_8,U000393,2025-07-06,CH_ACT_003,1,model_reco,dep_low_activity,0,1
EXP_U000393_9,U000393,2025-07-13,CH_SLEEP_001,1,model_reco,ins_high_wake_irregular,1,0
EXP_U000393_10,U000393,2025-07-17,CH_ACT_002,1,model_reco,dep_low_daylight,1,0
EXP_U000393_11,U000393,2025-07-19,CH_SOC_001,1,model_reco,low_social_contact,1,0
EXP_U000393_12,U000393,2025-07-27,CH_SLEEP_001,1,model_reco,ins_high_wake_irregular,0,1
EXP_U000393_13,U000393,2025-07-28,CH_ACT_003,1,model_reco,dep_low_activity,1,0
EXP_U000393_14,U000393,2025-08-09,CH_SLEEP_001,1,model_reco,ins_high_wake_irregular,1,0
EXP_U000393_15,U000393,2025-08-12,CH_ACT_003,1,model_reco,dep_low_activity,1,0
EXP_U000393_16,U000393,2025-08-13,CH_REG_002,1,model_reco,anx_high_anxiety,1,0
EXP_U000393_17,U000393,2025-08-16,CH_ACT_003,1,model_reco,dep_low_activity,0,1
EXP_U000393_18,U000393,2025-08-23,CH_SLEEP_001,1,model_reco,ins_high_wake_irregular,0,0
EXP_U000394_1,U000394,2025-08-16,CH_ACT_001,1,model_reco,dep_low_energy,1,0
EXP_U000394_2,U000394,2025-08-18,CH_SOC_001,1,model_reco,low_social_contact,1,0
EXP_U000394_3,U000394,2025-08-22,CH_ACT_003,1,model_reco,dep_low_activity,1,0
EXP_U000394_4,U000394,2025-10-09,CH_ACT_001,1,model_reco,dep_low_energy,0,1
EXP_U000396_1,U000396,2025-07-01,CH_ACT_001,1,model_reco,dep_low_energy,0,1
EXP_U000396_2,U000396,2025-08-23,CH_ACT_001,1,model_reco,dep_low_energy,0,0
EXP_U000397_1,U000397,2025-08-21,CH_REG_001,1,model_reco,anx_high_anxiety,0,1
EXP_U000397_2,U000397,2025-08-27,CH_REG_001,1,model_reco,anx_high_anxiety,1,0
EXP_U000397_3,U000397,2025-09-09,CH_REG_001,1,model_reco,anx_high_anxiety,0,0
EXP_U000397_4,U000397,2025-09-12,CH_REG_002,1,model_reco,anx_high_anxiety,1,0
EXP_U000397_5,U000397,2025-10-11,CH_REG_001,1,model_reco,anx_high_anxiety,1,0
EXP_U000397_6,U000397,2025-10-18,CH_REG_001,1,model_reco,anx_high_anxiety,1,0
EXP_U000397_7,U000397,2025-10-30,CH_REG_001,1,model_reco,anx_high_anxiety,0,0
EXP_U000397_8,U000397,2025-11-02,CH_REG_001,1,model_reco,anx_high_anxiety,0,1
EXP_U000398_1,U000398,2025-07-10,CH_REG_001,1,model_reco,anx_high_anxiety,1,0
EXP_U000398_2,U000398,2025-07-16,CH_WELL_001,1,model_reco,supportive_wellbeing,0,0
EXP_U000398_3,U000398,2025-08-06,CH_REG_002,1,model_reco,anx_high_anxiety,1,0
EXP_U000398_4,U000398,2025-08-08,CH_ACT_001,1,model_reco,dep_low_energy,1,0
EXP_U000398_5,U000398,2025-08-16,CH_ACT_003,1,model_reco,dep_low_activity,0,1
EXP_U000398_6,U000398,2025-08-30,CH_ACT_001,1,model_reco,dep_low_energy,0,0
EXP_U000398_7,U000398,2025-09-01,CH_ACT_001,1,model_reco,dep_low_energy,1,0
EXP_U000398_8,U000398,2025-09-27,CH_ACT_001,1,model_reco,dep_low_energy,0,0
EXP_U000398_9,U000398,2025-09-30,CH_ACT_001,1,model_reco,dep_low_energy,0,0
EXP_U000399_1,U000399,2025-06-26,CH_REG_002,1,model_reco,anx_high_anxiety,0,1
EXP_U000399_2,U000399,2025-06-29,CH_REG_001,1,model_reco,anx_high_anxiety,0,0
EXP_U000399_3,U000399,2025-07-01,CH_REG_002,1,model_reco,anx_high_anxiety,1,0
EXP_U000399_4,U000399,2025-07-09,CH_REG_002,1,model_reco,anx_high_anxiety,1,0
EXP_U000399_5,U000399,2025-07-10,CH_REG_001,1,model_reco,anx_high_anxiety,0,1
EXP_U000399_6,U000399,2025-07-11,CH_REG_001,1,model_reco,anx_high_anxiety,0,0
EXP_U000399_7,U000399,2025-07-12,CH_REG_001,1,model_reco,anx_high_anxiety,1,0
EXP_U000399_8,U000399,2025-07-17,CH_REG_002,1,model_reco,anx_high_anxiety,0,1
EXP_U000399_9,U000399,2025-07-19,CH_REG_001,1,model_reco,anx_high_anxiety,0,1
EXP_U000399_10,U000399,2025-07-20,CH_REG_002,1,model_reco,anx_high_anxiety,0,1
EXP_U000399_11,U000399,2025-07-21,CH_REG_002,1,model_reco,anx_high_anxiety,0,1
EXP_U000399_12,U000399,2025-07-26,CH_REG_001,1,model_reco,anx_high_anxiety,0,1
EXP_U000399_13,U000399,2025-08-05,CH_REG_001,1,model_reco,anx_high_anxiety,0,0
EXP_U000399_14,U000399,2025-08-20,CH_REG_001,1,model_reco,anx_high_anxiety,0,0
EXP_U000399_15,U000399,2025-08-27,CH_REG_001,1,model_reco,anx_high_anxiety,0,1
EXP_U000399_16,U000399,2025-08-31,CH_REG_001,1,model_reco,anx_high_anxiety,0,1
EXP_U000399_17,U000399,2025-09-05,CH_REG_001,1,model_reco,anx_high_anxiety,1,0
EXP_U000399_18,U000399,2025-09-10,CH_REG_002,1,model_reco,anx_high_anxiety,0,0
EXP_U000399_19,U000399,2025-09-11,CH_REG_002,1,model_reco,anx_high_anxiety,1,0
EXP_U000400_1,U000400,2025-08-15,CH_REG_002,1,model_reco,anx_high_anxiety,0,1
EXP_U000400_2,U000400,2025-08-27,CH_ACT_001,1,model_reco,dep_low_energy,0,0
EXP_U000400_3,U000400,2025-09-05,CH_ACT_002,1,model_reco,dep_low_daylight,0,0
EXP_U000400_4,U000400,2025-10-06,CH_REG_001,1,model_reco,anx_high_anxiety,0,1
EXP_U000400_5,U000400,2025-10-15,CH_REG_001,1,model_reco,anx_high_anxiety,0,1
EXP_U000400_6,U000400,2025-10-18,CH_REG_001,1,model_reco,anx_high_anxiety,0,0
EXP_U000401_1,U000401,2025-07-30,CH_SOC_001,1,model_reco,low_social_contact,0,1
EXP_U000401_2,U000401,2025-08-07,CH_SOC_001,1,model_reco,low_social_contact,1,0
EXP_U000401_3,U000401,2025-08-19,CH_WELL_001,1,model_reco,supportive_wellbeing,0,0
EXP_U000401_4,U000401,2025-08-21,CH_ACT_002,1,model_reco,dep_low_daylight,0,1
EXP_U000401_5,U000401,2025-08-25,CH_ACT_003,1,model_reco,dep_low_activity,0,0
EXP_U000401_6,U000401,2025-09-13,CH_REG_002,1,model_reco,anx_high_anxiety,1,0
EXP_U000401_7,U000401,2025-09-17,CH_ACT_003,1,model_reco,dep_low_activity,0,0
EXP_U000401_8,U000401,2025-09-20,CH_ACT_002,1,model_reco,dep_low_daylight,0,0
EXP_U000401_9,U000401,2025-09-29,CH_ACT_002,1,model_reco,dep_low_daylight,0,1
EXP_U000401_10,U000401,2025-10-10,CH_ACT_003,1,model_reco,dep_low_activity,0,1
EXP_U000401_11,U000401,2025-10-11,CH_ACT_003,1,model_reco,dep_low_activity,0,0
EXP_U000402_1,U000402,2025-07-01,CH_ACT_003,1,model_reco,dep_low_activity,0,1
EXP_U000402_2,U000402,2025-08-06,CH_ACT_002,1,model_reco,dep_low_daylight,1,0
EXP_U000403_1,U000403,2025-07-23,CH_ACT_001,1,model_reco,dep_low_energy,0,1
EXP_U000403_2,U000403,2025-08-13,CH_SLEEP_001,1,model_reco,ins_high_wake_irregular,0,1
EXP_U000403_3,U000403,2025-08-25,CH_SLEEP_001,1,model_reco,ins_high_wake_irregular,0,1
EXP_U000403_4,U000403,2025-09-11,CH_SLEEP_001,1,model_reco,ins_high_wake_irregular,1,0
EXP_U000403_5,U000403,2025-09-14,CH_REG_002,1,model_reco,anx_high_anxiety,0,1
EXP_U000403_6,U000403,2025-09-21,CH_SLEEP_001,1,model_reco,ins_high_wake_irregular,0,1
EXP_U000403_7,U000403,2025-09-22,CH_SLEEP_001,1,model_reco,ins_high_wake_irregular,0,1
EXP_U000403_8,U000403,2025-09-24,CH_REG_001,1,model_reco,anx_high_anxiety,1,0
EXP_U000403_9,U000403,2025-09-28,CH_REG_001,1,model_reco,anx_high_anxiety,0,0
EXP_U000404_1,U000404,2025-09-08,CH_SLEEP_001,1,model_reco,ins_high_wake_irregular,0,0
EXP_U000404_2,U000404,2025-09-10,CH_SLEEP_001,1,model_reco,ins_high_wake_irregular,1,0
EXP_U000404_3,U000404,2025-10-02,CH_SLEEP_001,1,model_reco,ins_high_wake_irregular,1,0
EXP_U000404_4,U000404,2025-11-01,CH_SLEEP_001,1,model_reco,ins_high_wake_irregular,0,1
EXP_U000404_5,U000404,2025-11-04,CH_SLEEP_001,1,model_reco,ins_high_wake_irregular,1,0
EXP_U000404_6,U000404,2025-11-17,CH_SLEEP_001,1,model_reco,ins_high_wake_irregular,0,1
EXP_U000405_1,U000405,2025-08-27,CH_REG_001,1,model_reco,anx_high_anxiety,0,0
EXP_U000405_2,U000405,2025-08-31,CH_REG_001,1,model_reco,anx_high_anxiety,1,0
EXP_U000405_3,U000405,2025-09-09,CH_REG_001,1,model_reco,anx_high_anxiety,1,0
EXP_U000405_4,U000405,2025-09-10,CH_REG_001,1,model_reco,anx_high_anxiety,1,0
EXP_U000405_5,U000405,2025-09-17,CH_REG_002,1,model_reco,anx_high_anxiety,1,0
EXP_U000405_6,U000405,2025-09-18,CH_REG_001,1,model_reco,anx_high_anxiety,0,0
EXP_U000405_7,U000405,2025-09-24,CH_REG_001,1,model_reco,anx_high_anxiety,0,1
EXP_U000405_8,U000405,2025-10-11,CH_REG_001,1,model_reco,anx_high_anxiety,0,1
EXP_U000405_9,U000405,2025-10-15,CH_REG_001,1,model_reco,anx_high_anxiety,1,0
EXP_U000405_10,U000405,2025-10-20,CH_REG_001,1,model_reco,anx_high_anxiety,1,0
EXP_U000405_11,U000405,2025-11-02,CH_REG_001,1,model_reco,anx_high_anxiety,0,0
EXP_U000405_12,U000405,2025-11-03,CH_REG_001,1,model_reco,anx_high_anxiety,0,1
EXP_U000405_13,U000405,2025-11-13,CH_REG_001,1,model_reco,anx_high_anxiety,0,0
EXP_U000406_1,U000406,2025-07-28,CH_SLEEP_001,1,model_reco,ins_high_wake_irregular,0,0
EXP_U000406_2,U000406,2025-08-14,CH_SLEEP_001,1,model_reco,ins_high_wake_irregular,1,0
EXP_U000406_3,U000406,2025-08-18,CH_ACT_003,1,model_reco,dep_low_activity,0,0
EXP_U000406_4,U000406,2025-08-31,CH_SLEEP_001,1,model_reco,ins_high_wake_irregular,1,0
EXP_U000406_5,U000406,2025-09-03,CH_ACT_002,1,model_reco,dep_low_daylight,0,1
EXP_U000406_6,U000406,2025-09-04,CH_ACT_003,1,model_reco,dep_low_activity,1,0
EXP_U000406_7,U000406,2025-09-08,CH_SLEEP_001,1,model_reco,ins_high_wake_irregular,0,0
EXP_U000406_8,U000406,2025-09-15,CH_SLEEP_001,1,model_reco,ins_high_wake_irregular,1,0
EXP_U000406_9,U000406,2025-09-16,CH_ACT_003,1,model_reco,dep_low_activity,0,1
EXP_U000406_10,U000406,2025-09-17,CH_ACT_002,1,model_reco,dep_low_daylight,0,1
EXP_U000406_11,U000406,2025-09-24,CH_SLEEP_001,1,model_reco,ins_high_wake_irregular,1,0
EXP_U000406_12,U000406,2025-10-02,CH_SLEEP_001,1,model_reco,ins_high_wake_irregular,0,0
EXP_U000406_13,U000406,2025-10-03,CH_SLEEP_001,1,model_reco,ins_high_wake_irregular,1,0
EXP_U000406_14,U000406,2025-10-09,CH_ACT_003,1,model_reco,dep_low_activity,0,1
EXP_U000407_1,U000407,2025-08-14,CH_REG_001,1,model_reco,anx_high_anxiety,1,0
EXP_U000407_2,U000407,2025-08-15,CH_REG_002,1,model_reco,anx_high_anxiety,0,0
EXP_U000407_3,U000407,2025-08-21,CH_REG_001,1,model_reco,anx_high_anxiety,0,1
EXP_U000407_4,U000407,2025-08-22,CH_REG_001,1,model_reco,anx_high_anxiety,1,0
EXP_U000407_5,U000407,2025-08-24,CH_REG_001,1,model_reco,anx_high_anxiety,0,1
EXP_U000407_6,U000407,2025-08-28,CH_REG_001,1,model_reco,anx_high_anxiety,1,0
EXP_U000407_7,U000407,2025-09-07,CH_WELL_001,1,model_reco,supportive_wellbeing,0,1
EXP_U000407_8,U000407,2025-09-17,CH_REG_002,1,model_reco,anx_high_anxiety,1,0
EXP_U000407_9,U000407,2025-09-20,CH_REG_002,1,model_reco,anx_high_anxiety,0,0
EXP_U000407_10,U000407,2025-09-21,CH_REG_001,1,model_reco,anx_high_anxiety,0,0
EXP_U000407_11,U000407,2025-09-22,CH_REG_002,1,model_reco,anx_high_anxiety,0,1
EXP_U000407_12,U000407,2025-09-23,CH_REG_001,1,model_reco,anx_high_anxiety,0,1
EXP_U000407_13,U000407,2025-09-25,CH_REG_002,1,model_reco,anx_high_anxiety,1,0
EXP_U000407_14,U000407,2025-09-26,CH_REG_001,1,model_reco,anx_high_anxiety,1,0
EXP_U000407_15,U000407,2025-09-29,CH_REG_001,1,model_reco,anx_high_anxiety,1,0
EXP_U000407_16,U000407,2025-10-07,CH_REG_002,1,model_reco,anx_high_anxiety,1,0
EXP_U000407_17,U000407,2025-10-10,CH_REG_002,1,model_reco,anx_high_anxiety,1,0
EXP_U000407_18,U000407,2025-10-15,CH_REG_001,1,model_reco,anx_high_anxiety,1,0
EXP_U000407_19,U000407,2025-10-17,CH_REG_001,1,model_reco,anx_high_anxiety,1,0
EXP_U000407_20,U000407,2025-10-24,CH_REG_001,1,model_reco,anx_high_anxiety,1,0
EXP_U000408_1,U000408,2025-08-01,CH_SLEEP_001,1,model_reco,ins_high_wake_irregular,1,0
EXP_U000408_2,U000408,2025-08-07,CH_ACT_003,1,model_reco,dep_low_activity,0,1
EXP_U000408_3,U000408,2025-08-21,CH_SLEEP_001,1,model_reco,ins_high_wake_irregular,0,1
EXP_U000408_4,U000408,2025-08-25,CH_SLEEP_001,1,model_reco,ins_high_wake_irregular,0,0
EXP_U000408_5,U000408,2025-08-26,CH_SLEEP_001,1,model_reco,ins_high_wake_irregular,1,0
EXP_U000408_6,U000408,2025-09-14,CH_SLEEP_001,1,model_reco,ins_high_wake_irregular,1,0
EXP_U000408_7,U000408,2025-09-17,CH_ACT_002,1,model_reco,dep_low_daylight,0,1
EXP_U000408_8,U000408,2025-09-27,CH_SLEEP_001,1,model_reco,ins_high_wake_irregular,1,0
EXP_U000408_9,U000408,2025-10-02,CH_ACT_002,1,model_reco,dep_low_daylight,0,1
EXP_U000408_10,U000408,2025-10-04,CH_SLEEP_001,1,model_reco,ins_high_wake_irregular,1,0
EXP_U000408_11,U000408,2025-10-10,CH_ACT_002,1,model_reco,dep_low_daylight,0,0
EXP_U000408_12,U000408,2025-10-15,CH_SLEEP_001,1,model_reco,ins_high_wake_irregular,0,1
EXP_U000409_1,U000409,2025-07-22,CH_SLEEP_001,1,model_reco,ins_high_wake_irregular,0,0
EXP_U000409_2,U000409,2025-07-24,CH_SLEEP_001,1,model_reco,ins_high_wake_irregular,0,0
EXP_U000409_3,U000409,2025-08-12,CH_SLEEP_001,1,model_reco,ins_high_wake_irregular,0,0
EXP_U000409_4,U000409,2025-08-16,CH_SLEEP_001,1,model_reco,ins_high_wake_irregular,0,1
EXP_U000409_5,U000409,2025-08-27,CH_SLEEP_001,1,model_reco,ins_high_wake_irregular,0,1
EXP_U000409_6,U000409,2025-08-30,CH_SLEEP_001,1,model_reco,ins_high_wake_irregular,0,1
EXP_U000409_7,U000409,2025-09-03,CH_SLEEP_001,1,model_reco,ins_high_wake_irregular,1,0
EXP_U000409_8,U000409,2025-10-08,CH_SLEEP_001,1,model_reco,ins_high_wake_irregular,1,0
EXP_U000410_1,U000410,2025-07-12,CH_SLEEP_001,1,model_reco,ins_high_wake_irregular,1,0
EXP_U000410_2,U000410,2025-07-14,CH_ACT_003,1,model_reco,dep_low_activity,0,1
EXP_U000410_3,U000410,2025-07-16,CH_ACT_002,1,model_reco,dep_low_daylight,0,0
EXP_U000410_4,U000410,2025-07-24,CH_REG_002,1,model_reco,anx_high_anxiety,1,0
EXP_U000410_5,U000410,2025-07-31,CH_SLEEP_001,1,model_reco,ins_high_wake_irregular,1,0
EXP_U000410_6,U000410,2025-08-02,CH_ACT_002,1,model_reco,dep_low_daylight,0,0
EXP_U000410_7,U000410,2025-08-10,CH_SLEEP_001,1,model_reco,ins_high_wake_irregular,0,1
EXP_U000410_8,U000410,2025-08-11,CH_SLEEP_001,1,model_reco,ins_high_wake_irregular,0,1
EXP_U000410_9,U000410,2025-08-14,CH_ACT_002,1,model_reco,dep_low_daylight,0,0
EXP_U000410_10,U000410,2025-08-17,CH_SLEEP_001,1,model_reco,ins_high_wake_irregular,0,1
EXP_U000410_11,U000410,2025-08-20,CH_SLEEP_001,1,model_reco,ins_high_wake_irregular,0,0
EXP_U000410_12,U000410,2025-08-27,CH_ACT_002,1,model_reco,dep_low_daylight,0,1
EXP_U000410_13,U000410,2025-08-30,CH_SLEEP_001,1,model_reco,ins_high_wake_irregular,0,0
EXP_U000410_14,U000410,2025-09-08,CH_SLEEP_001,1,model_reco,ins_high_wake_irregular,0,1
EXP_U000410_15,U000410,2025-09-09,CH_ACT_002,1,model_reco,dep_low_daylight,0,1
EXP_U000410_16,U000410,2025-09-10,CH_ACT_002,1,model_reco,dep_low_daylight,0,1
EXP_U000410_17,U000410,2025-09-20,CH_SLEEP_001,1,model_reco,ins_high_wake_irregular,1,0
EXP_U000410_18,U000410,2025-09-21,CH_REG_001,1,model_reco,anx_high_anxiety,0,0
EXP_U000410_19,U000410,2025-10-02,CH_SLEEP_001,1,model_reco,ins_high_wake_irregular,0,0
EXP_U000411_1,U000411,2025-08-19,CH_WELL_001,1,model_reco,supportive_wellbeing,1,0
EXP_U000411_2,U000411,2025-08-21,CH_WELL_001,1,model_reco,supportive_wellbeing,0,0
EXP_U000411_3,U000411,2025-08-29,CH_WELL_001,1,model_reco,supportive_wellbeing,0,1
EXP_U000412_1,U000412,2025-08-12,CH_SLEEP_001,1,model_reco,ins_high_wake_irregular,0,0
EXP_U000414_1,U000414,2025-10-10,CH_SLEEP_001,1,model_reco,ins_high_wake_irregular,0,1
EXP_U000415_1,U000415,2025-06-10,CH_SLEEP_001,1,model_reco,ins_high_wake_irregular,0,1
EXP_U000415_2,U000415,2025-06-12,CH_SLEEP_001,1,model_reco,ins_high_wake_irregular,1,0
EXP_U000415_3,U000415,2025-06-13,CH_SLEEP_001,1,model_reco,ins_high_wake_irregular,0,1
EXP_U000415_4,U000415,2025-06-20,CH_SLEEP_001,1,model_reco,ins_high_wake_irregular,1,0
EXP_U000415_5,U000415,2025-06-22,CH_WELL_001,1,model_reco,supportive_wellbeing,1,0
EXP_U000415_6,U000415,2025-07-10,CH_SLEEP_001,1,model_reco,ins_high_wake_irregular,0,1
EXP_U000415_7,U000415,2025-07-13,CH_SLEEP_001,1,model_reco,ins_high_wake_irregular,0,1
EXP_U000415_8,U000415,2025-07-15,CH_SLEEP_001,1,model_reco,ins_high_wake_irregular,0,1
EXP_U000415_9,U000415,2025-07-16,CH_SLEEP_001,1,model_reco,ins_high_wake_irregular,0,1
EXP_U000415_10,U000415,2025-07-19,CH_SLEEP_001,1,model_reco,ins_high_wake_irregular,0,0
EXP_U000415_11,U000415,2025-07-23,CH_SLEEP_001,1,model_reco,ins_high_wake_irregular,1,0
EXP_U000415_12,U000415,2025-08-01,CH_SLEEP_001,1,model_reco,ins_high_wake_irregular,1,0
EXP_U000415_13,U000415,2025-08-11,CH_SLEEP_001,1,model_reco,ins_high_wake_irregular,0,1
EXP_U000415_14,U000415,2025-08-15,CH_SLEEP_001,1,model_reco,ins_high_wake_irregular,0,1
EXP_U000415_15,U000415,2025-08-18,CH_SLEEP_001,1,model_reco,ins_high_wake_irregular,0,1
EXP_U000415_16,U000415,2025-08-21,CH_SLEEP_001,1,model_reco,ins_high_wake_irregular,1,0
EXP_U000416_1,U000416,2025-08-07,CH_ACT_001,1,model_reco,dep_low_energy,0,1
EXP_U000416_2,U000416,2025-08-08,CH_ACT_001,1,model_reco,dep_low_energy,1,0
EXP_U000416_3,U000416,2025-08-20,CH_ACT_001,1,model_reco,dep_low_energy,0,1
EXP_U000416_4,U000416,2025-08-25,CH_ACT_001,1,model_reco,dep_low_energy,1,0
EXP_U000416_5,U000416,2025-09-07,CH_ACT_001,1,model_reco,dep_low_energy,0,0
EXP_U000416_6,U000416,2025-09-09,CH_ACT_001,1,model_reco,dep_low_energy,0,0
EXP_U000416_7,U000416,2025-09-18,CH_ACT_001,1,model_reco,dep_low_energy,0,1
EXP_U000416_8,U000416,2025-09-20,CH_ACT_001,1,model_reco,dep_low_energy,0,1
EXP_U000416_9,U000416,2025-10-14,CH_WELL_001,1,model_reco,supportive_wellbeing,1,0
EXP_U000417_1,U000417,2025-08-15,CH_ACT_002,1,model_reco,dep_low_daylight,0,1
EXP_U000418_1,U000418,2025-06-22,CH_SLEEP_001,1,model_reco,ins_high_wake_irregular,0,0
EXP_U000418_2,U000418,2025-06-24,CH_SLEEP_001,1,model_reco,ins_high_wake_irregular,0,0
EXP_U000418_3,U000418,2025-06-26,CH_SLEEP_001,1,model_reco,ins_high_wake_irregular,0,1
EXP_U000418_4,U000418,2025-07-04,CH_SLEEP_001,1,model_reco,ins_high_wake_irregular,0,0
EXP_U000418_5,U000418,2025-07-06,CH_SLEEP_001,1,model_reco,ins_high_wake_irregular,0,0
EXP_U000418_6,U000418,2025-07-09,CH_SLEEP_001,1,model_reco,ins_high_wake_irregular,0,0
EXP_U000418_7,U000418,2025-07-11,CH_SLEEP_001,1,model_reco,ins_high_wake_irregular,1,0
EXP_U000418_8,U000418,2025-07-14,CH_ACT_002,1,model_reco,dep_low_daylight,0,0
EXP_U000418_9,U000418,2025-07-15,CH_ACT_003,1,model_reco,dep_low_activity,0,1
EXP_U000418_10,U000418,2025-07-16,CH_ACT_002,1,model_reco,dep_low_daylight,0,0
EXP_U000418_11,U000418,2025-07-22,CH_SLEEP_001,1,model_reco,ins_high_wake_irregular,0,0
EXP_U000418_12,U000418,2025-07-23,CH_SLEEP_001,1,model_reco,ins_high_wake_irregular,0,1
EXP_U000418_13,U000418,2025-07-31,CH_SLEEP_001,1,model_reco,ins_high_wake_irregular,0,0
EXP_U000418_14,U000418,2025-08-01,CH_SLEEP_001,1,model_reco,ins_high_wake_irregular,0,1
EXP_U000418_15,U000418,2025-08-05,CH_SLEEP_001,1,model_reco,ins_high_wake_irregular,1,0
EXP_U000418_16,U000418,2025-08-10,CH_ACT_003,1,model_reco,dep_low_activity,0,1
EXP_U000418_17,U000418,2025-08-11,CH_ACT_002,1,model_reco,dep_low_daylight,0,0
EXP_U000418_18,U000418,2025-08-14,CH_SLEEP_001,1,model_reco,ins_high_wake_irregular,0,0
EXP_U000418_19,U000418,2025-08-16,CH_SLEEP_001,1,model_reco,ins_high_wake_irregular,1,0
EXP_U000418_20,U000418,2025-08-17,CH_ACT_002,1,model_reco,dep_low_daylight,0,1
EXP_U000418_21,U000418,2025-08-19,CH_ACT_002,1,model_reco,dep_low_daylight,0,1
EXP_U000418_22,U000418,2025-08-22,CH_ACT_002,1,model_reco,dep_low_daylight,0,1
EXP_U000418_23,U000418,2025-08-24,CH_SLEEP_001,1,model_reco,ins_high_wake_irregular,0,1
EXP_U000418_24,U000418,2025-08-27,CH_SLEEP_001,1,model_reco,ins_high_wake_irregular,1,0
EXP_U000418_25,U000418,2025-08-28,CH_ACT_002,1,model_reco,dep_low_daylight,0,1
EXP_U000418_26,U000418,2025-09-02,CH_ACT_002,1,model_reco,dep_low_daylight,0,1
EXP_U000419_1,U000419,2025-10-11,CH_SLEEP_001,1,model_reco,ins_high_wake_irregular,1,0
EXP_U000421_1,U000421,2025-06-02,CH_SLEEP_001,1,model_reco,ins_high_wake_irregular,0,1
EXP_U000421_2,U000421,2025-06-03,CH_SLEEP_001,1,model_reco,ins_high_wake_irregular,1,0
EXP_U000421_3,U000421,2025-06-09,CH_ACT_003,1,model_reco,dep_low_activity,0,0
EXP_U000421_4,U000421,2025-06-11,CH_SLEEP_001,1,model_reco,ins_high_wake_irregular,0,1
EXP_U000421_5,U000421,2025-06-15,CH_SLEEP_001,1,model_reco,ins_high_wake_irregular,1,0
EXP_U000421_6,U000421,2025-06-23,CH_SLEEP_001,1,model_reco,ins_high_wake_irregular,1,0
EXP_U000421_7,U000421,2025-06-24,CH_ACT_003,1,model_reco,dep_low_activity,1,0
EXP_U000421_8,U000421,2025-06-26,CH_REG_002,1,model_reco,anx_high_anxiety,0,0
EXP_U000421_9,U000421,2025-06-27,CH_ACT_002,1,model_reco,dep_low_daylight,0,1
EXP_U000421_10,U000421,2025-07-06,CH_SLEEP_001,1,model_reco,ins_high_wake_irregular,1,0
EXP_U000421_11,U000421,2025-07-07,CH_ACT_002,1,model_reco,dep_low_daylight,0,0
EXP_U000421_12,U000421,2025-07-10,CH_ACT_003,1,model_reco,dep_low_activity,0,0
EXP_U000421_13,U000421,2025-07-16,CH_SLEEP_001,1,model_reco,ins_high_wake_irregular,1,0
EXP_U000421_14,U000421,2025-07-21,CH_ACT_003,1,model_reco,dep_low_activity,0,1
EXP_U000421_15,U000421,2025-07-23,CH_SLEEP_001,1,model_reco,ins_high_wake_irregular,1,0
EXP_U000421_16,U000421,2025-07-27,CH_ACT_002,1,model_reco,dep_low_daylight,0,1
EXP_U000421_17,U000421,2025-08-04,CH_SLEEP_001,1,model_reco,ins_high_wake_irregular,0,1
EXP_U000421_18,U000421,2025-08-09,CH_SLEEP_001,1,model_reco,ins_high_wake_irregular,1,0
EXP_U000421_19,U000421,2025-08-12,CH_ACT_003,1,model_reco,dep_low_activity,0,1
EXP_U000421_20,U000421,2025-08-18,CH_SLEEP_001,1,model_reco,ins_high_wake_irregular,0,0
EXP_U000421_21,U000421,2025-08-20,CH_SLEEP_001,1,model_reco,ins_high_wake_irregular,1,0
EXP_U000421_22,U000421,2025-08-21,CH_ACT_003,1,model_reco,dep_low_activity,0,0
EXP_U000422_1,U000422,2025-09-04,CH_REG_002,1,model_reco,anx_high_anxiety,1,0
EXP_U000422_2,U000422,2025-09-13,CH_REG_001,1,model_reco,anx_high_anxiety,0,1
EXP_U000422_3,U000422,2025-09-18,CH_REG_001,1,model_reco,anx_high_anxiety,1,0
EXP_U000423_1,U000423,2025-06-06,CH_SLEEP_001,1,model_reco,ins_high_wake_irregular,0,1
EXP_U000423_2,U000423,2025-06-08,CH_SLEEP_001,1,model_reco,ins_high_wake_irregular,0,1
EXP_U000423_3,U000423,2025-06-12,CH_REG_001,1,model_reco,anx_high_anxiety,0,1
EXP_U000423_4,U000423,2025-06-17,CH_REG_001,1,model_reco,anx_high_anxiety,0,1
EXP_U000423_5,U000423,2025-06-28,CH_SLEEP_001,1,model_reco,ins_high_wake_irregular,0,1
EXP_U000423_6,U000423,2025-06-29,CH_SLEEP_001,1,model_reco,ins_high_wake_irregular,1,0
EXP_U000423_7,U000423,2025-07-04,CH_REG_002,1,model_reco,anx_high_anxiety,0,1
EXP_U000423_8,U000423,2025-07-07,CH_REG_002,1,model_reco,anx_high_anxiety,0,1
EXP_U000423_9,U000423,2025-07-10,CH_REG_002,1,model_reco,anx_high_anxiety,0,0
EXP_U000423_10,U000423,2025-07-17,CH_SLEEP_001,1,model_reco,ins_high_wake_irregular,1,0
EXP_U000423_11,U000423,2025-07-18,CH_REG_001,1,model_reco,anx_high_anxiety,0,0
EXP_U000423_12,U000423,2025-07-20,CH_REG_001,1,model_reco,anx_high_anxiety,1,0
EXP_U000423_13,U000423,2025-07-24,CH_SLEEP_001,1,model_reco,ins_high_wake_irregular,0,1
EXP_U000423_14,U000423,2025-07-29,CH_SLEEP_001,1,model_reco,ins_high_wake_irregular,0,0
EXP_U000423_15,U000423,2025-08-05,CH_SLEEP_001,1,model_reco,ins_high_wake_irregular,1,0
EXP_U000424_1,U000424,2025-07-31,CH_WELL_001,1,model_reco,supportive_wellbeing,0,0
EXP_U000424_2,U000424,2025-08-10,CH_WELL_001,1,model_reco,supportive_wellbeing,1,0
EXP_U000424_3,U000424,2025-08-12,CH_SLEEP_001,1,model_reco,ins_high_wake_irregular,0,0
EXP_U000424_4,U000424,2025-09-15,CH_SLEEP_001,1,model_reco,ins_high_wake_irregular,1,0
EXP_U000424_5,U000424,2025-09-18,CH_WELL_001,1,model_reco,supportive_wellbeing,1,0
EXP_U000424_6,U000424,2025-09-29,CH_SLEEP_001,1,model_reco,ins_high_wake_irregular,0,1
EXP_U000425_1,U000425,2025-07-07,CH_REG_001,1,model_reco,anx_high_anxiety,1,0
EXP_U000425_2,U000425,2025-07-13,CH_REG_001,1,model_reco,anx_high_anxiety,0,0
EXP_U000425_3,U000425,2025-07-15,CH_REG_001,1,model_reco,anx_high_anxiety,1,0
EXP_U000425_4,U000425,2025-07-21,CH_REG_001,1,model_reco,anx_high_anxiety,1,0
EXP_U000425_5,U000425,2025-07-28,CH_REG_002,1,model_reco,anx_high_anxiety,1,0
EXP_U000425_6,U000425,2025-08-01,CH_REG_001,1,model_reco,anx_high_anxiety,0,1
EXP_U000425_7,U000425,2025-08-05,CH_REG_001,1,model_reco,anx_high_anxiety,0,0
EXP_U000425_8,U000425,2025-08-06,CH_REG_001,1,model_reco,anx_high_anxiety,1,0
EXP_U000425_9,U000425,2025-08-13,CH_REG_001,1,model_reco,anx_high_anxiety,1,0
EXP_U000425_10,U000425,2025-08-22,CH_REG_001,1,model_reco,anx_high_anxiety,1,0
EXP_U000425_11,U000425,2025-08-31,CH_REG_001,1,model_reco,anx_high_anxiety,0,0
EXP_U000425_12,U000425,2025-09-20,CH_REG_002,1,model_reco,anx_high_anxiety,0,0
EXP_U000425_13,U000425,2025-09-27,CH_REG_002,1,model_reco,anx_high_anxiety,1,0
EXP_U000426_1,U000426,2025-08-08,CH_REG_002,1,model_reco,anx_high_anxiety,0,1
EXP_U000426_2,U000426,2025-08-17,CH_REG_001,1,model_reco,anx_high_anxiety,0,0
EXP_U000426_3,U000426,2025-08-22,CH_REG_002,1,model_reco,anx_high_anxiety,1,0
EXP_U000426_4,U000426,2025-08-27,CH_REG_001,1,model_reco,anx_high_anxiety,0,1
EXP_U000426_5,U000426,2025-08-29,CH_REG_001,1,model_reco,anx_high_anxiety,0,1
EXP_U000426_6,U000426,2025-08-30,CH_REG_002,1,model_reco,anx_high_anxiety,1,0
EXP_U000426_7,U000426,2025-09-01,CH_REG_001,1,model_reco,anx_high_anxiety,0,1
EXP_U000426_8,U000426,2025-09-08,CH_REG_001,1,model_reco,anx_high_anxiety,0,1
EXP_U000426_9,U000426,2025-09-09,CH_REG_002,1,model_reco,anx_high_anxiety,1,0
EXP_U000426_10,U000426,2025-09-20,CH_REG_001,1,model_reco,anx_high_anxiety,0,1
EXP_U000426_11,U000426,2025-09-24,CH_REG_001,1,model_reco,anx_high_anxiety,0,0
EXP_U000426_12,U000426,2025-09-26,CH_REG_002,1,model_reco,anx_high_anxiety,1,0
EXP_U000426_13,U000426,2025-09-28,CH_REG_001,1,model_reco,anx_high_anxiety,1,0
EXP_U000426_14,U000426,2025-10-06,CH_REG_002,1,model_reco,anx_high_anxiety,0,1
EXP_U000426_15,U000426,2025-10-09,CH_REG_001,1,model_reco,anx_high_anxiety,0,0
EXP_U000426_16,U000426,2025-10-13,CH_REG_002,1,model_reco,anx_high_anxiety,0,1
EXP_U000426_17,U000426,2025-10-14,CH_REG_002,1,model_reco,anx_high_anxiety,1,0
EXP_U000426_18,U000426,2025-10-17,CH_REG_002,1,model_reco,anx_high_anxiety,1,0
EXP_U000426_19,U000426,2025-10-18,CH_REG_002,1,model_reco,anx_high_anxiety,1,0
EXP_U000426_20,U000426,2025-10-21,CH_REG_002,1,model_reco,anx_high_anxiety,1,0
EXP_U000426_21,U000426,2025-10-24,CH_REG_001,1,model_reco,anx_high_anxiety,0,1
EXP_U000427_1,U000427,2025-06-22,CH_SLEEP_001,1,model_reco,ins_high_wake_irregular,0,1
EXP_U000427_2,U000427,2025-06-27,CH_SLEEP_001,1,model_reco,ins_high_wake_irregular,0,1
EXP_U000427_3,U000427,2025-06-29,CH_SLEEP_001,1,model_reco,ins_high_wake_irregular,0,0
EXP_U000427_4,U000427,2025-07-01,CH_SLEEP_001,1,model_reco,ins_high_wake_irregular,1,0
EXP_U000427_5,U000427,2025-07-10,CH_SLEEP_001,1,model_reco,ins_high_wake_irregular,0,1
EXP_U000427_6,U000427,2025-07-11,CH_SLEEP_001,1,model_reco,ins_high_wake_irregular,0,1
EXP_U000427_7,U000427,2025-07-13,CH_SLEEP_001,1,model_reco,ins_high_wake_irregular,0,0
EXP_U000427_8,U000427,2025-07-19,CH_SLEEP_001,1,model_reco,ins_high_wake_irregular,1,0
EXP_U000427_9,U000427,2025-07-20,CH_REG_001,1,model_reco,anx_high_anxiety,0,0
EXP_U000427_10,U000427,2025-07-25,CH_REG_001,1,model_reco,anx_high_anxiety,0,1
EXP_U000427_11,U000427,2025-07-27,CH_SLEEP_001,1,model_reco,ins_high_wake_irregular,0,0
EXP_U000427_12,U000427,2025-07-28,CH_SLEEP_001,1,model_reco,ins_high_wake_irregular,0,0
EXP_U000427_13,U000427,2025-07-30,CH_SLEEP_001,1,model_reco,ins_high_wake_irregular,0,0
EXP_U000427_14,U000427,2025-08-14,CH_SLEEP_001,1,model_reco,ins_high_wake_irregular,1,0
EXP_U000427_15,U000427,2025-08-18,CH_ACT_001,1,model_reco,dep_low_energy,0,1
EXP_U000427_16,U000427,2025-08-19,CH_ACT_002,1,model_reco,dep_low_daylight,1,0
EXP_U000427_17,U000427,2025-08-20,CH_REG_001,1,model_reco,anx_high_anxiety,0,0
EXP_U000427_18,U000427,2025-08-25,CH_SLEEP_001,1,model_reco,ins_high_wake_irregular,0,1
EXP_U000427_19,U000427,2025-08-30,CH_SLEEP_001,1,model_reco,ins_high_wake_irregular,1,0
EXP_U000427_20,U000427,2025-08-31,CH_ACT_002,1,model_reco,dep_low_daylight,0,1
EXP_U000427_21,U000427,2025-09-01,CH_ACT_001,1,model_reco,dep_low_energy,1,0
EXP_U000427_22,U000427,2025-09-03,CH_REG_002,1,model_reco,anx_high_anxiety,1,0
EXP_U000427_23,U000427,2025-09-06,CH_SLEEP_001,1,model_reco,ins_high_wake_irregular,1,0
EXP_U000428_1,U000428,2025-09-20,CH_WELL_001,1,model_reco,supportive_wellbeing,1,0
EXP_U000428_2,U000428,2025-10-03,CH_WELL_001,1,model_reco,supportive_wellbeing,0,1
EXP_U000429_1,U000429,2025-06-27,CH_SLEEP_001,1,model_reco,ins_high_wake_irregular,0,0
EXP_U000429_2,U000429,2025-07-02,CH_ACT_003,1,model_reco,dep_low_activity,0,0
EXP_U000429_3,U000429,2025-07-09,CH_SLEEP_001,1,model_reco,ins_high_wake_irregular,0,0
EXP_U000429_4,U000429,2025-07-14,CH_SLEEP_001,1,model_reco,ins_high_wake_irregular,0,0
EXP_U000429_5,U000429,2025-07-23,CH_SLEEP_001,1,model_reco,ins_high_wake_irregular,0,0
EXP_U000429_6,U000429,2025-08-04,CH_ACT_003,1,model_reco,dep_low_activity,0,1
EXP_U000429_7,U000429,2025-08-16,CH_SLEEP_001,1,model_reco,ins_high_wake_irregular,0,1
EXP_U000429_8,U000429,2025-08-25,CH_SLEEP_001,1,model_reco,ins_high_wake_irregular,0,1
EXP_U000429_9,U000429,2025-08-31,CH_SLEEP_001,1,model_reco,ins_high_wake_irregular,0,1
EXP_U000429_10,U000429,2025-09-01,CH_SLEEP_001,1,model_reco,ins_high_wake_irregular,1,0
EXP_U000429_11,U000429,2025-09-06,CH_ACT_003,1,model_reco,dep_low_activity,1,0
EXP_U000429_12,U000429,2025-09-08,CH_SLEEP_001,1,model_reco,ins_high_wake_irregular,0,1
EXP_U000429_13,U000429,2025-09-10,CH_SLEEP_001,1,model_reco,ins_high_wake_irregular,1,0
EXP_U000430_1,U000430,2025-10-13,CH_REG_001,1,model_reco,anx_high_anxiety,1,0
EXP_U000430_2,U000430,2025-11-22,CH_WELL_001,1,model_reco,supportive_wellbeing,0,1
EXP_U000431_1,U000431,2025-09-06,CH_SOC_001,1,model_reco,low_social_contact,1,0
EXP_U000431_2,U000431,2025-09-28,CH_ACT_002,1,model_reco,dep_low_daylight,0,1
EXP_U000431_3,U000431,2025-10-10,CH_ACT_002,1,model_reco,dep_low_daylight,1,0
EXP_U000431_4,U000431,2025-10-15,CH_WELL_001,1,model_reco,supportive_wellbeing,0,1
EXP_U000431_5,U000431,2025-10-27,CH_ACT_003,1,model_reco,dep_low_activity,0,1
EXP_U000431_6,U000431,2025-10-29,CH_WELL_001,1,model_reco,supportive_wellbeing,0,1
EXP_U000431_7,U000431,2025-11-09,CH_ACT_002,1,model_reco,dep_low_daylight,0,0
EXP_U000431_8,U000431,2025-11-12,CH_ACT_002,1,model_reco,dep_low_daylight,0,0
EXP_U000431_9,U000431,2025-11-14,CH_ACT_003,1,model_reco,dep_low_activity,0,0
EXP_U000431_10,U000431,2025-11-15,CH_ACT_003,1,model_reco,dep_low_activity,0,0
EXP_U000432_1,U000432,2025-06-27,CH_SLEEP_001,1,model_reco,ins_high_wake_irregular,0,1
EXP_U000432_2,U000432,2025-06-28,CH_SLEEP_001,1,model_reco,ins_high_wake_irregular,1,0
EXP_U000432_3,U000432,2025-07-01,CH_ACT_002,1,model_reco,dep_low_daylight,0,0
EXP_U000432_4,U000432,2025-07-03,CH_ACT_002,1,model_reco,dep_low_daylight,0,1
EXP_U000432_5,U000432,2025-07-12,CH_SLEEP_001,1,model_reco,ins_high_wake_irregular,0,1
EXP_U000432_6,U000432,2025-07-15,CH_SLEEP_001,1,model_reco,ins_high_wake_irregular,0,1
EXP_U000432_7,U000432,2025-07-21,CH_SLEEP_001,1,model_reco,ins_high_wake_irregular,1,0
EXP_U000432_8,U000432,2025-07-27,CH_ACT_003,1,model_reco,dep_low_activity,0,0
EXP_U000432_9,U000432,2025-08-16,CH_SLEEP_001,1,model_reco,ins_high_wake_irregular,0,1
EXP_U000432_10,U000432,2025-08-18,CH_SLEEP_001,1,model_reco,ins_high_wake_irregular,1,0
EXP_U000432_11,U000432,2025-08-21,CH_ACT_002,1,model_reco,dep_low_daylight,0,0
EXP_U000432_12,U000432,2025-08-24,CH_ACT_003,1,model_reco,dep_low_activity,0,1
EXP_U000432_13,U000432,2025-09-07,CH_SLEEP_001,1,model_reco,ins_high_wake_irregular,0,0
EXP_U000432_14,U000432,2025-09-08,CH_SOC_001,1,model_reco,low_social_contact,0,1
EXP_U000433_1,U000433,2025-11-01,CH_SLEEP_001,1,model_reco,ins_high_wake_irregular,0,0
EXP_U000434_1,U000434,2025-08-28,CH_SLEEP_001,1,model_reco,ins_high_wake_irregular,0,0
EXP_U000434_2,U000434,2025-09-01,CH_SLEEP_001,1,model_reco,ins_high_wake_irregular,1,0
EXP_U000434_3,U000434,2025-09-02,CH_ACT_002,1,model_reco,dep_low_daylight,0,1
EXP_U000434_4,U000434,2025-09-04,CH_ACT_002,1,model_reco,dep_low_daylight,0,1
EXP_U000434_5,U000434,2025-09-11,CH_SLEEP_001,1,model_reco,ins_high_wake_irregular,1,0
EXP_U000434_6,U000434,2025-09-12,CH_ACT_003,1,model_reco,dep_low_activity,0,1
EXP_U000434_7,U000434,2025-09-17,CH_SLEEP_001,1,model_reco,ins_high_wake_irregular,0,1
EXP_U000434_8,U000434,2025-09-25,CH_SLEEP_001,1,model_reco,ins_high_wake_irregular,0,1
EXP_U000434_9,U000434,2025-09-28,CH_SLEEP_001,1,model_reco,ins_high_wake_irregular,0,1
EXP_U000434_10,U000434,2025-09-29,CH_SLEEP_001,1,model_reco,ins_high_wake_irregular,0,0
EXP_U000434_11,U000434,2025-10-01,CH_SLEEP_001,1,model_reco,ins_high_wake_irregular,0,1
EXP_U000434_12,U000434,2025-10-03,CH_SLEEP_001,1,model_reco,ins_high_wake_irregular,0,0
EXP_U000434_13,U000434,2025-10-05,CH_SLEEP_001,1,model_reco,ins_high_wake_irregular,0,1
EXP_U000434_14,U000434,2025-10-23,CH_SLEEP_001,1,model_reco,ins_high_wake_irregular,1,0
EXP_U000434_15,U000434,2025-10-29,CH_ACT_002,1,model_reco,dep_low_daylight,0,0
EXP_U000434_16,U000434,2025-10-30,CH_SLEEP_001,1,model_reco,ins_high_wake_irregular,0,0
EXP_U000434_17,U000434,2025-10-31,CH_SLEEP_001,1,model_reco,ins_high_wake_irregular,1,0
EXP_U000434_18,U000434,2025-11-03,CH_ACT_002,1,model_reco,dep_low_daylight,0,0
EXP_U000434_19,U000434,2025-11-08,CH_SLEEP_001,1,model_reco,ins_high_wake_irregular,0,1
EXP_U000434_20,U000434,2025-11-10,CH_SLEEP_001,1,model_reco,ins_high_wake_irregular,0,1
EXP_U000434_21,U000434,2025-11-11,CH_SLEEP_001,1,model_reco,ins_high_wake_irregular,0,0
EXP_U000434_22,U000434,2025-11-16,CH_SLEEP_001,1,model_reco,ins_high_wake_irregular,1,0
EXP_U000434_23,U000434,2025-11-19,CH_ACT_002,1,model_reco,dep_low_daylight,0,0
EXP_U000435_1,U000435,2025-09-12,CH_REG_001,1,model_reco,anx_high_anxiety,1,0
EXP_U000435_2,U000435,2025-09-17,CH_REG_001,1,model_reco,anx_high_anxiety,0,0
EXP_U000435_3,U000435,2025-10-06,CH_REG_002,1,model_reco,anx_high_anxiety,1,0
EXP_U000435_4,U000435,2025-10-07,CH_REG_002,1,model_reco,anx_high_anxiety,0,1
EXP_U000435_5,U000435,2025-10-10,CH_REG_001,1,model_reco,anx_high_anxiety,1,0
EXP_U000436_1,U000436,2025-09-22,CH_SLEEP_001,1,model_reco,ins_high_wake_irregular,0,0
EXP_U000436_2,U000436,2025-10-05,CH_SLEEP_001,1,model_reco,ins_high_wake_irregular,0,1
EXP_U000437_1,U000437,2025-08-14,CH_ACT_002,1,model_reco,dep_low_daylight,0,1
EXP_U000437_2,U000437,2025-08-15,CH_ACT_003,1,model_reco,dep_low_activity,0,1
EXP_U000437_3,U000437,2025-08-19,CH_ACT_003,1,model_reco,dep_low_activity,0,0
EXP_U000437_4,U000437,2025-08-21,CH_ACT_003,1,model_reco,dep_low_activity,0,1
EXP_U000437_5,U000437,2025-08-22,CH_SOC_001,1,model_reco,low_social_contact,0,0
EXP_U000437_6,U000437,2025-08-29,CH_ACT_003,1,model_reco,dep_low_activity,0,0
EXP_U000437_7,U000437,2025-09-06,CH_SOC_001,1,model_reco,low_social_contact,0,0
EXP_U000437_8,U000437,2025-09-07,CH_SOC_001,1,model_reco,low_social_contact,0,0
EXP_U000437_9,U000437,2025-09-20,CH_ACT_002,1,model_reco,dep_low_daylight,0,0
EXP_U000437_10,U000437,2025-09-21,CH_ACT_003,1,model_reco,dep_low_activity,0,1
EXP_U000437_11,U000437,2025-10-02,CH_ACT_003,1,model_reco,dep_low_activity,1,0
EXP_U000437_12,U000437,2025-10-07,CH_ACT_002,1,model_reco,dep_low_daylight,0,1
EXP_U000437_13,U000437,2025-10-23,CH_ACT_003,1,model_reco,dep_low_activity,0,1
EXP_U000437_14,U000437,2025-10-24,CH_ACT_003,1,model_reco,dep_low_activity,0,1
EXP_U000438_1,U000438,2025-09-11,CH_ACT_003,1,model_reco,dep_low_activity,0,1
EXP_U000438_2,U000438,2025-09-23,CH_WELL_001,1,model_reco,supportive_wellbeing,1,0
EXP_U000438_3,U000438,2025-10-06,CH_ACT_001,1,model_reco,dep_low_energy,1,0
EXP_U000438_4,U000438,2025-10-11,CH_ACT_002,1,model_reco,dep_low_daylight,0,1
EXP_U000438_5,U000438,2025-11-08,CH_ACT_001,1,model_reco,dep_low_energy,1,0
EXP_U000439_1,U000439,2025-07-05,CH_SLEEP_001,1,model_reco,ins_high_wake_irregular,0,0
EXP_U000439_2,U000439,2025-07-09,CH_ACT_003,1,model_reco,dep_low_activity,0,1
EXP_U000439_3,U000439,2025-07-10,CH_SLEEP_001,1,model_reco,ins_high_wake_irregular,0,0
EXP_U000439_4,U000439,2025-07-30,CH_SLEEP_001,1,model_reco,ins_high_wake_irregular,0,1
EXP_U000439_5,U000439,2025-08-03,CH_SLEEP_001,1,model_reco,ins_high_wake_irregular,0,1
EXP_U000439_6,U000439,2025-09-12,CH_SLEEP_001,1,model_reco,ins_high_wake_irregular,0,0
EXP_U000440_1,U000440,2025-07-25,CH_ACT_002,1,model_reco,dep_low_daylight,0,0
EXP_U000440_2,U000440,2025-07-28,CH_ACT_003,1,model_reco,dep_low_activity,0,0
EXP_U000440_3,U000440,2025-08-14,CH_ACT_002,1,model_reco,dep_low_daylight,1,0
EXP_U000440_4,U000440,2025-08-18,CH_ACT_003,1,model_reco,dep_low_activity,0,1
EXP_U000440_5,U000440,2025-08-22,CH_ACT_003,1,model_reco,dep_low_activity,1,0
EXP_U000440_6,U000440,2025-08-24,CH_SOC_001,1,model_reco,low_social_contact,0,1
EXP_U000440_7,U000440,2025-08-28,CH_ACT_002,1,model_reco,dep_low_daylight,1,0
EXP_U000440_8,U000440,2025-08-31,CH_ACT_003,1,model_reco,dep_low_activity,0,0
EXP_U000440_9,U000440,2025-09-11,CH_ACT_002,1,model_reco,dep_low_daylight,0,0
EXP_U000440_10,U000440,2025-09-17,CH_ACT_002,1,model_reco,dep_low_daylight,1,0
EXP_U000440_11,U000440,2025-09-22,CH_ACT_002,1,model_reco,dep_low_daylight,1,0
EXP_U000440_12,U000440,2025-09-25,CH_ACT_003,1,model_reco,dep_low_activity,0,1
EXP_U000440_13,U000440,2025-09-27,CH_ACT_003,1,model_reco,dep_low_activity,0,1
EXP_U000440_14,U000440,2025-10-03,CH_ACT_002,1,model_reco,dep_low_daylight,0,0
EXP_U000440_15,U000440,2025-10-04,CH_ACT_002,1,model_reco,dep_low_daylight,0,1
EXP_U000441_1,U000441,2025-07-31,CH_WELL_001,1,model_reco,supportive_wellbeing,0,1
EXP_U000442_1,U000442,2025-09-09,CH_SLEEP_001,1,model_reco,ins_high_wake_irregular,0,1
EXP_U000442_2,U000442,2025-10-02,CH_SLEEP_001,1,model_reco,ins_high_wake_irregular,0,1
EXP_U000442_3,U000442,2025-10-10,CH_SLEEP_001,1,model_reco,ins_high_wake_irregular,1,0
EXP_U000442_4,U000442,2025-10-20,CH_SLEEP_001,1,model_reco,ins_high_wake_irregular,0,1
EXP_U000443_1,U000443,2025-07-25,CH_REG_002,1,model_reco,anx_high_anxiety,0,1
EXP_U000443_2,U000443,2025-08-18,CH_WELL_001,1,model_reco,supportive_wellbeing,0,1
EXP_U000443_3,U000443,2025-08-24,CH_REG_001,1,model_reco,anx_high_anxiety,1,0
EXP_U000443_4,U000443,2025-09-20,CH_REG_001,1,model_reco,anx_high_anxiety,1,0
EXP_U000443_5,U000443,2025-10-01,CH_WELL_001,1,model_reco,supportive_wellbeing,1,0
EXP_U000444_1,U000444,2025-08-03,CH_REG_001,1,model_reco,anx_high_anxiety,0,0
EXP_U000444_2,U000444,2025-08-06,CH_REG_001,1,model_reco,anx_high_anxiety,0,0
EXP_U000444_3,U000444,2025-08-10,CH_REG_001,1,model_reco,anx_high_anxiety,1,0
EXP_U000444_4,U000444,2025-08-11,CH_REG_002,1,model_reco,anx_high_anxiety,0,1
EXP_U000444_5,U000444,2025-08-15,CH_ACT_003,1,model_reco,dep_low_activity,0,1
EXP_U000444_6,U000444,2025-08-22,CH_ACT_003,1,model_reco,dep_low_activity,0,1
EXP_U000444_7,U000444,2025-08-26,CH_SLEEP_001,1,model_reco,ins_high_wake_irregular,0,0
EXP_U000444_8,U000444,2025-08-28,CH_SLEEP_001,1,model_reco,ins_high_wake_irregular,1,0
EXP_U000444_9,U000444,2025-08-29,CH_ACT_001,1,model_reco,dep_low_energy,0,1
EXP_U000444_10,U000444,2025-09-02,CH_REG_002,1,model_reco,anx_high_anxiety,0,0
EXP_U000444_11,U000444,2025-09-05,CH_SLEEP_001,1,model_reco,ins_high_wake_irregular,1,0
EXP_U000444_12,U000444,2025-09-07,CH_REG_001,1,model_reco,anx_high_anxiety,0,0
EXP_U000444_13,U000444,2025-09-14,CH_REG_002,1,model_reco,anx_high_anxiety,1,0
EXP_U000444_14,U000444,2025-09-21,CH_SLEEP_001,1,model_reco,ins_high_wake_irregular,0,0
EXP_U000444_15,U000444,2025-09-24,CH_REG_001,1,model_reco,anx_high_anxiety,0,1
EXP_U000444_16,U000444,2025-09-26,CH_REG_002,1,model_reco,anx_high_anxiety,0,0
EXP_U000444_17,U000444,2025-10-04,CH_SLEEP_001,1,model_reco,ins_high_wake_irregular,0,1
EXP_U000444_18,U000444,2025-10-08,CH_SLEEP_001,1,model_reco,ins_high_wake_irregular,0,1
EXP_U000444_19,U000444,2025-10-09,CH_SLEEP_001,1,model_reco,ins_high_wake_irregular,1,0
EXP_U000444_20,U000444,2025-10-11,CH_REG_001,1,model_reco,anx_high_anxiety,1,0
EXP_U000444_21,U000444,2025-10-12,CH_REG_001,1,model_reco,anx_high_anxiety,0,1
EXP_U000444_22,U000444,2025-10-13,CH_REG_001,1,model_reco,anx_high_anxiety,0,1
EXP_U000444_23,U000444,2025-10-15,CH_REG_001,1,model_reco,anx_high_anxiety,0,0
EXP_U000444_24,U000444,2025-10-21,CH_SLEEP_001,1,model_reco,ins_high_wake_irregular,0,1
EXP_U000445_1,U000445,2025-06-26,CH_SLEEP_001,1,model_reco,ins_high_wake_irregular,1,0
EXP_U000445_2,U000445,2025-07-05,CH_SLEEP_001,1,model_reco,ins_high_wake_irregular,0,0
EXP_U000445_3,U000445,2025-07-10,CH_SLEEP_001,1,model_reco,ins_high_wake_irregular,0,1
EXP_U000445_4,U000445,2025-07-16,CH_SLEEP_001,1,model_reco,ins_high_wake_irregular,1,0
EXP_U000445_5,U000445,2025-07-24,CH_SLEEP_001,1,model_reco,ins_high_wake_irregular,0,1
EXP_U000445_6,U000445,2025-07-25,CH_SLEEP_001,1,model_reco,ins_high_wake_irregular,0,0
EXP_U000445_7,U000445,2025-07-26,CH_SLEEP_001,1,model_reco,ins_high_wake_irregular,1,0
EXP_U000445_8,U000445,2025-07-29,CH_WELL_001,1,model_reco,supportive_wellbeing,1,0
EXP_U000445_9,U000445,2025-08-04,CH_SLEEP_001,1,model_reco,ins_high_wake_irregular,0,0
EXP_U000445_10,U000445,2025-08-05,CH_SLEEP_001,1,model_reco,ins_high_wake_irregular,0,0
EXP_U000445_11,U000445,2025-08-07,CH_SLEEP_001,1,model_reco,ins_high_wake_irregular,0,1
EXP_U000445_12,U000445,2025-08-10,CH_SLEEP_001,1,model_reco,ins_high_wake_irregular,0,0
EXP_U000445_13,U000445,2025-08-12,CH_SLEEP_001,1,model_reco,ins_high_wake_irregular,0,1
EXP_U000445_14,U000445,2025-08-19,CH_SLEEP_001,1,model_reco,ins_high_wake_irregular,0,0
EXP_U000445_15,U000445,2025-08-22,CH_SLEEP_001,1,model_reco,ins_high_wake_irregular,0,1
EXP_U000445_16,U000445,2025-08-26,CH_SLEEP_001,1,model_reco,ins_high_wake_irregular,0,1
EXP_U000445_17,U000445,2025-08-29,CH_SLEEP_001,1,model_reco,ins_high_wake_irregular,0,0
EXP_U000445_18,U000445,2025-08-31,CH_SLEEP_001,1,model_reco,ins_high_wake_irregular,1,0
EXP_U000445_19,U000445,2025-09-01,CH_REG_001,1,model_reco,anx_high_anxiety,1,0
EXP_U000445_20,U000445,2025-09-11,CH_SLEEP_001,1,model_reco,ins_high_wake_irregular,0,0
EXP_U000445_21,U000445,2025-09-14,CH_SLEEP_001,1,model_reco,ins_high_wake_irregular,0,0
EXP_U000446_1,U000446,2025-08-06,CH_ACT_002,1,model_reco,dep_low_daylight,0,1
EXP_U000446_2,U000446,2025-08-13,CH_SLEEP_001,1,model_reco,ins_high_wake_irregular,1,0
EXP_U000446_3,U000446,2025-08-25,CH_ACT_002,1,model_reco,dep_low_daylight,0,0
EXP_U000446_4,U000446,2025-08-30,CH_ACT_003,1,model_reco,dep_low_activity,0,0
EXP_U000446_5,U000446,2025-09-13,CH_SLEEP_001,1,model_reco,ins_high_wake_irregular,0,0
EXP_U000446_6,U000446,2025-09-17,CH_SLEEP_001,1,model_reco,ins_high_wake_irregular,0,1
EXP_U000446_7,U000446,2025-10-03,CH_ACT_002,1,model_reco,dep_low_daylight,0,0
EXP_U000446_8,U000446,2025-10-07,CH_ACT_003,1,model_reco,dep_low_activity,1,0
EXP_U000447_1,U000447,2025-08-19,CH_SLEEP_001,1,model_reco,ins_high_wake_irregular,1,0
EXP_U000447_2,U000447,2025-08-22,CH_ACT_003,1,model_reco,dep_low_activity,0,1
EXP_U000447_3,U000447,2025-08-23,CH_ACT_002,1,model_reco,dep_low_daylight,0,1
EXP_U000447_4,U000447,2025-08-31,CH_SLEEP_001,1,model_reco,ins_high_wake_irregular,0,1
EXP_U000447_5,U000447,2025-09-01,CH_SLEEP_001,1,model_reco,ins_high_wake_irregular,0,1
EXP_U000447_6,U000447,2025-09-07,CH_SLEEP_001,1,model_reco,ins_high_wake_irregular,1,0
EXP_U000447_7,U000447,2025-09-15,CH_SLEEP_001,1,model_reco,ins_high_wake_irregular,0,0
EXP_U000447_8,U000447,2025-09-19,CH_SLEEP_001,1,model_reco,ins_high_wake_irregular,1,0
EXP_U000447_9,U000447,2025-09-20,CH_ACT_002,1,model_reco,dep_low_daylight,0,1
EXP_U000447_10,U000447,2025-09-21,CH_ACT_003,1,model_reco,dep_low_activity,0,1
EXP_U000447_11,U000447,2025-09-27,CH_SLEEP_001,1,model_reco,ins_high_wake_irregular,0,0
EXP_U000447_12,U000447,2025-10-02,CH_SLEEP_001,1,model_reco,ins_high_wake_irregular,1,0
EXP_U000447_13,U000447,2025-10-06,CH_ACT_002,1,model_reco,dep_low_daylight,0,0
EXP_U000447_14,U000447,2025-10-12,CH_SLEEP_001,1,model_reco,ins_high_wake_irregular,0,0
EXP_U000447_15,U000447,2025-10-19,CH_SLEEP_001,1,model_reco,ins_high_wake_irregular,0,1
EXP_U000447_16,U000447,2025-10-24,CH_SLEEP_001,1,model_reco,ins_high_wake_irregular,0,1
EXP_U000447_17,U000447,2025-10-30,CH_SLEEP_001,1,model_reco,ins_high_wake_irregular,0,1
EXP_U000447_18,U000447,2025-10-31,CH_SLEEP_001,1,model_reco,ins_high_wake_irregular,0,0
EXP_U000447_19,U000447,2025-11-04,CH_SLEEP_001,1,model_reco,ins_high_wake_irregular,0,0
EXP_U000447_20,U000447,2025-11-05,CH_SLEEP_001,1,model_reco,ins_high_wake_irregular,1,0
EXP_U000447_21,U000447,2025-11-07,CH_SOC_001,1,model_reco,low_social_contact,1,0
EXP_U000448_1,U000448,2025-08-02,CH_WELL_001,1,model_reco,supportive_wellbeing,1,0
EXP_U000448_2,U000448,2025-09-04,CH_REG_002,1,model_reco,anx_high_anxiety,1,0
EXP_U000449_1,U000449,2025-09-15,CH_WELL_001,1,model_reco,supportive_wellbeing,0,0
EXP_U000449_2,U000449,2025-09-16,CH_REG_002,1,model_reco,anx_high_anxiety,1,0
EXP_U000449_3,U000449,2025-10-02,CH_WELL_001,1,model_reco,supportive_wellbeing,0,0
EXP_U000450_1,U000450,2025-06-27,CH_ACT_003,1,model_reco,dep_low_activity,0,1
EXP_U000450_2,U000450,2025-07-04,CH_ACT_003,1,model_reco,dep_low_activity,0,0
EXP_U000450_3,U000450,2025-07-09,CH_ACT_003,1,model_reco,dep_low_activity,0,1
EXP_U000450_4,U000450,2025-07-22,CH_ACT_002,1,model_reco,dep_low_daylight,0,1
EXP_U000450_5,U000450,2025-07-24,CH_ACT_003,1,model_reco,dep_low_activity,1,0
EXP_U000450_6,U000450,2025-07-28,CH_ACT_003,1,model_reco,dep_low_activity,0,1
EXP_U000450_7,U000450,2025-08-01,CH_ACT_003,1,model_reco,dep_low_activity,0,1
EXP_U000450_8,U000450,2025-08-12,CH_ACT_002,1,model_reco,dep_low_daylight,0,1
EXP_U000450_9,U000450,2025-08-15,CH_ACT_001,1,model_reco,dep_low_energy,0,0
EXP_U000450_10,U000450,2025-08-20,CH_ACT_002,1,model_reco,dep_low_daylight,0,1
EXP_U000450_11,U000450,2025-08-23,CH_ACT_003,1,model_reco,dep_low_activity,0,0
EXP_U000450_12,U000450,2025-08-24,CH_ACT_002,1,model_reco,dep_low_daylight,1,0
EXP_U000450_13,U000450,2025-08-30,CH_ACT_002,1,model_reco,dep_low_daylight,1,0
EXP_U000450_14,U000450,2025-09-05,CH_ACT_001,1,model_reco,dep_low_energy,1,0
EXP_U000451_1,U000451,2025-07-31,CH_ACT_003,1,model_reco,dep_low_activity,0,0
EXP_U000451_2,U000451,2025-08-02,CH_ACT_002,1,model_reco,dep_low_daylight,0,0
EXP_U000451_3,U000451,2025-08-03,CH_ACT_003,1,model_reco,dep_low_activity,1,0
EXP_U000451_4,U000451,2025-08-10,CH_ACT_002,1,model_reco,dep_low_daylight,0,1
EXP_U000451_5,U000451,2025-08-17,CH_ACT_003,1,model_reco,dep_low_activity,1,0
EXP_U000451_6,U000451,2025-08-18,CH_REG_001,1,model_reco,anx_high_anxiety,0,1
EXP_U000451_7,U000451,2025-08-21,CH_ACT_002,1,model_reco,dep_low_daylight,0,1
EXP_U000451_8,U000451,2025-08-23,CH_ACT_003,1,model_reco,dep_low_activity,0,0
EXP_U000451_9,U000451,2025-08-31,CH_ACT_003,1,model_reco,dep_low_activity,1,0
EXP_U000451_10,U000451,2025-09-05,CH_ACT_003,1,model_reco,dep_low_activity,0,1
EXP_U000451_11,U000451,2025-09-06,CH_ACT_003,1,model_reco,dep_low_activity,0,1
EXP_U000451_12,U000451,2025-09-07,CH_ACT_003,1,model_reco,dep_low_activity,0,1
EXP_U000451_13,U000451,2025-09-10,CH_ACT_003,1,model_reco,dep_low_activity,0,1
EXP_U000451_14,U000451,2025-09-11,CH_ACT_003,1,model_reco,dep_low_activity,0,1
EXP_U000451_15,U000451,2025-09-13,CH_ACT_003,1,model_reco,dep_low_activity,0,1
EXP_U000451_16,U000451,2025-09-16,CH_ACT_003,1,model_reco,dep_low_activity,0,0
EXP_U000451_17,U000451,2025-09-19,CH_ACT_002,1,model_reco,dep_low_daylight,0,1
EXP_U000451_18,U000451,2025-09-20,CH_ACT_002,1,model_reco,dep_low_daylight,0,1
EXP_U000451_19,U000451,2025-09-24,CH_ACT_003,1,model_reco,dep_low_activity,1,0
EXP_U000451_20,U000451,2025-09-29,CH_ACT_003,1,model_reco,dep_low_activity,1,0
EXP_U000451_21,U000451,2025-10-01,CH_REG_001,1,model_reco,anx_high_anxiety,1,0
EXP_U000451_22,U000451,2025-10-03,CH_ACT_003,1,model_reco,dep_low_activity,0,1
EXP_U000451_23,U000451,2025-10-06,CH_ACT_003,1,model_reco,dep_low_activity,0,1
EXP_U000451_24,U000451,2025-10-07,CH_ACT_003,1,model_reco,dep_low_activity,1,0
EXP_U000452_1,U000452,2025-09-15,CH_REG_001,1,model_reco,anx_high_anxiety,0,0
EXP_U000452_2,U000452,2025-09-23,CH_REG_001,1,model_reco,anx_high_anxiety,0,1
EXP_U000452_3,U000452,2025-10-02,CH_REG_001,1,model_reco,anx_high_anxiety,0,1
EXP_U000453_1,U000453,2025-07-30,CH_ACT_002,1,model_reco,dep_low_daylight,0,1
EXP_U000453_2,U000453,2025-08-06,CH_ACT_003,1,model_reco,dep_low_activity,1,0
EXP_U000453_3,U000453,2025-08-09,CH_ACT_003,1,model_reco,dep_low_activity,1,0
EXP_U000453_4,U000453,2025-08-14,CH_ACT_003,1,model_reco,dep_low_activity,0,0
EXP_U000453_5,U000453,2025-08-20,CH_ACT_003,1,model_reco,dep_low_activity,0,0
EXP_U000453_6,U000453,2025-08-23,CH_ACT_002,1,model_reco,dep_low_daylight,1,0
EXP_U000453_7,U000453,2025-08-24,CH_SOC_001,1,model_reco,low_social_contact,1,0
EXP_U000453_8,U000453,2025-08-29,CH_ACT_002,1,model_reco,dep_low_daylight,1,0
EXP_U000453_9,U000453,2025-09-10,CH_ACT_003,1,model_reco,dep_low_activity,1,0
EXP_U000453_10,U000453,2025-09-19,CH_ACT_003,1,model_reco,dep_low_activity,1,0
EXP_U000453_11,U000453,2025-09-22,CH_ACT_002,1,model_reco,dep_low_daylight,1,0
EXP_U000453_12,U000453,2025-10-03,CH_ACT_003,1,model_reco,dep_low_activity,1,0
EXP_U000453_13,U000453,2025-10-08,CH_ACT_003,1,model_reco,dep_low_activity,1,0
EXP_U000453_14,U000453,2025-10-10,CH_REG_001,1,model_reco,anx_high_anxiety,0,0
EXP_U000453_15,U000453,2025-10-14,CH_ACT_003,1,model_reco,dep_low_activity,0,1
EXP_U000454_1,U000454,2025-08-01,CH_REG_002,1,model_reco,anx_high_anxiety,1,0
EXP_U000454_2,U000454,2025-08-06,CH_REG_001,1,model_reco,anx_high_anxiety,1,0
EXP_U000454_3,U000454,2025-08-07,CH_REG_001,1,model_reco,anx_high_anxiety,0,1
EXP_U000454_4,U000454,2025-08-08,CH_REG_001,1,model_reco,anx_high_anxiety,0,0
EXP_U000454_5,U000454,2025-08-15,CH_REG_001,1,model_reco,anx_high_anxiety,0,1
EXP_U000454_6,U000454,2025-08-18,CH_REG_001,1,model_reco,anx_high_anxiety,0,0
EXP_U000454_7,U000454,2025-08-26,CH_REG_001,1,model_reco,anx_high_anxiety,0,0
EXP_U000454_8,U000454,2025-08-27,CH_REG_001,1,model_reco,anx_high_anxiety,1,0
EXP_U000454_9,U000454,2025-09-01,CH_REG_001,1,model_reco,anx_high_anxiety,0,1
EXP_U000454_10,U000454,2025-09-05,CH_REG_001,1,model_reco,anx_high_anxiety,0,1
EXP_U000454_11,U000454,2025-09-06,CH_REG_002,1,model_reco,anx_high_anxiety,0,1
EXP_U000454_12,U000454,2025-09-08,CH_REG_001,1,model_reco,anx_high_anxiety,1,0
EXP_U000454_13,U000454,2025-09-10,CH_REG_001,1,model_reco,anx_high_anxiety,0,1
EXP_U000454_14,U000454,2025-09-11,CH_REG_001,1,model_reco,anx_high_anxiety,0,0
EXP_U000454_15,U000454,2025-09-12,CH_REG_002,1,model_reco,anx_high_anxiety,1,0
EXP_U000454_16,U000454,2025-09-22,CH_REG_001,1,model_reco,anx_high_anxiety,0,0
EXP_U000454_17,U000454,2025-09-28,CH_REG_001,1,model_reco,anx_high_anxiety,0,0
EXP_U000454_18,U000454,2025-09-29,CH_REG_001,1,model_reco,anx_high_anxiety,0,0
EXP_U000454_19,U000454,2025-10-03,CH_REG_001,1,model_reco,anx_high_anxiety,1,0
EXP_U000454_20,U000454,2025-10-12,CH_REG_001,1,model_reco,anx_high_anxiety,1,0
EXP_U000454_21,U000454,2025-10-14,CH_REG_001,1,model_reco,anx_high_anxiety,0,1
EXP_U000454_22,U000454,2025-10-19,CH_REG_001,1,model_reco,anx_high_anxiety,0,0
EXP_U000454_23,U000454,2025-10-21,CH_REG_002,1,model_reco,anx_high_anxiety,0,0
EXP_U000454_24,U000454,2025-10-22,CH_REG_002,1,model_reco,anx_high_anxiety,1,0
EXP_U000455_1,U000455,2025-08-19,CH_WELL_001,1,model_reco,supportive_wellbeing,0,0
EXP_U000456_1,U000456,2025-08-17,CH_SLEEP_001,1,model_reco,ins_high_wake_irregular,0,0
EXP_U000456_2,U000456,2025-09-24,CH_SLEEP_001,1,model_reco,ins_high_wake_irregular,0,0
EXP_U000457_1,U000457,2025-08-03,CH_ACT_001,1,model_reco,dep_low_energy,1,0
EXP_U000457_2,U000457,2025-08-13,CH_ACT_001,1,model_reco,dep_low_energy,0,1
EXP_U000457_3,U000457,2025-08-14,CH_ACT_002,1,model_reco,dep_low_daylight,0,1
EXP_U000457_4,U000457,2025-08-15,CH_ACT_002,1,model_reco,dep_low_daylight,1,0
EXP_U000457_5,U000457,2025-08-16,CH_SOC_001,1,model_reco,low_social_contact,0,1
EXP_U000457_6,U000457,2025-08-23,CH_SLEEP_001,1,model_reco,ins_high_wake_irregular,0,0
EXP_U000457_7,U000457,2025-08-24,CH_SLEEP_001,1,model_reco,ins_high_wake_irregular,0,1
EXP_U000457_8,U000457,2025-08-28,CH_ACT_001,1,model_reco,dep_low_energy,0,0
EXP_U000457_9,U000457,2025-09-07,CH_ACT_002,1,model_reco,dep_low_daylight,0,0
EXP_U000457_10,U000457,2025-09-13,CH_ACT_001,1,model_reco,dep_low_energy,0,1
EXP_U000457_11,U000457,2025-09-14,CH_ACT_001,1,model_reco,dep_low_energy,1,0
EXP_U000457_12,U000457,2025-09-17,CH_SOC_001,1,model_reco,low_social_contact,0,1
EXP_U000457_13,U000457,2025-09-18,CH_SOC_001,1,model_reco,low_social_contact,0,0
EXP_U000457_14,U000457,2025-09-26,CH_WELL_001,1,model_reco,supportive_wellbeing,0,0
EXP_U000457_15,U000457,2025-10-01,CH_WELL_001,1,model_reco,supportive_wellbeing,0,0
EXP_U000457_16,U000457,2025-10-03,CH_WELL_001,1,model_reco,supportive_wellbeing,0,1
EXP_U000457_17,U000457,2025-10-12,CH_ACT_002,1,model_reco,dep_low_daylight,0,1
EXP_U000457_18,U000457,2025-10-16,CH_ACT_003,1,model_reco,dep_low_activity,0,1
EXP_U000457_19,U000457,2025-10-17,CH_ACT_003,1,model_reco,dep_low_activity,1,0
EXP_U000457_20,U000457,2025-10-20,CH_ACT_002,1,model_reco,dep_low_daylight,0,1
EXP_U000458_1,U000458,2025-07-15,CH_SLEEP_001,1,model_reco,ins_high_wake_irregular,1,0
EXP_U000458_2,U000458,2025-07-22,CH_SLEEP_001,1,model_reco,ins_high_wake_irregular,0,1
EXP_U000458_3,U000458,2025-07-23,CH_SLEEP_001,1,model_reco,ins_high_wake_irregular,1,0
EXP_U000458_4,U000458,2025-07-26,CH_REG_001,1,model_reco,anx_high_anxiety,0,0
EXP_U000458_5,U000458,2025-07-27,CH_REG_001,1,model_reco,anx_high_anxiety,0,0
EXP_U000458_6,U000458,2025-08-03,CH_SLEEP_001,1,model_reco,ins_high_wake_irregular,1,0
EXP_U000458_7,U000458,2025-08-11,CH_SLEEP_001,1,model_reco,ins_high_wake_irregular,1,0
EXP_U000458_8,U000458,2025-08-14,CH_REG_001,1,model_reco,anx_high_anxiety,0,1
EXP_U000458_9,U000458,2025-08-19,CH_SLEEP_001,1,model_reco,ins_high_wake_irregular,0,1
EXP_U000458_10,U000458,2025-09-06,CH_SLEEP_001,1,model_reco,ins_high_wake_irregular,1,0
EXP_U000458_11,U000458,2025-09-10,CH_REG_002,1,model_reco,anx_high_anxiety,0,1
EXP_U000458_12,U000458,2025-09-12,CH_REG_001,1,model_reco,anx_high_anxiety,1,0
EXP_U000458_13,U000458,2025-09-14,CH_SLEEP_001,1,model_reco,ins_high_wake_irregular,1,0
EXP_U000458_14,U000458,2025-09-15,CH_REG_002,1,model_reco,anx_high_anxiety,0,0
EXP_U000458_15,U000458,2025-09-22,CH_SLEEP_001,1,model_reco,ins_high_wake_irregular,1,0
EXP_U000459_1,U000459,2025-10-16,CH_SLEEP_001,1,model_reco,ins_high_wake_irregular,0,1
EXP_U000459_2,U000459,2025-10-23,CH_ACT_002,1,model_reco,dep_low_daylight,1,0
EXP_U000460_1,U000460,2025-06-16,CH_SOC_001,1,model_reco,low_social_contact,1,0
EXP_U000460_2,U000460,2025-06-22,CH_ACT_003,1,model_reco,dep_low_activity,0,0
EXP_U000460_3,U000460,2025-07-13,CH_ACT_002,1,model_reco,dep_low_daylight,0,0
EXP_U000460_4,U000460,2025-07-16,CH_ACT_002,1,model_reco,dep_low_daylight,0,1
EXP_U000460_5,U000460,2025-08-16,CH_WELL_001,1,model_reco,supportive_wellbeing,0,0
EXP_U000460_6,U000460,2025-08-26,CH_WELL_001,1,model_reco,supportive_wellbeing,0,0
EXP_U000461_1,U000461,2025-08-17,CH_ACT_001,1,model_reco,dep_low_energy,0,1
EXP_U000461_2,U000461,2025-08-25,CH_WELL_001,1,model_reco,supportive_wellbeing,1,0
EXP_U000461_3,U000461,2025-10-13,CH_ACT_001,1,model_reco,dep_low_energy,0,0
EXP_U000462_1,U000462,2025-06-12,CH_SLEEP_001,1,model_reco,ins_high_wake_irregular,0,1
EXP_U000462_2,U000462,2025-06-23,CH_WELL_001,1,model_reco,supportive_wellbeing,0,1
EXP_U000462_3,U000462,2025-06-28,CH_SLEEP_001,1,model_reco,ins_high_wake_irregular,1,0
EXP_U000462_4,U000462,2025-07-19,CH_SLEEP_001,1,model_reco,ins_high_wake_irregular,0,1
EXP_U000462_5,U000462,2025-08-15,CH_SLEEP_001,1,model_reco,ins_high_wake_irregular,1,0
EXP_U000463_1,U000463,2025-07-30,CH_SLEEP_001,1,model_reco,ins_high_wake_irregular,1,0
EXP_U000463_2,U000463,2025-07-31,CH_REG_001,1,model_reco,anx_high_anxiety,0,1
EXP_U000463_3,U000463,2025-08-01,CH_REG_001,1,model_reco,anx_high_anxiety,0,1
EXP_U000463_4,U000463,2025-08-16,CH_SLEEP_001,1,model_reco,ins_high_wake_irregular,0,0
EXP_U000463_5,U000463,2025-08-19,CH_SLEEP_001,1,model_reco,ins_high_wake_irregular,0,1
EXP_U000463_6,U000463,2025-08-20,CH_SLEEP_001,1,model_reco,ins_high_wake_irregular,0,1
EXP_U000463_7,U000463,2025-08-25,CH_SLEEP_001,1,model_reco,ins_high_wake_irregular,0,1
EXP_U000463_8,U000463,2025-08-28,CH_SLEEP_001,1,model_reco,ins_high_wake_irregular,0,1
EXP_U000463_9,U000463,2025-09-11,CH_SLEEP_001,1,model_reco,ins_high_wake_irregular,1,0
EXP_U000463_10,U000463,2025-09-20,CH_SLEEP_001,1,model_reco,ins_high_wake_irregular,0,1
EXP_U000463_11,U000463,2025-10-10,CH_SLEEP_001,1,model_reco,ins_high_wake_irregular,0,0
EXP_U000463_12,U000463,2025-10-14,CH_SLEEP_001,1,model_reco,ins_high_wake_irregular,0,1
EXP_U000464_1,U000464,2025-08-19,CH_SLEEP_001,1,model_reco,ins_high_wake_irregular,0,0
EXP_U000464_2,U000464,2025-08-20,CH_SLEEP_001,1,model_reco,ins_high_wake_irregular,1,0
EXP_U000464_3,U000464,2025-08-28,CH_SLEEP_001,1,model_reco,ins_high_wake_irregular,0,0
EXP_U000465_1,U000465,2025-09-20,CH_ACT_002,1,model_reco,dep_low_daylight,1,0
EXP_U000465_2,U000465,2025-09-23,CH_ACT_002,1,model_reco,dep_low_daylight,0,0
EXP_U000466_1,U000466,2025-06-12,CH_SLEEP_001,1,model_reco,ins_high_wake_irregular,1,0
EXP_U000466_2,U000466,2025-06-25,CH_SLEEP_001,1,model_reco,ins_high_wake_irregular,1,0
EXP_U000466_3,U000466,2025-06-27,CH_ACT_003,1,model_reco,dep_low_activity,0,1
EXP_U000466_4,U000466,2025-07-05,CH_SLEEP_001,1,model_reco,ins_high_wake_irregular,0,0
EXP_U000466_5,U000466,2025-07-27,CH_SLEEP_001,1,model_reco,ins_high_wake_irregular,0,0
EXP_U000466_6,U000466,2025-07-28,CH_SLEEP_001,1,model_reco,ins_high_wake_irregular,0,0
EXP_U000466_7,U000466,2025-08-01,CH_SLEEP_001,1,model_reco,ins_high_wake_irregular,0,1
EXP_U000466_8,U000466,2025-08-02,CH_ACT_002,1,model_reco,dep_low_daylight,0,0
EXP_U000466_9,U000466,2025-08-04,CH_SLEEP_001,1,model_reco,ins_high_wake_irregular,0,0
EXP_U000466_10,U000466,2025-08-09,CH_SLEEP_001,1,model_reco,ins_high_wake_irregular,0,0
EXP_U000466_11,U000466,2025-08-15,CH_SLEEP_001,1,model_reco,ins_high_wake_irregular,0,1
EXP_U000466_12,U000466,2025-08-17,CH_SLEEP_001,1,model_reco,ins_high_wake_irregular,0,0
EXP_U000467_1,U000467,2025-08-04,CH_SLEEP_001,1,model_reco,ins_high_wake_irregular,0,0
EXP_U000467_2,U000467,2025-08-16,CH_SLEEP_001,1,model_reco,ins_high_wake_irregular,0,0
EXP_U000467_3,U000467,2025-09-09,CH_SLEEP_001,1,model_reco,ins_high_wake_irregular,0,1
EXP_U000467_4,U000467,2025-10-08,CH_SLEEP_001,1,model_reco,ins_high_wake_irregular,0,1
EXP_U000467_5,U000467,2025-10-09,CH_SLEEP_001,1,model_reco,ins_high_wake_irregular,1,0
EXP_U000468_1,U000468,2025-07-23,CH_REG_002,1,model_reco,anx_high_anxiety,1,0
EXP_U000468_2,U000468,2025-08-04,CH_REG_002,1,model_reco,anx_high_anxiety,0,0
EXP_U000468_3,U000468,2025-08-09,CH_REG_002,1,model_reco,anx_high_anxiety,0,0
EXP_U000468_4,U000468,2025-08-19,CH_REG_001,1,model_reco,anx_high_anxiety,0,0
EXP_U000468_5,U000468,2025-08-21,CH_REG_002,1,model_reco,anx_high_anxiety,1,0
EXP_U000468_6,U000468,2025-08-25,CH_REG_001,1,model_reco,anx_high_anxiety,1,0
EXP_U000468_7,U000468,2025-08-29,CH_REG_001,1,model_reco,anx_high_anxiety,0,0
EXP_U000468_8,U000468,2025-09-02,CH_REG_001,1,model_reco,anx_high_anxiety,1,0
EXP_U000468_9,U000468,2025-09-09,CH_REG_002,1,model_reco,anx_high_anxiety,0,1
EXP_U000468_10,U000468,2025-09-24,CH_REG_001,1,model_reco,anx_high_anxiety,1,0
EXP_U000468_11,U000468,2025-09-25,CH_REG_002,1,model_reco,anx_high_anxiety,1,0
EXP_U000468_12,U000468,2025-09-26,CH_REG_002,1,model_reco,anx_high_anxiety,0,1
EXP_U000468_13,U000468,2025-09-27,CH_REG_002,1,model_reco,anx_high_anxiety,1,0
EXP_U000468_14,U000468,2025-09-28,CH_REG_002,1,model_reco,anx_high_anxiety,0,0
EXP_U000468_15,U000468,2025-10-03,CH_REG_002,1,model_reco,anx_high_anxiety,1,0
EXP_U000468_16,U000468,2025-10-05,CH_REG_002,1,model_reco,anx_high_anxiety,1,0
EXP_U000468_17,U000468,2025-10-08,CH_REG_001,1,model_reco,anx_high_anxiety,0,0
EXP_U000469_1,U000469,2025-08-20,CH_SLEEP_001,1,model_reco,ins_high_wake_irregular,0,1
EXP_U000469_2,U000469,2025-08-30,CH_SLEEP_001,1,model_reco,ins_high_wake_irregular,1,0
EXP_U000469_3,U000469,2025-09-03,CH_REG_001,1,model_reco,anx_high_anxiety,1,0
EXP_U000469_4,U000469,2025-09-09,CH_SLEEP_001,1,model_reco,ins_high_wake_irregular,0,1
EXP_U000469_5,U000469,2025-09-10,CH_SLEEP_001,1,model_reco,ins_high_wake_irregular,0,0
EXP_U000469_6,U000469,2025-09-14,CH_SLEEP_001,1,model_reco,ins_high_wake_irregular,0,0
EXP_U000469_7,U000469,2025-09-24,CH_SLEEP_001,1,model_reco,ins_high_wake_irregular,1,0
EXP_U000469_8,U000469,2025-10-06,CH_SLEEP_001,1,model_reco,ins_high_wake_irregular,0,1
EXP_U000469_9,U000469,2025-10-10,CH_SLEEP_001,1,model_reco,ins_high_wake_irregular,1,0
EXP_U000469_10,U000469,2025-10-15,CH_REG_001,1,model_reco,anx_high_anxiety,1,0
EXP_U000469_11,U000469,2025-10-18,CH_SLEEP_001,1,model_reco,ins_high_wake_irregular,1,0
EXP_U000469_12,U000469,2025-10-19,CH_REG_001,1,model_reco,anx_high_anxiety,1,0
EXP_U000469_13,U000469,2025-10-21,CH_REG_001,1,model_reco,anx_high_anxiety,1,0
EXP_U000469_14,U000469,2025-10-29,CH_SLEEP_001,1,model_reco,ins_high_wake_irregular,0,0
EXP_U000469_15,U000469,2025-11-02,CH_SLEEP_001,1,model_reco,ins_high_wake_irregular,0,1
EXP_U000469_16,U000469,2025-11-08,CH_SLEEP_001,1,model_reco,ins_high_wake_irregular,1,0
EXP_U000470_1,U000470,2025-07-15,CH_SLEEP_001,1,model_reco,ins_high_wake_irregular,1,0
EXP_U000470_2,U000470,2025-07-18,CH_REG_001,1,model_reco,anx_high_anxiety,1,0
EXP_U000470_3,U000470,2025-07-19,CH_REG_002,1,model_reco,anx_high_anxiety,0,1
EXP_U000470_4,U000470,2025-07-23,CH_SLEEP_001,1,model_reco,ins_high_wake_irregular,0,1
EXP_U000470_5,U000470,2025-08-03,CH_REG_001,1,model_reco,anx_high_anxiety,0,1
EXP_U000470_6,U000470,2025-09-07,CH_SLEEP_001,1,model_reco,ins_high_wake_irregular,0,0
EXP_U000470_7,U000470,2025-09-10,CH_SLEEP_001,1,model_reco,ins_high_wake_irregular,0,1
EXP_U000470_8,U000470,2025-09-19,CH_SLEEP_001,1,model_reco,ins_high_wake_irregular,0,1
EXP_U000471_1,U000471,2025-08-01,CH_REG_001,1,model_reco,anx_high_anxiety,0,1
EXP_U000471_2,U000471,2025-08-21,CH_REG_001,1,model_reco,anx_high_anxiety,0,0
EXP_U000471_3,U000471,2025-09-03,CH_REG_001,1,model_reco,anx_high_anxiety,1,0
EXP_U000471_4,U000471,2025-09-10,CH_REG_001,1,model_reco,anx_high_anxiety,0,1
EXP_U000471_5,U000471,2025-09-15,CH_SLEEP_001,1,model_reco,ins_high_wake_irregular,1,0
EXP_U000471_6,U000471,2025-10-01,CH_REG_001,1,model_reco,anx_high_anxiety,0,0
EXP_U000471_7,U000471,2025-10-07,CH_REG_001,1,model_reco,anx_high_anxiety,1,0
EXP_U000471_8,U000471,2025-10-09,CH_REG_001,1,model_reco,anx_high_anxiety,1,0
EXP_U000471_9,U000471,2025-10-11,CH_REG_001,1,model_reco,anx_high_anxiety,0,0
EXP_U000472_1,U000472,2025-07-29,CH_ACT_002,1,model_reco,dep_low_daylight,0,0
EXP_U000472_2,U000472,2025-08-09,CH_SLEEP_001,1,model_reco,ins_high_wake_irregular,0,0
EXP_U000472_3,U000472,2025-08-17,CH_ACT_003,1,model_reco,dep_low_activity,0,0
EXP_U000472_4,U000472,2025-08-18,CH_ACT_003,1,model_reco,dep_low_activity,1,0
EXP_U000472_5,U000472,2025-09-13,CH_ACT_001,1,model_reco,dep_low_energy,0,0
EXP_U000472_6,U000472,2025-09-24,CH_ACT_003,1,model_reco,dep_low_activity,0,1
EXP_U000473_1,U000473,2025-07-27,CH_WELL_001,1,model_reco,supportive_wellbeing,1,0
EXP_U000473_2,U000473,2025-07-29,CH_WELL_001,1,model_reco,supportive_wellbeing,0,1
EXP_U000473_3,U000473,2025-08-23,CH_WELL_001,1,model_reco,supportive_wellbeing,0,1
EXP_U000474_1,U000474,2025-08-03,CH_REG_001,1,model_reco,anx_high_anxiety,1,0
EXP_U000474_2,U000474,2025-08-08,CH_REG_001,1,model_reco,anx_high_anxiety,1,0
EXP_U000474_3,U000474,2025-08-20,CH_REG_001,1,model_reco,anx_high_anxiety,0,0
EXP_U000474_4,U000474,2025-08-25,CH_REG_001,1,model_reco,anx_high_anxiety,1,0
EXP_U000474_5,U000474,2025-08-28,CH_REG_002,1,model_reco,anx_high_anxiety,1,0
EXP_U000474_6,U000474,2025-08-29,CH_REG_001,1,model_reco,anx_high_anxiety,1,0
EXP_U000474_7,U000474,2025-09-05,CH_REG_001,1,model_reco,anx_high_anxiety,1,0
EXP_U000475_1,U000475,2025-07-03,CH_ACT_003,1,model_reco,dep_low_activity,0,0
EXP_U000475_2,U000475,2025-07-16,CH_ACT_001,1,model_reco,dep_low_energy,1,0
EXP_U000475_3,U000475,2025-07-21,CH_ACT_002,1,model_reco,dep_low_daylight,0,1
EXP_U000475_4,U000475,2025-07-27,CH_ACT_002,1,model_reco,dep_low_daylight,0,1
EXP_U000475_5,U000475,2025-08-26,CH_ACT_002,1,model_reco,dep_low_daylight,0,0
EXP_U000475_6,U000475,2025-08-27,CH_ACT_003,1,model_reco,dep_low_activity,0,0
EXP_U000475_7,U000475,2025-09-01,CH_ACT_003,1,model_reco,dep_low_activity,1,0
EXP_U000476_1,U000476,2025-10-02,CH_WELL_001,1,model_reco,supportive_wellbeing,1,0
EXP_U000477_1,U000477,2025-07-12,CH_WELL_001,1,model_reco,supportive_wellbeing,0,1
EXP_U000478_1,U000478,2025-07-29,CH_ACT_002,1,model_reco,dep_low_daylight,0,0
EXP_U000478_2,U000478,2025-08-15,CH_ACT_002,1,model_reco,dep_low_daylight,1,0
EXP_U000478_3,U000478,2025-08-17,CH_SOC_001,1,model_reco,low_social_contact,0,0
EXP_U000478_4,U000478,2025-08-19,CH_ACT_002,1,model_reco,dep_low_daylight,0,1
EXP_U000478_5,U000478,2025-09-16,CH_REG_001,1,model_reco,anx_high_anxiety,0,1
EXP_U000478_6,U000478,2025-09-29,CH_ACT_003,1,model_reco,dep_low_activity,1,0
EXP_U000478_7,U000478,2025-10-05,CH_SLEEP_001,1,model_reco,ins_high_wake_irregular,0,1
EXP_U000478_8,U000478,2025-10-06,CH_SLEEP_001,1,model_reco,ins_high_wake_irregular,0,1
EXP_U000478_9,U000478,2025-10-13,CH_ACT_003,1,model_reco,dep_low_activity,0,1
EXP_U000478_10,U000478,2025-10-14,CH_ACT_003,1,model_reco,dep_low_activity,1,0
EXP_U000478_11,U000478,2025-10-16,CH_SOC_001,1,model_reco,low_social_contact,1,0
EXP_U000479_1,U000479,2025-08-10,CH_WELL_001,1,model_reco,supportive_wellbeing,0,1
EXP_U000480_1,U000480,2025-08-23,CH_ACT_003,1,model_reco,dep_low_activity,0,0
EXP_U000480_2,U000480,2025-08-27,CH_ACT_003,1,model_reco,dep_low_activity,1,0
EXP_U000480_3,U000480,2025-08-31,CH_ACT_003,1,model_reco,dep_low_activity,0,0
EXP_U000480_4,U000480,2025-09-01,CH_ACT_003,1,model_reco,dep_low_activity,0,1
EXP_U000480_5,U000480,2025-09-03,CH_ACT_003,1,model_reco,dep_low_activity,0,0
EXP_U000480_6,U000480,2025-09-04,CH_ACT_002,1,model_reco,dep_low_daylight,0,1
EXP_U000480_7,U000480,2025-09-06,CH_ACT_002,1,model_reco,dep_low_daylight,0,1
EXP_U000480_8,U000480,2025-09-11,CH_ACT_003,1,model_reco,dep_low_activity,0,0
EXP_U000480_9,U000480,2025-09-16,CH_ACT_002,1,model_reco,dep_low_daylight,0,0
EXP_U000480_10,U000480,2025-09-19,CH_ACT_002,1,model_reco,dep_low_daylight,0,1
EXP_U000480_11,U000480,2025-09-21,CH_ACT_002,1,model_reco,dep_low_daylight,1,0
EXP_U000480_12,U000480,2025-09-26,CH_ACT_003,1,model_reco,dep_low_activity,0,0
EXP_U000480_13,U000480,2025-10-01,CH_ACT_003,1,model_reco,dep_low_activity,0,1
EXP_U000480_14,U000480,2025-10-04,CH_ACT_003,1,model_reco,dep_low_activity,0,1
EXP_U000480_15,U000480,2025-10-06,CH_ACT_002,1,model_reco,dep_low_daylight,1,0
EXP_U000480_16,U000480,2025-10-08,CH_REG_001,1,model_reco,anx_high_anxiety,0,1
EXP_U000480_17,U000480,2025-10-13,CH_ACT_003,1,model_reco,dep_low_activity,0,1
EXP_U000480_18,U000480,2025-10-15,CH_ACT_003,1,model_reco,dep_low_activity,0,1
EXP_U000480_19,U000480,2025-10-27,CH_ACT_003,1,model_reco,dep_low_activity,0,0
EXP_U000480_20,U000480,2025-10-29,CH_ACT_002,1,model_reco,dep_low_daylight,0,1
EXP_U000480_21,U000480,2025-10-30,CH_REG_001,1,model_reco,anx_high_anxiety,1,0
EXP_U000480_22,U000480,2025-11-07,CH_ACT_002,1,model_reco,dep_low_daylight,0,1
EXP_U000480_23,U000480,2025-11-11,CH_ACT_002,1,model_reco,dep_low_daylight,1,0
EXP_U000481_1,U000481,2025-08-28,CH_SLEEP_001,1,model_reco,ins_high_wake_irregular,0,0
EXP_U000481_2,U000481,2025-08-31,CH_SLEEP_001,1,model_reco,ins_high_wake_irregular,0,0
EXP_U000481_3,U000481,2025-10-08,CH_SLEEP_001,1,model_reco,ins_high_wake_irregular,1,0
EXP_U000481_4,U000481,2025-10-29,CH_REG_001,1,model_reco,anx_high_anxiety,0,0
EXP_U000481_5,U000481,2025-11-02,CH_REG_001,1,model_reco,anx_high_anxiety,1,0
EXP_U000482_1,U000482,2025-08-14,CH_ACT_001,1,model_reco,dep_low_energy,0,0
EXP_U000482_2,U000482,2025-08-16,CH_ACT_001,1,model_reco,dep_low_energy,0,1
EXP_U000482_3,U000482,2025-08-17,CH_ACT_001,1,model_reco,dep_low_energy,1,0
EXP_U000482_4,U000482,2025-09-01,CH_ACT_001,1,model_reco,dep_low_energy,1,0
EXP_U000482_5,U000482,2025-10-06,CH_ACT_001,1,model_reco,dep_low_energy,0,1
EXP_U000482_6,U000482,2025-10-07,CH_ACT_001,1,model_reco,dep_low_energy,0,1
EXP_U000482_7,U000482,2025-10-17,CH_ACT_001,1,model_reco,dep_low_energy,1,0
EXP_U000483_1,U000483,2025-08-08,CH_SLEEP_001,1,model_reco,ins_high_wake_irregular,0,1
EXP_U000483_2,U000483,2025-08-09,CH_SLEEP_001,1,model_reco,ins_high_wake_irregular,0,1
EXP_U000483_3,U000483,2025-08-20,CH_SLEEP_001,1,model_reco,ins_high_wake_irregular,0,1
EXP_U000483_4,U000483,2025-08-23,CH_SLEEP_001,1,model_reco,ins_high_wake_irregular,0,1
EXP_U000483_5,U000483,2025-08-27,CH_SLEEP_001,1,model_reco,ins_high_wake_irregular,0,1
EXP_U000483_6,U000483,2025-09-17,CH_SLEEP_001,1,model_reco,ins_high_wake_irregular,0,1
EXP_U000483_7,U000483,2025-09-26,CH_SLEEP_001,1,model_reco,ins_high_wake_irregular,0,1
EXP_U000483_8,U000483,2025-09-28,CH_SLEEP_001,1,model_reco,ins_high_wake_irregular,0,1
EXP_U000483_9,U000483,2025-10-02,CH_ACT_003,1,model_reco,dep_low_activity,1,0
EXP_U000483_10,U000483,2025-10-08,CH_SLEEP_001,1,model_reco,ins_high_wake_irregular,0,0
EXP_U000483_11,U000483,2025-10-18,CH_SLEEP_001,1,model_reco,ins_high_wake_irregular,0,0
EXP_U000483_12,U000483,2025-10-26,CH_SLEEP_001,1,model_reco,ins_high_wake_irregular,0,0
EXP_U000484_1,U000484,2025-07-26,CH_REG_001,1,model_reco,anx_high_anxiety,1,0
EXP_U000484_2,U000484,2025-09-09,CH_REG_001,1,model_reco,anx_high_anxiety,1,0
EXP_U000485_1,U000485,2025-06-29,CH_SLEEP_001,1,model_reco,ins_high_wake_irregular,1,0
EXP_U000485_2,U000485,2025-06-30,CH_REG_001,1,model_reco,anx_high_anxiety,0,0
EXP_U000485_3,U000485,2025-07-03,CH_REG_001,1,model_reco,anx_high_anxiety,0,1
EXP_U000485_4,U000485,2025-07-07,CH_SLEEP_001,1,model_reco,ins_high_wake_irregular,0,1
EXP_U000485_5,U000485,2025-07-15,CH_SLEEP_001,1,model_reco,ins_high_wake_irregular,1,0
EXP_U000485_6,U000485,2025-07-21,CH_REG_001,1,model_reco,anx_high_anxiety,1,0
EXP_U000485_7,U000485,2025-07-22,CH_SLEEP_001,1,model_reco,ins_high_wake_irregular,0,1
EXP_U000485_8,U000485,2025-07-29,CH_SLEEP_001,1,model_reco,ins_high_wake_irregular,1,0
EXP_U000485_9,U000485,2025-08-01,CH_REG_001,1,model_reco,anx_high_anxiety,0,0
EXP_U000485_10,U000485,2025-08-06,CH_SLEEP_001,1,model_reco,ins_high_wake_irregular,1,0
EXP_U000485_11,U000485,2025-08-07,CH_REG_001,1,model_reco,anx_high_anxiety,0,1
EXP_U000485_12,U000485,2025-08-12,CH_REG_001,1,model_reco,anx_high_anxiety,0,1
EXP_U000485_13,U000485,2025-08-16,CH_SLEEP_001,1,model_reco,ins_high_wake_irregular,1,0
EXP_U000485_14,U000485,2025-08-26,CH_SLEEP_001,1,model_reco,ins_high_wake_irregular,1,0
EXP_U000485_15,U000485,2025-08-29,CH_REG_001,1,model_reco,anx_high_anxiety,0,0
EXP_U000485_16,U000485,2025-09-02,CH_SLEEP_001,1,model_reco,ins_high_wake_irregular,0,1
EXP_U000485_17,U000485,2025-09-05,CH_SLEEP_001,1,model_reco,ins_high_wake_irregular,0,1
EXP_U000486_1,U000486,2025-07-07,CH_REG_001,1,model_reco,anx_high_anxiety,0,0
EXP_U000486_2,U000486,2025-07-17,CH_REG_001,1,model_reco,anx_high_anxiety,0,0
EXP_U000486_3,U000486,2025-07-25,CH_REG_002,1,model_reco,anx_high_anxiety,0,1
EXP_U000486_4,U000486,2025-07-30,CH_REG_001,1,model_reco,anx_high_anxiety,1,0
EXP_U000486_5,U000486,2025-08-01,CH_REG_001,1,model_reco,anx_high_anxiety,1,0
EXP_U000486_6,U000486,2025-08-11,CH_REG_001,1,model_reco,anx_high_anxiety,1,0
EXP_U000486_7,U000486,2025-08-30,CH_REG_001,1,model_reco,anx_high_anxiety,1,0
EXP_U000486_8,U000486,2025-08-31,CH_REG_002,1,model_reco,anx_high_anxiety,1,0
EXP_U000486_9,U000486,2025-09-17,CH_REG_001,1,model_reco,anx_high_anxiety,0,1
EXP_U000486_10,U000486,2025-09-22,CH_REG_002,1,model_reco,anx_high_anxiety,0,1
EXP_U000486_11,U000486,2025-09-23,CH_REG_001,1,model_reco,anx_high_anxiety,0,1
EXP_U000487_1,U000487,2025-08-18,CH_SLEEP_001,1,model_reco,ins_high_wake_irregular,1,0
EXP_U000487_2,U000487,2025-08-19,CH_ACT_002,1,model_reco,dep_low_daylight,0,0
EXP_U000487_3,U000487,2025-09-02,CH_SLEEP_001,1,model_reco,ins_high_wake_irregular,0,1
EXP_U000487_4,U000487,2025-09-05,CH_SLEEP_001,1,model_reco,ins_high_wake_irregular,1,0
EXP_U000487_5,U000487,2025-09-11,CH_ACT_003,1,model_reco,dep_low_activity,0,1
EXP_U000487_6,U000487,2025-09-22,CH_SLEEP_001,1,model_reco,ins_high_wake_irregular,1,0
EXP_U000487_7,U000487,2025-09-23,CH_ACT_003,1,model_reco,dep_low_activity,0,0
EXP_U000487_8,U000487,2025-09-24,CH_ACT_002,1,model_reco,dep_low_daylight,0,1
EXP_U000487_9,U000487,2025-09-25,CH_ACT_003,1,model_reco,dep_low_activity,0,1
EXP_U000487_10,U000487,2025-09-28,CH_ACT_003,1,model_reco,dep_low_activity,0,0
EXP_U000487_11,U000487,2025-10-01,CH_SLEEP_001,1,model_reco,ins_high_wake_irregular,1,0
EXP_U000487_12,U000487,2025-10-04,CH_ACT_003,1,model_reco,dep_low_activity,0,1
EXP_U000487_13,U000487,2025-10-06,CH_ACT_003,1,model_reco,dep_low_activity,1,0
EXP_U000487_14,U000487,2025-10-08,CH_SLEEP_001,1,model_reco,ins_high_wake_irregular,0,1
EXP_U000487_15,U000487,2025-10-18,CH_SLEEP_001,1,model_reco,ins_high_wake_irregular,0,0
EXP_U000487_16,U000487,2025-10-19,CH_SLEEP_001,1,model_reco,ins_high_wake_irregular,0,0
EXP_U000487_17,U000487,2025-10-22,CH_SLEEP_001,1,model_reco,ins_high_wake_irregular,0,1
EXP_U000487_18,U000487,2025-10-23,CH_SLEEP_001,1,model_reco,ins_high_wake_irregular,1,0
EXP_U000487_19,U000487,2025-10-25,CH_ACT_002,1,model_reco,dep_low_daylight,0,1
EXP_U000487_20,U000487,2025-10-26,CH_ACT_003,1,model_reco,dep_low_activity,0,0
EXP_U000487_21,U000487,2025-10-30,CH_SLEEP_001,1,model_reco,ins_high_wake_irregular,0,1
EXP_U000487_22,U000487,2025-11-05,CH_SLEEP_001,1,model_reco,ins_high_wake_irregular,0,0
EXP_U000487_23,U000487,2025-11-06,CH_SLEEP_001,1,model_reco,ins_high_wake_irregular,0,1
EXP_U000487_24,U000487,2025-11-07,CH_SLEEP_001,1,model_reco,ins_high_wake_irregular,0,1
EXP_U000487_25,U000487,2025-11-08,CH_SLEEP_001,1,model_reco,ins_high_wake_irregular,0,0
EXP_U000488_1,U000488,2025-06-13,CH_SLEEP_001,1,model_reco,ins_high_wake_irregular,1,0
EXP_U000488_2,U000488,2025-06-16,CH_SOC_001,1,model_reco,low_social_contact,0,0
EXP_U000488_3,U000488,2025-06-22,CH_SLEEP_001,1,model_reco,ins_high_wake_irregular,0,1
EXP_U000488_4,U000488,2025-06-23,CH_SOC_001,1,model_reco,low_social_contact,0,0
EXP_U000488_5,U000488,2025-06-27,CH_SLEEP_001,1,model_reco,ins_high_wake_irregular,1,0
EXP_U000488_6,U000488,2025-07-12,CH_SOC_001,1,model_reco,low_social_contact,0,0
EXP_U000488_7,U000488,2025-07-13,CH_ACT_002,1,model_reco,dep_low_daylight,1,0
EXP_U000488_8,U000488,2025-07-24,CH_SOC_001,1,model_reco,low_social_contact,0,0
EXP_U000488_9,U000488,2025-08-06,CH_SLEEP_001,1,model_reco,ins_high_wake_irregular,0,1
EXP_U000488_10,U000488,2025-08-08,CH_SOC_001,1,model_reco,low_social_contact,0,1
EXP_U000488_11,U000488,2025-08-17,CH_SLEEP_001,1,model_reco,ins_high_wake_irregular,1,0
EXP_U000488_12,U000488,2025-08-19,CH_SOC_001,1,model_reco,low_social_contact,1,0
EXP_U000490_1,U000490,2025-09-01,CH_WELL_001,1,model_reco,supportive_wellbeing,1,0
EXP_U000490_2,U000490,2025-09-20,CH_WELL_001,1,model_reco,supportive_wellbeing,1,0
EXP_U000490_3,U000490,2025-10-24,CH_WELL_001,1,model_reco,supportive_wellbeing,0,1
EXP_U000491_1,U000491,2025-06-18,CH_SLEEP_001,1,model_reco,ins_high_wake_irregular,0,1
EXP_U000491_2,U000491,2025-06-19,CH_SLEEP_001,1,model_reco,ins_high_wake_irregular,0,1
EXP_U000491_3,U000491,2025-06-28,CH_SLEEP_001,1,model_reco,ins_high_wake_irregular,0,0
EXP_U000491_4,U000491,2025-07-07,CH_SLEEP_001,1,model_reco,ins_high_wake_irregular,0,0
EXP_U000491_5,U000491,2025-07-09,CH_SLEEP_001,1,model_reco,ins_high_wake_irregular,1,0
EXP_U000491_6,U000491,2025-07-11,CH_ACT_003,1,model_reco,dep_low_activity,0,1
EXP_U000491_7,U000491,2025-07-17,CH_SLEEP_001,1,model_reco,ins_high_wake_irregular,0,1
EXP_U000491_8,U000491,2025-07-31,CH_SLEEP_001,1,model_reco,ins_high_wake_irregular,1,0
EXP_U000491_9,U000491,2025-08-02,CH_ACT_003,1,model_reco,dep_low_activity,0,1
EXP_U000491_10,U000491,2025-08-04,CH_ACT_003,1,model_reco,dep_low_activity,0,0
EXP_U000491_11,U000491,2025-08-09,CH_ACT_003,1,model_reco,dep_low_activity,0,0
EXP_U000491_12,U000491,2025-08-11,CH_SLEEP_001,1,model_reco,ins_high_wake_irregular,1,0
EXP_U000491_13,U000491,2025-08-14,CH_ACT_003,1,model_reco,dep_low_activity,0,1
EXP_U000491_14,U000491,2025-08-16,CH_ACT_002,1,model_reco,dep_low_daylight,1,0
EXP_U000491_15,U000491,2025-08-21,CH_SLEEP_001,1,model_reco,ins_high_wake_irregular,1,0
EXP_U000491_16,U000491,2025-08-24,CH_ACT_003,1,model_reco,dep_low_activity,0,1
EXP_U000492_1,U000492,2025-07-01,CH_SLEEP_001,1,model_reco,ins_high_wake_irregular,1,0
EXP_U000492_2,U000492,2025-07-12,CH_SLEEP_001,1,model_reco,ins_high_wake_irregular,0,0
EXP_U000492_3,U000492,2025-08-03,CH_SLEEP_001,1,model_reco,ins_high_wake_irregular,0,1
EXP_U000492_4,U000492,2025-08-13,CH_SLEEP_001,1,model_reco,ins_high_wake_irregular,0,0
EXP_U000492_5,U000492,2025-08-20,CH_SLEEP_001,1,model_reco,ins_high_wake_irregular,1,0
EXP_U000492_6,U000492,2025-09-16,CH_SLEEP_001,1,model_reco,ins_high_wake_irregular,0,1
EXP_U000492_7,U000492,2025-09-17,CH_SLEEP_001,1,model_reco,ins_high_wake_irregular,1,0
EXP_U000493_1,U000493,2025-08-28,CH_ACT_003,1,model_reco,dep_low_activity,1,0
EXP_U000493_2,U000493,2025-08-29,CH_REG_002,1,model_reco,anx_high_anxiety,0,0
EXP_U000493_3,U000493,2025-09-02,CH_ACT_003,1,model_reco,dep_low_activity,0,1
EXP_U000493_4,U000493,2025-09-07,CH_ACT_002,1,model_reco,dep_low_daylight,0,0
EXP_U000493_5,U000493,2025-09-08,CH_ACT_003,1,model_reco,dep_low_activity,0,0
EXP_U000493_6,U000493,2025-09-11,CH_ACT_002,1,model_reco,dep_low_daylight,0,0
EXP_U000493_7,U000493,2025-09-23,CH_ACT_003,1,model_reco,dep_low_activity,1,0
EXP_U000493_8,U000493,2025-10-06,CH_ACT_001,1,model_reco,dep_low_energy,1,0
EXP_U000493_9,U000493,2025-10-15,CH_SLEEP_001,1,model_reco,ins_high_wake_irregular,1,0
EXP_U000493_10,U000493,2025-10-23,CH_ACT_002,1,model_reco,dep_low_daylight,0,1
EXP_U000493_11,U000493,2025-11-02,CH_SLEEP_001,1,model_reco,ins_high_wake_irregular,0,0
EXP_U000493_12,U000493,2025-11-10,CH_SLEEP_001,1,model_reco,ins_high_wake_irregular,0,1
EXP_U000493_13,U000493,2025-11-11,CH_SLEEP_001,1,model_reco,ins_high_wake_irregular,1,0
EXP_U000493_14,U000493,2025-11-15,CH_ACT_003,1,model_reco,dep_low_activity,0,1
EXP_U000494_1,U000494,2025-08-19,CH_SLEEP_001,1,model_reco,ins_high_wake_irregular,1,0
EXP_U000494_2,U000494,2025-08-28,CH_SLEEP_001,1,model_reco,ins_high_wake_irregular,1,0
EXP_U000494_3,U000494,2025-09-08,CH_ACT_001,1,model_reco,dep_low_energy,0,1
EXP_U000494_4,U000494,2025-09-21,CH_SLEEP_001,1,model_reco,ins_high_wake_irregular,0,0
EXP_U000494_5,U000494,2025-11-02,CH_SLEEP_001,1,model_reco,ins_high_wake_irregular,0,1
EXP_U000495_1,U000495,2025-08-19,CH_SLEEP_001,1,model_reco,ins_high_wake_irregular,0,0
EXP_U000495_2,U000495,2025-08-23,CH_SLEEP_001,1,model_reco,ins_high_wake_irregular,0,0
EXP_U000495_3,U000495,2025-09-03,CH_SLEEP_001,1,model_reco,ins_high_wake_irregular,1,0
EXP_U000495_4,U000495,2025-09-07,CH_ACT_002,1,model_reco,dep_low_daylight,0,0
EXP_U000495_5,U000495,2025-09-14,CH_SLEEP_001,1,model_reco,ins_high_wake_irregular,0,1
EXP_U000495_6,U000495,2025-09-26,CH_SLEEP_001,1,model_reco,ins_high_wake_irregular,1,0
EXP_U000495_7,U000495,2025-09-27,CH_ACT_003,1,model_reco,dep_low_activity,0,1
EXP_U000495_8,U000495,2025-09-30,CH_ACT_003,1,model_reco,dep_low_activity,0,0
EXP_U000495_9,U000495,2025-10-03,CH_SLEEP_001,1,model_reco,ins_high_wake_irregular,0,0
EXP_U000495_10,U000495,2025-10-05,CH_SLEEP_001,1,model_reco,ins_high_wake_irregular,0,0
EXP_U000495_11,U000495,2025-10-06,CH_SLEEP_001,1,model_reco,ins_high_wake_irregular,1,0
EXP_U000495_12,U000495,2025-10-10,CH_ACT_002,1,model_reco,dep_low_daylight,0,0
EXP_U000495_13,U000495,2025-10-11,CH_ACT_003,1,model_reco,dep_low_activity,0,0
EXP_U000495_14,U000495,2025-10-12,CH_ACT_003,1,model_reco,dep_low_activity,1,0
EXP_U000495_15,U000495,2025-11-07,CH_SLEEP_001,1,model_reco,ins_high_wake_irregular,0,0
EXP_U000495_16,U000495,2025-11-10,CH_SLEEP_001,1,model_reco,ins_high_wake_irregular,1,0
EXP_U000496_1,U000496,2025-06-23,CH_ACT_003,1,model_reco,dep_low_activity,0,1
EXP_U000496_2,U000496,2025-06-27,CH_ACT_003,1,model_reco,dep_low_activity,0,0
EXP_U000496_3,U000496,2025-06-30,CH_ACT_003,1,model_reco,dep_low_activity,1,0
EXP_U000496_4,U000496,2025-07-04,CH_ACT_002,1,model_reco,dep_low_daylight,1,0
EXP_U000496_5,U000496,2025-07-07,CH_ACT_002,1,model_reco,dep_low_daylight,1,0
EXP_U000496_6,U000496,2025-07-14,CH_ACT_001,1,model_reco,dep_low_energy,1,0
EXP_U000496_7,U000496,2025-07-16,CH_REG_002,1,model_reco,anx_high_anxiety,0,1
EXP_U000496_8,U000496,2025-07-17,CH_REG_001,1,model_reco,anx_high_anxiety,0,1
EXP_U000496_9,U000496,2025-07-18,CH_REG_001,1,model_reco,anx_high_anxiety,1,0
EXP_U000496_10,U000496,2025-07-23,CH_ACT_002,1,model_reco,dep_low_daylight,0,1
EXP_U000496_11,U000496,2025-07-25,CH_ACT_002,1,model_reco,dep_low_daylight,1,0
EXP_U000496_12,U000496,2025-07-27,CH_REG_001,1,model_reco,anx_high_anxiety,1,0
EXP_U000496_13,U000496,2025-08-04,CH_ACT_001,1,model_reco,dep_low_energy,1,0
EXP_U000496_14,U000496,2025-08-21,CH_REG_002,1,model_reco,anx_high_anxiety,1,0
EXP_U000496_15,U000496,2025-08-29,CH_ACT_001,1,model_reco,dep_low_energy,1,0
EXP_U000496_16,U000496,2025-08-31,CH_REG_001,1,model_reco,anx_high_anxiety,0,1
EXP_U000496_17,U000496,2025-09-02,CH_REG_002,1,model_reco,anx_high_anxiety,1,0
EXP_U000496_18,U000496,2025-09-07,CH_ACT_003,1,model_reco,dep_low_activity,1,0
EXP_U000497_1,U000497,2025-10-01,CH_SLEEP_001,1,model_reco,ins_high_wake_irregular,0,1
EXP_U000497_2,U000497,2025-10-29,CH_SLEEP_001,1,model_reco,ins_high_wake_irregular,1,0
EXP_U000498_1,U000498,2025-08-23,CH_REG_001,1,model_reco,anx_high_anxiety,0,1
EXP_U000498_2,U000498,2025-08-26,CH_REG_002,1,model_reco,anx_high_anxiety,1,0
EXP_U000498_3,U000498,2025-09-16,CH_WELL_001,1,model_reco,supportive_wellbeing,0,1
EXP_U000498_4,U000498,2025-09-19,CH_REG_001,1,model_reco,anx_high_anxiety,1,0
EXP_U000498_5,U000498,2025-09-26,CH_REG_001,1,model_reco,anx_high_anxiety,0,1
EXP_U000498_6,U000498,2025-09-27,CH_REG_001,1,model_reco,anx_high_anxiety,1,0
EXP_U000498_7,U000498,2025-10-18,CH_REG_001,1,model_reco,anx_high_anxiety,0,1
EXP_U000498_8,U000498,2025-10-25,CH_SLEEP_001,1,model_reco,ins_high_wake_irregular,1,0
EXP_U000498_9,U000498,2025-10-26,CH_REG_002,1,model_reco,anx_high_anxiety,1,0
EXP_U000498_10,U000498,2025-10-29,CH_REG_002,1,model_reco,anx_high_anxiety,0,0
EXP_U000498_11,U000498,2025-10-30,CH_REG_002,1,model_reco,anx_high_anxiety,1,0
EXP_U000498_12,U000498,2025-10-31,CH_REG_001,1,model_reco,anx_high_anxiety,0,0
EXP_U000498_13,U000498,2025-11-08,CH_REG_001,1,model_reco,anx_high_anxiety,0,1
EXP_U000499_1,U000499,2025-07-08,CH_REG_001,1,model_reco,anx_high_anxiety,1,0
EXP_U000499_2,U000499,2025-07-11,CH_REG_002,1,model_reco,anx_high_anxiety,0,0
EXP_U000499_3,U000499,2025-07-13,CH_SLEEP_001,1,model_reco,ins_high_wake_irregular,0,0
EXP_U000499_4,U000499,2025-07-15,CH_SLEEP_001,1,model_reco,ins_high_wake_irregular,0,1
EXP_U000499_5,U000499,2025-07-16,CH_SLEEP_001,1,model_reco,ins_high_wake_irregular,1,0
EXP_U000499_6,U000499,2025-07-23,CH_SLEEP_001,1,model_reco,ins_high_wake_irregular,1,0
EXP_U000499_7,U000499,2025-08-02,CH_SLEEP_001,1,model_reco,ins_high_wake_irregular,1,0
EXP_U000499_8,U000499,2025-08-03,CH_REG_001,1,model_reco,anx_high_anxiety,0,1
EXP_U000499_9,U000499,2025-08-05,CH_REG_002,1,model_reco,anx_high_anxiety,0,1
EXP_U000499_10,U000499,2025-08-06,CH_REG_001,1,model_reco,anx_high_anxiety,0,0
EXP_U000499_11,U000499,2025-08-09,CH_REG_002,1,model_reco,anx_high_anxiety,1,0
EXP_U000499_12,U000499,2025-09-02,CH_WELL_001,1,model_reco,supportive_wellbeing,1,0
EXP_U000499_13,U000499,2025-09-09,CH_REG_001,1,model_reco,anx_high_anxiety,1,0
EXP_U000499_14,U000499,2025-09-26,CH_REG_001,1,model_reco,anx_high_anxiety,0,1
EXP_U000500_1,U000500,2025-07-13,CH_SLEEP_001,1,model_reco,ins_high_wake_irregular,0,1
EXP_U000500_2,U000500,2025-07-27,CH_SLEEP_001,1,model_reco,ins_high_wake_irregular,1,0
EXP_U000500_3,U000500,2025-08-25,CH_SLEEP_001,1,model_reco,ins_high_wake_irregular,1,0
EXP_U000500_4,U000500,2025-09-08,CH_SLEEP_001,1,model_reco,ins_high_wake_irregular,0,1
EXP_U000500_5,U000500,2025-09-13,CH_SLEEP_001,1,model_reco,ins_high_wake_irregular,0,1
EXP_U000500_6,U000500,2025-10-03,CH_SLEEP_001,1,model_reco,ins_high_wake_irregular,1,0
EXP_U000501_1,U000501,2025-07-15,CH_WELL_001,1,model_reco,supportive_wellbeing,0,0
EXP_U000502_1,U000502,2025-07-31,CH_SLEEP_001,1,model_reco,ins_high_wake_irregular,0,1
EXP_U000502_2,U000502,2025-08-18,CH_SLEEP_001,1,model_reco,ins_high_wake_irregular,0,0
EXP_U000503_1,U000503,2025-06-30,CH_REG_001,1,model_reco,anx_high_anxiety,1,0
EXP_U000503_2,U000503,2025-07-02,CH_REG_002,1,model_reco,anx_high_anxiety,1,0
EXP_U000503_3,U000503,2025-07-04,CH_REG_001,1,model_reco,anx_high_anxiety,1,0
EXP_U000503_4,U000503,2025-07-15,CH_SLEEP_001,1,model_reco,ins_high_wake_irregular,0,1
EXP_U000503_5,U000503,2025-07-22,CH_SLEEP_001,1,model_reco,ins_high_wake_irregular,1,0
EXP_U000503_6,U000503,2025-07-30,CH_SLEEP_001,1,model_reco,ins_high_wake_irregular,0,1
EXP_U000503_7,U000503,2025-08-06,CH_SLEEP_001,1,model_reco,ins_high_wake_irregular,0,1
EXP_U000503_8,U000503,2025-08-24,CH_SLEEP_001,1,model_reco,ins_high_wake_irregular,1,0
EXP_U000503_9,U000503,2025-08-31,CH_SLEEP_001,1,model_reco,ins_high_wake_irregular,1,0
EXP_U000503_10,U000503,2025-09-01,CH_REG_002,1,model_reco,anx_high_anxiety,0,1
EXP_U000503_11,U000503,2025-09-09,CH_REG_002,1,model_reco,anx_high_anxiety,1,0
EXP_U000503_12,U000503,2025-09-11,CH_REG_002,1,model_reco,anx_high_anxiety,0,0
EXP_U000503_13,U000503,2025-09-13,CH_SLEEP_001,1,model_reco,ins_high_wake_irregular,1,0
EXP_U000505_1,U000505,2025-08-02,CH_REG_002,1,model_reco,anx_high_anxiety,1,0
EXP_U000505_2,U000505,2025-09-09,CH_ACT_001,1,model_reco,dep_low_energy,1,0
EXP_U000505_3,U000505,2025-09-14,CH_ACT_001,1,model_reco,dep_low_energy,0,1
EXP_U000505_4,U000505,2025-09-17,CH_ACT_003,1,model_reco,dep_low_activity,1,0
EXP_U000505_5,U000505,2025-09-21,CH_ACT_002,1,model_reco,dep_low_daylight,1,0
EXP_U000505_6,U000505,2025-09-23,CH_SOC_001,1,model_reco,low_social_contact,1,0
EXP_U000506_1,U000506,2025-06-12,CH_SLEEP_001,1,model_reco,ins_high_wake_irregular,0,1
EXP_U000506_2,U000506,2025-06-26,CH_SLEEP_001,1,model_reco,ins_high_wake_irregular,0,0
EXP_U000506_3,U000506,2025-07-02,CH_SLEEP_001,1,model_reco,ins_high_wake_irregular,0,1
EXP_U000506_4,U000506,2025-07-05,CH_SLEEP_001,1,model_reco,ins_high_wake_irregular,1,0
EXP_U000506_5,U000506,2025-07-06,CH_ACT_003,1,model_reco,dep_low_activity,0,0
EXP_U000506_6,U000506,2025-07-09,CH_ACT_002,1,model_reco,dep_low_daylight,0,0
EXP_U000506_7,U000506,2025-07-10,CH_ACT_002,1,model_reco,dep_low_daylight,1,0
EXP_U000506_8,U000506,2025-07-12,CH_SLEEP_001,1,model_reco,ins_high_wake_irregular,0,0
EXP_U000506_9,U000506,2025-07-14,CH_SLEEP_001,1,model_reco,ins_high_wake_irregular,0,1
EXP_U000506_10,U000506,2025-07-16,CH_SLEEP_001,1,model_reco,ins_high_wake_irregular,1,0
EXP_U000506_11,U000506,2025-07-25,CH_SLEEP_001,1,model_reco,ins_high_wake_irregular,0,1
EXP_U000506_12,U000506,2025-07-27,CH_SLEEP_001,1,model_reco,ins_high_wake_irregular,1,0
EXP_U000506_13,U000506,2025-07-31,CH_ACT_002,1,model_reco,dep_low_daylight,0,1
EXP_U000506_14,U000506,2025-08-16,CH_SLEEP_001,1,model_reco,ins_high_wake_irregular,0,0
EXP_U000506_15,U000506,2025-08-19,CH_SLEEP_001,1,model_reco,ins_high_wake_irregular,0,1
EXP_U000506_16,U000506,2025-08-29,CH_SLEEP_001,1,model_reco,ins_high_wake_irregular,0,1
EXP_U000507_1,U000507,2025-09-12,CH_ACT_003,1,model_reco,dep_low_activity,0,0
EXP_U000507_2,U000507,2025-09-21,CH_ACT_002,1,model_reco,dep_low_daylight,1,0
EXP_U000507_3,U000507,2025-09-22,CH_SOC_001,1,model_reco,low_social_contact,0,1
EXP_U000507_4,U000507,2025-09-25,CH_SLEEP_001,1,model_reco,ins_high_wake_irregular,0,1
EXP_U000507_5,U000507,2025-09-30,CH_ACT_001,1,model_reco,dep_low_energy,1,0
EXP_U000507_6,U000507,2025-10-03,CH_SLEEP_001,1,model_reco,ins_high_wake_irregular,1,0
EXP_U000507_7,U000507,2025-10-08,CH_ACT_002,1,model_reco,dep_low_daylight,0,0
EXP_U000507_8,U000507,2025-10-09,CH_ACT_003,1,model_reco,dep_low_activity,0,1
EXP_U000507_9,U000507,2025-10-15,CH_ACT_001,1,model_reco,dep_low_energy,0,0
EXP_U000507_10,U000507,2025-10-17,CH_ACT_003,1,model_reco,dep_low_activity,0,0
EXP_U000507_11,U000507,2025-10-19,CH_SLEEP_001,1,model_reco,ins_high_wake_irregular,0,0
EXP_U000507_12,U000507,2025-10-21,CH_SLEEP_001,1,model_reco,ins_high_wake_irregular,0,1
EXP_U000507_13,U000507,2025-10-22,CH_SLEEP_001,1,model_reco,ins_high_wake_irregular,1,0
EXP_U000507_14,U000507,2025-11-01,CH_ACT_003,1,model_reco,dep_low_activity,0,1
EXP_U000507_15,U000507,2025-11-08,CH_ACT_001,1,model_reco,dep_low_energy,0,0
EXP_U000507_16,U000507,2025-11-10,CH_ACT_003,1,model_reco,dep_low_activity,0,1
EXP_U000507_17,U000507,2025-11-11,CH_ACT_003,1,model_reco,dep_low_activity,1,0
EXP_U000507_18,U000507,2025-11-20,CH_ACT_001,1,model_reco,dep_low_energy,0,1
EXP_U000508_1,U000508,2025-06-20,CH_REG_001,1,model_reco,anx_high_anxiety,1,0
EXP_U000508_2,U000508,2025-07-01,CH_ACT_002,1,model_reco,dep_low_daylight,0,1
EXP_U000508_3,U000508,2025-07-02,CH_ACT_003,1,model_reco,dep_low_activity,0,1
EXP_U000508_4,U000508,2025-07-08,CH_ACT_001,1,model_reco,dep_low_energy,1,0
EXP_U000508_5,U000508,2025-08-06,CH_REG_002,1,model_reco,anx_high_anxiety,1,0
EXP_U000508_6,U000508,2025-08-11,CH_REG_002,1,model_reco,anx_high_anxiety,1,0
EXP_U000508_7,U000508,2025-08-13,CH_REG_002,1,model_reco,anx_high_anxiety,0,1
EXP_U000508_8,U000508,2025-08-15,CH_REG_001,1,model_reco,anx_high_anxiety,0,1
EXP_U000508_9,U000508,2025-08-16,CH_REG_001,1,model_reco,anx_high_anxiety,0,0
EXP_U000508_10,U000508,2025-08-17,CH_REG_002,1,model_reco,anx_high_anxiety,1,0
EXP_U000508_11,U000508,2025-08-21,CH_REG_001,1,model_reco,anx_high_anxiety,0,0
EXP_U000508_12,U000508,2025-08-22,CH_ACT_001,1,model_reco,dep_low_energy,1,0
EXP_U000508_13,U000508,2025-08-31,CH_REG_002,1,model_reco,anx_high_anxiety,1,0
EXP_U000509_1,U000509,2025-07-22,CH_SLEEP_001,1,model_reco,ins_high_wake_irregular,1,0
EXP_U000509_2,U000509,2025-08-29,CH_SLEEP_001,1,model_reco,ins_high_wake_irregular,0,1
EXP_U000509_3,U000509,2025-09-06,CH_SLEEP_001,1,model_reco,ins_high_wake_irregular,0,1
EXP_U000509_4,U000509,2025-09-09,CH_SLEEP_001,1,model_reco,ins_high_wake_irregular,1,0
EXP_U000509_5,U000509,2025-09-12,CH_WELL_001,1,model_reco,supportive_wellbeing,0,1
EXP_U000510_1,U000510,2025-08-02,CH_ACT_001,1,model_reco,dep_low_energy,0,1
EXP_U000510_2,U000510,2025-09-06,CH_ACT_001,1,model_reco,dep_low_energy,1,0
EXP_U000510_3,U000510,2025-09-08,CH_WELL_001,1,model_reco,supportive_wellbeing,1,0
EXP_U000510_4,U000510,2025-09-17,CH_ACT_002,1,model_reco,dep_low_daylight,0,1
EXP_U000510_5,U000510,2025-10-04,CH_ACT_001,1,model_reco,dep_low_energy,0,1
EXP_U000511_1,U000511,2025-08-02,CH_SLEEP_001,1,model_reco,ins_high_wake_irregular,0,0
EXP_U000511_2,U000511,2025-08-04,CH_SLEEP_001,1,model_reco,ins_high_wake_irregular,1,0
EXP_U000511_3,U000511,2025-08-06,CH_ACT_003,1,model_reco,dep_low_activity,0,1
EXP_U000511_4,U000511,2025-08-08,CH_ACT_003,1,model_reco,dep_low_activity,1,0
EXP_U000511_5,U000511,2025-08-10,CH_REG_001,1,model_reco,anx_high_anxiety,0,0
EXP_U000511_6,U000511,2025-08-18,CH_SLEEP_001,1,model_reco,ins_high_wake_irregular,1,0
EXP_U000511_7,U000511,2025-08-21,CH_ACT_002,1,model_reco,dep_low_daylight,0,1
EXP_U000511_8,U000511,2025-08-25,CH_SLEEP_001,1,model_reco,ins_high_wake_irregular,1,0
EXP_U000511_9,U000511,2025-08-28,CH_ACT_003,1,model_reco,dep_low_activity,0,0
EXP_U000511_10,U000511,2025-09-02,CH_SLEEP_001,1,model_reco,ins_high_wake_irregular,1,0
EXP_U000511_11,U000511,2025-09-17,CH_SLEEP_001,1,model_reco,ins_high_wake_irregular,0,1
EXP_U000511_12,U000511,2025-09-25,CH_SLEEP_001,1,model_reco,ins_high_wake_irregular,0,0
EXP_U000511_13,U000511,2025-09-26,CH_SLEEP_001,1,model_reco,ins_high_wake_irregular,0,0
EXP_U000511_14,U000511,2025-09-27,CH_SLEEP_001,1,model_reco,ins_high_wake_irregular,0,1
EXP_U000511_15,U000511,2025-09-30,CH_SLEEP_001,1,model_reco,ins_high_wake_irregular,0,0
EXP_U000511_16,U000511,2025-10-03,CH_SLEEP_001,1,model_reco,ins_high_wake_irregular,1,0
EXP_U000511_17,U000511,2025-10-09,CH_ACT_002,1,model_reco,dep_low_daylight,0,0
EXP_U000511_18,U000511,2025-10-13,CH_SLEEP_001,1,model_reco,ins_high_wake_irregular,0,1
EXP_U000511_19,U000511,2025-10-16,CH_SLEEP_001,1,model_reco,ins_high_wake_irregular,1,0
EXP_U000511_20,U000511,2025-10-17,CH_ACT_002,1,model_reco,dep_low_daylight,0,1
EXP_U000511_21,U000511,2025-10-18,CH_ACT_003,1,model_reco,dep_low_activity,0,0
EXP_U000512_1,U000512,2025-06-28,CH_ACT_003,1,model_reco,dep_low_activity,1,0
EXP_U000512_2,U000512,2025-07-16,CH_ACT_002,1,model_reco,dep_low_daylight,1,0
EXP_U000512_3,U000512,2025-07-29,CH_ACT_001,1,model_reco,dep_low_energy,1,0
EXP_U000512_4,U000512,2025-08-09,CH_ACT_003,1,model_reco,dep_low_activity,0,1
EXP_U000512_5,U000512,2025-09-05,CH_ACT_003,1,model_reco,dep_low_activity,0,0
EXP_U000512_6,U000512,2025-09-13,CH_ACT_003,1,model_reco,dep_low_activity,0,1
EXP_U000513_1,U000513,2025-06-22,CH_SLEEP_001,1,model_reco,ins_high_wake_irregular,0,1
EXP_U000513_2,U000513,2025-07-13,CH_SLEEP_001,1,model_reco,ins_high_wake_irregular,1,0
EXP_U000513_3,U000513,2025-08-07,CH_SLEEP_001,1,model_reco,ins_high_wake_irregular,0,0
EXP_U000513_4,U000513,2025-08-26,CH_SLEEP_001,1,model_reco,ins_high_wake_irregular,0,1
EXP_U000514_1,U000514,2025-07-28,CH_SLEEP_001,1,model_reco,ins_high_wake_irregular,1,0
EXP_U000514_2,U000514,2025-08-03,CH_ACT_001,1,model_reco,dep_low_energy,1,0
EXP_U000514_3,U000514,2025-08-10,CH_SLEEP_001,1,model_reco,ins_high_wake_irregular,1,0
EXP_U000514_4,U000514,2025-08-11,CH_ACT_002,1,model_reco,dep_low_daylight,1,0
EXP_U000514_5,U000514,2025-08-14,CH_ACT_001,1,model_reco,dep_low_energy,1,0
EXP_U000514_6,U000514,2025-08-20,CH_SLEEP_001,1,model_reco,ins_high_wake_irregular,1,0
EXP_U000514_7,U000514,2025-08-21,CH_ACT_002,1,model_reco,dep_low_daylight,0,1
EXP_U000514_8,U000514,2025-08-22,CH_ACT_002,1,model_reco,dep_low_daylight,0,1
EXP_U000514_9,U000514,2025-08-23,CH_ACT_002,1,model_reco,dep_low_daylight,1,0
EXP_U000514_10,U000514,2025-08-25,CH_REG_001,1,model_reco,anx_high_anxiety,0,1
EXP_U000514_11,U000514,2025-08-28,CH_SLEEP_001,1,model_reco,ins_high_wake_irregular,1,0
EXP_U000514_12,U000514,2025-09-09,CH_SLEEP_001,1,model_reco,ins_high_wake_irregular,0,1
EXP_U000514_13,U000514,2025-09-10,CH_SLEEP_001,1,model_reco,ins_high_wake_irregular,0,0
EXP_U000514_14,U000514,2025-09-17,CH_SLEEP_001,1,model_reco,ins_high_wake_irregular,1,0
EXP_U000514_15,U000514,2025-09-18,CH_SLEEP_001,1,model_reco,ins_high_wake_irregular,0,0
EXP_U000514_16,U000514,2025-09-24,CH_SLEEP_001,1,model_reco,ins_high_wake_irregular,0,0
EXP_U000514_17,U000514,2025-09-28,CH_SLEEP_001,1,model_reco,ins_high_wake_irregular,0,1
EXP_U000514_18,U000514,2025-09-30,CH_SLEEP_001,1,model_reco,ins_high_wake_irregular,0,0
EXP_U000514_19,U000514,2025-10-01,CH_SLEEP_001,1,model_reco,ins_high_wake_irregular,1,0
EXP_U000514_20,U000514,2025-10-09,CH_SLEEP_001,1,model_reco,ins_high_wake_irregular,0,0
EXP_U000514_21,U000514,2025-10-10,CH_SLEEP_001,1,model_reco,ins_high_wake_irregular,0,1
EXP_U000515_1,U000515,2025-07-31,CH_REG_001,1,model_reco,anx_high_anxiety,0,1
EXP_U000515_2,U000515,2025-08-03,CH_REG_001,1,model_reco,anx_high_anxiety,0,0
EXP_U000515_3,U000515,2025-08-08,CH_REG_002,1,model_reco,anx_high_anxiety,1,0
EXP_U000515_4,U000515,2025-08-11,CH_REG_001,1,model_reco,anx_high_anxiety,0,1
EXP_U000515_5,U000515,2025-08-23,CH_REG_001,1,model_reco,anx_high_anxiety,0,0
EXP_U000515_6,U000515,2025-08-25,CH_REG_002,1,model_reco,anx_high_anxiety,1,0
EXP_U000515_7,U000515,2025-09-02,CH_SLEEP_001,1,model_reco,ins_high_wake_irregular,0,1
EXP_U000515_8,U000515,2025-09-11,CH_REG_001,1,model_reco,anx_high_anxiety,1,0
EXP_U000515_9,U000515,2025-09-18,CH_REG_001,1,model_reco,anx_high_anxiety,0,0
EXP_U000515_10,U000515,2025-10-07,CH_REG_001,1,model_reco,anx_high_anxiety,0,0
EXP_U000515_11,U000515,2025-10-10,CH_REG_002,1,model_reco,anx_high_anxiety,1,0
EXP_U000515_12,U000515,2025-10-12,CH_REG_002,1,model_reco,anx_high_anxiety,0,1
EXP_U000516_1,U000516,2025-08-15,CH_SLEEP_001,1,model_reco,ins_high_wake_irregular,0,1
EXP_U000516_2,U000516,2025-08-26,CH_SLEEP_001,1,model_reco,ins_high_wake_irregular,0,1
EXP_U000516_3,U000516,2025-09-07,CH_SLEEP_001,1,model_reco,ins_high_wake_irregular,0,0
EXP_U000516_4,U000516,2025-09-10,CH_SLEEP_001,1,model_reco,ins_high_wake_irregular,1,0
EXP_U000516_5,U000516,2025-09-14,CH_ACT_002,1,model_reco,dep_low_daylight,0,0
EXP_U000516_6,U000516,2025-09-17,CH_SLEEP_001,1,model_reco,ins_high_wake_irregular,0,1
EXP_U000516_7,U000516,2025-09-25,CH_SLEEP_001,1,model_reco,ins_high_wake_irregular,0,1
EXP_U000516_8,U000516,2025-10-01,CH_SLEEP_001,1,model_reco,ins_high_wake_irregular,0,1
EXP_U000516_9,U000516,2025-10-17,CH_SLEEP_001,1,model_reco,ins_high_wake_irregular,0,0
EXP_U000516_10,U000516,2025-10-21,CH_SLEEP_001,1,model_reco,ins_high_wake_irregular,0,0
EXP_U000516_11,U000516,2025-10-23,CH_SLEEP_001,1,model_reco,ins_high_wake_irregular,0,1
EXP_U000517_1,U000517,2025-08-07,CH_REG_001,1,model_reco,anx_high_anxiety,1,0
EXP_U000517_2,U000517,2025-08-13,CH_REG_001,1,model_reco,anx_high_anxiety,1,0
EXP_U000517_3,U000517,2025-08-18,CH_REG_002,1,model_reco,anx_high_anxiety,0,0
EXP_U000517_4,U000517,2025-09-07,CH_REG_001,1,model_reco,anx_high_anxiety,1,0
EXP_U000517_5,U000517,2025-09-10,CH_REG_001,1,model_reco,anx_high_anxiety,1,0
EXP_U000517_6,U000517,2025-09-23,CH_REG_001,1,model_reco,anx_high_anxiety,1,0
EXP_U000517_7,U000517,2025-10-05,CH_REG_002,1,model_reco,anx_high_anxiety,1,0
EXP_U000517_8,U000517,2025-10-07,CH_REG_002,1,model_reco,anx_high_anxiety,1,0
EXP_U000517_9,U000517,2025-10-26,CH_REG_001,1,model_reco,anx_high_anxiety,1,0
EXP_U000519_1,U000519,2025-08-20,CH_WELL_001,1,model_reco,supportive_wellbeing,0,0
EXP_U000520_1,U000520,2025-09-05,CH_ACT_003,1,model_reco,dep_low_activity,1,0
EXP_U000520_2,U000520,2025-09-13,CH_ACT_002,1,model_reco,dep_low_daylight,0,0
EXP_U000521_1,U000521,2025-09-03,CH_SLEEP_001,1,model_reco,ins_high_wake_irregular,1,0
EXP_U000521_2,U000521,2025-09-18,CH_SLEEP_001,1,model_reco,ins_high_wake_irregular,1,0
EXP_U000521_3,U000521,2025-10-07,CH_SLEEP_001,1,model_reco,ins_high_wake_irregular,1,0
EXP_U000521_4,U000521,2025-10-19,CH_SLEEP_001,1,model_reco,ins_high_wake_irregular,0,1
EXP_U000521_5,U000521,2025-10-31,CH_SLEEP_001,1,model_reco,ins_high_wake_irregular,0,0
EXP_U000521_6,U000521,2025-11-08,CH_SLEEP_001,1,model_reco,ins_high_wake_irregular,1,0
EXP_U000521_7,U000521,2025-11-15,CH_SLEEP_001,1,model_reco,ins_high_wake_irregular,0,1
EXP_U000522_1,U000522,2025-10-08,CH_ACT_002,1,model_reco,dep_low_daylight,1,0
EXP_U000522_2,U000522,2025-10-24,CH_ACT_003,1,model_reco,dep_low_activity,1,0
EXP_U000523_1,U000523,2025-08-23,CH_REG_002,1,model_reco,anx_high_anxiety,1,0
EXP_U000523_2,U000523,2025-08-24,CH_REG_002,1,model_reco,anx_high_anxiety,0,0
EXP_U000523_3,U000523,2025-08-26,CH_REG_001,1,model_reco,anx_high_anxiety,1,0
EXP_U000523_4,U000523,2025-08-30,CH_REG_002,1,model_reco,anx_high_anxiety,1,0
EXP_U000523_5,U000523,2025-08-31,CH_REG_002,1,model_reco,anx_high_anxiety,1,0
EXP_U000523_6,U000523,2025-09-01,CH_REG_001,1,model_reco,anx_high_anxiety,0,0
EXP_U000523_7,U000523,2025-09-04,CH_REG_002,1,model_reco,anx_high_anxiety,0,1
EXP_U000523_8,U000523,2025-09-07,CH_REG_002,1,model_reco,anx_high_anxiety,1,0
EXP_U000523_9,U000523,2025-09-08,CH_REG_002,1,model_reco,anx_high_anxiety,0,0
EXP_U000523_10,U000523,2025-09-24,CH_REG_002,1,model_reco,anx_high_anxiety,0,0
EXP_U000523_11,U000523,2025-09-27,CH_REG_001,1,model_reco,anx_high_anxiety,1,0
EXP_U000523_12,U000523,2025-10-01,CH_REG_001,1,model_reco,anx_high_anxiety,0,1
EXP_U000523_13,U000523,2025-10-04,CH_REG_001,1,model_reco,anx_high_anxiety,0,0
EXP_U000523_14,U000523,2025-10-11,CH_REG_001,1,model_reco,anx_high_anxiety,0,1
EXP_U000523_15,U000523,2025-10-13,CH_REG_002,1,model_reco,anx_high_anxiety,1,0
EXP_U000523_16,U000523,2025-10-16,CH_REG_001,1,model_reco,anx_high_anxiety,1,0
EXP_U000523_17,U000523,2025-10-22,CH_REG_001,1,model_reco,anx_high_anxiety,0,0
EXP_U000523_18,U000523,2025-10-24,CH_REG_001,1,model_reco,anx_high_anxiety,1,0
EXP_U000523_19,U000523,2025-10-31,CH_REG_001,1,model_reco,anx_high_anxiety,1,0
EXP_U000523_20,U000523,2025-11-01,CH_REG_001,1,model_reco,anx_high_anxiety,0,1
EXP_U000523_21,U000523,2025-11-02,CH_REG_001,1,model_reco,anx_high_anxiety,1,0
EXP_U000523_22,U000523,2025-11-09,CH_REG_001,1,model_reco,anx_high_anxiety,1,0
EXP_U000526_1,U000526,2025-09-16,CH_SLEEP_001,1,model_reco,ins_high_wake_irregular,1,0
EXP_U000526_2,U000526,2025-09-28,CH_SLEEP_001,1,model_reco,ins_high_wake_irregular,1,0
EXP_U000526_3,U000526,2025-11-08,CH_SLEEP_001,1,model_reco,ins_high_wake_irregular,0,0
EXP_U000526_4,U000526,2025-11-14,CH_SLEEP_001,1,model_reco,ins_high_wake_irregular,1,0
EXP_U000527_1,U000527,2025-06-29,CH_SLEEP_001,1,model_reco,ins_high_wake_irregular,0,0
EXP_U000527_2,U000527,2025-07-05,CH_SLEEP_001,1,model_reco,ins_high_wake_irregular,0,0
EXP_U000527_3,U000527,2025-07-07,CH_SLEEP_001,1,model_reco,ins_high_wake_irregular,0,1
EXP_U000527_4,U000527,2025-07-13,CH_SLEEP_001,1,model_reco,ins_high_wake_irregular,1,0
EXP_U000527_5,U000527,2025-07-17,CH_REG_001,1,model_reco,anx_high_anxiety,0,1
EXP_U000527_6,U000527,2025-07-23,CH_SLEEP_001,1,model_reco,ins_high_wake_irregular,1,0
EXP_U000527_7,U000527,2025-07-25,CH_ACT_001,1,model_reco,dep_low_energy,0,0
EXP_U000527_8,U000527,2025-07-27,CH_REG_001,1,model_reco,anx_high_anxiety,0,0
EXP_U000527_9,U000527,2025-07-28,CH_REG_001,1,model_reco,anx_high_anxiety,1,0
EXP_U000527_10,U000527,2025-07-31,CH_SLEEP_001,1,model_reco,ins_high_wake_irregular,0,1
EXP_U000527_11,U000527,2025-08-01,CH_SLEEP_001,1,model_reco,ins_high_wake_irregular,0,0
EXP_U000527_12,U000527,2025-08-07,CH_SLEEP_001,1,model_reco,ins_high_wake_irregular,1,0
EXP_U000527_13,U000527,2025-08-08,CH_ACT_001,1,model_reco,dep_low_energy,0,0
EXP_U000527_14,U000527,2025-08-09,CH_ACT_003,1,model_reco,dep_low_activity,1,0
EXP_U000527_15,U000527,2025-08-10,CH_REG_001,1,model_reco,anx_high_anxiety,0,1
EXP_U000527_16,U000527,2025-08-14,CH_SLEEP_001,1,model_reco,ins_high_wake_irregular,0,1
EXP_U000527_17,U000527,2025-08-23,CH_SLEEP_001,1,model_reco,ins_high_wake_irregular,0,0
EXP_U000527_18,U000527,2025-08-24,CH_SLEEP_001,1,model_reco,ins_high_wake_irregular,1,0
EXP_U000527_19,U000527,2025-08-31,CH_SLEEP_001,1,model_reco,ins_high_wake_irregular,0,0
EXP_U000527_20,U000527,2025-09-02,CH_SLEEP_001,1,model_reco,ins_high_wake_irregular,1,0
EXP_U000527_21,U000527,2025-09-04,CH_ACT_003,1,model_reco,dep_low_activity,0,1
EXP_U000527_22,U000527,2025-09-06,CH_REG_002,1,model_reco,anx_high_anxiety,0,1
EXP_U000527_23,U000527,2025-09-09,CH_SLEEP_001,1,model_reco,ins_high_wake_irregular,1,0
EXP_U000527_24,U000527,2025-09-13,CH_REG_001,1,model_reco,anx_high_anxiety,1,0
EXP_U000528_1,U000528,2025-08-02,CH_ACT_003,1,model_reco,dep_low_activity,1,0
EXP_U000528_2,U000528,2025-08-04,CH_SOC_001,1,model_reco,low_social_contact,0,1
EXP_U000528_3,U000528,2025-08-06,CH_ACT_001,1,model_reco,dep_low_energy,0,0
EXP_U000528_4,U000528,2025-08-07,CH_ACT_001,1,model_reco,dep_low_energy,0,0
EXP_U000528_5,U000528,2025-08-08,CH_ACT_001,1,model_reco,dep_low_energy,0,1
EXP_U000528_6,U000528,2025-08-22,CH_ACT_002,1,model_reco,dep_low_daylight,0,1
EXP_U000528_7,U000528,2025-08-27,CH_ACT_003,1,model_reco,dep_low_activity,0,1
EXP_U000528_8,U000528,2025-09-17,CH_ACT_001,1,model_reco,dep_low_energy,0,0
EXP_U000529_1,U000529,2025-09-04,CH_SLEEP_001,1,model_reco,ins_high_wake_irregular,0,0
EXP_U000529_2,U000529,2025-09-16,CH_SLEEP_001,1,model_reco,ins_high_wake_irregular,1,0
EXP_U000529_3,U000529,2025-09-28,CH_SLEEP_001,1,model_reco,ins_high_wake_irregular,0,0
EXP_U000529_4,U000529,2025-10-03,CH_SLEEP_001,1,model_reco,ins_high_wake_irregular,0,1
EXP_U000529_5,U000529,2025-10-11,CH_SLEEP_001,1,model_reco,ins_high_wake_irregular,0,0
EXP_U000529_6,U000529,2025-10-20,CH_SLEEP_001,1,model_reco,ins_high_wake_irregular,1,0
EXP_U000529_7,U000529,2025-10-28,CH_SLEEP_001,1,model_reco,ins_high_wake_irregular,0,1
EXP_U000529_8,U000529,2025-10-31,CH_SLEEP_001,1,model_reco,ins_high_wake_irregular,1,0
EXP_U000530_1,U000530,2025-10-10,CH_WELL_001,1,model_reco,supportive_wellbeing,1,0
EXP_U000531_1,U000531,2025-08-14,CH_WELL_001,1,model_reco,supportive_wellbeing,1,0
EXP_U000533_1,U000533,2025-08-30,CH_REG_001,1,model_reco,anx_high_anxiety,0,1
EXP_U000533_2,U000533,2025-09-21,CH_REG_001,1,model_reco,anx_high_anxiety,1,0
EXP_U000533_3,U000533,2025-09-29,CH_REG_001,1,model_reco,anx_high_anxiety,0,0
EXP_U000533_4,U000533,2025-10-15,CH_REG_001,1,model_reco,anx_high_anxiety,1,0
EXP_U000533_5,U000533,2025-10-20,CH_REG_001,1,model_reco,anx_high_anxiety,1,0
EXP_U000534_1,U000534,2025-08-18,CH_SLEEP_001,1,model_reco,ins_high_wake_irregular,0,1
EXP_U000534_2,U000534,2025-10-05,CH_SLEEP_001,1,model_reco,ins_high_wake_irregular,0,1
EXP_U000535_1,U000535,2025-07-29,CH_SLEEP_001,1,model_reco,ins_high_wake_irregular,1,0
EXP_U000535_2,U000535,2025-07-31,CH_REG_001,1,model_reco,anx_high_anxiety,1,0
EXP_U000535_3,U000535,2025-08-03,CH_REG_001,1,model_reco,anx_high_anxiety,1,0
EXP_U000535_4,U000535,2025-08-13,CH_SLEEP_001,1,model_reco,ins_high_wake_irregular,0,1
EXP_U000535_5,U000535,2025-08-20,CH_SLEEP_001,1,model_reco,ins_high_wake_irregular,0,0
EXP_U000535_6,U000535,2025-08-25,CH_SLEEP_001,1,model_reco,ins_high_wake_irregular,0,0
EXP_U000535_7,U000535,2025-08-31,CH_SLEEP_001,1,model_reco,ins_high_wake_irregular,0,0
EXP_U000535_8,U000535,2025-09-01,CH_SLEEP_001,1,model_reco,ins_high_wake_irregular,0,0
EXP_U000535_9,U000535,2025-09-06,CH_SLEEP_001,1,model_reco,ins_high_wake_irregular,0,0
EXP_U000535_10,U000535,2025-09-08,CH_SLEEP_001,1,model_reco,ins_high_wake_irregular,0,0
EXP_U000535_11,U000535,2025-09-10,CH_SLEEP_001,1,model_reco,ins_high_wake_irregular,1,0
EXP_U000535_12,U000535,2025-09-16,CH_REG_001,1,model_reco,anx_high_anxiety,0,1
EXP_U000535_13,U000535,2025-09-26,CH_SLEEP_001,1,model_reco,ins_high_wake_irregular,1,0
EXP_U000536_1,U000536,2025-08-08,CH_REG_001,1,model_reco,anx_high_anxiety,1,0
EXP_U000536_2,U000536,2025-09-29,CH_REG_002,1,model_reco,anx_high_anxiety,0,1
EXP_U000536_3,U000536,2025-10-06,CH_WELL_001,1,model_reco,supportive_wellbeing,1,0
EXP_U000536_4,U000536,2025-10-27,CH_REG_001,1,model_reco,anx_high_anxiety,0,0
EXP_U000536_5,U000536,2025-10-28,CH_REG_001,1,model_reco,anx_high_anxiety,1,0
EXP_U000537_1,U000537,2025-07-14,CH_ACT_002,1,model_reco,dep_low_daylight,0,1
EXP_U000537_2,U000537,2025-07-15,CH_ACT_002,1,model_reco,dep_low_daylight,1,0
EXP_U000537_3,U000537,2025-07-20,CH_ACT_002,1,model_reco,dep_low_daylight,1,0
EXP_U000537_4,U000537,2025-07-27,CH_ACT_003,1,model_reco,dep_low_activity,1,0
EXP_U000537_5,U000537,2025-07-29,CH_SLEEP_001,1,model_reco,ins_high_wake_irregular,0,1
EXP_U000537_6,U000537,2025-08-05,CH_ACT_003,1,model_reco,dep_low_activity,0,1
EXP_U000537_7,U000537,2025-08-06,CH_ACT_003,1,model_reco,dep_low_activity,1,0
EXP_U000537_8,U000537,2025-08-09,CH_ACT_002,1,model_reco,dep_low_daylight,1,0
EXP_U000537_9,U000537,2025-08-11,CH_SOC_001,1,model_reco,low_social_contact,1,0
EXP_U000537_10,U000537,2025-08-15,CH_ACT_002,1,model_reco,dep_low_daylight,0,0
EXP_U000537_11,U000537,2025-08-16,CH_SLEEP_001,1,model_reco,ins_high_wake_irregular,0,1
EXP_U000537_12,U000537,2025-08-17,CH_ACT_003,1,model_reco,dep_low_activity,0,0
EXP_U000537_13,U000537,2025-08-19,CH_SLEEP_001,1,model_reco,ins_high_wake_irregular,0,1
EXP_U000537_14,U000537,2025-08-20,CH_ACT_003,1,model_reco,dep_low_activity,0,1
EXP_U000537_15,U000537,2025-08-21,CH_ACT_003,1,model_reco,dep_low_activity,1,0
EXP_U000537_16,U000537,2025-08-24,CH_ACT_002,1,model_reco,dep_low_daylight,0,1
EXP_U000537_17,U000537,2025-09-01,CH_ACT_002,1,model_reco,dep_low_daylight,0,0
EXP_U000537_18,U000537,2025-09-07,CH_SLEEP_001,1,model_reco,ins_high_wake_irregular,0,1
EXP_U000537_19,U000537,2025-09-19,CH_ACT_002,1,model_reco,dep_low_daylight,0,0
EXP_U000537_20,U000537,2025-09-21,CH_ACT_003,1,model_reco,dep_low_activity,0,0
EXP_U000537_21,U000537,2025-09-22,CH_ACT_002,1,model_reco,dep_low_daylight,1,0
EXP_U000537_22,U000537,2025-09-25,CH_ACT_003,1,model_reco,dep_low_activity,0,1
EXP_U000537_23,U000537,2025-09-27,CH_ACT_002,1,model_reco,dep_low_daylight,1,0
EXP_U000537_24,U000537,2025-10-01,CH_SLEEP_001,1,model_reco,ins_high_wake_irregular,1,0
EXP_U000538_1,U000538,2025-07-11,CH_ACT_002,1,model_reco,dep_low_daylight,1,0
EXP_U000538_2,U000538,2025-07-12,CH_SLEEP_001,1,model_reco,ins_high_wake_irregular,0,1
EXP_U000538_3,U000538,2025-07-21,CH_SLEEP_001,1,model_reco,ins_high_wake_irregular,0,0
EXP_U000538_4,U000538,2025-07-30,CH_ACT_002,1,model_reco,dep_low_daylight,0,0
EXP_U000538_5,U000538,2025-08-01,CH_ACT_002,1,model_reco,dep_low_daylight,1,0
EXP_U000538_6,U000538,2025-08-05,CH_ACT_002,1,model_reco,dep_low_daylight,0,0
EXP_U000538_7,U000538,2025-08-09,CH_ACT_003,1,model_reco,dep_low_activity,0,1
EXP_U000538_8,U000538,2025-08-11,CH_ACT_003,1,model_reco,dep_low_activity,1,0
EXP_U000538_9,U000538,2025-08-19,CH_ACT_002,1,model_reco,dep_low_daylight,1,0
EXP_U000538_10,U000538,2025-08-23,CH_SLEEP_001,1,model_reco,ins_high_wake_irregular,0,1
EXP_U000538_11,U000538,2025-08-28,CH_ACT_002,1,model_reco,dep_low_daylight,0,0
EXP_U000538_12,U000538,2025-09-01,CH_ACT_003,1,model_reco,dep_low_activity,1,0
EXP_U000538_13,U000538,2025-09-12,CH_ACT_002,1,model_reco,dep_low_daylight,1,0
EXP_U000538_14,U000538,2025-09-16,CH_ACT_003,1,model_reco,dep_low_activity,1,0
EXP_U000538_15,U000538,2025-09-18,CH_SLEEP_001,1,model_reco,ins_high_wake_irregular,0,0
EXP_U000538_16,U000538,2025-09-23,CH_SLEEP_001,1,model_reco,ins_high_wake_irregular,0,0
EXP_U000538_17,U000538,2025-09-25,CH_SLEEP_001,1,model_reco,ins_high_wake_irregular,0,1
EXP_U000538_18,U000538,2025-09-27,CH_ACT_002,1,model_reco,dep_low_daylight,1,0
EXP_U000539_1,U000539,2025-06-07,CH_WELL_001,1,model_reco,supportive_wellbeing,0,1
EXP_U000540_1,U000540,2025-10-15,CH_WELL_001,1,model_reco,supportive_wellbeing,0,1
EXP_U000541_1,U000541,2025-08-02,CH_SLEEP_001,1,model_reco,ins_high_wake_irregular,0,0
EXP_U000541_2,U000541,2025-08-03,CH_SLEEP_001,1,model_reco,ins_high_wake_irregular,0,1
EXP_U000541_3,U000541,2025-08-14,CH_REG_001,1,model_reco,anx_high_anxiety,0,0
EXP_U000541_4,U000541,2025-08-16,CH_SLEEP_001,1,model_reco,ins_high_wake_irregular,0,1
EXP_U000541_5,U000541,2025-08-19,CH_REG_002,1,model_reco,anx_high_anxiety,0,1
EXP_U000541_6,U000541,2025-08-20,CH_REG_002,1,model_reco,anx_high_anxiety,1,0
EXP_U000541_7,U000541,2025-09-01,CH_SLEEP_001,1,model_reco,ins_high_wake_irregular,1,0
EXP_U000541_8,U000541,2025-09-17,CH_REG_001,1,model_reco,anx_high_anxiety,1,0
EXP_U000541_9,U000541,2025-09-18,CH_REG_001,1,model_reco,anx_high_anxiety,0,1
EXP_U000541_10,U000541,2025-09-23,CH_REG_001,1,model_reco,anx_high_anxiety,1,0
EXP_U000541_11,U000541,2025-09-24,CH_REG_001,1,model_reco,anx_high_anxiety,1,0
EXP_U000541_12,U000541,2025-09-29,CH_SLEEP_001,1,model_reco,ins_high_wake_irregular,0,1
EXP_U000541_13,U000541,2025-10-13,CH_SLEEP_001,1,model_reco,ins_high_wake_irregular,0,0
EXP_U000541_14,U000541,2025-10-15,CH_SLEEP_001,1,model_reco,ins_high_wake_irregular,1,0
EXP_U000541_15,U000541,2025-10-19,CH_REG_001,1,model_reco,anx_high_anxiety,0,0
EXP_U000542_1,U000542,2025-07-24,CH_ACT_003,1,model_reco,dep_low_activity,0,0
EXP_U000542_2,U000542,2025-07-26,CH_SLEEP_001,1,model_reco,ins_high_wake_irregular,0,0
EXP_U000542_3,U000542,2025-07-30,CH_SLEEP_001,1,model_reco,ins_high_wake_irregular,0,0
EXP_U000542_4,U000542,2025-08-01,CH_SLEEP_001,1,model_reco,ins_high_wake_irregular,1,0
EXP_U000542_5,U000542,2025-08-03,CH_ACT_003,1,model_reco,dep_low_activity,0,1
EXP_U000542_6,U000542,2025-08-08,CH_SLEEP_001,1,model_reco,ins_high_wake_irregular,1,0
EXP_U000542_7,U000542,2025-08-09,CH_ACT_003,1,model_reco,dep_low_activity,0,0
EXP_U000542_8,U000542,2025-08-11,CH_ACT_002,1,model_reco,dep_low_daylight,0,0
EXP_U000542_9,U000542,2025-09-05,CH_SLEEP_001,1,model_reco,ins_high_wake_irregular,0,1
EXP_U000542_10,U000542,2025-09-21,CH_SLEEP_001,1,model_reco,ins_high_wake_irregular,0,0
EXP_U000542_11,U000542,2025-09-27,CH_SLEEP_001,1,model_reco,ins_high_wake_irregular,0,0
EXP_U000542_12,U000542,2025-09-30,CH_SLEEP_001,1,model_reco,ins_high_wake_irregular,0,1
EXP_U000542_13,U000542,2025-10-01,CH_SLEEP_001,1,model_reco,ins_high_wake_irregular,0,1
EXP_U000543_1,U000543,2025-10-06,CH_WELL_001,1,model_reco,supportive_wellbeing,1,0
EXP_U000544_1,U000544,2025-07-08,CH_SLEEP_001,1,model_reco,ins_high_wake_irregular,0,0
EXP_U000544_2,U000544,2025-07-10,CH_SLEEP_001,1,model_reco,ins_high_wake_irregular,0,1
EXP_U000544_3,U000544,2025-07-14,CH_SLEEP_001,1,model_reco,ins_high_wake_irregular,1,0
EXP_U000544_4,U000544,2025-07-17,CH_ACT_001,1,model_reco,dep_low_energy,1,0
EXP_U000544_5,U000544,2025-07-21,CH_SLEEP_001,1,model_reco,ins_high_wake_irregular,0,0
EXP_U000544_6,U000544,2025-07-26,CH_SLEEP_001,1,model_reco,ins_high_wake_irregular,1,0
EXP_U000544_7,U000544,2025-08-09,CH_SLEEP_001,1,model_reco,ins_high_wake_irregular,0,1
EXP_U000544_8,U000544,2025-08-10,CH_SLEEP_001,1,model_reco,ins_high_wake_irregular,0,1
EXP_U000544_9,U000544,2025-08-21,CH_SLEEP_001,1,model_reco,ins_high_wake_irregular,0,0
EXP_U000544_10,U000544,2025-08-23,CH_SLEEP_001,1,model_reco,ins_high_wake_irregular,1,0
EXP_U000544_11,U000544,2025-09-08,CH_SLEEP_001,1,model_reco,ins_high_wake_irregular,0,1
EXP_U000544_12,U000544,2025-09-11,CH_SLEEP_001,1,model_reco,ins_high_wake_irregular,1,0
EXP_U000544_13,U000544,2025-09-19,CH_SLEEP_001,1,model_reco,ins_high_wake_irregular,0,0
EXP_U000544_14,U000544,2025-09-20,CH_SLEEP_001,1,model_reco,ins_high_wake_irregular,1,0
EXP_U000544_15,U000544,2025-09-23,CH_REG_001,1,model_reco,anx_high_anxiety,0,0
EXP_U000545_1,U000545,2025-08-05,CH_WELL_001,1,model_reco,supportive_wellbeing,1,0
EXP_U000545_2,U000545,2025-08-10,CH_ACT_001,1,model_reco,dep_low_energy,1,0
EXP_U000545_3,U000545,2025-08-12,CH_SOC_001,1,model_reco,low_social_contact,0,1
EXP_U000545_4,U000545,2025-08-30,CH_ACT_001,1,model_reco,dep_low_energy,0,0
EXP_U000545_5,U000545,2025-09-26,CH_ACT_001,1,model_reco,dep_low_energy,1,0
EXP_U000546_1,U000546,2025-07-27,CH_SLEEP_001,1,model_reco,ins_high_wake_irregular,0,0
EXP_U000546_2,U000546,2025-07-29,CH_SLEEP_001,1,model_reco,ins_high_wake_irregular,0,0
EXP_U000546_3,U000546,2025-07-30,CH_SLEEP_001,1,model_reco,ins_high_wake_irregular,0,0
EXP_U000546_4,U000546,2025-08-11,CH_SLEEP_001,1,model_reco,ins_high_wake_irregular,1,0
EXP_U000546_5,U000546,2025-08-12,CH_ACT_003,1,model_reco,dep_low_activity,0,0
EXP_U000546_6,U000546,2025-08-17,CH_ACT_002,1,model_reco,dep_low_daylight,0,1
EXP_U000546_7,U000546,2025-08-19,CH_SLEEP_001,1,model_reco,ins_high_wake_irregular,0,1
EXP_U000546_8,U000546,2025-08-22,CH_SLEEP_001,1,model_reco,ins_high_wake_irregular,0,0
EXP_U000546_9,U000546,2025-08-23,CH_SLEEP_001,1,model_reco,ins_high_wake_irregular,0,0
EXP_U000546_10,U000546,2025-08-25,CH_SLEEP_001,1,model_reco,ins_high_wake_irregular,0,0
EXP_U000546_11,U000546,2025-08-31,CH_SLEEP_001,1,model_reco,ins_high_wake_irregular,0,1
EXP_U000546_12,U000546,2025-09-01,CH_SLEEP_001,1,model_reco,ins_high_wake_irregular,0,1
EXP_U000546_13,U000546,2025-09-02,CH_SLEEP_001,1,model_reco,ins_high_wake_irregular,0,1
EXP_U000546_14,U000546,2025-09-10,CH_SLEEP_001,1,model_reco,ins_high_wake_irregular,1,0
EXP_U000546_15,U000546,2025-09-11,CH_ACT_003,1,model_reco,dep_low_activity,0,0
EXP_U000546_16,U000546,2025-09-14,CH_ACT_003,1,model_reco,dep_low_activity,0,1
EXP_U000546_17,U000546,2025-09-15,CH_ACT_002,1,model_reco,dep_low_daylight,0,1
EXP_U000546_18,U000546,2025-09-16,CH_ACT_003,1,model_reco,dep_low_activity,0,1
EXP_U000546_19,U000546,2025-09-20,CH_SLEEP_001,1,model_reco,ins_high_wake_irregular,1,0
EXP_U000546_20,U000546,2025-09-25,CH_ACT_002,1,model_reco,dep_low_daylight,1,0
EXP_U000546_21,U000546,2025-10-02,CH_SLEEP_001,1,model_reco,ins_high_wake_irregular,1,0
EXP_U000546_22,U000546,2025-10-04,CH_ACT_003,1,model_reco,dep_low_activity,0,0
EXP_U000546_23,U000546,2025-10-06,CH_ACT_002,1,model_reco,dep_low_daylight,0,0
EXP_U000546_24,U000546,2025-10-08,CH_ACT_003,1,model_reco,dep_low_activity,0,1
EXP_U000546_25,U000546,2025-10-11,CH_SLEEP_001,1,model_reco,ins_high_wake_irregular,0,1
EXP_U000546_26,U000546,2025-10-17,CH_SLEEP_001,1,model_reco,ins_high_wake_irregular,1,0
EXP_U000547_1,U000547,2025-07-18,CH_WELL_001,1,model_reco,supportive_wellbeing,1,0
EXP_U000548_1,U000548,2025-06-27,CH_SLEEP_001,1,model_reco,ins_high_wake_irregular,1,0
EXP_U000548_2,U000548,2025-06-28,CH_ACT_001,1,model_reco,dep_low_energy,0,1
EXP_U000548_3,U000548,2025-07-03,CH_REG_001,1,model_reco,anx_high_anxiety,0,1
EXP_U000548_4,U000548,2025-07-11,CH_SLEEP_001,1,model_reco,ins_high_wake_irregular,1,0
EXP_U000548_5,U000548,2025-07-15,CH_REG_001,1,model_reco,anx_high_anxiety,0,0
EXP_U000548_6,U000548,2025-08-04,CH_SLEEP_001,1,model_reco,ins_high_wake_irregular,0,1
EXP_U000548_7,U000548,2025-08-12,CH_SLEEP_001,1,model_reco,ins_high_wake_irregular,0,0
EXP_U000548_8,U000548,2025-08-14,CH_SLEEP_001,1,model_reco,ins_high_wake_irregular,0,0
EXP_U000548_9,U000548,2025-08-17,CH_SLEEP_001,1,model_reco,ins_high_wake_irregular,0,0
EXP_U000548_10,U000548,2025-08-23,CH_SLEEP_001,1,model_reco,ins_high_wake_irregular,1,0
EXP_U000548_11,U000548,2025-09-02,CH_SLEEP_001,1,model_reco,ins_high_wake_irregular,0,1
EXP_U000548_12,U000548,2025-09-03,CH_SLEEP_001,1,model_reco,ins_high_wake_irregular,1,0
EXP_U000548_13,U000548,2025-09-09,CH_REG_001,1,model_reco,anx_high_anxiety,1,0
EXP_U000549_1,U000549,2025-07-06,CH_REG_001,1,model_reco,anx_high_anxiety,0,1
EXP_U000549_2,U000549,2025-07-07,CH_REG_002,1,model_reco,anx_high_anxiety,1,0
EXP_U000549_3,U000549,2025-07-10,CH_REG_001,1,model_reco,anx_high_anxiety,0,1
EXP_U000549_4,U000549,2025-07-28,CH_REG_001,1,model_reco,anx_high_anxiety,1,0
EXP_U000549_5,U000549,2025-07-31,CH_ACT_003,1,model_reco,dep_low_activity,0,1
EXP_U000549_6,U000549,2025-08-11,CH_REG_001,1,model_reco,anx_high_anxiety,1,0
EXP_U000549_7,U000549,2025-08-22,CH_ACT_003,1,model_reco,dep_low_activity,0,1
EXP_U000550_1,U000550,2025-09-10,CH_REG_001,1,model_reco,anx_high_anxiety,0,1
EXP_U000550_2,U000550,2025-10-06,CH_REG_002,1,model_reco,anx_high_anxiety,1,0
EXP_U000550_3,U000550,2025-11-19,CH_REG_001,1,model_reco,anx_high_anxiety,0,0
EXP_U000551_1,U000551,2025-07-26,CH_REG_001,1,model_reco,anx_high_anxiety,0,0
EXP_U000551_2,U000551,2025-07-28,CH_REG_002,1,model_reco,anx_high_anxiety,1,0
EXP_U000551_3,U000551,2025-08-03,CH_REG_002,1,model_reco,anx_high_anxiety,1,0
EXP_U000551_4,U000551,2025-08-05,CH_REG_002,1,model_reco,anx_high_anxiety,1,0
EXP_U000551_5,U000551,2025-08-13,CH_REG_001,1,model_reco,anx_high_anxiety,1,0
EXP_U000551_6,U000551,2025-08-16,CH_REG_002,1,model_reco,anx_high_anxiety,0,1
EXP_U000551_7,U000551,2025-08-21,CH_REG_002,1,model_reco,anx_high_anxiety,0,1
EXP_U000551_8,U000551,2025-08-29,CH_REG_001,1,model_reco,anx_high_anxiety,0,0
EXP_U000551_9,U000551,2025-09-01,CH_REG_001,1,model_reco,anx_high_anxiety,0,1
EXP_U000552_1,U000552,2025-07-19,CH_SLEEP_001,1,model_reco,ins_high_wake_irregular,1,0
EXP_U000552_2,U000552,2025-07-29,CH_SLEEP_001,1,model_reco,ins_high_wake_irregular,0,0
EXP_U000552_3,U000552,2025-08-08,CH_SLEEP_001,1,model_reco,ins_high_wake_irregular,0,1
EXP_U000552_4,U000552,2025-08-09,CH_SLEEP_001,1,model_reco,ins_high_wake_irregular,0,1
EXP_U000552_5,U000552,2025-08-27,CH_SLEEP_001,1,model_reco,ins_high_wake_irregular,0,1
EXP_U000552_6,U000552,2025-08-30,CH_SLEEP_001,1,model_reco,ins_high_wake_irregular,0,0
EXP_U000552_7,U000552,2025-09-25,CH_SLEEP_001,1,model_reco,ins_high_wake_irregular,1,0
EXP_U000552_8,U000552,2025-09-30,CH_ACT_001,1,model_reco,dep_low_energy,1,0
EXP_U000553_1,U000553,2025-06-30,CH_REG_002,1,model_reco,anx_high_anxiety,0,0
EXP_U000553_2,U000553,2025-07-08,CH_REG_001,1,model_reco,anx_high_anxiety,0,1
EXP_U000553_3,U000553,2025-07-20,CH_REG_001,1,model_reco,anx_high_anxiety,0,1
EXP_U000553_4,U000553,2025-07-31,CH_REG_002,1,model_reco,anx_high_anxiety,0,0
EXP_U000553_5,U000553,2025-08-16,CH_REG_001,1,model_reco,anx_high_anxiety,1,0
EXP_U000554_1,U000554,2025-08-10,CH_REG_001,1,model_reco,anx_high_anxiety,1,0
EXP_U000554_2,U000554,2025-08-11,CH_REG_002,1,model_reco,anx_high_anxiety,0,1
EXP_U000554_3,U000554,2025-08-12,CH_REG_001,1,model_reco,anx_high_anxiety,0,1
EXP_U000554_4,U000554,2025-08-21,CH_REG_002,1,model_reco,anx_high_anxiety,0,0
EXP_U000554_5,U000554,2025-09-01,CH_REG_002,1,model_reco,anx_high_anxiety,0,0
EXP_U000554_6,U000554,2025-09-03,CH_SLEEP_001,1,model_reco,ins_high_wake_irregular,0,1
EXP_U000554_7,U000554,2025-09-08,CH_REG_001,1,model_reco,anx_high_anxiety,1,0
EXP_U000554_8,U000554,2025-09-13,CH_REG_001,1,model_reco,anx_high_anxiety,1,0
EXP_U000554_9,U000554,2025-09-18,CH_REG_002,1,model_reco,anx_high_anxiety,1,0
EXP_U000554_10,U000554,2025-09-19,CH_SLEEP_001,1,model_reco,ins_high_wake_irregular,0,0
EXP_U000554_11,U000554,2025-09-20,CH_REG_001,1,model_reco,anx_high_anxiety,0,0
EXP_U000554_12,U000554,2025-09-22,CH_REG_001,1,model_reco,anx_high_anxiety,0,1
EXP_U000554_13,U000554,2025-09-27,CH_REG_002,1,model_reco,anx_high_anxiety,0,1
EXP_U000554_14,U000554,2025-09-28,CH_REG_001,1,model_reco,anx_high_anxiety,1,0
EXP_U000554_15,U000554,2025-09-29,CH_SLEEP_001,1,model_reco,ins_high_wake_irregular,0,0
EXP_U000554_16,U000554,2025-10-01,CH_SLEEP_001,1,model_reco,ins_high_wake_irregular,0,0
EXP_U000554_17,U000554,2025-10-05,CH_REG_001,1,model_reco,anx_high_anxiety,0,0
EXP_U000554_18,U000554,2025-10-06,CH_REG_002,1,model_reco,anx_high_anxiety,0,1
EXP_U000554_19,U000554,2025-10-13,CH_REG_001,1,model_reco,anx_high_anxiety,1,0
EXP_U000554_20,U000554,2025-10-17,CH_REG_001,1,model_reco,anx_high_anxiety,0,1
EXP_U000554_21,U000554,2025-10-18,CH_REG_001,1,model_reco,anx_high_anxiety,0,1
EXP_U000554_22,U000554,2025-10-19,CH_REG_002,1,model_reco,anx_high_anxiety,0,1
EXP_U000554_23,U000554,2025-10-22,CH_REG_001,1,model_reco,anx_high_anxiety,0,0
EXP_U000554_24,U000554,2025-10-24,CH_REG_002,1,model_reco,anx_high_anxiety,0,0
EXP_U000554_25,U000554,2025-10-26,CH_REG_001,1,model_reco,anx_high_anxiety,0,0
EXP_U000554_26,U000554,2025-10-27,CH_REG_002,1,model_reco,anx_high_anxiety,1,0
EXP_U000554_27,U000554,2025-10-28,CH_REG_001,1,model_reco,anx_high_anxiety,1,0
EXP_U000554_28,U000554,2025-10-29,CH_REG_002,1,model_reco,anx_high_anxiety,1,0
EXP_U000555_1,U000555,2025-07-06,CH_SLEEP_001,1,model_reco,ins_high_wake_irregular,0,1
EXP_U000556_1,U000556,2025-07-11,CH_REG_001,1,model_reco,anx_high_anxiety,1,0
EXP_U000556_2,U000556,2025-07-13,CH_REG_002,1,model_reco,anx_high_anxiety,1,0
EXP_U000556_3,U000556,2025-07-21,CH_REG_001,1,model_reco,anx_high_anxiety,0,0
EXP_U000556_4,U000556,2025-07-27,CH_REG_001,1,model_reco,anx_high_anxiety,1,0
EXP_U000556_5,U000556,2025-07-31,CH_REG_002,1,model_reco,anx_high_anxiety,0,1
EXP_U000556_6,U000556,2025-08-01,CH_REG_001,1,model_reco,anx_high_anxiety,0,0
EXP_U000556_7,U000556,2025-08-18,CH_REG_002,1,model_reco,anx_high_anxiety,1,0
EXP_U000556_8,U000556,2025-08-27,CH_REG_001,1,model_reco,anx_high_anxiety,1,0
EXP_U000556_9,U000556,2025-08-28,CH_REG_002,1,model_reco,anx_high_anxiety,0,0
EXP_U000556_10,U000556,2025-08-29,CH_REG_001,1,model_reco,anx_high_anxiety,0,1
EXP_U000556_11,U000556,2025-09-02,CH_REG_001,1,model_reco,anx_high_anxiety,0,0
EXP_U000556_12,U000556,2025-09-08,CH_REG_001,1,model_reco,anx_high_anxiety,1,0
EXP_U000556_13,U000556,2025-09-10,CH_REG_001,1,model_reco,anx_high_anxiety,0,1
EXP_U000556_14,U000556,2025-09-12,CH_REG_002,1,model_reco,anx_high_anxiety,1,0
EXP_U000556_15,U000556,2025-09-14,CH_REG_002,1,model_reco,anx_high_anxiety,1,0
EXP_U000556_16,U000556,2025-09-21,CH_REG_002,1,model_reco,anx_high_anxiety,0,0
EXP_U000556_17,U000556,2025-09-22,CH_REG_002,1,model_reco,anx_high_anxiety,0,0
EXP_U000557_1,U000557,2025-07-12,CH_REG_001,1,model_reco,anx_high_anxiety,1,0
EXP_U000557_2,U000557,2025-07-16,CH_REG_002,1,model_reco,anx_high_anxiety,1,0
EXP_U000557_3,U000557,2025-07-21,CH_REG_002,1,model_reco,anx_high_anxiety,0,1
EXP_U000557_4,U000557,2025-08-07,CH_REG_002,1,model_reco,anx_high_anxiety,1,0
EXP_U000557_5,U000557,2025-08-14,CH_REG_002,1,model_reco,anx_high_anxiety,1,0
EXP_U000557_6,U000557,2025-08-16,CH_REG_001,1,model_reco,anx_high_anxiety,0,0
EXP_U000557_7,U000557,2025-08-24,CH_REG_002,1,model_reco,anx_high_anxiety,0,1
EXP_U000557_8,U000557,2025-08-25,CH_REG_001,1,model_reco,anx_high_anxiety,1,0
EXP_U000557_9,U000557,2025-08-27,CH_REG_001,1,model_reco,anx_high_anxiety,1,0
EXP_U000557_10,U000557,2025-09-07,CH_REG_001,1,model_reco,anx_high_anxiety,1,0
EXP_U000557_11,U000557,2025-09-08,CH_REG_002,1,model_reco,anx_high_anxiety,0,1
EXP_U000557_12,U000557,2025-09-09,CH_REG_001,1,model_reco,anx_high_anxiety,1,0
EXP_U000557_13,U000557,2025-09-10,CH_REG_002,1,model_reco,anx_high_anxiety,1,0
EXP_U000557_14,U000557,2025-09-17,CH_REG_001,1,model_reco,anx_high_anxiety,1,0
EXP_U000557_15,U000557,2025-09-24,CH_REG_001,1,model_reco,anx_high_anxiety,0,1
EXP_U000557_16,U000557,2025-09-27,CH_REG_002,1,model_reco,anx_high_anxiety,1,0
EXP_U000558_1,U000558,2025-06-20,CH_REG_002,1,model_reco,anx_high_anxiety,0,0
EXP_U000558_2,U000558,2025-06-26,CH_REG_001,1,model_reco,anx_high_anxiety,0,1
EXP_U000558_3,U000558,2025-08-08,CH_REG_002,1,model_reco,anx_high_anxiety,1,0
EXP_U000558_4,U000558,2025-09-10,CH_REG_001,1,model_reco,anx_high_anxiety,1,0
EXP_U000561_1,U000561,2025-06-08,CH_REG_001,1,model_reco,anx_high_anxiety,1,0
EXP_U000561_2,U000561,2025-06-13,CH_REG_001,1,model_reco,anx_high_anxiety,1,0
EXP_U000561_3,U000561,2025-06-14,CH_REG_001,1,model_reco,anx_high_anxiety,0,0
EXP_U000561_4,U000561,2025-06-18,CH_REG_001,1,model_reco,anx_high_anxiety,1,0
EXP_U000561_5,U000561,2025-06-21,CH_REG_001,1,model_reco,anx_high_anxiety,0,1
EXP_U000561_6,U000561,2025-06-25,CH_REG_002,1,model_reco,anx_high_anxiety,1,0
EXP_U000561_7,U000561,2025-06-26,CH_REG_001,1,model_reco,anx_high_anxiety,0,0
EXP_U000561_8,U000561,2025-06-30,CH_REG_002,1,model_reco,anx_high_anxiety,0,1
EXP_U000561_9,U000561,2025-07-03,CH_REG_001,1,model_reco,anx_high_anxiety,1,0
EXP_U000561_10,U000561,2025-07-09,CH_REG_001,1,model_reco,anx_high_anxiety,1,0
EXP_U000561_11,U000561,2025-07-21,CH_REG_001,1,model_reco,anx_high_anxiety,1,0
EXP_U000561_12,U000561,2025-08-10,CH_REG_002,1,model_reco,anx_high_anxiety,1,0
EXP_U000561_13,U000561,2025-08-17,CH_REG_001,1,model_reco,anx_high_anxiety,1,0
EXP_U000561_14,U000561,2025-08-19,CH_REG_002,1,model_reco,anx_high_anxiety,0,0
EXP_U000561_15,U000561,2025-08-22,CH_REG_001,1,model_reco,anx_high_anxiety,1,0
EXP_U000561_16,U000561,2025-08-23,CH_REG_002,1,model_reco,anx_high_anxiety,0,1
EXP_U000562_1,U000562,2025-08-21,CH_SLEEP_001,1,model_reco,ins_high_wake_irregular,0,1
EXP_U000562_2,U000562,2025-08-23,CH_SLEEP_001,1,model_reco,ins_high_wake_irregular,1,0
EXP_U000562_3,U000562,2025-08-28,CH_REG_001,1,model_reco,anx_high_anxiety,0,0
EXP_U000562_4,U000562,2025-08-31,CH_SLEEP_001,1,model_reco,ins_high_wake_irregular,0,1
EXP_U000562_5,U000562,2025-09-04,CH_SLEEP_001,1,model_reco,ins_high_wake_irregular,0,1
EXP_U000562_6,U000562,2025-09-07,CH_SLEEP_001,1,model_reco,ins_high_wake_irregular,0,1
EXP_U000562_7,U000562,2025-09-08,CH_SLEEP_001,1,model_reco,ins_high_wake_irregular,0,1
EXP_U000562_8,U000562,2025-09-13,CH_SLEEP_001,1,model_reco,ins_high_wake_irregular,0,0
EXP_U000562_9,U000562,2025-09-18,CH_SLEEP_001,1,model_reco,ins_high_wake_irregular,0,1
EXP_U000562_10,U000562,2025-09-19,CH_SLEEP_001,1,model_reco,ins_high_wake_irregular,0,0
EXP_U000562_11,U000562,2025-09-21,CH_SLEEP_001,1,model_reco,ins_high_wake_irregular,1,0
EXP_U000562_12,U000562,2025-09-22,CH_REG_002,1,model_reco,anx_high_anxiety,0,0
EXP_U000562_13,U000562,2025-09-24,CH_REG_001,1,model_reco,anx_high_anxiety,1,0
EXP_U000562_14,U000562,2025-10-03,CH_SLEEP_001,1,model_reco,ins_high_wake_irregular,1,0
EXP_U000562_15,U000562,2025-10-05,CH_REG_001,1,model_reco,anx_high_anxiety,0,1
EXP_U000562_16,U000562,2025-10-06,CH_REG_001,1,model_reco,anx_high_anxiety,0,1
EXP_U000562_17,U000562,2025-10-10,CH_SLEEP_001,1,model_reco,ins_high_wake_irregular,0,1
EXP_U000562_18,U000562,2025-10-11,CH_SLEEP_001,1,model_reco,ins_high_wake_irregular,1,0
EXP_U000562_19,U000562,2025-10-16,CH_REG_002,1,model_reco,anx_high_anxiety,0,1
EXP_U000562_20,U000562,2025-10-19,CH_SLEEP_001,1,model_reco,ins_high_wake_irregular,0,1
EXP_U000562_21,U000562,2025-10-22,CH_SLEEP_001,1,model_reco,ins_high_wake_irregular,1,0
EXP_U000562_22,U000562,2025-10-24,CH_REG_002,1,model_reco,anx_high_anxiety,0,1
EXP_U000563_1,U000563,2025-07-28,CH_SLEEP_001,1,model_reco,ins_high_wake_irregular,0,0
EXP_U000563_2,U000563,2025-07-30,CH_SLEEP_001,1,model_reco,ins_high_wake_irregular,1,0
EXP_U000563_3,U000563,2025-08-09,CH_SLEEP_001,1,model_reco,ins_high_wake_irregular,1,0
EXP_U000563_4,U000563,2025-09-04,CH_SLEEP_001,1,model_reco,ins_high_wake_irregular,1,0
EXP_U000563_5,U000563,2025-09-10,CH_ACT_002,1,model_reco,dep_low_daylight,0,1
EXP_U000563_6,U000563,2025-09-23,CH_SLEEP_001,1,model_reco,ins_high_wake_irregular,1,0
EXP_U000563_7,U000563,2025-09-28,CH_ACT_002,1,model_reco,dep_low_daylight,0,1
EXP_U000563_8,U000563,2025-10-06,CH_SLEEP_001,1,model_reco,ins_high_wake_irregular,1,0
EXP_U000564_1,U000564,2025-07-29,CH_REG_001,1,model_reco,anx_high_anxiety,1,0
EXP_U000564_2,U000564,2025-08-21,CH_WELL_001,1,model_reco,supportive_wellbeing,0,0
EXP_U000564_3,U000564,2025-08-25,CH_WELL_001,1,model_reco,supportive_wellbeing,1,0
EXP_U000564_4,U000564,2025-09-04,CH_WELL_001,1,model_reco,supportive_wellbeing,0,0
EXP_U000565_1,U000565,2025-08-18,CH_SLEEP_001,1,model_reco,ins_high_wake_irregular,0,1
EXP_U000565_2,U000565,2025-08-22,CH_SLEEP_001,1,model_reco,ins_high_wake_irregular,0,1
EXP_U000565_3,U000565,2025-08-26,CH_SLEEP_001,1,model_reco,ins_high_wake_irregular,0,0
EXP_U000565_4,U000565,2025-08-27,CH_SLEEP_001,1,model_reco,ins_high_wake_irregular,0,0
EXP_U000565_5,U000565,2025-08-28,CH_SLEEP_001,1,model_reco,ins_high_wake_irregular,0,1
EXP_U000565_6,U000565,2025-09-01,CH_SLEEP_001,1,model_reco,ins_high_wake_irregular,0,1
EXP_U000565_7,U000565,2025-09-04,CH_SLEEP_001,1,model_reco,ins_high_wake_irregular,0,1
EXP_U000565_8,U000565,2025-09-07,CH_SLEEP_001,1,model_reco,ins_high_wake_irregular,0,1
EXP_U000565_9,U000565,2025-09-19,CH_SLEEP_001,1,model_reco,ins_high_wake_irregular,0,0
EXP_U000565_10,U000565,2025-09-22,CH_SLEEP_001,1,model_reco,ins_high_wake_irregular,0,1
EXP_U000565_11,U000565,2025-09-24,CH_SLEEP_001,1,model_reco,ins_high_wake_irregular,1,0
EXP_U000565_12,U000565,2025-09-27,CH_ACT_003,1,model_reco,dep_low_activity,0,1
EXP_U000565_13,U000565,2025-09-28,CH_ACT_003,1,model_reco,dep_low_activity,0,0
EXP_U000565_14,U000565,2025-10-06,CH_SLEEP_001,1,model_reco,ins_high_wake_irregular,1,0
EXP_U000565_15,U000565,2025-10-11,CH_ACT_003,1,model_reco,dep_low_activity,0,1
EXP_U000565_16,U000565,2025-10-12,CH_ACT_002,1,model_reco,dep_low_daylight,0,0
EXP_U000565_17,U000565,2025-10-15,CH_SLEEP_001,1,model_reco,ins_high_wake_irregular,0,1
EXP_U000565_18,U000565,2025-10-17,CH_SLEEP_001,1,model_reco,ins_high_wake_irregular,1,0
EXP_U000565_19,U000565,2025-10-24,CH_SLEEP_001,1,model_reco,ins_high_wake_irregular,0,0
EXP_U000565_20,U000565,2025-10-27,CH_SLEEP_001,1,model_reco,ins_high_wake_irregular,1,0
EXP_U000565_21,U000565,2025-10-28,CH_ACT_002,1,model_reco,dep_low_daylight,0,1
EXP_U000565_22,U000565,2025-10-29,CH_ACT_002,1,model_reco,dep_low_daylight,0,0
EXP_U000565_23,U000565,2025-10-30,CH_ACT_002,1,model_reco,dep_low_daylight,0,1
EXP_U000565_24,U000565,2025-11-01,CH_SLEEP_001,1,model_reco,ins_high_wake_irregular,0,0
EXP_U000565_25,U000565,2025-11-03,CH_SLEEP_001,1,model_reco,ins_high_wake_irregular,0,0
EXP_U000566_1,U000566,2025-06-14,CH_WELL_001,1,model_reco,supportive_wellbeing,1,0
EXP_U000566_2,U000566,2025-08-19,CH_WELL_001,1,model_reco,supportive_wellbeing,1,0
EXP_U000567_1,U000567,2025-07-28,CH_ACT_001,1,model_reco,dep_low_energy,0,0
EXP_U000569_1,U000569,2025-08-11,CH_SLEEP_001,1,model_reco,ins_high_wake_irregular,1,0
EXP_U000569_2,U000569,2025-08-13,CH_REG_001,1,model_reco,anx_high_anxiety,1,0
EXP_U000569_3,U000569,2025-08-19,CH_SLEEP_001,1,model_reco,ins_high_wake_irregular,0,0
EXP_U000569_4,U000569,2025-08-22,CH_SLEEP_001,1,model_reco,ins_high_wake_irregular,0,0
EXP_U000569_5,U000569,2025-08-24,CH_SLEEP_001,1,model_reco,ins_high_wake_irregular,1,0
EXP_U000569_6,U000569,2025-08-30,CH_ACT_001,1,model_reco,dep_low_energy,0,1
EXP_U000569_7,U000569,2025-09-04,CH_SLEEP_001,1,model_reco,ins_high_wake_irregular,1,0
EXP_U000569_8,U000569,2025-09-05,CH_REG_001,1,model_reco,anx_high_anxiety,0,1
EXP_U000569_9,U000569,2025-09-06,CH_ACT_001,1,model_reco,dep_low_energy,0,0
EXP_U000569_10,U000569,2025-09-12,CH_SLEEP_001,1,model_reco,ins_high_wake_irregular,1,0
EXP_U000569_11,U000569,2025-09-19,CH_SLEEP_001,1,model_reco,ins_high_wake_irregular,0,0
EXP_U000569_12,U000569,2025-09-21,CH_SLEEP_001,1,model_reco,ins_high_wake_irregular,1,0
EXP_U000569_13,U000569,2025-09-28,CH_SLEEP_001,1,model_reco,ins_high_wake_irregular,0,1
EXP_U000569_14,U000569,2025-09-30,CH_SLEEP_001,1,model_reco,ins_high_wake_irregular,0,1
EXP_U000569_15,U000569,2025-10-01,CH_SLEEP_001,1,model_reco,ins_high_wake_irregular,1,0
EXP_U000569_16,U000569,2025-10-04,CH_REG_001,1,model_reco,anx_high_anxiety,1,0
EXP_U000569_17,U000569,2025-10-12,CH_SLEEP_001,1,model_reco,ins_high_wake_irregular,0,1
EXP_U000569_18,U000569,2025-10-13,CH_SLEEP_001,1,model_reco,ins_high_wake_irregular,0,0
EXP_U000569_19,U000569,2025-10-17,CH_SLEEP_001,1,model_reco,ins_high_wake_irregular,1,0
EXP_U000569_20,U000569,2025-10-20,CH_ACT_001,1,model_reco,dep_low_energy,0,0
EXP_U000569_21,U000569,2025-10-22,CH_ACT_001,1,model_reco,dep_low_energy,0,0
EXP_U000570_1,U000570,2025-07-27,CH_ACT_002,1,model_reco,dep_low_daylight,1,0
EXP_U000570_2,U000570,2025-08-02,CH_ACT_003,1,model_reco,dep_low_activity,1,0
EXP_U000570_3,U000570,2025-08-07,CH_ACT_001,1,model_reco,dep_low_energy,1,0
EXP_U000570_4,U000570,2025-08-09,CH_SOC_001,1,model_reco,low_social_contact,0,1
EXP_U000570_5,U000570,2025-08-13,CH_ACT_002,1,model_reco,dep_low_daylight,1,0
EXP_U000570_6,U000570,2025-08-17,CH_ACT_002,1,model_reco,dep_low_daylight,0,0
EXP_U000570_7,U000570,2025-08-19,CH_ACT_001,1,model_reco,dep_low_energy,0,0
EXP_U000570_8,U000570,2025-08-25,CH_ACT_003,1,model_reco,dep_low_activity,0,0
EXP_U000570_9,U000570,2025-08-27,CH_ACT_002,1,model_reco,dep_low_daylight,0,0
EXP_U000570_10,U000570,2025-08-31,CH_ACT_003,1,model_reco,dep_low_activity,1,0
EXP_U000570_11,U000570,2025-09-01,CH_SOC_001,1,model_reco,low_social_contact,1,0
EXP_U000570_12,U000570,2025-09-03,CH_ACT_003,1,model_reco,dep_low_activity,0,0
EXP_U000570_13,U000570,2025-09-04,CH_ACT_003,1,model_reco,dep_low_activity,1,0
EXP_U000570_14,U000570,2025-09-17,CH_ACT_003,1,model_reco,dep_low_activity,0,0
EXP_U000570_15,U000570,2025-09-18,CH_ACT_003,1,model_reco,dep_low_activity,0,1
EXP_U000570_16,U000570,2025-09-20,CH_ACT_002,1,model_reco,dep_low_daylight,0,1
EXP_U000570_17,U000570,2025-09-27,CH_ACT_003,1,model_reco,dep_low_activity,0,1
EXP_U000570_18,U000570,2025-09-29,CH_ACT_002,1,model_reco,dep_low_daylight,0,1
EXP_U000570_19,U000570,2025-10-05,CH_ACT_002,1,model_reco,dep_low_daylight,0,0
EXP_U000570_20,U000570,2025-10-10,CH_ACT_001,1,model_reco,dep_low_energy,1,0
EXP_U000571_1,U000571,2025-09-23,CH_ACT_001,1,model_reco,dep_low_energy,0,0
EXP_U000572_1,U000572,2025-09-28,CH_WELL_001,1,model_reco,supportive_wellbeing,0,0
EXP_U000572_2,U000572,2025-10-05,CH_REG_002,1,model_reco,anx_high_anxiety,0,1
EXP_U000572_3,U000572,2025-10-16,CH_REG_002,1,model_reco,anx_high_anxiety,0,1
EXP_U000572_4,U000572,2025-10-20,CH_WELL_001,1,model_reco,supportive_wellbeing,1,0
EXP_U000572_5,U000572,2025-10-27,CH_REG_001,1,model_reco,anx_high_anxiety,0,0
EXP_U000572_6,U000572,2025-11-07,CH_REG_001,1,model_reco,anx_high_anxiety,1,0
EXP_U000573_1,U000573,2025-09-14,CH_REG_002,1,model_reco,anx_high_anxiety,1,0
EXP_U000573_2,U000573,2025-09-18,CH_REG_001,1,model_reco,anx_high_anxiety,1,0
EXP_U000573_3,U000573,2025-11-02,CH_REG_002,1,model_reco,anx_high_anxiety,1,0
EXP_U000573_4,U000573,2025-11-04,CH_REG_002,1,model_reco,anx_high_anxiety,1,0
EXP_U000573_5,U000573,2025-11-08,CH_REG_002,1,model_reco,anx_high_anxiety,0,0
EXP_U000573_6,U000573,2025-11-10,CH_REG_002,1,model_reco,anx_high_anxiety,0,0
EXP_U000573_7,U000573,2025-11-20,CH_REG_001,1,model_reco,anx_high_anxiety,0,1
EXP_U000574_1,U000574,2025-07-13,CH_REG_001,1,model_reco,anx_high_anxiety,1,0
EXP_U000574_2,U000574,2025-07-18,CH_REG_002,1,model_reco,anx_high_anxiety,0,0
EXP_U000574_3,U000574,2025-08-13,CH_REG_001,1,model_reco,anx_high_anxiety,1,0
EXP_U000575_1,U000575,2025-08-18,CH_ACT_002,1,model_reco,dep_low_daylight,0,1
EXP_U000575_2,U000575,2025-09-03,CH_ACT_002,1,model_reco,dep_low_daylight,0,0
EXP_U000575_3,U000575,2025-10-21,CH_SLEEP_001,1,model_reco,ins_high_wake_irregular,0,0
EXP_U000575_4,U000575,2025-10-22,CH_SLEEP_001,1,model_reco,ins_high_wake_irregular,0,0
EXP_U000576_1,U000576,2025-08-21,CH_SLEEP_001,1,model_reco,ins_high_wake_irregular,1,0
EXP_U000576_2,U000576,2025-08-24,CH_ACT_002,1,model_reco,dep_low_daylight,0,1
EXP_U000576_3,U000576,2025-08-25,CH_ACT_003,1,model_reco,dep_low_activity,0,0
EXP_U000576_4,U000576,2025-08-31,CH_SLEEP_001,1,model_reco,ins_high_wake_irregular,0,0
EXP_U000576_5,U000576,2025-09-09,CH_SLEEP_001,1,model_reco,ins_high_wake_irregular,0,1
EXP_U000576_6,U000576,2025-09-11,CH_SLEEP_001,1,model_reco,ins_high_wake_irregular,0,1
EXP_U000576_7,U000576,2025-09-12,CH_SLEEP_001,1,model_reco,ins_high_wake_irregular,0,1
EXP_U000576_8,U000576,2025-09-16,CH_SLEEP_001,1,model_reco,ins_high_wake_irregular,0,1
EXP_U000576_9,U000576,2025-09-17,CH_SLEEP_001,1,model_reco,ins_high_wake_irregular,0,0
EXP_U000576_10,U000576,2025-09-20,CH_SLEEP_001,1,model_reco,ins_high_wake_irregular,0,1
EXP_U000576_11,U000576,2025-09-22,CH_SLEEP_001,1,model_reco,ins_high_wake_irregular,1,0
EXP_U000576_12,U000576,2025-09-29,CH_SLEEP_001,1,model_reco,ins_high_wake_irregular,0,1
EXP_U000576_13,U000576,2025-10-06,CH_SLEEP_001,1,model_reco,ins_high_wake_irregular,0,1
EXP_U000576_14,U000576,2025-10-10,CH_SLEEP_001,1,model_reco,ins_high_wake_irregular,1,0
EXP_U000576_15,U000576,2025-10-15,CH_ACT_002,1,model_reco,dep_low_daylight,1,0
EXP_U000576_16,U000576,2025-10-20,CH_SLEEP_001,1,model_reco,ins_high_wake_irregular,0,0
EXP_U000576_17,U000576,2025-10-23,CH_SLEEP_001,1,model_reco,ins_high_wake_irregular,0,1
EXP_U000576_18,U000576,2025-10-26,CH_SLEEP_001,1,model_reco,ins_high_wake_irregular,0,1
EXP_U000576_19,U000576,2025-10-28,CH_SLEEP_001,1,model_reco,ins_high_wake_irregular,0,0
EXP_U000576_20,U000576,2025-10-29,CH_SLEEP_001,1,model_reco,ins_high_wake_irregular,0,1
EXP_U000576_21,U000576,2025-10-31,CH_SLEEP_001,1,model_reco,ins_high_wake_irregular,0,1
EXP_U000576_22,U000576,2025-11-02,CH_SLEEP_001,1,model_reco,ins_high_wake_irregular,0,0
EXP_U000576_23,U000576,2025-11-03,CH_SLEEP_001,1,model_reco,ins_high_wake_irregular,1,0
EXP_U000576_24,U000576,2025-11-05,CH_ACT_003,1,model_reco,dep_low_activity,0,0
EXP_U000577_1,U000577,2025-07-16,CH_ACT_002,1,model_reco,dep_low_daylight,1,0
EXP_U000577_2,U000577,2025-07-18,CH_SOC_001,1,model_reco,low_social_contact,1,0
EXP_U000577_3,U000577,2025-07-23,CH_ACT_001,1,model_reco,dep_low_energy,0,1
EXP_U000577_4,U000577,2025-07-24,CH_ACT_001,1,model_reco,dep_low_energy,0,1
EXP_U000577_5,U000577,2025-07-27,CH_ACT_002,1,model_reco,dep_low_daylight,0,1
EXP_U000577_6,U000577,2025-08-14,CH_WELL_001,1,model_reco,supportive_wellbeing,1,0
EXP_U000577_7,U000577,2025-08-20,CH_ACT_001,1,model_reco,dep_low_energy,1,0
EXP_U000577_8,U000577,2025-08-30,CH_WELL_001,1,model_reco,supportive_wellbeing,0,0
EXP_U000577_9,U000577,2025-09-10,CH_WELL_001,1,model_reco,supportive_wellbeing,1,0
EXP_U000577_10,U000577,2025-09-18,CH_WELL_001,1,model_reco,supportive_wellbeing,0,0
EXP_U000579_1,U000579,2025-08-02,CH_SLEEP_001,1,model_reco,ins_high_wake_irregular,1,0
EXP_U000579_2,U000579,2025-08-05,CH_ACT_003,1,model_reco,dep_low_activity,0,1
EXP_U000579_3,U000579,2025-08-15,CH_SLEEP_001,1,model_reco,ins_high_wake_irregular,0,0
EXP_U000579_4,U000579,2025-08-20,CH_ACT_003,1,model_reco,dep_low_activity,0,1
EXP_U000579_5,U000579,2025-08-23,CH_ACT_003,1,model_reco,dep_low_activity,0,1
EXP_U000579_6,U000579,2025-08-26,CH_ACT_002,1,model_reco,dep_low_daylight,0,1
EXP_U000579_7,U000579,2025-08-31,CH_ACT_003,1,model_reco,dep_low_activity,0,1
EXP_U000579_8,U000579,2025-09-08,CH_SLEEP_001,1,model_reco,ins_high_wake_irregular,0,1
EXP_U000579_9,U000579,2025-09-19,CH_SLEEP_001,1,model_reco,ins_high_wake_irregular,0,0
EXP_U000579_10,U000579,2025-09-29,CH_ACT_003,1,model_reco,dep_low_activity,0,0
EXP_U000579_11,U000579,2025-10-01,CH_ACT_002,1,model_reco,dep_low_daylight,0,0
EXP_U000579_12,U000579,2025-10-04,CH_ACT_003,1,model_reco,dep_low_activity,0,0
EXP_U000579_13,U000579,2025-10-05,CH_ACT_003,1,model_reco,dep_low_activity,0,0
EXP_U000579_14,U000579,2025-10-06,CH_ACT_002,1,model_reco,dep_low_daylight,1,0
EXP_U000579_15,U000579,2025-10-12,CH_ACT_003,1,model_reco,dep_low_activity,0,1
EXP_U000580_1,U000580,2025-09-17,CH_REG_001,1,model_reco,anx_high_anxiety,0,0
EXP_U000581_1,U000581,2025-07-03,CH_SLEEP_001,1,model_reco,ins_high_wake_irregular,1,0
EXP_U000581_2,U000581,2025-07-10,CH_SLEEP_001,1,model_reco,ins_high_wake_irregular,1,0
EXP_U000581_3,U000581,2025-07-11,CH_REG_002,1,model_reco,anx_high_anxiety,1,0
EXP_U000581_4,U000581,2025-07-22,CH_SLEEP_001,1,model_reco,ins_high_wake_irregular,0,1
EXP_U000581_5,U000581,2025-07-26,CH_SLEEP_001,1,model_reco,ins_high_wake_irregular,0,0
EXP_U000581_6,U000581,2025-07-29,CH_SLEEP_001,1,model_reco,ins_high_wake_irregular,0,0
EXP_U000581_7,U000581,2025-07-31,CH_SLEEP_001,1,model_reco,ins_high_wake_irregular,0,0
EXP_U000581_8,U000581,2025-08-04,CH_SLEEP_001,1,model_reco,ins_high_wake_irregular,1,0
EXP_U000581_9,U000581,2025-08-06,CH_SLEEP_001,1,model_reco,ins_high_wake_irregular,1,0
EXP_U000581_10,U000581,2025-08-15,CH_SLEEP_001,1,model_reco,ins_high_wake_irregular,1,0
EXP_U000581_11,U000581,2025-08-25,CH_SLEEP_001,1,model_reco,ins_high_wake_irregular,1,0
EXP_U000581_12,U000581,2025-09-03,CH_SLEEP_001,1,model_reco,ins_high_wake_irregular,1,0
EXP_U000581_13,U000581,2025-09-10,CH_SLEEP_001,1,model_reco,ins_high_wake_irregular,0,0
EXP_U000581_14,U000581,2025-09-17,CH_SLEEP_001,1,model_reco,ins_high_wake_irregular,1,0
EXP_U000583_1,U000583,2025-07-14,CH_SLEEP_001,1,model_reco,ins_high_wake_irregular,0,0
EXP_U000583_2,U000583,2025-07-22,CH_SLEEP_001,1,model_reco,ins_high_wake_irregular,0,0
EXP_U000583_3,U000583,2025-07-28,CH_SLEEP_001,1,model_reco,ins_high_wake_irregular,0,1
EXP_U000583_4,U000583,2025-07-30,CH_SLEEP_001,1,model_reco,ins_high_wake_irregular,0,0
EXP_U000583_5,U000583,2025-08-17,CH_SLEEP_001,1,model_reco,ins_high_wake_irregular,0,1
EXP_U000583_6,U000583,2025-08-23,CH_SLEEP_001,1,model_reco,ins_high_wake_irregular,0,1
EXP_U000583_7,U000583,2025-08-28,CH_SLEEP_001,1,model_reco,ins_high_wake_irregular,0,1
EXP_U000583_8,U000583,2025-09-13,CH_SLEEP_001,1,model_reco,ins_high_wake_irregular,0,1
EXP_U000583_9,U000583,2025-09-19,CH_SLEEP_001,1,model_reco,ins_high_wake_irregular,0,0
EXP_U000583_10,U000583,2025-09-26,CH_SLEEP_001,1,model_reco,ins_high_wake_irregular,0,1
EXP_U000585_1,U000585,2025-07-17,CH_SLEEP_001,1,model_reco,ins_high_wake_irregular,0,0
EXP_U000585_2,U000585,2025-07-22,CH_SLEEP_001,1,model_reco,ins_high_wake_irregular,0,0
EXP_U000585_3,U000585,2025-07-25,CH_SLEEP_001,1,model_reco,ins_high_wake_irregular,0,1
EXP_U000585_4,U000585,2025-07-27,CH_SLEEP_001,1,model_reco,ins_high_wake_irregular,0,0
EXP_U000585_5,U000585,2025-08-01,CH_SLEEP_001,1,model_reco,ins_high_wake_irregular,0,1
EXP_U000585_6,U000585,2025-08-02,CH_SLEEP_001,1,model_reco,ins_high_wake_irregular,0,0
EXP_U000585_7,U000585,2025-08-09,CH_SLEEP_001,1,model_reco,ins_high_wake_irregular,0,1
EXP_U000585_8,U000585,2025-08-14,CH_SLEEP_001,1,model_reco,ins_high_wake_irregular,0,0
EXP_U000585_9,U000585,2025-08-17,CH_SLEEP_001,1,model_reco,ins_high_wake_irregular,1,0
EXP_U000585_10,U000585,2025-08-18,CH_ACT_002,1,model_reco,dep_low_daylight,0,0
EXP_U000585_11,U000585,2025-08-21,CH_ACT_003,1,model_reco,dep_low_activity,0,1
EXP_U000585_12,U000585,2025-08-22,CH_ACT_003,1,model_reco,dep_low_activity,0,1
EXP_U000585_13,U000585,2025-08-29,CH_SLEEP_001,1,model_reco,ins_high_wake_irregular,0,1
EXP_U000585_14,U000585,2025-08-30,CH_SLEEP_001,1,model_reco,ins_high_wake_irregular,1,0
EXP_U000585_15,U000585,2025-09-05,CH_REG_001,1,model_reco,anx_high_anxiety,0,1
EXP_U000585_16,U000585,2025-09-09,CH_SLEEP_001,1,model_reco,ins_high_wake_irregular,0,1
EXP_U000585_17,U000585,2025-09-27,CH_SLEEP_001,1,model_reco,ins_high_wake_irregular,0,0
EXP_U000585_18,U000585,2025-10-02,CH_SLEEP_001,1,model_reco,ins_high_wake_irregular,1,0
EXP_U000585_19,U000585,2025-10-03,CH_REG_001,1,model_reco,anx_high_anxiety,0,1
EXP_U000585_20,U000585,2025-10-04,CH_REG_002,1,model_reco,anx_high_anxiety,1,0
EXP_U000587_1,U000587,2025-08-10,CH_ACT_003,1,model_reco,dep_low_activity,1,0
EXP_U000587_2,U000587,2025-08-18,CH_ACT_002,1,model_reco,dep_low_daylight,1,0
EXP_U000587_3,U000587,2025-08-20,CH_SOC_001,1,model_reco,low_social_contact,0,1
EXP_U000587_4,U000587,2025-08-25,CH_ACT_002,1,model_reco,dep_low_daylight,1,0
EXP_U000587_5,U000587,2025-08-26,CH_SOC_001,1,model_reco,low_social_contact,0,1
EXP_U000587_6,U000587,2025-08-29,CH_ACT_002,1,model_reco,dep_low_daylight,0,1
EXP_U000587_7,U000587,2025-09-10,CH_ACT_003,1,model_reco,dep_low_activity,1,0
EXP_U000587_8,U000587,2025-09-11,CH_SOC_001,1,model_reco,low_social_contact,0,0
EXP_U000587_9,U000587,2025-09-13,CH_ACT_003,1,model_reco,dep_low_activity,1,0
EXP_U000587_10,U000587,2025-09-15,CH_SOC_001,1,model_reco,low_social_contact,0,1
EXP_U000587_11,U000587,2025-09-19,CH_ACT_003,1,model_reco,dep_low_activity,1,0
EXP_U000587_12,U000587,2025-09-23,CH_ACT_002,1,model_reco,dep_low_daylight,0,1
EXP_U000587_13,U000587,2025-09-28,CH_ACT_003,1,model_reco,dep_low_activity,0,1
EXP_U000587_14,U000587,2025-10-01,CH_ACT_002,1,model_reco,dep_low_daylight,0,1
EXP_U000587_15,U000587,2025-10-04,CH_ACT_002,1,model_reco,dep_low_daylight,0,1
EXP_U000587_16,U000587,2025-10-11,CH_ACT_003,1,model_reco,dep_low_activity,0,1
EXP_U000587_17,U000587,2025-10-12,CH_ACT_002,1,model_reco,dep_low_daylight,0,1
EXP_U000587_18,U000587,2025-10-15,CH_ACT_002,1,model_reco,dep_low_daylight,1,0
EXP_U000587_19,U000587,2025-10-16,CH_SOC_001,1,model_reco,low_social_contact,0,1
EXP_U000587_20,U000587,2025-10-20,CH_ACT_002,1,model_reco,dep_low_daylight,1,0
EXP_U000587_21,U000587,2025-10-23,CH_ACT_003,1,model_reco,dep_low_activity,0,0
EXP_U000587_22,U000587,2025-10-25,CH_ACT_002,1,model_reco,dep_low_daylight,0,0
EXP_U000588_1,U000588,2025-07-09,CH_REG_001,1,model_reco,anx_high_anxiety,0,0
EXP_U000588_2,U000588,2025-07-11,CH_REG_001,1,model_reco,anx_high_anxiety,1,0
EXP_U000588_3,U000588,2025-07-29,CH_REG_001,1,model_reco,anx_high_anxiety,1,0
EXP_U000588_4,U000588,2025-08-27,CH_REG_001,1,model_reco,anx_high_anxiety,1,0
EXP_U000588_5,U000588,2025-08-29,CH_REG_001,1,model_reco,anx_high_anxiety,1,0
EXP_U000589_1,U000589,2025-06-08,CH_ACT_003,1,model_reco,dep_low_activity,0,1
EXP_U000589_2,U000589,2025-06-09,CH_ACT_003,1,model_reco,dep_low_activity,1,0
EXP_U000589_3,U000589,2025-06-28,CH_SOC_001,1,model_reco,low_social_contact,0,1
EXP_U000589_4,U000589,2025-07-02,CH_SOC_001,1,model_reco,low_social_contact,1,0
EXP_U000589_5,U000589,2025-07-08,CH_ACT_003,1,model_reco,dep_low_activity,0,0
EXP_U000589_6,U000589,2025-07-10,CH_ACT_003,1,model_reco,dep_low_activity,0,0
EXP_U000589_7,U000589,2025-07-25,CH_ACT_002,1,model_reco,dep_low_daylight,0,0
EXP_U000589_8,U000589,2025-08-02,CH_ACT_003,1,model_reco,dep_low_activity,0,1
EXP_U000589_9,U000589,2025-08-04,CH_ACT_003,1,model_reco,dep_low_activity,0,0
EXP_U000589_10,U000589,2025-08-05,CH_ACT_002,1,model_reco,dep_low_daylight,0,1
EXP_U000589_11,U000589,2025-08-06,CH_ACT_003,1,model_reco,dep_low_activity,1,0
EXP_U000589_12,U000589,2025-08-09,CH_ACT_002,1,model_reco,dep_low_daylight,0,0
EXP_U000589_13,U000589,2025-08-20,CH_ACT_002,1,model_reco,dep_low_daylight,0,1
EXP_U000589_14,U000589,2025-08-30,CH_ACT_003,1,model_reco,dep_low_activity,1,0
EXP_U000590_1,U000590,2025-06-16,CH_ACT_002,1,model_reco,dep_low_daylight,0,1
EXP_U000590_2,U000590,2025-06-20,CH_ACT_002,1,model_reco,dep_low_daylight,1,0
EXP_U000590_3,U000590,2025-06-23,CH_ACT_003,1,model_reco,dep_low_activity,0,0
EXP_U000590_4,U000590,2025-06-24,CH_ACT_002,1,model_reco,dep_low_daylight,0,1
EXP_U000590_5,U000590,2025-06-25,CH_ACT_003,1,model_reco,dep_low_activity,1,0
EXP_U000590_6,U000590,2025-06-28,CH_ACT_002,1,model_reco,dep_low_daylight,0,1
EXP_U000590_7,U000590,2025-06-29,CH_ACT_003,1,model_reco,dep_low_activity,0,1
EXP_U000590_8,U000590,2025-07-06,CH_ACT_002,1,model_reco,dep_low_daylight,0,1
EXP_U000590_9,U000590,2025-07-13,CH_ACT_003,1,model_reco,dep_low_activity,0,1
EXP_U000590_10,U000590,2025-07-14,CH_ACT_003,1,model_reco,dep_low_activity,1,0
EXP_U000590_11,U000590,2025-07-17,CH_ACT_002,1,model_reco,dep_low_daylight,0,0
EXP_U000590_12,U000590,2025-07-18,CH_ACT_002,1,model_reco,dep_low_daylight,0,0
EXP_U000590_13,U000590,2025-07-20,CH_ACT_003,1,model_reco,dep_low_activity,1,0
EXP_U000590_14,U000590,2025-07-23,CH_SLEEP_001,1,model_reco,ins_high_wake_irregular,0,0
EXP_U000590_15,U000590,2025-07-25,CH_ACT_002,1,model_reco,dep_low_daylight,0,0
EXP_U000590_16,U000590,2025-07-28,CH_ACT_003,1,model_reco,dep_low_activity,0,0
EXP_U000590_17,U000590,2025-08-04,CH_ACT_003,1,model_reco,dep_low_activity,0,1
EXP_U000590_18,U000590,2025-08-08,CH_ACT_002,1,model_reco,dep_low_daylight,0,1
EXP_U000590_19,U000590,2025-08-14,CH_ACT_002,1,model_reco,dep_low_daylight,1,0
EXP_U000590_20,U000590,2025-08-15,CH_SOC_001,1,model_reco,low_social_contact,0,0
EXP_U000590_21,U000590,2025-08-22,CH_ACT_003,1,model_reco,dep_low_activity,0,0
EXP_U000590_22,U000590,2025-08-24,CH_ACT_003,1,model_reco,dep_low_activity,1,0
EXP_U000590_23,U000590,2025-08-25,CH_SOC_001,1,model_reco,low_social_contact,1,0
EXP_U000590_24,U000590,2025-08-28,CH_ACT_002,1,model_reco,dep_low_daylight,1,0
EXP_U000590_25,U000590,2025-09-03,CH_SLEEP_001,1,model_reco,ins_high_wake_irregular,0,0
EXP_U000591_1,U000591,2025-08-28,CH_WELL_001,1,model_reco,supportive_wellbeing,0,1
EXP_U000591_2,U000591,2025-08-31,CH_SLEEP_001,1,model_reco,ins_high_wake_irregular,1,0
EXP_U000591_3,U000591,2025-09-23,CH_SLEEP_001,1,model_reco,ins_high_wake_irregular,0,0
EXP_U000591_4,U000591,2025-09-24,CH_SLEEP_001,1,model_reco,ins_high_wake_irregular,0,1
EXP_U000591_5,U000591,2025-09-26,CH_SLEEP_001,1,model_reco,ins_high_wake_irregular,0,0
EXP_U000591_6,U000591,2025-10-06,CH_SLEEP_001,1,model_reco,ins_high_wake_irregular,1,0
EXP_U000591_7,U000591,2025-10-13,CH_SLEEP_001,1,model_reco,ins_high_wake_irregular,0,1
EXP_U000591_8,U000591,2025-10-17,CH_SLEEP_001,1,model_reco,ins_high_wake_irregular,0,1
EXP_U000591_9,U000591,2025-10-24,CH_SLEEP_001,1,model_reco,ins_high_wake_irregular,0,1
EXP_U000593_1,U000593,2025-07-22,CH_ACT_003,1,model_reco,dep_low_activity,1,0
EXP_U000593_2,U000593,2025-07-27,CH_ACT_003,1,model_reco,dep_low_activity,0,1
EXP_U000594_1,U000594,2025-06-17,CH_SLEEP_001,1,model_reco,ins_high_wake_irregular,0,0
EXP_U000594_2,U000594,2025-06-27,CH_REG_001,1,model_reco,anx_high_anxiety,0,1
EXP_U000594_3,U000594,2025-06-28,CH_REG_001,1,model_reco,anx_high_anxiety,1,0
EXP_U000594_4,U000594,2025-06-30,CH_REG_001,1,model_reco,anx_high_anxiety,1,0
EXP_U000594_5,U000594,2025-07-13,CH_REG_001,1,model_reco,anx_high_anxiety,1,0
EXP_U000594_6,U000594,2025-07-17,CH_REG_001,1,model_reco,anx_high_anxiety,0,1
EXP_U000594_7,U000594,2025-08-01,CH_REG_002,1,model_reco,anx_high_anxiety,1,0
EXP_U000594_8,U000594,2025-08-27,CH_SLEEP_001,1,model_reco,ins_high_wake_irregular,1,0
EXP_U000594_9,U000594,2025-09-01,CH_REG_001,1,model_reco,anx_high_anxiety,0,0
EXP_U000594_10,U000594,2025-09-02,CH_REG_001,1,model_reco,anx_high_anxiety,1,0
EXP_U000596_1,U000596,2025-08-09,CH_WELL_001,1,model_reco,supportive_wellbeing,0,0
EXP_U000597_1,U000597,2025-08-21,CH_ACT_002,1,model_reco,dep_low_daylight,0,0
EXP_U000597_2,U000597,2025-08-24,CH_ACT_002,1,model_reco,dep_low_daylight,0,1
EXP_U000597_3,U000597,2025-08-27,CH_ACT_003,1,model_reco,dep_low_activity,0,1
EXP_U000597_4,U000597,2025-09-02,CH_ACT_003,1,model_reco,dep_low_activity,0,1
EXP_U000597_5,U000597,2025-09-03,CH_ACT_002,1,model_reco,dep_low_daylight,1,0
EXP_U000597_6,U000597,2025-09-06,CH_ACT_003,1,model_reco,dep_low_activity,0,1
EXP_U000597_7,U000597,2025-09-16,CH_SLEEP_001,1,model_reco,ins_high_wake_irregular,1,0
EXP_U000597_8,U000597,2025-09-19,CH_ACT_002,1,model_reco,dep_low_daylight,0,1
EXP_U000597_9,U000597,2025-10-04,CH_ACT_002,1,model_reco,dep_low_daylight,1,0
EXP_U000597_10,U000597,2025-10-06,CH_SOC_001,1,model_reco,low_social_contact,0,1
EXP_U000597_11,U000597,2025-10-09,CH_ACT_002,1,model_reco,dep_low_daylight,0,1
EXP_U000597_12,U000597,2025-10-11,CH_ACT_003,1,model_reco,dep_low_activity,0,0
EXP_U000597_13,U000597,2025-10-12,CH_ACT_003,1,model_reco,dep_low_activity,0,1
EXP_U000597_14,U000597,2025-10-14,CH_SLEEP_001,1,model_reco,ins_high_wake_irregular,1,0
EXP_U000597_15,U000597,2025-10-17,CH_ACT_001,1,model_reco,dep_low_energy,0,0
EXP_U000597_16,U000597,2025-10-18,CH_ACT_001,1,model_reco,dep_low_energy,0,0
EXP_U000597_17,U000597,2025-10-21,CH_SLEEP_001,1,model_reco,ins_high_wake_irregular,1,0
EXP_U000597_18,U000597,2025-10-26,CH_ACT_002,1,model_reco,dep_low_daylight,1,0
EXP_U000597_19,U000597,2025-10-28,CH_SLEEP_001,1,model_reco,ins_high_wake_irregular,0,1
EXP_U000597_20,U000597,2025-11-02,CH_SLEEP_001,1,model_reco,ins_high_wake_irregular,1,0
EXP_U000597_21,U000597,2025-11-03,CH_ACT_002,1,model_reco,dep_low_daylight,1,0
EXP_U000597_22,U000597,2025-11-04,CH_SOC_001,1,model_reco,low_social_contact,0,0
EXP_U000597_23,U000597,2025-11-07,CH_ACT_002,1,model_reco,dep_low_daylight,0,0
EXP_U000598_1,U000598,2025-08-19,CH_REG_002,1,model_reco,anx_high_anxiety,0,0
EXP_U000598_2,U000598,2025-08-24,CH_REG_002,1,model_reco,anx_high_anxiety,0,0
EXP_U000598_3,U000598,2025-08-28,CH_REG_001,1,model_reco,anx_high_anxiety,0,0
EXP_U000598_4,U000598,2025-08-30,CH_REG_001,1,model_reco,anx_high_anxiety,1,0
EXP_U000598_5,U000598,2025-09-01,CH_REG_002,1,model_reco,anx_high_anxiety,1,0
EXP_U000598_6,U000598,2025-09-05,CH_REG_002,1,model_reco,anx_high_anxiety,1,0
EXP_U000598_7,U000598,2025-09-07,CH_REG_001,1,model_reco,anx_high_anxiety,1,0
EXP_U000598_8,U000598,2025-09-14,CH_REG_001,1,model_reco,anx_high_anxiety,0,1
EXP_U000598_9,U000598,2025-09-22,CH_REG_001,1,model_reco,anx_high_anxiety,1,0
EXP_U000598_10,U000598,2025-09-26,CH_REG_001,1,model_reco,anx_high_anxiety,0,1
EXP_U000598_11,U000598,2025-09-27,CH_REG_001,1,model_reco,anx_high_anxiety,0,1
EXP_U000598_12,U000598,2025-10-02,CH_REG_001,1,model_reco,anx_high_anxiety,0,1
EXP_U000598_13,U000598,2025-10-10,CH_REG_001,1,model_reco,anx_high_anxiety,1,0
EXP_U000598_14,U000598,2025-10-18,CH_REG_002,1,model_reco,anx_high_anxiety,1,0
EXP_U000599_1,U000599,2025-08-18,CH_SLEEP_001,1,model_reco,ins_high_wake_irregular,1,0
EXP_U000599_2,U000599,2025-08-27,CH_SLEEP_001,1,model_reco,ins_high_wake_irregular,0,0
EXP_U000599_3,U000599,2025-08-28,CH_SLEEP_001,1,model_reco,ins_high_wake_irregular,1,0
EXP_U000599_4,U000599,2025-09-05,CH_SLEEP_001,1,model_reco,ins_high_wake_irregular,0,0
EXP_U000599_5,U000599,2025-09-06,CH_SLEEP_001,1,model_reco,ins_high_wake_irregular,0,1
EXP_U000599_6,U000599,2025-09-15,CH_SLEEP_001,1,model_reco,ins_high_wake_irregular,0,1
EXP_U000599_7,U000599,2025-09-18,CH_SLEEP_001,1,model_reco,ins_high_wake_irregular,0,1
EXP_U000599_8,U000599,2025-09-20,CH_SLEEP_001,1,model_reco,ins_high_wake_irregular,0,1
EXP_U000599_9,U000599,2025-09-26,CH_SLEEP_001,1,model_reco,ins_high_wake_irregular,0,1
EXP_U000599_10,U000599,2025-09-27,CH_SLEEP_001,1,model_reco,ins_high_wake_irregular,1,0
EXP_U000599_11,U000599,2025-10-04,CH_SLEEP_001,1,model_reco,ins_high_wake_irregular,0,0
EXP_U000599_12,U000599,2025-10-18,CH_SLEEP_001,1,model_reco,ins_high_wake_irregular,0,1
EXP_U000599_13,U000599,2025-10-22,CH_SLEEP_001,1,model_reco,ins_high_wake_irregular,0,0
EXP_U000599_14,U000599,2025-10-23,CH_SLEEP_001,1,model_reco,ins_high_wake_irregular,0,1
EXP_U000599_15,U000599,2025-10-26,CH_SLEEP_001,1,model_reco,ins_high_wake_irregular,1,0
EXP_U000599_16,U000599,2025-10-28,CH_SLEEP_001,1,model_reco,ins_high_wake_irregular,0,1
EXP_U000599_17,U000599,2025-11-02,CH_SLEEP_001,1,model_reco,ins_high_wake_irregular,1,0
EXP_U000600_1,U000600,2025-06-13,CH_REG_002,1,model_reco,anx_high_anxiety,1,0
EXP_U000600_2,U000600,2025-06-18,CH_REG_002,1,model_reco,anx_high_anxiety,1,0
EXP_U000600_3,U000600,2025-06-24,CH_REG_001,1,model_reco,anx_high_anxiety,1,0
EXP_U000600_4,U000600,2025-06-25,CH_REG_001,1,model_reco,anx_high_anxiety,0,1
EXP_U000600_5,U000600,2025-06-26,CH_REG_001,1,model_reco,anx_high_anxiety,1,0
EXP_U000600_6,U000600,2025-07-02,CH_REG_001,1,model_reco,anx_high_anxiety,0,1
EXP_U000600_7,U000600,2025-07-05,CH_REG_001,1,model_reco,anx_high_anxiety,0,1
EXP_U000600_8,U000600,2025-07-06,CH_REG_001,1,model_reco,anx_high_anxiety,1,0
EXP_U000600_9,U000600,2025-07-16,CH_REG_002,1,model_reco,anx_high_anxiety,1,0
EXP_U000600_10,U000600,2025-07-25,CH_REG_001,1,model_reco,anx_high_anxiety,0,1
EXP_U000600_11,U000600,2025-07-27,CH_REG_001,1,model_reco,anx_high_anxiety,0,1
EXP_U000600_12,U000600,2025-07-28,CH_REG_001,1,model_reco,anx_high_anxiety,0,0
EXP_U000600_13,U000600,2025-08-10,CH_REG_002,1,model_reco,anx_high_anxiety,0,1
EXP_U000600_14,U000600,2025-08-13,CH_REG_001,1,model_reco,anx_high_anxiety,1,0
EXP_U000600_15,U000600,2025-08-14,CH_REG_001,1,model_reco,anx_high_anxiety,0,0
EXP_U000600_16,U000600,2025-08-15,CH_REG_001,1,model_reco,anx_high_anxiety,0,1
EXP_U000600_17,U000600,2025-08-19,CH_REG_002,1,model_reco,anx_high_anxiety,1,0
EXP_U000600_18,U000600,2025-08-24,CH_REG_001,1,model_reco,anx_high_anxiety,1,0
EXP_U000600_19,U000600,2025-08-27,CH_REG_002,1,model_reco,anx_high_anxiety,0,0
EXP_U000600_20,U000600,2025-08-28,CH_REG_001,1,model_reco,anx_high_anxiety,0,1
EXP_U000600_21,U000600,2025-09-04,CH_REG_001,1,model_reco,anx_high_anxiety,0,1
EXP_U000601_1,U000601,2025-09-02,CH_REG_002,1,model_reco,anx_high_anxiety,0,1
EXP_U000601_2,U000601,2025-09-05,CH_REG_001,1,model_reco,anx_high_anxiety,1,0
EXP_U000601_3,U000601,2025-09-09,CH_REG_002,1,model_reco,anx_high_anxiety,0,0
EXP_U000601_4,U000601,2025-09-13,CH_REG_002,1,model_reco,anx_high_anxiety,1,0
EXP_U000601_5,U000601,2025-09-15,CH_REG_001,1,model_reco,anx_high_anxiety,1,0
EXP_U000601_6,U000601,2025-09-19,CH_REG_001,1,model_reco,anx_high_anxiety,0,1
EXP_U000601_7,U000601,2025-09-26,CH_REG_001,1,model_reco,anx_high_anxiety,0,1
EXP_U000601_8,U000601,2025-09-30,CH_REG_001,1,model_reco,anx_high_anxiety,0,0
EXP_U000601_9,U000601,2025-10-03,CH_REG_002,1,model_reco,anx_high_anxiety,0,0
EXP_U000601_10,U000601,2025-10-06,CH_REG_001,1,model_reco,anx_high_anxiety,1,0
EXP_U000601_11,U000601,2025-10-07,CH_REG_001,1,model_reco,anx_high_anxiety,1,0
EXP_U000601_12,U000601,2025-10-08,CH_REG_001,1,model_reco,anx_high_anxiety,1,0
EXP_U000601_13,U000601,2025-10-12,CH_REG_001,1,model_reco,anx_high_anxiety,1,0
EXP_U000601_14,U000601,2025-10-13,CH_REG_001,1,model_reco,anx_high_anxiety,0,1
EXP_U000601_15,U000601,2025-10-16,CH_REG_002,1,model_reco,anx_high_anxiety,0,1
EXP_U000601_16,U000601,2025-10-19,CH_REG_001,1,model_reco,anx_high_anxiety,1,0
EXP_U000601_17,U000601,2025-10-21,CH_REG_001,1,model_reco,anx_high_anxiety,1,0
EXP_U000601_18,U000601,2025-10-29,CH_REG_001,1,model_reco,anx_high_anxiety,0,1
EXP_U000601_19,U000601,2025-10-31,CH_REG_001,1,model_reco,anx_high_anxiety,0,1
EXP_U000601_20,U000601,2025-11-02,CH_REG_001,1,model_reco,anx_high_anxiety,1,0
EXP_U000601_21,U000601,2025-11-03,CH_REG_002,1,model_reco,anx_high_anxiety,1,0
EXP_U000601_22,U000601,2025-11-09,CH_REG_002,1,model_reco,anx_high_anxiety,0,1
EXP_U000601_23,U000601,2025-11-16,CH_REG_001,1,model_reco,anx_high_anxiety,1,0
EXP_U000601_24,U000601,2025-11-18,CH_REG_001,1,model_reco,anx_high_anxiety,1,0
EXP_U000603_1,U000603,2025-07-13,CH_REG_002,1,model_reco,anx_high_anxiety,0,1
EXP_U000603_2,U000603,2025-07-19,CH_REG_001,1,model_reco,anx_high_anxiety,0,0
EXP_U000603_3,U000603,2025-07-23,CH_REG_002,1,model_reco,anx_high_anxiety,1,0
EXP_U000603_4,U000603,2025-08-10,CH_REG_001,1,model_reco,anx_high_anxiety,1,0
EXP_U000603_5,U000603,2025-08-11,CH_REG_001,1,model_reco,anx_high_anxiety,1,0
EXP_U000603_6,U000603,2025-08-15,CH_REG_001,1,model_reco,anx_high_anxiety,0,0
EXP_U000603_7,U000603,2025-08-18,CH_REG_001,1,model_reco,anx_high_anxiety,0,0
EXP_U000603_8,U000603,2025-08-30,CH_REG_001,1,model_reco,anx_high_anxiety,0,0
EXP_U000603_9,U000603,2025-09-01,CH_REG_001,1,model_reco,anx_high_anxiety,1,0
EXP_U000603_10,U000603,2025-09-07,CH_REG_002,1,model_reco,anx_high_anxiety,0,0
EXP_U000603_11,U000603,2025-09-08,CH_REG_002,1,model_reco,anx_high_anxiety,0,1
EXP_U000603_12,U000603,2025-09-10,CH_REG_001,1,model_reco,anx_high_anxiety,0,1
EXP_U000603_13,U000603,2025-09-11,CH_REG_001,1,model_reco,anx_high_anxiety,0,1
EXP_U000603_14,U000603,2025-09-13,CH_REG_001,1,model_reco,anx_high_anxiety,1,0
EXP_U000603_15,U000603,2025-09-15,CH_REG_002,1,model_reco,anx_high_anxiety,1,0
EXP_U000603_16,U000603,2025-09-18,CH_REG_001,1,model_reco,anx_high_anxiety,0,0
EXP_U000603_17,U000603,2025-09-20,CH_REG_001,1,model_reco,anx_high_anxiety,1,0
EXP_U000603_18,U000603,2025-09-28,CH_REG_002,1,model_reco,anx_high_anxiety,1,0
EXP_U000603_19,U000603,2025-10-03,CH_REG_001,1,model_reco,anx_high_anxiety,0,1
EXP_U000603_20,U000603,2025-10-04,CH_REG_002,1,model_reco,anx_high_anxiety,1,0
EXP_U000604_1,U000604,2025-09-07,CH_REG_001,1,model_reco,anx_high_anxiety,0,0
EXP_U000604_2,U000604,2025-10-09,CH_REG_002,1,model_reco,anx_high_anxiety,1,0
EXP_U000604_3,U000604,2025-11-01,CH_REG_001,1,model_reco,anx_high_anxiety,0,0
EXP_U000605_1,U000605,2025-07-06,CH_SLEEP_001,1,model_reco,ins_high_wake_irregular,0,1
EXP_U000605_2,U000605,2025-07-13,CH_SLEEP_001,1,model_reco,ins_high_wake_irregular,1,0
EXP_U000605_3,U000605,2025-07-14,CH_ACT_002,1,model_reco,dep_low_daylight,0,0
EXP_U000605_4,U000605,2025-08-01,CH_ACT_002,1,model_reco,dep_low_daylight,0,0
EXP_U000606_1,U000606,2025-06-17,CH_SLEEP_001,1,model_reco,ins_high_wake_irregular,0,1
EXP_U000606_2,U000606,2025-06-20,CH_SLEEP_001,1,model_reco,ins_high_wake_irregular,0,0
EXP_U000606_3,U000606,2025-06-26,CH_SLEEP_001,1,model_reco,ins_high_wake_irregular,1,0
EXP_U000606_4,U000606,2025-07-06,CH_SLEEP_001,1,model_reco,ins_high_wake_irregular,1,0
EXP_U000606_5,U000606,2025-07-18,CH_SLEEP_001,1,model_reco,ins_high_wake_irregular,1,0
EXP_U000606_6,U000606,2025-07-23,CH_REG_002,1,model_reco,anx_high_anxiety,1,0
EXP_U000606_7,U000606,2025-07-30,CH_REG_001,1,model_reco,anx_high_anxiety,0,0
EXP_U000606_8,U000606,2025-08-01,CH_REG_001,1,model_reco,anx_high_anxiety,1,0
EXP_U000606_9,U000606,2025-08-03,CH_SLEEP_001,1,model_reco,ins_high_wake_irregular,1,0
EXP_U000606_10,U000606,2025-08-12,CH_SLEEP_001,1,model_reco,ins_high_wake_irregular,0,1
EXP_U000606_11,U000606,2025-08-16,CH_SLEEP_001,1,model_reco,ins_high_wake_irregular,0,1
EXP_U000606_12,U000606,2025-08-17,CH_SLEEP_001,1,model_reco,ins_high_wake_irregular,1,0
EXP_U000606_13,U000606,2025-08-27,CH_SLEEP_001,1,model_reco,ins_high_wake_irregular,1,0
EXP_U000606_14,U000606,2025-08-31,CH_REG_002,1,model_reco,anx_high_anxiety,0,1
EXP_U000607_1,U000607,2025-09-02,CH_SLEEP_001,1,model_reco,ins_high_wake_irregular,0,1
EXP_U000607_2,U000607,2025-09-18,CH_SLEEP_001,1,model_reco,ins_high_wake_irregular,1,0
EXP_U000607_3,U000607,2025-09-26,CH_SLEEP_001,1,model_reco,ins_high_wake_irregular,1,0
EXP_U000607_4,U000607,2025-10-27,CH_ACT_002,1,model_reco,dep_low_daylight,0,1
EXP_U000607_5,U000607,2025-10-29,CH_ACT_001,1,model_reco,dep_low_energy,0,0
EXP_U000608_1,U000608,2025-08-21,CH_WELL_001,1,model_reco,supportive_wellbeing,1,0
EXP_U000609_1,U000609,2025-07-03,CH_SLEEP_001,1,model_reco,ins_high_wake_irregular,0,0
EXP_U000609_2,U000609,2025-07-10,CH_SLEEP_001,1,model_reco,ins_high_wake_irregular,0,0
EXP_U000609_3,U000609,2025-07-16,CH_SLEEP_001,1,model_reco,ins_high_wake_irregular,0,0
EXP_U000609_4,U000609,2025-07-18,CH_SLEEP_001,1,model_reco,ins_high_wake_irregular,0,0
EXP_U000609_5,U000609,2025-08-01,CH_SLEEP_001,1,model_reco,ins_high_wake_irregular,1,0
EXP_U000609_6,U000609,2025-08-05,CH_ACT_003,1,model_reco,dep_low_activity,0,1
EXP_U000609_7,U000609,2025-08-18,CH_SLEEP_001,1,model_reco,ins_high_wake_irregular,0,0
EXP_U000609_8,U000609,2025-08-21,CH_SLEEP_001,1,model_reco,ins_high_wake_irregular,0,1
EXP_U000609_9,U000609,2025-08-24,CH_SLEEP_001,1,model_reco,ins_high_wake_irregular,0,0
EXP_U000609_10,U000609,2025-08-26,CH_SLEEP_001,1,model_reco,ins_high_wake_irregular,1,0
EXP_U000609_11,U000609,2025-08-31,CH_ACT_002,1,model_reco,dep_low_daylight,0,1
EXP_U000609_12,U000609,2025-09-07,CH_SLEEP_001,1,model_reco,ins_high_wake_irregular,0,0
EXP_U000609_13,U000609,2025-09-10,CH_SLEEP_001,1,model_reco,ins_high_wake_irregular,1,0
EXP_U000610_1,U000610,2025-08-10,CH_SLEEP_001,1,model_reco,ins_high_wake_irregular,0,0
EXP_U000610_2,U000610,2025-08-11,CH_SLEEP_001,1,model_reco,ins_high_wake_irregular,1,0
EXP_U000610_3,U000610,2025-08-19,CH_SLEEP_001,1,model_reco,ins_high_wake_irregular,0,0
EXP_U000610_4,U000610,2025-08-21,CH_SLEEP_001,1,model_reco,ins_high_wake_irregular,0,0
EXP_U000610_5,U000610,2025-08-22,CH_SLEEP_001,1,model_reco,ins_high_wake_irregular,1,0
EXP_U000610_6,U000610,2025-08-28,CH_ACT_003,1,model_reco,dep_low_activity,0,0
EXP_U000610_7,U000610,2025-09-03,CH_SLEEP_001,1,model_reco,ins_high_wake_irregular,1,0
EXP_U000610_8,U000610,2025-09-05,CH_ACT_003,1,model_reco,dep_low_activity,0,1
EXP_U000610_9,U000610,2025-09-10,CH_REG_002,1,model_reco,anx_high_anxiety,0,0
EXP_U000610_10,U000610,2025-09-13,CH_SLEEP_001,1,model_reco,ins_high_wake_irregular,0,0
EXP_U000610_11,U000610,2025-09-19,CH_SLEEP_001,1,model_reco,ins_high_wake_irregular,0,1
EXP_U000610_12,U000610,2025-09-22,CH_SLEEP_001,1,model_reco,ins_high_wake_irregular,1,0
EXP_U000610_13,U000610,2025-09-24,CH_REG_001,1,model_reco,anx_high_anxiety,0,0
EXP_U000610_14,U000610,2025-09-26,CH_REG_001,1,model_reco,anx_high_anxiety,0,0
EXP_U000610_15,U000610,2025-09-27,CH_REG_001,1,model_reco,anx_high_anxiety,0,0
EXP_U000610_16,U000610,2025-09-29,CH_SLEEP_001,1,model_reco,ins_high_wake_irregular,1,0
EXP_U000610_17,U000610,2025-10-04,CH_ACT_002,1,model_reco,dep_low_daylight,0,1
EXP_U000610_18,U000610,2025-10-05,CH_ACT_003,1,model_reco,dep_low_activity,0,1
EXP_U000610_19,U000610,2025-10-07,CH_SLEEP_001,1,model_reco,ins_high_wake_irregular,0,0
EXP_U000610_20,U000610,2025-10-08,CH_SLEEP_001,1,model_reco,ins_high_wake_irregular,1,0
EXP_U000610_21,U000610,2025-10-13,CH_ACT_002,1,model_reco,dep_low_daylight,0,0
EXP_U000610_22,U000610,2025-10-19,CH_SLEEP_001,1,model_reco,ins_high_wake_irregular,0,0
EXP_U000610_23,U000610,2025-10-21,CH_SLEEP_001,1,model_reco,ins_high_wake_irregular,0,1
EXP_U000610_24,U000610,2025-10-27,CH_SLEEP_001,1,model_reco,ins_high_wake_irregular,0,0
EXP_U000611_1,U000611,2025-06-19,CH_REG_001,1,model_reco,anx_high_anxiety,1,0
EXP_U000611_2,U000611,2025-08-20,CH_REG_001,1,model_reco,anx_high_anxiety,1,0
EXP_U000611_3,U000611,2025-08-26,CH_ACT_001,1,model_reco,dep_low_energy,0,1
EXP_U000613_1,U000613,2025-08-23,CH_REG_001,1,model_reco,anx_high_anxiety,1,0
EXP_U000613_2,U000613,2025-08-27,CH_REG_001,1,model_reco,anx_high_anxiety,1,0
EXP_U000613_3,U000613,2025-09-01,CH_REG_001,1,model_reco,anx_high_anxiety,1,0
EXP_U000613_4,U000613,2025-09-07,CH_REG_001,1,model_reco,anx_high_anxiety,1,0
EXP_U000613_5,U000613,2025-09-08,CH_REG_002,1,model_reco,anx_high_anxiety,0,1
EXP_U000613_6,U000613,2025-09-09,CH_REG_001,1,model_reco,anx_high_anxiety,1,0
EXP_U000613_7,U000613,2025-09-10,CH_REG_001,1,model_reco,anx_high_anxiety,1,0
EXP_U000613_8,U000613,2025-09-11,CH_REG_001,1,model_reco,anx_high_anxiety,1,0
EXP_U000613_9,U000613,2025-09-16,CH_REG_002,1,model_reco,anx_high_anxiety,0,1
EXP_U000613_10,U000613,2025-09-21,CH_REG_002,1,model_reco,anx_high_anxiety,1,0
EXP_U000613_11,U000613,2025-09-26,CH_REG_002,1,model_reco,anx_high_anxiety,1,0
EXP_U000613_12,U000613,2025-09-27,CH_REG_001,1,model_reco,anx_high_anxiety,0,0
EXP_U000613_13,U000613,2025-10-15,CH_REG_001,1,model_reco,anx_high_anxiety,1,0
EXP_U000613_14,U000613,2025-10-23,CH_REG_001,1,model_reco,anx_high_anxiety,0,0
EXP_U000613_15,U000613,2025-10-24,CH_REG_001,1,model_reco,anx_high_anxiety,1,0
EXP_U000613_16,U000613,2025-10-29,CH_REG_002,1,model_reco,anx_high_anxiety,1,0
EXP_U000613_17,U000613,2025-10-31,CH_REG_001,1,model_reco,anx_high_anxiety,1,0
EXP_U000613_18,U000613,2025-11-04,CH_REG_001,1,model_reco,anx_high_anxiety,0,0
EXP_U000613_19,U000613,2025-11-08,CH_REG_001,1,model_reco,anx_high_anxiety,1,0
EXP_U000613_20,U000613,2025-11-10,CH_REG_001,1,model_reco,anx_high_anxiety,1,0
EXP_U000613_21,U000613,2025-11-11,CH_REG_002,1,model_reco,anx_high_anxiety,1,0
EXP_U000614_1,U000614,2025-06-19,CH_SLEEP_001,1,model_reco,ins_high_wake_irregular,0,1
EXP_U000614_2,U000614,2025-06-20,CH_SLEEP_001,1,model_reco,ins_high_wake_irregular,1,0
EXP_U000614_3,U000614,2025-07-09,CH_SLEEP_001,1,model_reco,ins_high_wake_irregular,0,0
EXP_U000614_4,U000614,2025-07-10,CH_SLEEP_001,1,model_reco,ins_high_wake_irregular,0,1
EXP_U000614_5,U000614,2025-07-12,CH_REG_002,1,model_reco,anx_high_anxiety,0,0
EXP_U000614_6,U000614,2025-07-16,CH_REG_001,1,model_reco,anx_high_anxiety,1,0
EXP_U000614_7,U000614,2025-08-24,CH_SLEEP_001,1,model_reco,ins_high_wake_irregular,1,0
EXP_U000615_1,U000615,2025-06-28,CH_ACT_002,1,model_reco,dep_low_daylight,1,0
EXP_U000615_2,U000615,2025-06-30,CH_SOC_001,1,model_reco,low_social_contact,0,0
EXP_U000615_3,U000615,2025-07-10,CH_WELL_001,1,model_reco,supportive_wellbeing,0,0
EXP_U000615_4,U000615,2025-07-23,CH_ACT_002,1,model_reco,dep_low_daylight,0,0
EXP_U000615_5,U000615,2025-08-27,CH_ACT_002,1,model_reco,dep_low_daylight,0,1
EXP_U000615_6,U000615,2025-08-31,CH_ACT_001,1,model_reco,dep_low_energy,0,1
EXP_U000615_7,U000615,2025-09-02,CH_ACT_001,1,model_reco,dep_low_energy,0,0
EXP_U000615_8,U000615,2025-09-08,CH_ACT_001,1,model_reco,dep_low_energy,0,1
EXP_U000616_1,U000616,2025-07-30,CH_REG_002,1,model_reco,anx_high_anxiety,0,0
EXP_U000616_2,U000616,2025-08-05,CH_REG_001,1,model_reco,anx_high_anxiety,0,0
EXP_U000617_1,U000617,2025-07-05,CH_REG_002,1,model_reco,anx_high_anxiety,1,0
EXP_U000618_1,U000618,2025-06-19,CH_SLEEP_001,1,model_reco,ins_high_wake_irregular,1,0
EXP_U000618_2,U000618,2025-06-28,CH_SLEEP_001,1,model_reco,ins_high_wake_irregular,0,1
EXP_U000618_3,U000618,2025-06-30,CH_SLEEP_001,1,model_reco,ins_high_wake_irregular,1,0
EXP_U000618_4,U000618,2025-07-02,CH_ACT_001,1,model_reco,dep_low_energy,0,0
EXP_U000618_5,U000618,2025-07-03,CH_ACT_002,1,model_reco,dep_low_daylight,0,1
EXP_U000618_6,U000618,2025-07-05,CH_ACT_003,1,model_reco,dep_low_activity,0,0
EXP_U000618_7,U000618,2025-07-06,CH_ACT_003,1,model_reco,dep_low_activity,0,1
EXP_U000618_8,U000618,2025-07-09,CH_SLEEP_001,1,model_reco,ins_high_wake_irregular,1,0
EXP_U000618_9,U000618,2025-07-11,CH_ACT_002,1,model_reco,dep_low_daylight,0,1
EXP_U000618_10,U000618,2025-07-12,CH_ACT_001,1,model_reco,dep_low_energy,0,1
EXP_U000618_11,U000618,2025-07-13,CH_ACT_001,1,model_reco,dep_low_energy,0,1
EXP_U000618_12,U000618,2025-07-16,CH_SLEEP_001,1,model_reco,ins_high_wake_irregular,0,1
EXP_U000618_13,U000618,2025-07-17,CH_SLEEP_001,1,model_reco,ins_high_wake_irregular,0,0
EXP_U000618_14,U000618,2025-07-18,CH_SLEEP_001,1,model_reco,ins_high_wake_irregular,0,0
EXP_U000618_15,U000618,2025-07-24,CH_SLEEP_001,1,model_reco,ins_high_wake_irregular,0,1
EXP_U000618_16,U000618,2025-07-29,CH_SLEEP_001,1,model_reco,ins_high_wake_irregular,0,1
EXP_U000618_17,U000618,2025-08-02,CH_SLEEP_001,1,model_reco,ins_high_wake_irregular,0,0
EXP_U000618_18,U000618,2025-08-07,CH_SLEEP_001,1,model_reco,ins_high_wake_irregular,1,0
EXP_U000618_19,U000618,2025-08-08,CH_ACT_003,1,model_reco,dep_low_activity,0,1
EXP_U000618_20,U000618,2025-08-11,CH_ACT_003,1,model_reco,dep_low_activity,0,1
EXP_U000618_21,U000618,2025-08-13,CH_ACT_002,1,model_reco,dep_low_daylight,0,1
EXP_U000618_22,U000618,2025-08-20,CH_SLEEP_001,1,model_reco,ins_high_wake_irregular,0,0
EXP_U000618_23,U000618,2025-08-28,CH_SLEEP_001,1,model_reco,ins_high_wake_irregular,0,1
EXP_U000618_24,U000618,2025-08-30,CH_SLEEP_001,1,model_reco,ins_high_wake_irregular,0,0
EXP_U000618_25,U000618,2025-09-01,CH_SLEEP_001,1,model_reco,ins_high_wake_irregular,0,0
EXP_U000618_26,U000618,2025-09-02,CH_SLEEP_001,1,model_reco,ins_high_wake_irregular,0,0
EXP_U000618_27,U000618,2025-09-03,CH_SLEEP_001,1,model_reco,ins_high_wake_irregular,0,0
EXP_U000618_28,U000618,2025-09-04,CH_SLEEP_001,1,model_reco,ins_high_wake_irregular,0,1
EXP_U000619_1,U000619,2025-08-14,CH_REG_001,1,model_reco,anx_high_anxiety,1,0
EXP_U000619_2,U000619,2025-08-16,CH_SLEEP_001,1,model_reco,ins_high_wake_irregular,1,0
EXP_U000619_3,U000619,2025-08-21,CH_REG_001,1,model_reco,anx_high_anxiety,0,1
EXP_U000619_4,U000619,2025-08-26,CH_REG_001,1,model_reco,anx_high_anxiety,1,0
EXP_U000619_5,U000619,2025-08-27,CH_SLEEP_001,1,model_reco,ins_high_wake_irregular,0,1
EXP_U000619_6,U000619,2025-08-29,CH_REG_001,1,model_reco,anx_high_anxiety,0,1
EXP_U000619_7,U000619,2025-09-02,CH_REG_001,1,model_reco,anx_high_anxiety,1,0
EXP_U000619_8,U000619,2025-09-03,CH_REG_001,1,model_reco,anx_high_anxiety,1,0
EXP_U000619_9,U000619,2025-09-07,CH_SLEEP_001,1,model_reco,ins_high_wake_irregular,0,1
EXP_U000619_10,U000619,2025-09-09,CH_SLEEP_001,1,model_reco,ins_high_wake_irregular,0,1
EXP_U000619_11,U000619,2025-09-14,CH_SLEEP_001,1,model_reco,ins_high_wake_irregular,1,0
EXP_U000619_12,U000619,2025-09-21,CH_SLEEP_001,1,model_reco,ins_high_wake_irregular,0,0
EXP_U000619_13,U000619,2025-09-24,CH_SLEEP_001,1,model_reco,ins_high_wake_irregular,0,0
EXP_U000619_14,U000619,2025-09-26,CH_SLEEP_001,1,model_reco,ins_high_wake_irregular,0,1
EXP_U000619_15,U000619,2025-09-27,CH_SLEEP_001,1,model_reco,ins_high_wake_irregular,1,0
EXP_U000619_16,U000619,2025-09-28,CH_REG_001,1,model_reco,anx_high_anxiety,0,1
EXP_U000619_17,U000619,2025-10-02,CH_REG_001,1,model_reco,anx_high_anxiety,0,1
EXP_U000619_18,U000619,2025-10-05,CH_REG_001,1,model_reco,anx_high_anxiety,1,0
EXP_U000619_19,U000619,2025-10-09,CH_REG_002,1,model_reco,anx_high_anxiety,0,1
EXP_U000619_20,U000619,2025-10-14,CH_REG_001,1,model_reco,anx_high_anxiety,0,1
EXP_U000619_21,U000619,2025-10-15,CH_REG_001,1,model_reco,anx_high_anxiety,1,0
EXP_U000619_22,U000619,2025-10-18,CH_REG_001,1,model_reco,anx_high_anxiety,0,1
EXP_U000619_23,U000619,2025-10-22,CH_REG_002,1,model_reco,anx_high_anxiety,0,1
EXP_U000619_24,U000619,2025-10-29,CH_REG_001,1,model_reco,anx_high_anxiety,0,1
EXP_U000619_25,U000619,2025-11-02,CH_SLEEP_001,1,model_reco,ins_high_wake_irregular,0,1
EXP_U000620_1,U000620,2025-08-04,CH_ACT_002,1,model_reco,dep_low_daylight,1,0
EXP_U000621_1,U000621,2025-07-10,CH_SLEEP_001,1,model_reco,ins_high_wake_irregular,0,1
EXP_U000621_2,U000621,2025-09-07,CH_SLEEP_001,1,model_reco,ins_high_wake_irregular,0,1
EXP_U000622_1,U000622,2025-07-13,CH_ACT_001,1,model_reco,dep_low_energy,1,0
EXP_U000622_2,U000622,2025-07-17,CH_SLEEP_001,1,model_reco,ins_high_wake_irregular,0,0
EXP_U000622_3,U000622,2025-07-18,CH_SLEEP_001,1,model_reco,ins_high_wake_irregular,1,0
EXP_U000622_4,U000622,2025-07-23,CH_ACT_002,1,model_reco,dep_low_daylight,1,0
EXP_U000622_5,U000622,2025-07-29,CH_REG_002,1,model_reco,anx_high_anxiety,0,1
EXP_U000622_6,U000622,2025-08-09,CH_SLEEP_001,1,model_reco,ins_high_wake_irregular,0,0
EXP_U000622_7,U000622,2025-08-10,CH_ACT_002,1,model_reco,dep_low_daylight,0,1
EXP_U000622_8,U000622,2025-08-12,CH_ACT_001,1,model_reco,dep_low_energy,0,0
EXP_U000622_9,U000622,2025-08-15,CH_REG_002,1,model_reco,anx_high_anxiety,0,1
EXP_U000622_10,U000622,2025-08-19,CH_SLEEP_001,1,model_reco,ins_high_wake_irregular,0,0
EXP_U000622_11,U000622,2025-08-27,CH_REG_001,1,model_reco,anx_high_anxiety,1,0
EXP_U000622_12,U000622,2025-08-29,CH_ACT_001,1,model_reco,dep_low_energy,0,0
EXP_U000622_13,U000622,2025-08-30,CH_SLEEP_001,1,model_reco,ins_high_wake_irregular,0,1
EXP_U000622_14,U000622,2025-08-31,CH_SLEEP_001,1,model_reco,ins_high_wake_irregular,1,0
EXP_U000622_15,U000622,2025-09-01,CH_ACT_002,1,model_reco,dep_low_daylight,1,0
EXP_U000622_16,U000622,2025-09-02,CH_REG_001,1,model_reco,anx_high_anxiety,0,1
EXP_U000622_17,U000622,2025-09-07,CH_ACT_002,1,model_reco,dep_low_daylight,0,1
EXP_U000622_18,U000622,2025-09-11,CH_REG_002,1,model_reco,anx_high_anxiety,1,0
EXP_U000622_19,U000622,2025-09-17,CH_ACT_002,1,model_reco,dep_low_daylight,0,1
EXP_U000622_20,U000622,2025-09-21,CH_SLEEP_001,1,model_reco,ins_high_wake_irregular,0,0
EXP_U000622_21,U000622,2025-09-22,CH_SLEEP_001,1,model_reco,ins_high_wake_irregular,1,0
EXP_U000622_22,U000622,2025-09-30,CH_ACT_003,1,model_reco,dep_low_activity,1,0
EXP_U000623_1,U000623,2025-07-29,CH_WELL_001,1,model_reco,supportive_wellbeing,1,0
EXP_U000625_1,U000625,2025-08-08,CH_ACT_001,1,model_reco,dep_low_energy,1,0
EXP_U000625_2,U000625,2025-08-29,CH_ACT_002,1,model_reco,dep_low_daylight,0,1
EXP_U000625_3,U000625,2025-09-03,CH_ACT_002,1,model_reco,dep_low_daylight,0,1
EXP_U000625_4,U000625,2025-09-04,CH_ACT_003,1,model_reco,dep_low_activity,1,0
EXP_U000625_5,U000625,2025-09-16,CH_ACT_002,1,model_reco,dep_low_daylight,0,1
EXP_U000625_6,U000625,2025-09-28,CH_ACT_001,1,model_reco,dep_low_energy,0,0
EXP_U000625_7,U000625,2025-10-03,CH_ACT_002,1,model_reco,dep_low_daylight,0,0
EXP_U000625_8,U000625,2025-10-05,CH_ACT_001,1,model_reco,dep_low_energy,0,1
EXP_U000625_9,U000625,2025-10-06,CH_ACT_002,1,model_reco,dep_low_daylight,1,0
EXP_U000625_10,U000625,2025-10-10,CH_ACT_001,1,model_reco,dep_low_energy,1,0
EXP_U000625_11,U000625,2025-10-17,CH_ACT_001,1,model_reco,dep_low_energy,0,1
EXP_U000625_12,U000625,2025-10-20,CH_REG_002,1,model_reco,anx_high_anxiety,1,0
EXP_U000625_13,U000625,2025-10-21,CH_ACT_001,1,model_reco,dep_low_energy,0,1
EXP_U000625_14,U000625,2025-10-27,CH_ACT_003,1,model_reco,dep_low_activity,0,1
EXP_U000626_1,U000626,2025-07-12,CH_SLEEP_001,1,model_reco,ins_high_wake_irregular,1,0
EXP_U000626_2,U000626,2025-08-04,CH_SLEEP_001,1,model_reco,ins_high_wake_irregular,1,0
EXP_U000626_3,U000626,2025-08-14,CH_REG_001,1,model_reco,anx_high_anxiety,1,0
EXP_U000626_4,U000626,2025-08-15,CH_SLEEP_001,1,model_reco,ins_high_wake_irregular,0,0
EXP_U000626_5,U000626,2025-08-16,CH_SLEEP_001,1,model_reco,ins_high_wake_irregular,1,0
EXP_U000626_6,U000626,2025-08-18,CH_REG_001,1,model_reco,anx_high_anxiety,0,1
EXP_U000626_7,U000626,2025-09-15,CH_SLEEP_001,1,model_reco,ins_high_wake_irregular,0,1
EXP_U000626_8,U000626,2025-09-20,CH_SLEEP_001,1,model_reco,ins_high_wake_irregular,1,0
EXP_U000627_1,U000627,2025-06-03,CH_REG_001,1,model_reco,anx_high_anxiety,0,0
EXP_U000627_2,U000627,2025-06-14,CH_REG_001,1,model_reco,anx_high_anxiety,0,0
EXP_U000627_3,U000627,2025-06-18,CH_REG_001,1,model_reco,anx_high_anxiety,0,0
EXP_U000627_4,U000627,2025-07-15,CH_REG_001,1,model_reco,anx_high_anxiety,1,0
EXP_U000627_5,U000627,2025-07-30,CH_REG_001,1,model_reco,anx_high_anxiety,1,0
EXP_U000627_6,U000627,2025-08-04,CH_REG_002,1,model_reco,anx_high_anxiety,1,0
EXP_U000627_7,U000627,2025-08-05,CH_REG_001,1,model_reco,anx_high_anxiety,0,0
EXP_U000627_8,U000627,2025-08-19,CH_REG_001,1,model_reco,anx_high_anxiety,1,0
EXP_U000627_9,U000627,2025-08-21,CH_REG_001,1,model_reco,anx_high_anxiety,0,0
EXP_U000627_10,U000627,2025-08-22,CH_REG_001,1,model_reco,anx_high_anxiety,1,0
EXP_U000628_1,U000628,2025-09-18,CH_ACT_003,1,model_reco,dep_low_activity,0,1
EXP_U000629_1,U000629,2025-07-02,CH_SLEEP_001,1,model_reco,ins_high_wake_irregular,0,0
EXP_U000629_2,U000629,2025-07-07,CH_SLEEP_001,1,model_reco,ins_high_wake_irregular,1,0
EXP_U000629_3,U000629,2025-07-26,CH_ACT_003,1,model_reco,dep_low_activity,0,1
EXP_U000629_4,U000629,2025-07-29,CH_SLEEP_001,1,model_reco,ins_high_wake_irregular,1,0
EXP_U000629_5,U000629,2025-07-30,CH_ACT_002,1,model_reco,dep_low_daylight,0,1
EXP_U000629_6,U000629,2025-08-02,CH_ACT_003,1,model_reco,dep_low_activity,1,0
EXP_U000629_7,U000629,2025-08-20,CH_SLEEP_001,1,model_reco,ins_high_wake_irregular,1,0
EXP_U000629_8,U000629,2025-08-28,CH_SLEEP_001,1,model_reco,ins_high_wake_irregular,0,0
EXP_U000630_1,U000630,2025-08-21,CH_REG_002,1,model_reco,anx_high_anxiety,1,0
EXP_U000630_2,U000630,2025-09-03,CH_REG_002,1,model_reco,anx_high_anxiety,0,1
EXP_U000630_3,U000630,2025-09-04,CH_REG_002,1,model_reco,anx_high_anxiety,0,0
EXP_U000630_4,U000630,2025-09-14,CH_REG_001,1,model_reco,anx_high_anxiety,0,0
EXP_U000630_5,U000630,2025-09-19,CH_REG_001,1,model_reco,anx_high_anxiety,0,0
EXP_U000630_6,U000630,2025-09-20,CH_REG_002,1,model_reco,anx_high_anxiety,1,0
EXP_U000630_7,U000630,2025-09-23,CH_REG_001,1,model_reco,anx_high_anxiety,0,1
EXP_U000630_8,U000630,2025-09-26,CH_REG_001,1,model_reco,anx_high_anxiety,0,0
EXP_U000630_9,U000630,2025-10-07,CH_REG_001,1,model_reco,anx_high_anxiety,0,1
EXP_U000630_10,U000630,2025-10-22,CH_REG_001,1,model_reco,anx_high_anxiety,0,1
EXP_U000630_11,U000630,2025-10-30,CH_REG_002,1,model_reco,anx_high_anxiety,0,1
EXP_U000630_12,U000630,2025-11-02,CH_REG_002,1,model_reco,anx_high_anxiety,0,0
EXP_U000630_13,U000630,2025-11-06,CH_REG_001,1,model_reco,anx_high_anxiety,0,1
EXP_U000630_14,U000630,2025-11-09,CH_REG_001,1,model_reco,anx_high_anxiety,1,0
EXP_U000631_1,U000631,2025-08-23,CH_WELL_001,1,model_reco,supportive_wellbeing,1,0
EXP_U000632_1,U000632,2025-07-21,CH_SLEEP_001,1,model_reco,ins_high_wake_irregular,0,1
EXP_U000632_2,U000632,2025-07-25,CH_SLEEP_001,1,model_reco,ins_high_wake_irregular,0,1
EXP_U000632_3,U000632,2025-07-31,CH_SLEEP_001,1,model_reco,ins_high_wake_irregular,1,0
EXP_U000632_4,U000632,2025-08-01,CH_REG_001,1,model_reco,anx_high_anxiety,0,1
EXP_U000632_5,U000632,2025-08-03,CH_REG_001,1,model_reco,anx_high_anxiety,1,0
EXP_U000632_6,U000632,2025-08-06,CH_REG_001,1,model_reco,anx_high_anxiety,0,0
EXP_U000632_7,U000632,2025-08-08,CH_SLEEP_001,1,model_reco,ins_high_wake_irregular,1,0
EXP_U000632_8,U000632,2025-08-10,CH_REG_001,1,model_reco,anx_high_anxiety,0,0
EXP_U000632_9,U000632,2025-08-31,CH_SLEEP_001,1,model_reco,ins_high_wake_irregular,0,0
EXP_U000632_10,U000632,2025-09-03,CH_SLEEP_001,1,model_reco,ins_high_wake_irregular,1,0
EXP_U000632_11,U000632,2025-09-06,CH_REG_001,1,model_reco,anx_high_anxiety,1,0
EXP_U000632_12,U000632,2025-09-22,CH_SLEEP_001,1,model_reco,ins_high_wake_irregular,0,0
EXP_U000633_1,U000633,2025-08-07,CH_ACT_002,1,model_reco,dep_low_daylight,0,1
EXP_U000633_2,U000633,2025-08-14,CH_ACT_003,1,model_reco,dep_low_activity,1,0
EXP_U000633_3,U000633,2025-09-03,CH_ACT_002,1,model_reco,dep_low_daylight,1,0
EXP_U000634_1,U000634,2025-10-05,CH_SLEEP_001,1,model_reco,ins_high_wake_irregular,1,0
EXP_U000634_2,U000634,2025-11-08,CH_SLEEP_001,1,model_reco,ins_high_wake_irregular,0,0
EXP_U000635_1,U000635,2025-07-26,CH_SLEEP_001,1,model_reco,ins_high_wake_irregular,1,0
EXP_U000635_2,U000635,2025-07-28,CH_ACT_002,1,model_reco,dep_low_daylight,0,1
EXP_U000635_3,U000635,2025-08-08,CH_SLEEP_001,1,model_reco,ins_high_wake_irregular,0,0
EXP_U000635_4,U000635,2025-08-17,CH_SLEEP_001,1,model_reco,ins_high_wake_irregular,0,1
EXP_U000635_5,U000635,2025-08-18,CH_SLEEP_001,1,model_reco,ins_high_wake_irregular,0,1
EXP_U000635_6,U000635,2025-08-21,CH_SLEEP_001,1,model_reco,ins_high_wake_irregular,0,1
EXP_U000635_7,U000635,2025-08-23,CH_SLEEP_001,1,model_reco,ins_high_wake_irregular,0,1
EXP_U000635_8,U000635,2025-08-27,CH_SLEEP_001,1,model_reco,ins_high_wake_irregular,1,0
EXP_U000635_9,U000635,2025-08-31,CH_ACT_001,1,model_reco,dep_low_energy,0,1
EXP_U000635_10,U000635,2025-09-01,CH_ACT_002,1,model_reco,dep_low_daylight,0,0
EXP_U000635_11,U000635,2025-09-05,CH_SLEEP_001,1,model_reco,ins_high_wake_irregular,0,1
EXP_U000635_12,U000635,2025-09-06,CH_SLEEP_001,1,model_reco,ins_high_wake_irregular,0,0
EXP_U000635_13,U000635,2025-09-07,CH_SLEEP_001,1,model_reco,ins_high_wake_irregular,0,1
EXP_U000635_14,U000635,2025-09-10,CH_SLEEP_001,1,model_reco,ins_high_wake_irregular,0,0
EXP_U000635_15,U000635,2025-09-14,CH_SLEEP_001,1,model_reco,ins_high_wake_irregular,1,0
EXP_U000635_16,U000635,2025-09-16,CH_ACT_003,1,model_reco,dep_low_activity,0,1
EXP_U000635_17,U000635,2025-09-21,CH_SLEEP_001,1,model_reco,ins_high_wake_irregular,1,0
EXP_U000635_18,U000635,2025-09-25,CH_ACT_002,1,model_reco,dep_low_daylight,0,1
EXP_U000635_19,U000635,2025-09-26,CH_ACT_002,1,model_reco,dep_low_daylight,0,0
EXP_U000635_20,U000635,2025-09-27,CH_ACT_002,1,model_reco,dep_low_daylight,0,1
EXP_U000635_21,U000635,2025-10-01,CH_SLEEP_001,1,model_reco,ins_high_wake_irregular,0,1
EXP_U000636_1,U000636,2025-09-01,CH_WELL_001,1,model_reco,supportive_wellbeing,0,0
EXP_U000636_2,U000636,2025-09-19,CH_WELL_001,1,model_reco,supportive_wellbeing,0,1
EXP_U000637_1,U000637,2025-08-08,CH_REG_002,1,model_reco,anx_high_anxiety,1,0
EXP_U000637_2,U000637,2025-08-10,CH_REG_001,1,model_reco,anx_high_anxiety,1,0
EXP_U000637_3,U000637,2025-08-14,CH_REG_001,1,model_reco,anx_high_anxiety,0,1
EXP_U000637_4,U000637,2025-08-15,CH_REG_001,1,model_reco,anx_high_anxiety,1,0
EXP_U000637_5,U000637,2025-08-17,CH_REG_001,1,model_reco,anx_high_anxiety,1,0
EXP_U000637_6,U000637,2025-08-25,CH_ACT_001,1,model_reco,dep_low_energy,0,0
EXP_U000637_7,U000637,2025-08-27,CH_ACT_001,1,model_reco,dep_low_energy,1,0
EXP_U000637_8,U000637,2025-09-05,CH_REG_001,1,model_reco,anx_high_anxiety,1,0
EXP_U000637_9,U000637,2025-09-10,CH_REG_002,1,model_reco,anx_high_anxiety,1,0
EXP_U000637_10,U000637,2025-09-15,CH_REG_002,1,model_reco,anx_high_anxiety,0,1
EXP_U000637_11,U000637,2025-09-17,CH_REG_002,1,model_reco,anx_high_anxiety,1,0
EXP_U000637_12,U000637,2025-10-05,CH_ACT_001,1,model_reco,dep_low_energy,0,1
EXP_U000637_13,U000637,2025-10-07,CH_REG_002,1,model_reco,anx_high_anxiety,0,1
EXP_U000637_14,U000637,2025-10-08,CH_REG_002,1,model_reco,anx_high_anxiety,0,1
EXP_U000637_15,U000637,2025-10-09,CH_REG_001,1,model_reco,anx_high_anxiety,0,1
EXP_U000637_16,U000637,2025-10-13,CH_ACT_001,1,model_reco,dep_low_energy,0,1
EXP_U000637_17,U000637,2025-10-15,CH_REG_001,1,model_reco,anx_high_anxiety,1,0
EXP_U000637_18,U000637,2025-10-19,CH_REG_001,1,model_reco,anx_high_anxiety,1,0
EXP_U000637_19,U000637,2025-10-21,CH_REG_001,1,model_reco,anx_high_anxiety,0,0
EXP_U000638_1,U000638,2025-08-30,CH_SLEEP_001,1,model_reco,ins_high_wake_irregular,0,1
EXP_U000638_2,U000638,2025-08-31,CH_SLEEP_001,1,model_reco,ins_high_wake_irregular,0,0
EXP_U000638_3,U000638,2025-09-01,CH_SLEEP_001,1,model_reco,ins_high_wake_irregular,0,0
EXP_U000638_4,U000638,2025-09-24,CH_WELL_001,1,model_reco,supportive_wellbeing,0,0
EXP_U000639_1,U000639,2025-07-22,CH_SLEEP_001,1,model_reco,ins_high_wake_irregular,1,0
EXP_U000639_2,U000639,2025-08-10,CH_SLEEP_001,1,model_reco,ins_high_wake_irregular,1,0
EXP_U000639_3,U000639,2025-08-25,CH_SLEEP_001,1,model_reco,ins_high_wake_irregular,1,0
EXP_U000639_4,U000639,2025-09-12,CH_WELL_001,1,model_reco,supportive_wellbeing,0,0
EXP_U000639_5,U000639,2025-09-22,CH_SLEEP_001,1,model_reco,ins_high_wake_irregular,0,1
EXP_U000640_1,U000640,2025-08-10,CH_ACT_002,1,model_reco,dep_low_daylight,0,1
EXP_U000640_2,U000640,2025-08-21,CH_ACT_002,1,model_reco,dep_low_daylight,1,0
EXP_U000640_3,U000640,2025-09-04,CH_ACT_002,1,model_reco,dep_low_daylight,0,0
EXP_U000640_4,U000640,2025-09-20,CH_ACT_002,1,model_reco,dep_low_daylight,1,0
EXP_U000640_5,U000640,2025-10-04,CH_ACT_001,1,model_reco,dep_low_energy,0,1
EXP_U000640_6,U000640,2025-10-08,CH_ACT_002,1,model_reco,dep_low_daylight,0,1
EXP_U000640_7,U000640,2025-10-11,CH_ACT_003,1,model_reco,dep_low_activity,1,0
EXP_U000640_8,U000640,2025-10-20,CH_ACT_002,1,model_reco,dep_low_daylight,0,0
EXP_U000640_9,U000640,2025-10-23,CH_ACT_003,1,model_reco,dep_low_activity,0,0
EXP_U000641_1,U000641,2025-08-03,CH_REG_001,1,model_reco,anx_high_anxiety,0,1
EXP_U000641_2,U000641,2025-08-04,CH_REG_001,1,model_reco,anx_high_anxiety,1,0
EXP_U000641_3,U000641,2025-08-05,CH_REG_002,1,model_reco,anx_high_anxiety,0,1
EXP_U000641_4,U000641,2025-08-16,CH_REG_001,1,model_reco,anx_high_anxiety,1,0
EXP_U000641_5,U000641,2025-08-26,CH_REG_001,1,model_reco,anx_high_anxiety,0,1
EXP_U000641_6,U000641,2025-09-02,CH_REG_002,1,model_reco,anx_high_anxiety,0,1
EXP_U000641_7,U000641,2025-09-05,CH_REG_001,1,model_reco,anx_high_anxiety,1,0
EXP_U000641_8,U000641,2025-09-09,CH_REG_002,1,model_reco,anx_high_anxiety,0,0
EXP_U000641_9,U000641,2025-09-10,CH_REG_001,1,model_reco,anx_high_anxiety,0,0
EXP_U000641_10,U000641,2025-09-11,CH_REG_001,1,model_reco,anx_high_anxiety,1,0
EXP_U000641_11,U000641,2025-10-10,CH_REG_001,1,model_reco,anx_high_anxiety,1,0
EXP_U000641_12,U000641,2025-10-11,CH_REG_001,1,model_reco,anx_high_anxiety,1,0
EXP_U000641_13,U000641,2025-10-12,CH_REG_002,1,model_reco,anx_high_anxiety,0,1
EXP_U000641_14,U000641,2025-10-13,CH_REG_001,1,model_reco,anx_high_anxiety,1,0
EXP_U000641_15,U000641,2025-10-21,CH_REG_002,1,model_reco,anx_high_anxiety,1,0
EXP_U000641_16,U000641,2025-10-23,CH_REG_001,1,model_reco,anx_high_anxiety,0,0
EXP_U000642_1,U000642,2025-06-12,CH_SLEEP_001,1,model_reco,ins_high_wake_irregular,1,0
EXP_U000642_2,U000642,2025-07-20,CH_SLEEP_001,1,model_reco,ins_high_wake_irregular,0,1
EXP_U000642_3,U000642,2025-07-26,CH_SLEEP_001,1,model_reco,ins_high_wake_irregular,1,0
EXP_U000642_4,U000642,2025-08-11,CH_SLEEP_001,1,model_reco,ins_high_wake_irregular,0,0
EXP_U000643_1,U000643,2025-07-24,CH_SLEEP_001,1,model_reco,ins_high_wake_irregular,0,1
EXP_U000643_2,U000643,2025-07-26,CH_SLEEP_001,1,model_reco,ins_high_wake_irregular,1,0
EXP_U000643_3,U000643,2025-07-29,CH_REG_001,1,model_reco,anx_high_anxiety,1,0
EXP_U000643_4,U000643,2025-07-30,CH_REG_001,1,model_reco,anx_high_anxiety,0,0
EXP_U000643_5,U000643,2025-07-31,CH_REG_001,1,model_reco,anx_high_anxiety,1,0
EXP_U000643_6,U000643,2025-08-02,CH_SLEEP_001,1,model_reco,ins_high_wake_irregular,1,0
EXP_U000643_7,U000643,2025-08-04,CH_REG_002,1,model_reco,anx_high_anxiety,1,0
EXP_U000643_8,U000643,2025-08-06,CH_REG_001,1,model_reco,anx_high_anxiety,1,0
EXP_U000643_9,U000643,2025-08-15,CH_SLEEP_001,1,model_reco,ins_high_wake_irregular,0,1
EXP_U000643_10,U000643,2025-08-16,CH_SLEEP_001,1,model_reco,ins_high_wake_irregular,0,0
EXP_U000643_11,U000643,2025-08-17,CH_SLEEP_001,1,model_reco,ins_high_wake_irregular,1,0
EXP_U000643_12,U000643,2025-08-21,CH_REG_001,1,model_reco,anx_high_anxiety,0,1
EXP_U000643_13,U000643,2025-08-27,CH_SLEEP_001,1,model_reco,ins_high_wake_irregular,1,0
EXP_U000643_14,U000643,2025-08-28,CH_REG_001,1,model_reco,anx_high_anxiety,0,1
EXP_U000643_15,U000643,2025-08-29,CH_REG_002,1,model_reco,anx_high_anxiety,0,0
EXP_U000643_16,U000643,2025-08-31,CH_REG_002,1,model_reco,anx_high_anxiety,1,0
EXP_U000643_17,U000643,2025-09-06,CH_SLEEP_001,1,model_reco,ins_high_wake_irregular,1,0
EXP_U000643_18,U000643,2025-09-08,CH_SLEEP_001,1,model_reco,ins_high_wake_irregular,0,1
EXP_U000643_19,U000643,2025-09-11,CH_SLEEP_001,1,model_reco,ins_high_wake_irregular,0,1
EXP_U000643_20,U000643,2025-09-12,CH_SLEEP_001,1,model_reco,ins_high_wake_irregular,0,1
EXP_U000643_21,U000643,2025-09-18,CH_SLEEP_001,1,model_reco,ins_high_wake_irregular,0,1
EXP_U000643_22,U000643,2025-09-20,CH_SLEEP_001,1,model_reco,ins_high_wake_irregular,0,1
EXP_U000643_23,U000643,2025-09-22,CH_SLEEP_001,1,model_reco,ins_high_wake_irregular,0,0
EXP_U000643_24,U000643,2025-09-29,CH_SLEEP_001,1,model_reco,ins_high_wake_irregular,1,0
EXP_U000643_25,U000643,2025-10-01,CH_REG_001,1,model_reco,anx_high_anxiety,1,0
EXP_U000643_26,U000643,2025-10-06,CH_SLEEP_001,1,model_reco,ins_high_wake_irregular,0,1
EXP_U000643_27,U000643,2025-10-08,CH_SLEEP_001,1,model_reco,ins_high_wake_irregular,0,1
EXP_U000643_28,U000643,2025-10-10,CH_SLEEP_001,1,model_reco,ins_high_wake_irregular,0,0
EXP_U000645_1,U000645,2025-07-18,CH_ACT_003,1,model_reco,dep_low_activity,1,0
EXP_U000645_2,U000645,2025-07-21,CH_ACT_002,1,model_reco,dep_low_daylight,0,1
EXP_U000645_3,U000645,2025-08-01,CH_ACT_003,1,model_reco,dep_low_activity,0,0
EXP_U000645_4,U000645,2025-08-06,CH_ACT_003,1,model_reco,dep_low_activity,0,0
EXP_U000645_5,U000645,2025-08-13,CH_ACT_003,1,model_reco,dep_low_activity,0,1
EXP_U000645_6,U000645,2025-08-15,CH_ACT_002,1,model_reco,dep_low_daylight,1,0
EXP_U000645_7,U000645,2025-08-18,CH_ACT_003,1,model_reco,dep_low_activity,0,1
EXP_U000645_8,U000645,2025-08-21,CH_ACT_002,1,model_reco,dep_low_daylight,0,0
EXP_U000645_9,U000645,2025-09-06,CH_ACT_002,1,model_reco,dep_low_daylight,0,0
EXP_U000645_10,U000645,2025-09-09,CH_ACT_003,1,model_reco,dep_low_activity,0,0
EXP_U000645_11,U000645,2025-09-12,CH_ACT_002,1,model_reco,dep_low_daylight,0,1
EXP_U000645_12,U000645,2025-09-14,CH_ACT_001,1,model_reco,dep_low_energy,1,0
EXP_U000645_13,U000645,2025-09-15,CH_SOC_001,1,model_reco,low_social_contact,0,1
EXP_U000645_14,U000645,2025-09-17,CH_SOC_001,1,model_reco,low_social_contact,1,0
EXP_U000645_15,U000645,2025-09-22,CH_ACT_002,1,model_reco,dep_low_daylight,0,1
EXP_U000645_16,U000645,2025-09-23,CH_ACT_001,1,model_reco,dep_low_energy,0,1
EXP_U000645_17,U000645,2025-09-25,CH_ACT_002,1,model_reco,dep_low_daylight,1,0
EXP_U000645_18,U000645,2025-09-28,CH_ACT_003,1,model_reco,dep_low_activity,0,1
EXP_U000645_19,U000645,2025-10-01,CH_ACT_002,1,model_reco,dep_low_daylight,0,0
EXP_U000645_20,U000645,2025-10-02,CH_ACT_003,1,model_reco,dep_low_activity,0,1
EXP_U000645_21,U000645,2025-10-03,CH_ACT_003,1,model_reco,dep_low_activity,0,1
EXP_U000645_22,U000645,2025-10-05,CH_ACT_003,1,model_reco,dep_low_activity,1,0
EXP_U000646_1,U000646,2025-08-15,CH_SLEEP_001,1,model_reco,ins_high_wake_irregular,0,1
EXP_U000646_2,U000646,2025-08-22,CH_SLEEP_001,1,model_reco,ins_high_wake_irregular,0,1
EXP_U000646_3,U000646,2025-08-27,CH_SLEEP_001,1,model_reco,ins_high_wake_irregular,0,1
EXP_U000646_4,U000646,2025-08-29,CH_SLEEP_001,1,model_reco,ins_high_wake_irregular,0,0
EXP_U000646_5,U000646,2025-08-31,CH_SLEEP_001,1,model_reco,ins_high_wake_irregular,1,0
EXP_U000646_6,U000646,2025-09-01,CH_ACT_003,1,model_reco,dep_low_activity,0,0
EXP_U000646_7,U000646,2025-09-03,CH_ACT_003,1,model_reco,dep_low_activity,0,1
EXP_U000646_8,U000646,2025-09-04,CH_ACT_002,1,model_reco,dep_low_daylight,0,0
EXP_U000646_9,U000646,2025-09-12,CH_SLEEP_001,1,model_reco,ins_high_wake_irregular,0,1
EXP_U000646_10,U000646,2025-09-13,CH_SLEEP_001,1,model_reco,ins_high_wake_irregular,0,1
EXP_U000646_11,U000646,2025-09-14,CH_SLEEP_001,1,model_reco,ins_high_wake_irregular,1,0
EXP_U000646_12,U000646,2025-09-15,CH_ACT_002,1,model_reco,dep_low_daylight,0,0
EXP_U000646_13,U000646,2025-09-19,CH_ACT_003,1,model_reco,dep_low_activity,0,1
EXP_U000646_14,U000646,2025-09-21,CH_SLEEP_001,1,model_reco,ins_high_wake_irregular,0,1
EXP_U000646_15,U000646,2025-09-22,CH_SLEEP_001,1,model_reco,ins_high_wake_irregular,1,0
EXP_U000646_16,U000646,2025-10-01,CH_SLEEP_001,1,model_reco,ins_high_wake_irregular,0,1
EXP_U000646_17,U000646,2025-10-04,CH_SLEEP_001,1,model_reco,ins_high_wake_irregular,0,1
EXP_U000646_18,U000646,2025-10-06,CH_SLEEP_001,1,model_reco,ins_high_wake_irregular,0,1
EXP_U000646_19,U000646,2025-10-12,CH_SLEEP_001,1,model_reco,ins_high_wake_irregular,0,0
EXP_U000646_20,U000646,2025-10-15,CH_SLEEP_001,1,model_reco,ins_high_wake_irregular,0,0
EXP_U000646_21,U000646,2025-10-17,CH_SLEEP_001,1,model_reco,ins_high_wake_irregular,1,0
EXP_U000646_22,U000646,2025-10-25,CH_SLEEP_001,1,model_reco,ins_high_wake_irregular,0,0
EXP_U000646_23,U000646,2025-10-29,CH_SLEEP_001,1,model_reco,ins_high_wake_irregular,1,0
EXP_U000646_24,U000646,2025-10-30,CH_ACT_003,1,model_reco,dep_low_activity,0,1
EXP_U000647_1,U000647,2025-08-24,CH_SLEEP_001,1,model_reco,ins_high_wake_irregular,1,0
EXP_U000647_2,U000647,2025-08-31,CH_SLEEP_001,1,model_reco,ins_high_wake_irregular,0,0
EXP_U000647_3,U000647,2025-09-02,CH_SLEEP_001,1,model_reco,ins_high_wake_irregular,0,1
EXP_U000647_4,U000647,2025-09-03,CH_SLEEP_001,1,model_reco,ins_high_wake_irregular,1,0
EXP_U000647_5,U000647,2025-09-05,CH_REG_001,1,model_reco,anx_high_anxiety,0,0
EXP_U000647_6,U000647,2025-09-20,CH_SLEEP_001,1,model_reco,ins_high_wake_irregular,0,1
EXP_U000647_7,U000647,2025-09-24,CH_SLEEP_001,1,model_reco,ins_high_wake_irregular,0,1
EXP_U000647_8,U000647,2025-10-01,CH_SLEEP_001,1,model_reco,ins_high_wake_irregular,0,0
EXP_U000647_9,U000647,2025-10-13,CH_SLEEP_001,1,model_reco,ins_high_wake_irregular,1,0
EXP_U000647_10,U000647,2025-10-21,CH_SLEEP_001,1,model_reco,ins_high_wake_irregular,0,1
EXP_U000647_11,U000647,2025-10-25,CH_SLEEP_001,1,model_reco,ins_high_wake_irregular,1,0
EXP_U000647_12,U000647,2025-10-27,CH_REG_001,1,model_reco,anx_high_anxiety,1,0
EXP_U000647_13,U000647,2025-10-28,CH_REG_002,1,model_reco,anx_high_anxiety,0,0
EXP_U000647_14,U000647,2025-11-03,CH_SLEEP_001,1,model_reco,ins_high_wake_irregular,0,0
EXP_U000648_1,U000648,2025-08-05,CH_ACT_002,1,model_reco,dep_low_daylight,0,0
EXP_U000648_2,U000648,2025-08-07,CH_ACT_003,1,model_reco,dep_low_activity,1,0
EXP_U000648_3,U000648,2025-08-13,CH_ACT_002,1,model_reco,dep_low_daylight,0,1
EXP_U000648_4,U000648,2025-08-15,CH_ACT_002,1,model_reco,dep_low_daylight,1,0
EXP_U000648_5,U000648,2025-08-20,CH_ACT_003,1,model_reco,dep_low_activity,1,0
EXP_U000648_6,U000648,2025-08-24,CH_ACT_002,1,model_reco,dep_low_daylight,0,0
EXP_U000648_7,U000648,2025-09-02,CH_ACT_003,1,model_reco,dep_low_activity,0,0
EXP_U000648_8,U000648,2025-09-18,CH_ACT_002,1,model_reco,dep_low_daylight,1,0
EXP_U000648_9,U000648,2025-09-20,CH_SOC_001,1,model_reco,low_social_contact,0,1
EXP_U000648_10,U000648,2025-10-02,CH_ACT_002,1,model_reco,dep_low_daylight,0,0
EXP_U000648_11,U000648,2025-10-08,CH_ACT_003,1,model_reco,dep_low_activity,1,0
EXP_U000648_12,U000648,2025-10-09,CH_SOC_001,1,model_reco,low_social_contact,0,0
EXP_U000648_13,U000648,2025-10-15,CH_ACT_002,1,model_reco,dep_low_daylight,0,0
EXP_U000648_14,U000648,2025-10-17,CH_ACT_001,1,model_reco,dep_low_energy,0,1
EXP_U000648_15,U000648,2025-10-26,CH_ACT_003,1,model_reco,dep_low_activity,0,0
EXP_U000649_1,U000649,2025-09-15,CH_REG_001,1,model_reco,anx_high_anxiety,1,0
EXP_U000649_2,U000649,2025-11-15,CH_REG_001,1,model_reco,anx_high_anxiety,0,1
EXP_U000649_3,U000649,2025-11-17,CH_REG_001,1,model_reco,anx_high_anxiety,1,0
EXP_U000650_1,U000650,2025-06-25,CH_SLEEP_001,1,model_reco,ins_high_wake_irregular,1,0
EXP_U000650_2,U000650,2025-07-05,CH_SLEEP_001,1,model_reco,ins_high_wake_irregular,1,0
EXP_U000650_3,U000650,2025-07-09,CH_ACT_002,1,model_reco,dep_low_daylight,0,1
EXP_U000650_4,U000650,2025-07-18,CH_SLEEP_001,1,model_reco,ins_high_wake_irregular,1,0
EXP_U000650_5,U000650,2025-07-30,CH_SLEEP_001,1,model_reco,ins_high_wake_irregular,1,0
EXP_U000650_6,U000650,2025-08-02,CH_ACT_002,1,model_reco,dep_low_daylight,0,1
EXP_U000650_7,U000650,2025-08-15,CH_SLEEP_001,1,model_reco,ins_high_wake_irregular,0,0
EXP_U000650_8,U000650,2025-08-26,CH_SLEEP_001,1,model_reco,ins_high_wake_irregular,1,0
EXP_U000650_9,U000650,2025-08-27,CH_ACT_002,1,model_reco,dep_low_daylight,0,1
EXP_U000650_10,U000650,2025-09-04,CH_SLEEP_001,1,model_reco,ins_high_wake_irregular,0,1
EXP_U000650_11,U000650,2025-09-09,CH_SLEEP_001,1,model_reco,ins_high_wake_irregular,0,1
EXP_U000651_1,U000651,2025-09-21,CH_SOC_001,1,model_reco,low_social_contact,0,1
EXP_U000652_1,U000652,2025-09-17,CH_ACT_002,1,model_reco,dep_low_daylight,0,1
EXP_U000652_2,U000652,2025-09-21,CH_ACT_002,1,model_reco,dep_low_daylight,0,1
EXP_U000652_3,U000652,2025-09-22,CH_ACT_003,1,model_reco,dep_low_activity,0,0
EXP_U000652_4,U000652,2025-09-23,CH_ACT_002,1,model_reco,dep_low_daylight,1,0
EXP_U000652_5,U000652,2025-09-27,CH_ACT_003,1,model_reco,dep_low_activity,0,0
EXP_U000652_6,U000652,2025-09-29,CH_ACT_002,1,model_reco,dep_low_daylight,0,0
EXP_U000652_7,U000652,2025-10-07,CH_ACT_002,1,model_reco,dep_low_daylight,1,0
EXP_U000652_8,U000652,2025-10-15,CH_ACT_002,1,model_reco,dep_low_daylight,0,1
EXP_U000652_9,U000652,2025-10-19,CH_ACT_003,1,model_reco,dep_low_activity,1,0
EXP_U000652_10,U000652,2025-10-22,CH_ACT_002,1,model_reco,dep_low_daylight,0,0
EXP_U000652_11,U000652,2025-10-23,CH_ACT_003,1,model_reco,dep_low_activity,0,0
EXP_U000652_12,U000652,2025-10-24,CH_ACT_002,1,model_reco,dep_low_daylight,0,0
EXP_U000652_13,U000652,2025-10-28,CH_ACT_002,1,model_reco,dep_low_daylight,0,1
EXP_U000652_14,U000652,2025-10-29,CH_ACT_002,1,model_reco,dep_low_daylight,0,0
EXP_U000652_15,U000652,2025-10-30,CH_ACT_003,1,model_reco,dep_low_activity,0,0
EXP_U000652_16,U000652,2025-11-13,CH_ACT_003,1,model_reco,dep_low_activity,0,0
EXP_U000653_1,U000653,2025-07-06,CH_REG_001,1,model_reco,anx_high_anxiety,0,0
EXP_U000653_2,U000653,2025-07-09,CH_REG_001,1,model_reco,anx_high_anxiety,0,1
EXP_U000653_3,U000653,2025-08-26,CH_REG_001,1,model_reco,anx_high_anxiety,1,0
EXP_U000654_1,U000654,2025-09-16,CH_WELL_001,1,model_reco,supportive_wellbeing,0,1
EXP_U000655_1,U000655,2025-08-03,CH_SLEEP_001,1,model_reco,ins_high_wake_irregular,1,0
EXP_U000655_2,U000655,2025-08-05,CH_REG_001,1,model_reco,anx_high_anxiety,0,0
EXP_U000655_3,U000655,2025-08-14,CH_SLEEP_001,1,model_reco,ins_high_wake_irregular,1,0
EXP_U000655_4,U000655,2025-08-18,CH_REG_002,1,model_reco,anx_high_anxiety,0,0
EXP_U000655_5,U000655,2025-08-25,CH_SLEEP_001,1,model_reco,ins_high_wake_irregular,1,0
EXP_U000655_6,U000655,2025-09-05,CH_SLEEP_001,1,model_reco,ins_high_wake_irregular,1,0
EXP_U000655_7,U000655,2025-09-21,CH_SLEEP_001,1,model_reco,ins_high_wake_irregular,1,0
EXP_U000655_8,U000655,2025-09-24,CH_REG_001,1,model_reco,anx_high_anxiety,0,1
EXP_U000655_9,U000655,2025-10-01,CH_SLEEP_001,1,model_reco,ins_high_wake_irregular,1,0
EXP_U000655_10,U000655,2025-10-04,CH_REG_001,1,model_reco,anx_high_anxiety,1,0
EXP_U000656_1,U000656,2025-08-09,CH_ACT_001,1,model_reco,dep_low_energy,0,0
EXP_U000656_2,U000656,2025-08-11,CH_REG_002,1,model_reco,anx_high_anxiety,0,1
EXP_U000656_3,U000656,2025-08-12,CH_REG_002,1,model_reco,anx_high_anxiety,0,1
EXP_U000656_4,U000656,2025-08-14,CH_REG_001,1,model_reco,anx_high_anxiety,1,0
EXP_U000656_5,U000656,2025-09-11,CH_ACT_002,1,model_reco,dep_low_daylight,0,0
EXP_U000656_6,U000656,2025-09-17,CH_ACT_001,1,model_reco,dep_low_energy,0,0
EXP_U000656_7,U000656,2025-10-06,CH_REG_001,1,model_reco,anx_high_anxiety,1,0
EXP_U000656_8,U000656,2025-10-11,CH_REG_001,1,model_reco,anx_high_anxiety,1,0
EXP_U000658_1,U000658,2025-06-14,CH_ACT_002,1,model_reco,dep_low_daylight,1,0
EXP_U000658_2,U000658,2025-06-21,CH_ACT_003,1,model_reco,dep_low_activity,0,0
EXP_U000658_3,U000658,2025-06-22,CH_ACT_003,1,model_reco,dep_low_activity,0,0
EXP_U000658_4,U000658,2025-06-25,CH_ACT_003,1,model_reco,dep_low_activity,0,1
EXP_U000658_5,U000658,2025-06-29,CH_ACT_002,1,model_reco,dep_low_daylight,0,1
EXP_U000658_6,U000658,2025-07-03,CH_ACT_002,1,model_reco,dep_low_daylight,0,1
EXP_U000658_7,U000658,2025-07-04,CH_ACT_002,1,model_reco,dep_low_daylight,0,0
EXP_U000658_8,U000658,2025-07-12,CH_ACT_003,1,model_reco,dep_low_activity,0,0
EXP_U000658_9,U000658,2025-07-13,CH_ACT_002,1,model_reco,dep_low_daylight,1,0
EXP_U000658_10,U000658,2025-07-14,CH_SOC_001,1,model_reco,low_social_contact,0,1
EXP_U000658_11,U000658,2025-07-19,CH_ACT_003,1,model_reco,dep_low_activity,1,0
EXP_U000658_12,U000658,2025-07-22,CH_ACT_002,1,model_reco,dep_low_daylight,0,0
EXP_U000658_13,U000658,2025-07-23,CH_ACT_002,1,model_reco,dep_low_daylight,1,0
EXP_U000658_14,U000658,2025-08-02,CH_ACT_003,1,model_reco,dep_low_activity,1,0
EXP_U000658_15,U000658,2025-08-05,CH_ACT_003,1,model_reco,dep_low_activity,1,0
EXP_U000658_16,U000658,2025-08-07,CH_REG_001,1,model_reco,anx_high_anxiety,0,1
EXP_U000658_17,U000658,2025-08-08,CH_ACT_002,1,model_reco,dep_low_daylight,0,0
EXP_U000658_18,U000658,2025-08-11,CH_ACT_002,1,model_reco,dep_low_daylight,0,1
EXP_U000658_19,U000658,2025-08-12,CH_ACT_003,1,model_reco,dep_low_activity,0,1
EXP_U000658_20,U000658,2025-08-16,CH_ACT_002,1,model_reco,dep_low_daylight,0,1
EXP_U000658_21,U000658,2025-08-17,CH_ACT_002,1,model_reco,dep_low_daylight,0,0
EXP_U000658_22,U000658,2025-08-25,CH_ACT_003,1,model_reco,dep_low_activity,0,1
EXP_U000658_23,U000658,2025-08-26,CH_ACT_002,1,model_reco,dep_low_daylight,1,0
EXP_U000658_24,U000658,2025-08-28,CH_REG_001,1,model_reco,anx_high_anxiety,1,0
EXP_U000658_25,U000658,2025-08-29,CH_ACT_001,1,model_reco,dep_low_energy,0,1
EXP_U000658_26,U000658,2025-08-30,CH_ACT_003,1,model_reco,dep_low_activity,0,1
EXP_U000658_27,U000658,2025-09-01,CH_ACT_003,1,model_reco,dep_low_activity,0,1
EXP_U000659_1,U000659,2025-08-29,CH_SLEEP_001,1,model_reco,ins_high_wake_irregular,0,0
EXP_U000659_2,U000659,2025-09-13,CH_SLEEP_001,1,model_reco,ins_high_wake_irregular,0,1
EXP_U000659_3,U000659,2025-09-27,CH_REG_001,1,model_reco,anx_high_anxiety,0,0
EXP_U000659_4,U000659,2025-10-01,CH_SLEEP_001,1,model_reco,ins_high_wake_irregular,1,0
EXP_U000659_5,U000659,2025-10-08,CH_REG_002,1,model_reco,anx_high_anxiety,0,1
EXP_U000659_6,U000659,2025-10-27,CH_REG_001,1,model_reco,anx_high_anxiety,1,0
EXP_U000660_1,U000660,2025-06-29,CH_REG_001,1,model_reco,anx_high_anxiety,0,0
EXP_U000660_2,U000660,2025-07-01,CH_REG_002,1,model_reco,anx_high_anxiety,0,0
EXP_U000660_3,U000660,2025-07-02,CH_REG_002,1,model_reco,anx_high_anxiety,0,0
EXP_U000660_4,U000660,2025-07-05,CH_REG_002,1,model_reco,anx_high_anxiety,0,1
EXP_U000660_5,U000660,2025-07-06,CH_REG_001,1,model_reco,anx_high_anxiety,1,0
EXP_U000660_6,U000660,2025-07-09,CH_REG_001,1,model_reco,anx_high_anxiety,1,0
EXP_U000660_7,U000660,2025-07-11,CH_REG_002,1,model_reco,anx_high_anxiety,0,0
EXP_U000660_8,U000660,2025-07-15,CH_REG_001,1,model_reco,anx_high_anxiety,0,1
EXP_U000660_9,U000660,2025-07-19,CH_REG_002,1,model_reco,anx_high_anxiety,0,1
EXP_U000660_10,U000660,2025-07-28,CH_REG_002,1,model_reco,anx_high_anxiety,0,0
EXP_U000660_11,U000660,2025-07-29,CH_REG_001,1,model_reco,anx_high_anxiety,1,0
EXP_U000660_12,U000660,2025-08-04,CH_REG_001,1,model_reco,anx_high_anxiety,0,1
EXP_U000660_13,U000660,2025-08-08,CH_REG_001,1,model_reco,anx_high_anxiety,1,0
EXP_U000660_14,U000660,2025-08-09,CH_REG_002,1,model_reco,anx_high_anxiety,1,0
EXP_U000660_15,U000660,2025-08-10,CH_REG_001,1,model_reco,anx_high_anxiety,1,0
EXP_U000660_16,U000660,2025-08-21,CH_REG_002,1,model_reco,anx_high_anxiety,1,0
EXP_U000660_17,U000660,2025-08-26,CH_REG_001,1,model_reco,anx_high_anxiety,1,0
EXP_U000660_18,U000660,2025-08-29,CH_REG_001,1,model_reco,anx_high_anxiety,1,0
EXP_U000660_19,U000660,2025-08-31,CH_REG_002,1,model_reco,anx_high_anxiety,0,1
EXP_U000660_20,U000660,2025-09-02,CH_REG_001,1,model_reco,anx_high_anxiety,1,0
EXP_U000660_21,U000660,2025-09-04,CH_REG_002,1,model_reco,anx_high_anxiety,1,0
EXP_U000660_22,U000660,2025-09-06,CH_REG_002,1,model_reco,anx_high_anxiety,0,0
EXP_U000660_23,U000660,2025-09-20,CH_REG_002,1,model_reco,anx_high_anxiety,1,0
EXP_U000661_1,U000661,2025-06-12,CH_ACT_002,1,model_reco,dep_low_daylight,1,0
EXP_U000661_2,U000661,2025-06-14,CH_REG_001,1,model_reco,anx_high_anxiety,0,0
EXP_U000661_3,U000661,2025-07-01,CH_SLEEP_001,1,model_reco,ins_high_wake_irregular,0,1
EXP_U000661_4,U000661,2025-07-04,CH_SLEEP_001,1,model_reco,ins_high_wake_irregular,0,0
EXP_U000661_5,U000661,2025-07-06,CH_SLEEP_001,1,model_reco,ins_high_wake_irregular,1,0
EXP_U000661_6,U000661,2025-07-07,CH_ACT_003,1,model_reco,dep_low_activity,0,0
EXP_U000661_7,U000661,2025-07-20,CH_ACT_003,1,model_reco,dep_low_activity,1,0
EXP_U000661_8,U000661,2025-07-28,CH_ACT_003,1,model_reco,dep_low_activity,1,0
EXP_U000661_9,U000661,2025-07-29,CH_REG_002,1,model_reco,anx_high_anxiety,1,0
EXP_U000661_10,U000661,2025-08-06,CH_ACT_003,1,model_reco,dep_low_activity,1,0
EXP_U000661_11,U000661,2025-08-07,CH_REG_002,1,model_reco,anx_high_anxiety,0,1
EXP_U000661_12,U000661,2025-08-09,CH_SLEEP_001,1,model_reco,ins_high_wake_irregular,0,1
EXP_U000661_13,U000661,2025-08-16,CH_SLEEP_001,1,model_reco,ins_high_wake_irregular,1,0
EXP_U000661_14,U000661,2025-08-18,CH_ACT_003,1,model_reco,dep_low_activity,0,1
EXP_U000661_15,U000661,2025-08-23,CH_SLEEP_001,1,model_reco,ins_high_wake_irregular,1,0
EXP_U000661_16,U000661,2025-08-26,CH_ACT_003,1,model_reco,dep_low_activity,0,1
EXP_U000661_17,U000661,2025-08-28,CH_ACT_002,1,model_reco,dep_low_daylight,0,0
EXP_U000662_1,U000662,2025-08-11,CH_ACT_001,1,model_reco,dep_low_energy,1,0
EXP_U000662_2,U000662,2025-08-29,CH_ACT_002,1,model_reco,dep_low_daylight,0,1
EXP_U000662_3,U000662,2025-08-31,CH_ACT_003,1,model_reco,dep_low_activity,0,1
EXP_U000662_4,U000662,2025-09-01,CH_ACT_002,1,model_reco,dep_low_daylight,1,0
EXP_U000662_5,U000662,2025-09-03,CH_SOC_001,1,model_reco,low_social_contact,1,0
EXP_U000662_6,U000662,2025-09-04,CH_ACT_002,1,model_reco,dep_low_daylight,1,0
EXP_U000662_7,U000662,2025-09-08,CH_ACT_002,1,model_reco,dep_low_daylight,0,0
EXP_U000662_8,U000662,2025-09-24,CH_ACT_003,1,model_reco,dep_low_activity,1,0
EXP_U000662_9,U000662,2025-10-01,CH_ACT_002,1,model_reco,dep_low_daylight,1,0
EXP_U000662_10,U000662,2025-10-05,CH_ACT_002,1,model_reco,dep_low_daylight,0,0
EXP_U000662_11,U000662,2025-10-21,CH_ACT_001,1,model_reco,dep_low_energy,1,0
EXP_U000663_1,U000663,2025-08-23,CH_REG_002,1,model_reco,anx_high_anxiety,0,0
EXP_U000663_2,U000663,2025-08-30,CH_REG_002,1,model_reco,anx_high_anxiety,0,0
EXP_U000663_3,U000663,2025-09-07,CH_REG_002,1,model_reco,anx_high_anxiety,0,0
EXP_U000663_4,U000663,2025-09-09,CH_REG_001,1,model_reco,anx_high_anxiety,0,1
EXP_U000663_5,U000663,2025-09-11,CH_REG_002,1,model_reco,anx_high_anxiety,0,1
EXP_U000663_6,U000663,2025-09-14,CH_REG_002,1,model_reco,anx_high_anxiety,0,1
EXP_U000663_7,U000663,2025-09-24,CH_REG_001,1,model_reco,anx_high_anxiety,0,1
EXP_U000663_8,U000663,2025-10-13,CH_REG_001,1,model_reco,anx_high_anxiety,1,0
EXP_U000663_9,U000663,2025-10-18,CH_REG_001,1,model_reco,anx_high_anxiety,1,0
EXP_U000663_10,U000663,2025-10-19,CH_REG_002,1,model_reco,anx_high_anxiety,1,0
EXP_U000663_11,U000663,2025-10-26,CH_REG_001,1,model_reco,anx_high_anxiety,0,1
EXP_U000663_12,U000663,2025-10-27,CH_REG_001,1,model_reco,anx_high_anxiety,1,0
EXP_U000663_13,U000663,2025-11-07,CH_REG_001,1,model_reco,anx_high_anxiety,0,1
EXP_U000663_14,U000663,2025-11-10,CH_REG_001,1,model_reco,anx_high_anxiety,1,0
EXP_U000663_15,U000663,2025-11-11,CH_REG_001,1,model_reco,anx_high_anxiety,0,0
EXP_U000664_1,U000664,2025-07-06,CH_WELL_001,1,model_reco,supportive_wellbeing,0,0
EXP_U000664_2,U000664,2025-08-10,CH_WELL_001,1,model_reco,supportive_wellbeing,0,1
EXP_U000664_3,U000664,2025-08-11,CH_WELL_001,1,model_reco,supportive_wellbeing,0,1
EXP_U000666_1,U000666,2025-08-04,CH_SLEEP_001,1,model_reco,ins_high_wake_irregular,1,0
EXP_U000666_2,U000666,2025-08-12,CH_REG_001,1,model_reco,anx_high_anxiety,0,1
EXP_U000666_3,U000666,2025-08-18,CH_ACT_001,1,model_reco,dep_low_energy,0,0
EXP_U000666_4,U000666,2025-08-19,CH_REG_001,1,model_reco,anx_high_anxiety,0,0
EXP_U000666_5,U000666,2025-08-22,CH_ACT_001,1,model_reco,dep_low_energy,0,0
EXP_U000666_6,U000666,2025-08-29,CH_REG_001,1,model_reco,anx_high_anxiety,1,0
EXP_U000666_7,U000666,2025-08-31,CH_SLEEP_001,1,model_reco,ins_high_wake_irregular,1,0
EXP_U000666_8,U000666,2025-09-02,CH_SLEEP_001,1,model_reco,ins_high_wake_irregular,0,0
EXP_U000666_9,U000666,2025-09-03,CH_SLEEP_001,1,model_reco,ins_high_wake_irregular,1,0
EXP_U000666_10,U000666,2025-09-05,CH_REG_001,1,model_reco,anx_high_anxiety,0,1
EXP_U000666_11,U000666,2025-09-11,CH_SLEEP_001,1,model_reco,ins_high_wake_irregular,0,0
EXP_U000666_12,U000666,2025-09-14,CH_REG_002,1,model_reco,anx_high_anxiety,1,0
EXP_U000666_13,U000666,2025-09-16,CH_ACT_001,1,model_reco,dep_low_energy,0,1
EXP_U000666_14,U000666,2025-09-17,CH_SLEEP_001,1,model_reco,ins_high_wake_irregular,0,1
EXP_U000666_15,U000666,2025-09-24,CH_REG_001,1,model_reco,anx_high_anxiety,1,0
EXP_U000666_16,U000666,2025-09-30,CH_REG_002,1,model_reco,anx_high_anxiety,0,1
EXP_U000666_17,U000666,2025-10-01,CH_REG_001,1,model_reco,anx_high_anxiety,1,0
EXP_U000666_18,U000666,2025-10-09,CH_REG_001,1,model_reco,anx_high_anxiety,0,1
EXP_U000666_19,U000666,2025-10-11,CH_REG_001,1,model_reco,anx_high_anxiety,1,0
EXP_U000666_20,U000666,2025-10-17,CH_REG_001,1,model_reco,anx_high_anxiety,1,0
EXP_U000666_21,U000666,2025-10-21,CH_SLEEP_001,1,model_reco,ins_high_wake_irregular,1,0
EXP_U000667_1,U000667,2025-10-05,CH_WELL_001,1,model_reco,supportive_wellbeing,0,0
EXP_U000668_1,U000668,2025-08-28,CH_ACT_001,1,model_reco,dep_low_energy,0,0
EXP_U000668_2,U000668,2025-09-03,CH_ACT_001,1,model_reco,dep_low_energy,1,0
EXP_U000668_3,U000668,2025-09-07,CH_REG_002,1,model_reco,anx_high_anxiety,0,0
EXP_U000668_4,U000668,2025-09-22,CH_SLEEP_001,1,model_reco,ins_high_wake_irregular,0,0
EXP_U000668_5,U000668,2025-09-25,CH_REG_001,1,model_reco,anx_high_anxiety,1,0
EXP_U000668_6,U000668,2025-09-26,CH_REG_001,1,model_reco,anx_high_anxiety,1,0
EXP_U000668_7,U000668,2025-10-01,CH_ACT_001,1,model_reco,dep_low_energy,1,0
EXP_U000668_8,U000668,2025-10-02,CH_REG_001,1,model_reco,anx_high_anxiety,0,1
EXP_U000668_9,U000668,2025-10-04,CH_SLEEP_001,1,model_reco,ins_high_wake_irregular,0,1
EXP_U000668_10,U000668,2025-10-05,CH_REG_001,1,model_reco,anx_high_anxiety,1,0
EXP_U000668_11,U000668,2025-10-07,CH_REG_001,1,model_reco,anx_high_anxiety,0,1
EXP_U000668_12,U000668,2025-10-09,CH_REG_001,1,model_reco,anx_high_anxiety,0,1
EXP_U000668_13,U000668,2025-10-10,CH_REG_002,1,model_reco,anx_high_anxiety,1,0
EXP_U000668_14,U000668,2025-10-21,CH_REG_001,1,model_reco,anx_high_anxiety,0,1
EXP_U000668_15,U000668,2025-10-23,CH_REG_001,1,model_reco,anx_high_anxiety,0,1
EXP_U000668_16,U000668,2025-10-24,CH_SLEEP_001,1,model_reco,ins_high_wake_irregular,0,0
EXP_U000668_17,U000668,2025-10-29,CH_SLEEP_001,1,model_reco,ins_high_wake_irregular,0,0
EXP_U000668_18,U000668,2025-10-30,CH_REG_001,1,model_reco,anx_high_anxiety,1,0
EXP_U000668_19,U000668,2025-11-01,CH_ACT_003,1,model_reco,dep_low_activity,1,0
EXP_U000668_20,U000668,2025-11-02,CH_REG_001,1,model_reco,anx_high_anxiety,1,0
EXP_U000668_21,U000668,2025-11-04,CH_SLEEP_001,1,model_reco,ins_high_wake_irregular,1,0
EXP_U000668_22,U000668,2025-11-05,CH_ACT_002,1,model_reco,dep_low_daylight,1,0
EXP_U000669_1,U000669,2025-07-12,CH_ACT_003,1,model_reco,dep_low_activity,0,1
EXP_U000669_2,U000669,2025-07-20,CH_ACT_002,1,model_reco,dep_low_daylight,0,0
EXP_U000669_3,U000669,2025-07-22,CH_ACT_002,1,model_reco,dep_low_daylight,0,1
EXP_U000669_4,U000669,2025-07-29,CH_ACT_003,1,model_reco,dep_low_activity,1,0
EXP_U000669_5,U000669,2025-07-30,CH_SOC_001,1,model_reco,low_social_contact,0,1
EXP_U000669_6,U000669,2025-08-07,CH_ACT_003,1,model_reco,dep_low_activity,1,0
EXP_U000669_7,U000669,2025-08-08,CH_SOC_001,1,model_reco,low_social_contact,1,0
EXP_U000669_8,U000669,2025-08-16,CH_ACT_002,1,model_reco,dep_low_daylight,0,0
EXP_U000669_9,U000669,2025-08-18,CH_ACT_002,1,model_reco,dep_low_daylight,0,0
EXP_U000669_10,U000669,2025-08-24,CH_ACT_003,1,model_reco,dep_low_activity,0,0
EXP_U000669_11,U000669,2025-08-27,CH_ACT_003,1,model_reco,dep_low_activity,0,1
EXP_U000669_12,U000669,2025-08-31,CH_ACT_003,1,model_reco,dep_low_activity,0,1
EXP_U000669_13,U000669,2025-09-04,CH_ACT_002,1,model_reco,dep_low_daylight,0,1
EXP_U000669_14,U000669,2025-09-07,CH_ACT_003,1,model_reco,dep_low_activity,1,0
EXP_U000669_15,U000669,2025-09-12,CH_ACT_001,1,model_reco,dep_low_energy,0,1
EXP_U000669_16,U000669,2025-09-23,CH_ACT_002,1,model_reco,dep_low_daylight,0,0
EXP_U000669_17,U000669,2025-09-25,CH_ACT_001,1,model_reco,dep_low_energy,1,0
EXP_U000669_18,U000669,2025-09-27,CH_REG_001,1,model_reco,anx_high_anxiety,1,0
EXP_U000670_1,U000670,2025-06-25,CH_SLEEP_001,1,model_reco,ins_high_wake_irregular,0,1
EXP_U000670_2,U000670,2025-07-06,CH_SLEEP_001,1,model_reco,ins_high_wake_irregular,0,1
EXP_U000670_3,U000670,2025-08-01,CH_SLEEP_001,1,model_reco,ins_high_wake_irregular,0,0
EXP_U000670_4,U000670,2025-09-03,CH_SLEEP_001,1,model_reco,ins_high_wake_irregular,1,0
EXP_U000671_1,U000671,2025-08-08,CH_SLEEP_001,1,model_reco,ins_high_wake_irregular,0,1
EXP_U000671_2,U000671,2025-08-12,CH_SLEEP_001,1,model_reco,ins_high_wake_irregular,0,1
EXP_U000671_3,U000671,2025-08-24,CH_SLEEP_001,1,model_reco,ins_high_wake_irregular,1,0
EXP_U000671_4,U000671,2025-08-29,CH_REG_001,1,model_reco,anx_high_anxiety,0,1
EXP_U000671_5,U000671,2025-08-31,CH_SLEEP_001,1,model_reco,ins_high_wake_irregular,1,0
EXP_U000671_6,U000671,2025-09-01,CH_REG_001,1,model_reco,anx_high_anxiety,0,1
EXP_U000671_7,U000671,2025-09-03,CH_ACT_003,1,model_reco,dep_low_activity,0,0
EXP_U000671_8,U000671,2025-09-06,CH_REG_002,1,model_reco,anx_high_anxiety,1,0
EXP_U000671_9,U000671,2025-09-14,CH_SLEEP_001,1,model_reco,ins_high_wake_irregular,1,0
EXP_U000671_10,U000671,2025-09-15,CH_SLEEP_001,1,model_reco,ins_high_wake_irregular,1,0
EXP_U000671_11,U000671,2025-09-17,CH_REG_001,1,model_reco,anx_high_anxiety,1,0
EXP_U000671_12,U000671,2025-09-18,CH_REG_002,1,model_reco,anx_high_anxiety,1,0
EXP_U000671_13,U000671,2025-09-20,CH_REG_001,1,model_reco,anx_high_anxiety,1,0
EXP_U000671_14,U000671,2025-09-21,CH_REG_001,1,model_reco,anx_high_anxiety,0,0
EXP_U000671_15,U000671,2025-09-23,CH_SLEEP_001,1,model_reco,ins_high_wake_irregular,1,0
EXP_U000671_16,U000671,2025-09-25,CH_ACT_001,1,model_reco,dep_low_energy,0,0
EXP_U000671_17,U000671,2025-10-02,CH_SLEEP_001,1,model_reco,ins_high_wake_irregular,1,0
EXP_U000671_18,U000671,2025-10-03,CH_REG_001,1,model_reco,anx_high_anxiety,0,0
EXP_U000671_19,U000671,2025-10-07,CH_REG_002,1,model_reco,anx_high_anxiety,0,0
EXP_U000671_20,U000671,2025-10-13,CH_SLEEP_001,1,model_reco,ins_high_wake_irregular,0,1
EXP_U000671_21,U000671,2025-10-15,CH_SLEEP_001,1,model_reco,ins_high_wake_irregular,0,1
EXP_U000671_22,U000671,2025-10-16,CH_SLEEP_001,1,model_reco,ins_high_wake_irregular,0,1
EXP_U000671_23,U000671,2025-10-19,CH_SLEEP_001,1,model_reco,ins_high_wake_irregular,0,1
EXP_U000671_24,U000671,2025-10-29,CH_SLEEP_001,1,model_reco,ins_high_wake_irregular,0,1
EXP_U000672_1,U000672,2025-07-31,CH_ACT_002,1,model_reco,dep_low_daylight,0,1
EXP_U000672_2,U000672,2025-08-08,CH_ACT_003,1,model_reco,dep_low_activity,0,0
EXP_U000672_3,U000672,2025-08-09,CH_ACT_003,1,model_reco,dep_low_activity,0,1
EXP_U000672_4,U000672,2025-08-12,CH_ACT_002,1,model_reco,dep_low_daylight,0,0
EXP_U000672_5,U000672,2025-08-15,CH_ACT_003,1,model_reco,dep_low_activity,0,0
EXP_U000672_6,U000672,2025-08-24,CH_ACT_003,1,model_reco,dep_low_activity,0,1
EXP_U000672_7,U000672,2025-09-05,CH_ACT_003,1,model_reco,dep_low_activity,0,0
EXP_U000672_8,U000672,2025-09-09,CH_ACT_002,1,model_reco,dep_low_daylight,0,1
EXP_U000672_9,U000672,2025-09-17,CH_ACT_002,1,model_reco,dep_low_daylight,0,0
EXP_U000672_10,U000672,2025-09-20,CH_ACT_002,1,model_reco,dep_low_daylight,0,1
EXP_U000672_11,U000672,2025-09-24,CH_ACT_002,1,model_reco,dep_low_daylight,1,0
EXP_U000672_12,U000672,2025-10-01,CH_ACT_003,1,model_reco,dep_low_activity,0,0
EXP_U000672_13,U000672,2025-10-07,CH_ACT_003,1,model_reco,dep_low_activity,0,0
EXP_U000672_14,U000672,2025-10-17,CH_SLEEP_001,1,model_reco,ins_high_wake_irregular,1,0
EXP_U000673_1,U000673,2025-07-25,CH_SLEEP_001,1,model_reco,ins_high_wake_irregular,1,0
EXP_U000673_2,U000673,2025-07-26,CH_ACT_003,1,model_reco,dep_low_activity,0,1
EXP_U000673_3,U000673,2025-07-29,CH_SOC_001,1,model_reco,low_social_contact,0,1
EXP_U000673_4,U000673,2025-07-31,CH_ACT_002,1,model_reco,dep_low_daylight,0,1
EXP_U000673_5,U000673,2025-08-02,CH_SLEEP_001,1,model_reco,ins_high_wake_irregular,1,0
EXP_U000673_6,U000673,2025-08-04,CH_SLEEP_001,1,model_reco,ins_high_wake_irregular,0,1
EXP_U000673_7,U000673,2025-08-07,CH_SLEEP_001,1,model_reco,ins_high_wake_irregular,0,0
EXP_U000673_8,U000673,2025-08-11,CH_SLEEP_001,1,model_reco,ins_high_wake_irregular,0,0
EXP_U000673_9,U000673,2025-08-15,CH_SLEEP_001,1,model_reco,ins_high_wake_irregular,1,0
EXP_U000673_10,U000673,2025-08-20,CH_WELL_001,1,model_reco,supportive_wellbeing,0,1
EXP_U000673_11,U000673,2025-08-29,CH_SLEEP_001,1,model_reco,ins_high_wake_irregular,0,1
EXP_U000673_12,U000673,2025-08-30,CH_SLEEP_001,1,model_reco,ins_high_wake_irregular,0,1
EXP_U000673_13,U000673,2025-09-07,CH_SLEEP_001,1,model_reco,ins_high_wake_irregular,0,1
EXP_U000673_14,U000673,2025-09-15,CH_SLEEP_001,1,model_reco,ins_high_wake_irregular,0,0
EXP_U000673_15,U000673,2025-09-18,CH_SLEEP_001,1,model_reco,ins_high_wake_irregular,1,0
EXP_U000673_16,U000673,2025-09-24,CH_ACT_002,1,model_reco,dep_low_daylight,0,1
EXP_U000673_17,U000673,2025-09-26,CH_SLEEP_001,1,model_reco,ins_high_wake_irregular,0,1
EXP_U000673_18,U000673,2025-09-27,CH_SLEEP_001,1,model_reco,ins_high_wake_irregular,0,1
EXP_U000673_19,U000673,2025-10-11,CH_SLEEP_001,1,model_reco,ins_high_wake_irregular,0,0
EXP_U000673_20,U000673,2025-10-13,CH_SLEEP_001,1,model_reco,ins_high_wake_irregular,0,0
EXP_U000674_1,U000674,2025-08-05,CH_SLEEP_001,1,model_reco,ins_high_wake_irregular,0,0
EXP_U000676_1,U000676,2025-08-14,CH_SLEEP_001,1,model_reco,ins_high_wake_irregular,0,0
EXP_U000676_2,U000676,2025-08-21,CH_SLEEP_001,1,model_reco,ins_high_wake_irregular,0,0
EXP_U000676_3,U000676,2025-08-23,CH_SLEEP_001,1,model_reco,ins_high_wake_irregular,0,0
EXP_U000676_4,U000676,2025-08-24,CH_SLEEP_001,1,model_reco,ins_high_wake_irregular,0,0
EXP_U000676_5,U000676,2025-08-25,CH_SLEEP_001,1,model_reco,ins_high_wake_irregular,0,0
EXP_U000676_6,U000676,2025-08-27,CH_SLEEP_001,1,model_reco,ins_high_wake_irregular,0,1
EXP_U000676_7,U000676,2025-08-29,CH_SLEEP_001,1,model_reco,ins_high_wake_irregular,1,0
EXP_U000676_8,U000676,2025-09-05,CH_SLEEP_001,1,model_reco,ins_high_wake_irregular,0,1
EXP_U000676_9,U000676,2025-09-09,CH_SLEEP_001,1,model_reco,ins_high_wake_irregular,1,0
EXP_U000676_10,U000676,2025-09-19,CH_SLEEP_001,1,model_reco,ins_high_wake_irregular,0,0
EXP_U000676_11,U000676,2025-09-20,CH_SLEEP_001,1,model_reco,ins_high_wake_irregular,1,0
EXP_U000676_12,U000676,2025-09-26,CH_SLEEP_001,1,model_reco,ins_high_wake_irregular,1,0
EXP_U000676_13,U000676,2025-10-08,CH_SLEEP_001,1,model_reco,ins_high_wake_irregular,0,1
EXP_U000676_14,U000676,2025-10-09,CH_SLEEP_001,1,model_reco,ins_high_wake_irregular,1,0
EXP_U000676_15,U000676,2025-10-28,CH_SLEEP_001,1,model_reco,ins_high_wake_irregular,1,0
EXP_U000677_1,U000677,2025-06-04,CH_REG_001,1,model_reco,anx_high_anxiety,0,1
EXP_U000677_2,U000677,2025-06-21,CH_REG_001,1,model_reco,anx_high_anxiety,1,0
EXP_U000677_3,U000677,2025-08-23,CH_REG_001,1,model_reco,anx_high_anxiety,0,0
EXP_U000678_1,U000678,2025-07-07,CH_REG_001,1,model_reco,anx_high_anxiety,0,1
EXP_U000678_2,U000678,2025-07-19,CH_REG_001,1,model_reco,anx_high_anxiety,1,0
EXP_U000678_3,U000678,2025-07-22,CH_REG_001,1,model_reco,anx_high_anxiety,1,0
EXP_U000678_4,U000678,2025-08-10,CH_REG_001,1,model_reco,anx_high_anxiety,0,0
EXP_U000678_5,U000678,2025-08-14,CH_REG_001,1,model_reco,anx_high_anxiety,1,0
EXP_U000678_6,U000678,2025-08-26,CH_REG_002,1,model_reco,anx_high_anxiety,0,0
EXP_U000678_7,U000678,2025-09-05,CH_REG_001,1,model_reco,anx_high_anxiety,1,0
EXP_U000678_8,U000678,2025-09-10,CH_REG_001,1,model_reco,anx_high_anxiety,0,0
EXP_U000678_9,U000678,2025-09-12,CH_REG_002,1,model_reco,anx_high_anxiety,1,0
EXP_U000678_10,U000678,2025-09-27,CH_ACT_001,1,model_reco,dep_low_energy,0,1
EXP_U000679_1,U000679,2025-06-27,CH_ACT_002,1,model_reco,dep_low_daylight,1,0
EXP_U000679_2,U000679,2025-06-30,CH_ACT_002,1,model_reco,dep_low_daylight,1,0
EXP_U000679_3,U000679,2025-07-06,CH_ACT_002,1,model_reco,dep_low_daylight,1,0
EXP_U000679_4,U000679,2025-07-16,CH_ACT_001,1,model_reco,dep_low_energy,1,0
EXP_U000679_5,U000679,2025-07-17,CH_SOC_001,1,model_reco,low_social_contact,0,1
EXP_U000679_6,U000679,2025-07-19,CH_SOC_001,1,model_reco,low_social_contact,0,0
EXP_U000679_7,U000679,2025-07-21,CH_ACT_003,1,model_reco,dep_low_activity,0,1
EXP_U000679_8,U000679,2025-07-28,CH_ACT_003,1,model_reco,dep_low_activity,0,1
EXP_U000679_9,U000679,2025-08-09,CH_ACT_003,1,model_reco,dep_low_activity,1,0
EXP_U000679_10,U000679,2025-08-12,CH_ACT_003,1,model_reco,dep_low_activity,1,0
EXP_U000679_11,U000679,2025-08-19,CH_ACT_003,1,model_reco,dep_low_activity,0,1
EXP_U000679_12,U000679,2025-08-24,CH_ACT_003,1,model_reco,dep_low_activity,0,0
EXP_U000682_1,U000682,2025-08-31,CH_WELL_001,1,model_reco,supportive_wellbeing,1,0
EXP_U000683_1,U000683,2025-06-28,CH_ACT_003,1,model_reco,dep_low_activity,1,0
EXP_U000683_2,U000683,2025-06-30,CH_SOC_001,1,model_reco,low_social_contact,1,0
EXP_U000683_3,U000683,2025-07-12,CH_ACT_002,1,model_reco,dep_low_daylight,1,0
EXP_U000683_4,U000683,2025-07-30,CH_ACT_001,1,model_reco,dep_low_energy,0,0
EXP_U000683_5,U000683,2025-07-31,CH_ACT_001,1,model_reco,dep_low_energy,1,0
EXP_U000683_6,U000683,2025-08-06,CH_ACT_001,1,model_reco,dep_low_energy,0,0
EXP_U000683_7,U000683,2025-08-23,CH_ACT_002,1,model_reco,dep_low_daylight,0,0
EXP_U000683_8,U000683,2025-09-04,CH_ACT_001,1,model_reco,dep_low_energy,0,1
EXP_U000684_1,U000684,2025-06-09,CH_REG_001,1,model_reco,anx_high_anxiety,1,0
EXP_U000684_2,U000684,2025-06-15,CH_REG_001,1,model_reco,anx_high_anxiety,1,0
EXP_U000684_3,U000684,2025-06-21,CH_REG_001,1,model_reco,anx_high_anxiety,1,0
EXP_U000684_4,U000684,2025-06-23,CH_REG_001,1,model_reco,anx_high_anxiety,0,0
EXP_U000684_5,U000684,2025-06-28,CH_REG_002,1,model_reco,anx_high_anxiety,1,0
EXP_U000684_6,U000684,2025-07-02,CH_REG_001,1,model_reco,anx_high_anxiety,1,0
EXP_U000684_7,U000684,2025-07-09,CH_REG_001,1,model_reco,anx_high_anxiety,0,0
EXP_U000684_8,U000684,2025-07-13,CH_REG_001,1,model_reco,anx_high_anxiety,1,0
EXP_U000684_9,U000684,2025-07-25,CH_REG_001,1,model_reco,anx_high_anxiety,1,0
EXP_U000684_10,U000684,2025-07-26,CH_REG_001,1,model_reco,anx_high_anxiety,1,0
EXP_U000684_11,U000684,2025-07-30,CH_REG_002,1,model_reco,anx_high_anxiety,0,1
EXP_U000684_12,U000684,2025-07-31,CH_REG_001,1,model_reco,anx_high_anxiety,1,0
EXP_U000684_13,U000684,2025-08-01,CH_REG_001,1,model_reco,anx_high_anxiety,0,1
EXP_U000684_14,U000684,2025-08-04,CH_REG_001,1,model_reco,anx_high_anxiety,0,0
EXP_U000684_15,U000684,2025-08-08,CH_REG_001,1,model_reco,anx_high_anxiety,1,0
EXP_U000684_16,U000684,2025-08-10,CH_REG_002,1,model_reco,anx_high_anxiety,0,0
EXP_U000684_17,U000684,2025-08-13,CH_REG_001,1,model_reco,anx_high_anxiety,1,0
EXP_U000684_18,U000684,2025-08-20,CH_REG_001,1,model_reco,anx_high_anxiety,1,0
EXP_U000684_19,U000684,2025-08-28,CH_REG_001,1,model_reco,anx_high_anxiety,0,0
EXP_U000685_1,U000685,2025-08-19,CH_ACT_001,1,model_reco,dep_low_energy,0,0
EXP_U000685_2,U000685,2025-09-05,CH_ACT_001,1,model_reco,dep_low_energy,0,0
EXP_U000686_1,U000686,2025-09-04,CH_REG_001,1,model_reco,anx_high_anxiety,0,1
EXP_U000686_2,U000686,2025-09-06,CH_SLEEP_001,1,model_reco,ins_high_wake_irregular,1,0
EXP_U000686_3,U000686,2025-09-08,CH_REG_002,1,model_reco,anx_high_anxiety,0,1
EXP_U000686_4,U000686,2025-09-16,CH_REG_001,1,model_reco,anx_high_anxiety,1,0
EXP_U000686_5,U000686,2025-09-20,CH_REG_001,1,model_reco,anx_high_anxiety,1,0
EXP_U000686_6,U000686,2025-09-22,CH_SLEEP_001,1,model_reco,ins_high_wake_irregular,1,0
EXP_U000686_7,U000686,2025-09-27,CH_REG_002,1,model_reco,anx_high_anxiety,0,0
EXP_U000686_8,U000686,2025-10-22,CH_SLEEP_001,1,model_reco,ins_high_wake_irregular,1,0
EXP_U000686_9,U000686,2025-10-24,CH_REG_001,1,model_reco,anx_high_anxiety,1,0
EXP_U000686_10,U000686,2025-10-27,CH_REG_001,1,model_reco,anx_high_anxiety,0,0
EXP_U000686_11,U000686,2025-10-31,CH_SLEEP_001,1,model_reco,ins_high_wake_irregular,0,1
EXP_U000686_12,U000686,2025-11-17,CH_REG_002,1,model_reco,anx_high_anxiety,1,0
EXP_U000687_1,U000687,2025-07-28,CH_SLEEP_001,1,model_reco,ins_high_wake_irregular,0,1
EXP_U000687_2,U000687,2025-07-29,CH_SLEEP_001,1,model_reco,ins_high_wake_irregular,1,0
EXP_U000687_3,U000687,2025-08-03,CH_ACT_002,1,model_reco,dep_low_daylight,0,0
EXP_U000687_4,U000687,2025-08-06,CH_ACT_001,1,model_reco,dep_low_energy,0,0
EXP_U000687_5,U000687,2025-08-09,CH_SLEEP_001,1,model_reco,ins_high_wake_irregular,1,0
EXP_U000687_6,U000687,2025-08-24,CH_SLEEP_001,1,model_reco,ins_high_wake_irregular,0,1
EXP_U000687_7,U000687,2025-08-26,CH_SLEEP_001,1,model_reco,ins_high_wake_irregular,1,0
EXP_U000687_8,U000687,2025-09-08,CH_ACT_001,1,model_reco,dep_low_energy,0,1
EXP_U000687_9,U000687,2025-09-09,CH_SLEEP_001,1,model_reco,ins_high_wake_irregular,0,0
EXP_U000687_10,U000687,2025-09-21,CH_ACT_002,1,model_reco,dep_low_daylight,0,0
EXP_U000687_11,U000687,2025-10-03,CH_SLEEP_001,1,model_reco,ins_high_wake_irregular,1,0
EXP_U000687_12,U000687,2025-10-05,CH_ACT_003,1,model_reco,dep_low_activity,0,1
EXP_U000687_13,U000687,2025-10-08,CH_ACT_003,1,model_reco,dep_low_activity,1,0
EXP_U000688_1,U000688,2025-06-13,CH_SLEEP_001,1,model_reco,ins_high_wake_irregular,1,0
EXP_U000688_2,U000688,2025-06-18,CH_ACT_001,1,model_reco,dep_low_energy,0,0
EXP_U000688_3,U000688,2025-06-23,CH_SLEEP_001,1,model_reco,ins_high_wake_irregular,0,1
EXP_U000688_4,U000688,2025-06-28,CH_SLEEP_001,1,model_reco,ins_high_wake_irregular,1,0
EXP_U000688_5,U000688,2025-07-07,CH_SLEEP_001,1,model_reco,ins_high_wake_irregular,1,0
EXP_U000688_6,U000688,2025-07-15,CH_SLEEP_001,1,model_reco,ins_high_wake_irregular,0,1
EXP_U000688_7,U000688,2025-07-17,CH_SLEEP_001,1,model_reco,ins_high_wake_irregular,0,1
EXP_U000688_8,U000688,2025-07-18,CH_SLEEP_001,1,model_reco,ins_high_wake_irregular,0,1
EXP_U000688_9,U000688,2025-07-19,CH_SLEEP_001,1,model_reco,ins_high_wake_irregular,1,0
EXP_U000688_10,U000688,2025-07-25,CH_ACT_001,1,model_reco,dep_low_energy,0,0
EXP_U000688_11,U000688,2025-07-28,CH_SLEEP_001,1,model_reco,ins_high_wake_irregular,0,0
EXP_U000688_12,U000688,2025-08-05,CH_SLEEP_001,1,model_reco,ins_high_wake_irregular,0,1
EXP_U000688_13,U000688,2025-08-09,CH_SLEEP_001,1,model_reco,ins_high_wake_irregular,1,0
EXP_U000688_14,U000688,2025-08-16,CH_SLEEP_001,1,model_reco,ins_high_wake_irregular,0,1
EXP_U000688_15,U000688,2025-08-25,CH_SLEEP_001,1,model_reco,ins_high_wake_irregular,1,0
EXP_U000688_16,U000688,2025-08-29,CH_ACT_002,1,model_reco,dep_low_daylight,1,0
EXP_U000688_17,U000688,2025-09-02,CH_SLEEP_001,1,model_reco,ins_high_wake_irregular,1,0
EXP_U000689_1,U000689,2025-07-20,CH_ACT_003,1,model_reco,dep_low_activity,0,1
EXP_U000689_2,U000689,2025-09-18,CH_ACT_002,1,model_reco,dep_low_daylight,0,0
EXP_U000690_1,U000690,2025-09-04,CH_SLEEP_001,1,model_reco,ins_high_wake_irregular,1,0
EXP_U000690_2,U000690,2025-09-19,CH_SLEEP_001,1,model_reco,ins_high_wake_irregular,0,1
EXP_U000691_1,U000691,2025-07-25,CH_SLEEP_001,1,model_reco,ins_high_wake_irregular,0,0
EXP_U000691_2,U000691,2025-07-31,CH_SLEEP_001,1,model_reco,ins_high_wake_irregular,1,0
EXP_U000691_3,U000691,2025-08-12,CH_SLEEP_001,1,model_reco,ins_high_wake_irregular,0,1
EXP_U000691_4,U000691,2025-08-21,CH_SLEEP_001,1,model_reco,ins_high_wake_irregular,1,0
EXP_U000691_5,U000691,2025-08-24,CH_ACT_002,1,model_reco,dep_low_daylight,0,0
EXP_U000691_6,U000691,2025-08-31,CH_SLEEP_001,1,model_reco,ins_high_wake_irregular,1,0
EXP_U000691_7,U000691,2025-09-12,CH_SLEEP_001,1,model_reco,ins_high_wake_irregular,1,0
EXP_U000691_8,U000691,2025-09-20,CH_SLEEP_001,1,model_reco,ins_high_wake_irregular,0,0
EXP_U000691_9,U000691,2025-09-22,CH_SLEEP_001,1,model_reco,ins_high_wake_irregular,0,0
EXP_U000691_10,U000691,2025-09-25,CH_SLEEP_001,1,model_reco,ins_high_wake_irregular,0,0
EXP_U000692_1,U000692,2025-06-18,CH_SLEEP_001,1,model_reco,ins_high_wake_irregular,0,1
EXP_U000692_2,U000692,2025-06-22,CH_SLEEP_001,1,model_reco,ins_high_wake_irregular,0,1
EXP_U000692_3,U000692,2025-06-26,CH_SLEEP_001,1,model_reco,ins_high_wake_irregular,1,0
EXP_U000692_4,U000692,2025-06-28,CH_REG_001,1,model_reco,anx_high_anxiety,0,1
EXP_U000692_5,U000692,2025-07-19,CH_SLEEP_001,1,model_reco,ins_high_wake_irregular,1,0
EXP_U000692_6,U000692,2025-08-03,CH_SLEEP_001,1,model_reco,ins_high_wake_irregular,0,0
EXP_U000692_7,U000692,2025-08-08,CH_SLEEP_001,1,model_reco,ins_high_wake_irregular,0,1
EXP_U000692_8,U000692,2025-08-15,CH_SLEEP_001,1,model_reco,ins_high_wake_irregular,1,0
EXP_U000692_9,U000692,2025-08-17,CH_REG_001,1,model_reco,anx_high_anxiety,0,0
EXP_U000692_10,U000692,2025-08-21,CH_ACT_001,1,model_reco,dep_low_energy,0,0
EXP_U000692_11,U000692,2025-08-24,CH_SLEEP_001,1,model_reco,ins_high_wake_irregular,1,0
EXP_U000692_12,U000692,2025-09-03,CH_SLEEP_001,1,model_reco,ins_high_wake_irregular,1,0
EXP_U000693_1,U000693,2025-06-29,CH_SLEEP_001,1,model_reco,ins_high_wake_irregular,1,0
EXP_U000693_2,U000693,2025-07-06,CH_ACT_002,1,model_reco,dep_low_daylight,0,0
EXP_U000693_3,U000693,2025-07-23,CH_SLEEP_001,1,model_reco,ins_high_wake_irregular,1,0
EXP_U000693_4,U000693,2025-07-27,CH_ACT_001,1,model_reco,dep_low_energy,0,1
EXP_U000693_5,U000693,2025-08-02,CH_SLEEP_001,1,model_reco,ins_high_wake_irregular,1,0
EXP_U000693_6,U000693,2025-08-03,CH_ACT_003,1,model_reco,dep_low_activity,0,0
EXP_U000693_7,U000693,2025-08-12,CH_SLEEP_001,1,model_reco,ins_high_wake_irregular,0,0
EXP_U000693_8,U000693,2025-08-14,CH_SLEEP_001,1,model_reco,ins_high_wake_irregular,0,0
EXP_U000693_9,U000693,2025-08-26,CH_SLEEP_001,1,model_reco,ins_high_wake_irregular,1,0
EXP_U000693_10,U000693,2025-08-28,CH_ACT_001,1,model_reco,dep_low_energy,0,1
EXP_U000693_11,U000693,2025-08-29,CH_ACT_001,1,model_reco,dep_low_energy,0,1
EXP_U000693_12,U000693,2025-09-03,CH_SLEEP_001,1,model_reco,ins_high_wake_irregular,0,1
EXP_U000693_13,U000693,2025-09-10,CH_SLEEP_001,1,model_reco,ins_high_wake_irregular,1,0
EXP_U000693_14,U000693,2025-09-16,CH_REG_002,1,model_reco,anx_high_anxiety,1,0
EXP_U000694_1,U000694,2025-07-11,CH_SLEEP_001,1,model_reco,ins_high_wake_irregular,0,0
EXP_U000694_2,U000694,2025-07-17,CH_SLEEP_001,1,model_reco,ins_high_wake_irregular,0,0
EXP_U000694_3,U000694,2025-07-18,CH_SLEEP_001,1,model_reco,ins_high_wake_irregular,0,0
EXP_U000694_4,U000694,2025-07-19,CH_SLEEP_001,1,model_reco,ins_high_wake_irregular,0,1
EXP_U000694_5,U000694,2025-07-23,CH_SLEEP_001,1,model_reco,ins_high_wake_irregular,1,0
EXP_U000694_6,U000694,2025-07-25,CH_REG_002,1,model_reco,anx_high_anxiety,0,1
EXP_U000694_7,U000694,2025-07-29,CH_SLEEP_001,1,model_reco,ins_high_wake_irregular,1,0
EXP_U000694_8,U000694,2025-07-31,CH_SLEEP_001,1,model_reco,ins_high_wake_irregular,0,0
EXP_U000694_9,U000694,2025-08-01,CH_SLEEP_001,1,model_reco,ins_high_wake_irregular,1,0
EXP_U000694_10,U000694,2025-08-03,CH_REG_002,1,model_reco,anx_high_anxiety,1,0
EXP_U000694_11,U000694,2025-08-07,CH_REG_001,1,model_reco,anx_high_anxiety,1,0
EXP_U000694_12,U000694,2025-08-12,CH_SLEEP_001,1,model_reco,ins_high_wake_irregular,0,1
EXP_U000694_13,U000694,2025-08-13,CH_SLEEP_001,1,model_reco,ins_high_wake_irregular,1,0
EXP_U000694_14,U000694,2025-08-14,CH_REG_002,1,model_reco,anx_high_anxiety,1,0
EXP_U000694_15,U000694,2025-08-15,CH_REG_001,1,model_reco,anx_high_anxiety,0,1
EXP_U000694_16,U000694,2025-08-16,CH_REG_002,1,model_reco,anx_high_anxiety,0,1
EXP_U000694_17,U000694,2025-08-17,CH_REG_001,1,model_reco,anx_high_anxiety,0,0
EXP_U000694_18,U000694,2025-08-19,CH_SOC_001,1,model_reco,low_social_contact,0,1
EXP_U000694_19,U000694,2025-08-22,CH_SLEEP_001,1,model_reco,ins_high_wake_irregular,0,0
EXP_U000694_20,U000694,2025-08-23,CH_SLEEP_001,1,model_reco,ins_high_wake_irregular,0,0
EXP_U000694_21,U000694,2025-08-30,CH_SLEEP_001,1,model_reco,ins_high_wake_irregular,0,1
EXP_U000694_22,U000694,2025-09-01,CH_SLEEP_001,1,model_reco,ins_high_wake_irregular,1,0
EXP_U000694_23,U000694,2025-09-05,CH_REG_001,1,model_reco,anx_high_anxiety,0,1
EXP_U000694_24,U000694,2025-09-20,CH_SLEEP_001,1,model_reco,ins_high_wake_irregular,0,0
EXP_U000694_25,U000694,2025-09-22,CH_SLEEP_001,1,model_reco,ins_high_wake_irregular,1,0
EXP_U000694_26,U000694,2025-09-23,CH_REG_001,1,model_reco,anx_high_anxiety,1,0
EXP_U000694_27,U000694,2025-09-24,CH_REG_001,1,model_reco,anx_high_anxiety,0,0
EXP_U000694_28,U000694,2025-09-29,CH_SLEEP_001,1,model_reco,ins_high_wake_irregular,0,1
EXP_U000696_1,U000696,2025-06-16,CH_WELL_001,1,model_reco,supportive_wellbeing,1,0
EXP_U000696_2,U000696,2025-06-26,CH_ACT_001,1,model_reco,dep_low_energy,1,0
EXP_U000696_3,U000696,2025-06-27,CH_WELL_001,1,model_reco,supportive_wellbeing,0,0
EXP_U000696_4,U000696,2025-06-30,CH_SOC_001,1,model_reco,low_social_contact,0,0
EXP_U000696_5,U000696,2025-07-07,CH_ACT_001,1,model_reco,dep_low_energy,0,1
EXP_U000696_6,U000696,2025-07-12,CH_ACT_001,1,model_reco,dep_low_energy,1,0
EXP_U000696_7,U000696,2025-07-15,CH_SOC_001,1,model_reco,low_social_contact,0,1
EXP_U000696_8,U000696,2025-07-26,CH_ACT_001,1,model_reco,dep_low_energy,1,0
EXP_U000696_9,U000696,2025-08-21,CH_ACT_001,1,model_reco,dep_low_energy,1,0
EXP_U000697_1,U000697,2025-08-17,CH_REG_002,1,model_reco,anx_high_anxiety,1,0
EXP_U000697_2,U000697,2025-08-20,CH_ACT_003,1,model_reco,dep_low_activity,1,0
EXP_U000697_3,U000697,2025-08-21,CH_REG_002,1,model_reco,anx_high_anxiety,0,0
EXP_U000697_4,U000697,2025-08-22,CH_REG_001,1,model_reco,anx_high_anxiety,0,0
EXP_U000697_5,U000697,2025-08-26,CH_ACT_003,1,model_reco,dep_low_activity,0,1
EXP_U000697_6,U000697,2025-09-01,CH_ACT_003,1,model_reco,dep_low_activity,0,0
EXP_U000697_7,U000697,2025-09-04,CH_ACT_003,1,model_reco,dep_low_activity,0,1
EXP_U000697_8,U000697,2025-09-07,CH_ACT_003,1,model_reco,dep_low_activity,0,0
EXP_U000697_9,U000697,2025-09-13,CH_REG_001,1,model_reco,anx_high_anxiety,0,1
EXP_U000697_10,U000697,2025-09-24,CH_ACT_002,1,model_reco,dep_low_daylight,1,0
EXP_U000697_11,U000697,2025-09-29,CH_ACT_003,1,model_reco,dep_low_activity,0,1
EXP_U000697_12,U000697,2025-10-06,CH_ACT_003,1,model_reco,dep_low_activity,0,1
EXP_U000697_13,U000697,2025-10-11,CH_ACT_002,1,model_reco,dep_low_daylight,0,0
EXP_U000697_14,U000697,2025-10-14,CH_ACT_003,1,model_reco,dep_low_activity,0,0
EXP_U000697_15,U000697,2025-10-18,CH_ACT_002,1,model_reco,dep_low_daylight,0,0
EXP_U000698_1,U000698,2025-08-14,CH_WELL_001,1,model_reco,supportive_wellbeing,0,0
EXP_U000698_2,U000698,2025-09-01,CH_REG_002,1,model_reco,anx_high_anxiety,1,0
EXP_U000698_3,U000698,2025-09-03,CH_REG_002,1,model_reco,anx_high_anxiety,1,0
EXP_U000698_4,U000698,2025-09-25,CH_REG_001,1,model_reco,anx_high_anxiety,1,0
EXP_U000699_1,U000699,2025-08-08,CH_REG_002,1,model_reco,anx_high_anxiety,1,0
EXP_U000699_2,U000699,2025-08-10,CH_REG_001,1,model_reco,anx_high_anxiety,1,0
EXP_U000699_3,U000699,2025-08-15,CH_REG_001,1,model_reco,anx_high_anxiety,1,0
EXP_U000699_4,U000699,2025-08-21,CH_REG_001,1,model_reco,anx_high_anxiety,1,0
EXP_U000699_5,U000699,2025-08-22,CH_REG_002,1,model_reco,anx_high_anxiety,0,0
EXP_U000699_6,U000699,2025-08-26,CH_REG_001,1,model_reco,anx_high_anxiety,0,0
EXP_U000699_7,U000699,2025-08-28,CH_REG_001,1,model_reco,anx_high_anxiety,1,0
EXP_U000699_8,U000699,2025-08-31,CH_REG_001,1,model_reco,anx_high_anxiety,0,1
EXP_U000699_9,U000699,2025-09-02,CH_REG_001,1,model_reco,anx_high_anxiety,0,0
EXP_U000699_10,U000699,2025-09-03,CH_REG_002,1,model_reco,anx_high_anxiety,1,0
EXP_U000699_11,U000699,2025-09-04,CH_REG_002,1,model_reco,anx_high_anxiety,1,0
EXP_U000699_12,U000699,2025-09-06,CH_REG_001,1,model_reco,anx_high_anxiety,0,1
EXP_U000699_13,U000699,2025-09-18,CH_REG_001,1,model_reco,anx_high_anxiety,1,0
EXP_U000699_14,U000699,2025-09-25,CH_REG_002,1,model_reco,anx_high_anxiety,0,1
EXP_U000699_15,U000699,2025-10-04,CH_REG_001,1,model_reco,anx_high_anxiety,1,0
EXP_U000699_16,U000699,2025-10-12,CH_REG_001,1,model_reco,anx_high_anxiety,0,1
EXP_U000699_17,U000699,2025-10-14,CH_REG_001,1,model_reco,anx_high_anxiety,1,0
EXP_U000699_18,U000699,2025-10-16,CH_REG_001,1,model_reco,anx_high_anxiety,1,0
EXP_U000699_19,U000699,2025-10-25,CH_REG_001,1,model_reco,anx_high_anxiety,0,0
EXP_U000699_20,U000699,2025-10-28,CH_REG_001,1,model_reco,anx_high_anxiety,1,0
EXP_U000700_1,U000700,2025-06-29,CH_ACT_003,1,model_reco,dep_low_activity,1,0
EXP_U000700_2,U000700,2025-07-02,CH_ACT_003,1,model_reco,dep_low_activity,0,0
EXP_U000700_3,U000700,2025-07-05,CH_ACT_003,1,model_reco,dep_low_activity,0,0
EXP_U000700_4,U000700,2025-07-07,CH_ACT_003,1,model_reco,dep_low_activity,0,0
EXP_U000700_5,U000700,2025-07-08,CH_ACT_002,1,model_reco,dep_low_daylight,0,0
EXP_U000700_6,U000700,2025-07-11,CH_ACT_003,1,model_reco,dep_low_activity,0,1
EXP_U000700_7,U000700,2025-07-12,CH_ACT_002,1,model_reco,dep_low_daylight,1,0
EXP_U000700_8,U000700,2025-07-19,CH_ACT_003,1,model_reco,dep_low_activity,0,0
EXP_U000700_9,U000700,2025-07-21,CH_ACT_002,1,model_reco,dep_low_daylight,1,0
EXP_U000700_10,U000700,2025-07-22,CH_REG_002,1,model_reco,anx_high_anxiety,1,0
EXP_U000700_11,U000700,2025-07-26,CH_ACT_002,1,model_reco,dep_low_daylight,0,1
EXP_U000700_12,U000700,2025-08-01,CH_ACT_002,1,model_reco,dep_low_daylight,0,1
EXP_U000700_13,U000700,2025-08-05,CH_ACT_002,1,model_reco,dep_low_daylight,0,1
EXP_U000700_14,U000700,2025-08-06,CH_ACT_002,1,model_reco,dep_low_daylight,1,0
EXP_U000700_15,U000700,2025-08-08,CH_ACT_003,1,model_reco,dep_low_activity,0,0
EXP_U000700_16,U000700,2025-08-17,CH_ACT_002,1,model_reco,dep_low_daylight,0,0
EXP_U000700_17,U000700,2025-08-29,CH_ACT_002,1,model_reco,dep_low_daylight,0,0
EXP_U000700_18,U000700,2025-08-30,CH_ACT_003,1,model_reco,dep_low_activity,0,0
EXP_U000700_19,U000700,2025-08-31,CH_ACT_002,1,model_reco,dep_low_daylight,0,0
EXP_U000700_20,U000700,2025-09-04,CH_ACT_003,1,model_reco,dep_low_activity,0,1
EXP_U000700_21,U000700,2025-09-10,CH_ACT_002,1,model_reco,dep_low_daylight,0,0
EXP_U000700_22,U000700,2025-09-11,CH_ACT_003,1,model_reco,dep_low_activity,0,0
EXP_U000700_23,U000700,2025-09-13,CH_ACT_003,1,model_reco,dep_low_activity,0,1
EXP_U000701_1,U000701,2025-07-09,CH_SLEEP_001,1,model_reco,ins_high_wake_irregular,1,0
EXP_U000701_2,U000701,2025-07-30,CH_SLEEP_001,1,model_reco,ins_high_wake_irregular,0,1
EXP_U000701_3,U000701,2025-08-07,CH_SLEEP_001,1,model_reco,ins_high_wake_irregular,0,1
EXP_U000701_4,U000701,2025-08-17,CH_SLEEP_001,1,model_reco,ins_high_wake_irregular,1,0
EXP_U000701_5,U000701,2025-08-25,CH_SLEEP_001,1,model_reco,ins_high_wake_irregular,0,0
EXP_U000701_6,U000701,2025-08-28,CH_SLEEP_001,1,model_reco,ins_high_wake_irregular,0,1
EXP_U000701_7,U000701,2025-08-31,CH_SLEEP_001,1,model_reco,ins_high_wake_irregular,0,0
EXP_U000702_1,U000702,2025-09-03,CH_REG_002,1,model_reco,anx_high_anxiety,0,0
EXP_U000702_2,U000702,2025-09-04,CH_REG_002,1,model_reco,anx_high_anxiety,1,0
EXP_U000702_3,U000702,2025-09-08,CH_REG_002,1,model_reco,anx_high_anxiety,0,1
EXP_U000702_4,U000702,2025-09-13,CH_REG_002,1,model_reco,anx_high_anxiety,0,1
EXP_U000702_5,U000702,2025-09-16,CH_REG_002,1,model_reco,anx_high_anxiety,1,0
EXP_U000702_6,U000702,2025-09-17,CH_REG_002,1,model_reco,anx_high_anxiety,1,0
EXP_U000702_7,U000702,2025-09-21,CH_REG_001,1,model_reco,anx_high_anxiety,0,1
EXP_U000702_8,U000702,2025-09-25,CH_REG_002,1,model_reco,anx_high_anxiety,0,1
EXP_U000702_9,U000702,2025-10-02,CH_REG_001,1,model_reco,anx_high_anxiety,1,0
EXP_U000702_10,U000702,2025-10-25,CH_REG_001,1,model_reco,anx_high_anxiety,1,0
EXP_U000702_11,U000702,2025-10-31,CH_REG_002,1,model_reco,anx_high_anxiety,0,1
EXP_U000702_12,U000702,2025-11-11,CH_REG_002,1,model_reco,anx_high_anxiety,1,0
EXP_U000702_13,U000702,2025-11-14,CH_REG_002,1,model_reco,anx_high_anxiety,0,1
EXP_U000702_14,U000702,2025-11-19,CH_REG_001,1,model_reco,anx_high_anxiety,1,0
EXP_U000703_1,U000703,2025-07-26,CH_SLEEP_001,1,model_reco,ins_high_wake_irregular,0,1
EXP_U000703_2,U000703,2025-08-18,CH_SLEEP_001,1,model_reco,ins_high_wake_irregular,0,0
EXP_U000704_1,U000704,2025-06-30,CH_SLEEP_001,1,model_reco,ins_high_wake_irregular,0,0
EXP_U000704_2,U000704,2025-07-01,CH_SLEEP_001,1,model_reco,ins_high_wake_irregular,1,0
EXP_U000704_3,U000704,2025-07-09,CH_SLEEP_001,1,model_reco,ins_high_wake_irregular,1,0
EXP_U000704_4,U000704,2025-07-11,CH_ACT_001,1,model_reco,dep_low_energy,0,1
EXP_U000704_5,U000704,2025-07-15,CH_REG_001,1,model_reco,anx_high_anxiety,0,0
EXP_U000704_6,U000704,2025-07-18,CH_ACT_003,1,model_reco,dep_low_activity,1,0
EXP_U000704_7,U000704,2025-07-19,CH_REG_002,1,model_reco,anx_high_anxiety,0,1
EXP_U000704_8,U000704,2025-07-24,CH_SLEEP_001,1,model_reco,ins_high_wake_irregular,1,0
EXP_U000704_9,U000704,2025-07-27,CH_ACT_002,1,model_reco,dep_low_daylight,0,1
EXP_U000704_10,U000704,2025-07-31,CH_SLEEP_001,1,model_reco,ins_high_wake_irregular,0,1
EXP_U000704_11,U000704,2025-08-05,CH_SLEEP_001,1,model_reco,ins_high_wake_irregular,0,0
EXP_U000704_12,U000704,2025-08-06,CH_SLEEP_001,1,model_reco,ins_high_wake_irregular,1,0
EXP_U000704_13,U000704,2025-08-08,CH_REG_001,1,model_reco,anx_high_anxiety,1,0
EXP_U000704_14,U000704,2025-08-13,CH_ACT_001,1,model_reco,dep_low_energy,0,1
EXP_U000704_15,U000704,2025-08-18,CH_SLEEP_001,1,model_reco,ins_high_wake_irregular,0,1
EXP_U000704_16,U000704,2025-08-20,CH_SLEEP_001,1,model_reco,ins_high_wake_irregular,1,0
EXP_U000704_17,U000704,2025-08-21,CH_ACT_002,1,model_reco,dep_low_daylight,0,1
EXP_U000704_18,U000704,2025-08-22,CH_ACT_001,1,model_reco,dep_low_energy,0,0
EXP_U000704_19,U000704,2025-08-24,CH_ACT_001,1,model_reco,dep_low_energy,0,0
EXP_U000704_20,U000704,2025-08-28,CH_SLEEP_001,1,model_reco,ins_high_wake_irregular,0,0
EXP_U000704_21,U000704,2025-08-30,CH_SLEEP_001,1,model_reco,ins_high_wake_irregular,0,0
EXP_U000704_22,U000704,2025-09-03,CH_SLEEP_001,1,model_reco,ins_high_wake_irregular,0,0
EXP_U000704_23,U000704,2025-09-06,CH_SLEEP_001,1,model_reco,ins_high_wake_irregular,0,0
EXP_U000704_24,U000704,2025-09-11,CH_SLEEP_001,1,model_reco,ins_high_wake_irregular,1,0
EXP_U000704_25,U000704,2025-09-16,CH_ACT_002,1,model_reco,dep_low_daylight,0,1
EXP_U000704_26,U000704,2025-09-21,CH_SLEEP_001,1,model_reco,ins_high_wake_irregular,0,0
EXP_U000705_1,U000705,2025-06-10,CH_ACT_002,1,model_reco,dep_low_daylight,1,0
EXP_U000705_2,U000705,2025-06-11,CH_REG_002,1,model_reco,anx_high_anxiety,0,1
EXP_U000705_3,U000705,2025-06-17,CH_ACT_002,1,model_reco,dep_low_daylight,0,0
EXP_U000705_4,U000705,2025-06-18,CH_ACT_002,1,model_reco,dep_low_daylight,0,1
EXP_U000705_5,U000705,2025-06-21,CH_ACT_002,1,model_reco,dep_low_daylight,0,1
EXP_U000705_6,U000705,2025-06-22,CH_ACT_003,1,model_reco,dep_low_activity,0,0
EXP_U000705_7,U000705,2025-06-23,CH_ACT_002,1,model_reco,dep_low_daylight,1,0
EXP_U000705_8,U000705,2025-06-24,CH_REG_002,1,model_reco,anx_high_anxiety,1,0
EXP_U000705_9,U000705,2025-06-26,CH_ACT_002,1,model_reco,dep_low_daylight,0,1
EXP_U000705_10,U000705,2025-06-28,CH_ACT_002,1,model_reco,dep_low_daylight,0,1
EXP_U000705_11,U000705,2025-06-29,CH_ACT_002,1,model_reco,dep_low_daylight,0,1
EXP_U000705_12,U000705,2025-07-03,CH_ACT_002,1,model_reco,dep_low_daylight,0,0
EXP_U000705_13,U000705,2025-07-06,CH_ACT_002,1,model_reco,dep_low_daylight,1,0
EXP_U000705_14,U000705,2025-07-28,CH_ACT_003,1,model_reco,dep_low_activity,1,0
EXP_U000705_15,U000705,2025-08-15,CH_ACT_002,1,model_reco,dep_low_daylight,0,1
EXP_U000705_16,U000705,2025-08-17,CH_ACT_002,1,model_reco,dep_low_daylight,0,0
EXP_U000705_17,U000705,2025-08-19,CH_ACT_002,1,model_reco,dep_low_daylight,1,0
EXP_U000705_18,U000705,2025-08-20,CH_REG_001,1,model_reco,anx_high_anxiety,1,0
EXP_U000705_19,U000705,2025-08-23,CH_ACT_002,1,model_reco,dep_low_daylight,1,0
EXP_U000706_1,U000706,2025-08-08,CH_SLEEP_001,1,model_reco,ins_high_wake_irregular,0,0
EXP_U000706_2,U000706,2025-08-18,CH_ACT_001,1,model_reco,dep_low_energy,0,1
EXP_U000706_3,U000706,2025-08-20,CH_ACT_003,1,model_reco,dep_low_activity,0,1
EXP_U000706_4,U000706,2025-08-31,CH_SLEEP_001,1,model_reco,ins_high_wake_irregular,0,0
EXP_U000706_5,U000706,2025-09-11,CH_SLEEP_001,1,model_reco,ins_high_wake_irregular,1,0
EXP_U000706_6,U000706,2025-09-25,CH_SLEEP_001,1,model_reco,ins_high_wake_irregular,0,0
EXP_U000706_7,U000706,2025-09-26,CH_SLEEP_001,1,model_reco,ins_high_wake_irregular,0,1
EXP_U000706_8,U000706,2025-09-27,CH_SLEEP_001,1,model_reco,ins_high_wake_irregular,0,0
EXP_U000706_9,U000706,2025-10-09,CH_SLEEP_001,1,model_reco,ins_high_wake_irregular,1,0
EXP_U000707_1,U000707,2025-07-30,CH_ACT_002,1,model_reco,dep_low_daylight,0,0
EXP_U000707_2,U000707,2025-08-06,CH_ACT_002,1,model_reco,dep_low_daylight,1,0
EXP_U000707_3,U000707,2025-08-13,CH_ACT_002,1,model_reco,dep_low_daylight,0,1
EXP_U000707_4,U000707,2025-08-21,CH_SLEEP_001,1,model_reco,ins_high_wake_irregular,0,0
EXP_U000707_5,U000707,2025-08-22,CH_SLEEP_001,1,model_reco,ins_high_wake_irregular,0,1
EXP_U000707_6,U000707,2025-08-23,CH_SLEEP_001,1,model_reco,ins_high_wake_irregular,1,0
EXP_U000707_7,U000707,2025-08-26,CH_ACT_003,1,model_reco,dep_low_activity,0,0
EXP_U000707_8,U000707,2025-09-04,CH_SLEEP_001,1,model_reco,ins_high_wake_irregular,0,1
EXP_U000707_9,U000707,2025-09-06,CH_SLEEP_001,1,model_reco,ins_high_wake_irregular,0,1
EXP_U000707_10,U000707,2025-09-07,CH_SLEEP_001,1,model_reco,ins_high_wake_irregular,0,1
EXP_U000707_11,U000707,2025-09-08,CH_SLEEP_001,1,model_reco,ins_high_wake_irregular,0,1
EXP_U000707_12,U000707,2025-09-11,CH_SLEEP_001,1,model_reco,ins_high_wake_irregular,0,1
EXP_U000707_13,U000707,2025-09-14,CH_SLEEP_001,1,model_reco,ins_high_wake_irregular,0,1
EXP_U000707_14,U000707,2025-09-17,CH_SLEEP_001,1,model_reco,ins_high_wake_irregular,0,0
EXP_U000707_15,U000707,2025-09-19,CH_SLEEP_001,1,model_reco,ins_high_wake_irregular,0,1
EXP_U000707_16,U000707,2025-09-22,CH_SLEEP_001,1,model_reco,ins_high_wake_irregular,1,0
EXP_U000707_17,U000707,2025-09-24,CH_ACT_002,1,model_reco,dep_low_daylight,1,0
EXP_U000707_18,U000707,2025-09-25,CH_SOC_001,1,model_reco,low_social_contact,1,0
EXP_U000707_19,U000707,2025-09-27,CH_ACT_002,1,model_reco,dep_low_daylight,0,1
EXP_U000707_20,U000707,2025-10-01,CH_ACT_003,1,model_reco,dep_low_activity,1,0
EXP_U000707_21,U000707,2025-10-05,CH_SLEEP_001,1,model_reco,ins_high_wake_irregular,1,0
EXP_U000707_22,U000707,2025-10-09,CH_ACT_003,1,model_reco,dep_low_activity,0,0
EXP_U000707_23,U000707,2025-10-11,CH_ACT_002,1,model_reco,dep_low_daylight,0,0
EXP_U000707_24,U000707,2025-10-13,CH_SLEEP_001,1,model_reco,ins_high_wake_irregular,1,0
EXP_U000707_25,U000707,2025-10-17,CH_ACT_002,1,model_reco,dep_low_daylight,0,1
EXP_U000708_1,U000708,2025-06-23,CH_SLEEP_001,1,model_reco,ins_high_wake_irregular,0,0
EXP_U000708_2,U000708,2025-06-24,CH_SLEEP_001,1,model_reco,ins_high_wake_irregular,0,0
EXP_U000708_3,U000708,2025-07-01,CH_SLEEP_001,1,model_reco,ins_high_wake_irregular,0,1
EXP_U000708_4,U000708,2025-07-03,CH_SLEEP_001,1,model_reco,ins_high_wake_irregular,1,0
EXP_U000708_5,U000708,2025-07-17,CH_REG_001,1,model_reco,anx_high_anxiety,0,1
EXP_U000708_6,U000708,2025-08-15,CH_SLEEP_001,1,model_reco,ins_high_wake_irregular,1,0
EXP_U000708_7,U000708,2025-08-18,CH_REG_002,1,model_reco,anx_high_anxiety,1,0
EXP_U000708_8,U000708,2025-08-19,CH_REG_001,1,model_reco,anx_high_anxiety,0,0
EXP_U000708_9,U000708,2025-08-21,CH_REG_001,1,model_reco,anx_high_anxiety,0,1
EXP_U000708_10,U000708,2025-08-24,CH_SLEEP_001,1,model_reco,ins_high_wake_irregular,0,1
EXP_U000708_11,U000708,2025-08-30,CH_SLEEP_001,1,model_reco,ins_high_wake_irregular,0,0
EXP_U000708_12,U000708,2025-09-01,CH_SLEEP_001,1,model_reco,ins_high_wake_irregular,0,0
EXP_U000709_1,U000709,2025-08-20,CH_WELL_001,1,model_reco,supportive_wellbeing,1,0
EXP_U000709_2,U000709,2025-08-22,CH_WELL_001,1,model_reco,supportive_wellbeing,1,0
EXP_U000710_1,U000710,2025-08-19,CH_WELL_001,1,model_reco,supportive_wellbeing,0,1
EXP_U000710_2,U000710,2025-09-07,CH_WELL_001,1,model_reco,supportive_wellbeing,1,0
EXP_U000711_1,U000711,2025-06-29,CH_REG_001,1,model_reco,anx_high_anxiety,1,0
EXP_U000711_2,U000711,2025-07-15,CH_REG_001,1,model_reco,anx_high_anxiety,1,0
EXP_U000711_3,U000711,2025-07-18,CH_REG_001,1,model_reco,anx_high_anxiety,1,0
EXP_U000711_4,U000711,2025-07-24,CH_REG_001,1,model_reco,anx_high_anxiety,0,1
EXP_U000711_5,U000711,2025-07-26,CH_REG_001,1,model_reco,anx_high_anxiety,0,0
EXP_U000711_6,U000711,2025-07-30,CH_REG_002,1,model_reco,anx_high_anxiety,1,0
EXP_U000711_7,U000711,2025-07-31,CH_REG_001,1,model_reco,anx_high_anxiety,0,0
EXP_U000711_8,U000711,2025-08-04,CH_REG_001,1,model_reco,anx_high_anxiety,1,0
EXP_U000711_9,U000711,2025-08-09,CH_REG_002,1,model_reco,anx_high_anxiety,1,0
EXP_U000711_10,U000711,2025-08-10,CH_REG_001,1,model_reco,anx_high_anxiety,1,0
EXP_U000711_11,U000711,2025-08-17,CH_REG_001,1,model_reco,anx_high_anxiety,0,1
EXP_U000711_12,U000711,2025-08-23,CH_REG_001,1,model_reco,anx_high_anxiety,0,0
EXP_U000712_1,U000712,2025-07-22,CH_ACT_001,1,model_reco,dep_low_energy,0,1
EXP_U000712_2,U000712,2025-08-13,CH_ACT_001,1,model_reco,dep_low_energy,1,0
EXP_U000712_3,U000712,2025-08-19,CH_SLEEP_001,1,model_reco,ins_high_wake_irregular,1,0
EXP_U000712_4,U000712,2025-09-05,CH_ACT_001,1,model_reco,dep_low_energy,1,0
EXP_U000712_5,U000712,2025-09-18,CH_WELL_001,1,model_reco,supportive_wellbeing,0,0
EXP_U000713_1,U000713,2025-11-04,CH_WELL_001,1,model_reco,supportive_wellbeing,1,0
EXP_U000714_1,U000714,2025-08-22,CH_SLEEP_001,1,model_reco,ins_high_wake_irregular,0,0
EXP_U000714_2,U000714,2025-09-03,CH_REG_001,1,model_reco,anx_high_anxiety,0,0
EXP_U000714_3,U000714,2025-09-06,CH_SLEEP_001,1,model_reco,ins_high_wake_irregular,0,0
EXP_U000714_4,U000714,2025-09-14,CH_SLEEP_001,1,model_reco,ins_high_wake_irregular,1,0
EXP_U000714_5,U000714,2025-10-31,CH_SLEEP_001,1,model_reco,ins_high_wake_irregular,0,0
EXP_U000714_6,U000714,2025-11-01,CH_SLEEP_001,1,model_reco,ins_high_wake_irregular,0,1
EXP_U000716_1,U000716,2025-07-25,CH_SLEEP_001,1,model_reco,ins_high_wake_irregular,1,0
EXP_U000716_2,U000716,2025-08-12,CH_SLEEP_001,1,model_reco,ins_high_wake_irregular,0,1
EXP_U000716_3,U000716,2025-08-16,CH_SLEEP_001,1,model_reco,ins_high_wake_irregular,1,0
EXP_U000716_4,U000716,2025-08-26,CH_SLEEP_001,1,model_reco,ins_high_wake_irregular,0,0
EXP_U000716_5,U000716,2025-09-12,CH_SLEEP_001,1,model_reco,ins_high_wake_irregular,1,0
EXP_U000716_6,U000716,2025-09-19,CH_SLEEP_001,1,model_reco,ins_high_wake_irregular,1,0
EXP_U000716_7,U000716,2025-10-02,CH_SLEEP_001,1,model_reco,ins_high_wake_irregular,1,0
EXP_U000716_8,U000716,2025-10-09,CH_SLEEP_001,1,model_reco,ins_high_wake_irregular,1,0
EXP_U000717_1,U000717,2025-08-04,CH_SLEEP_001,1,model_reco,ins_high_wake_irregular,0,1
EXP_U000717_2,U000717,2025-08-14,CH_SLEEP_001,1,model_reco,ins_high_wake_irregular,0,0
EXP_U000717_3,U000717,2025-08-23,CH_SLEEP_001,1,model_reco,ins_high_wake_irregular,0,0
EXP_U000717_4,U000717,2025-08-24,CH_SLEEP_001,1,model_reco,ins_high_wake_irregular,1,0
EXP_U000717_5,U000717,2025-09-20,CH_SLEEP_001,1,model_reco,ins_high_wake_irregular,1,0
EXP_U000717_6,U000717,2025-10-15,CH_SLEEP_001,1,model_reco,ins_high_wake_irregular,0,1
EXP_U000718_1,U000718,2025-07-13,CH_SLEEP_001,1,model_reco,ins_high_wake_irregular,0,1
EXP_U000718_2,U000718,2025-07-21,CH_SLEEP_001,1,model_reco,ins_high_wake_irregular,0,0
EXP_U000718_3,U000718,2025-09-04,CH_SLEEP_001,1,model_reco,ins_high_wake_irregular,0,1
EXP_U000719_1,U000719,2025-06-22,CH_SLEEP_001,1,model_reco,ins_high_wake_irregular,0,0
EXP_U000719_2,U000719,2025-06-26,CH_SLEEP_001,1,model_reco,ins_high_wake_irregular,0,0
EXP_U000719_3,U000719,2025-07-02,CH_SLEEP_001,1,model_reco,ins_high_wake_irregular,0,1
EXP_U000719_4,U000719,2025-07-06,CH_SLEEP_001,1,model_reco,ins_high_wake_irregular,1,0
EXP_U000719_5,U000719,2025-07-14,CH_SLEEP_001,1,model_reco,ins_high_wake_irregular,1,0
EXP_U000719_6,U000719,2025-07-26,CH_SLEEP_001,1,model_reco,ins_high_wake_irregular,1,0
EXP_U000719_7,U000719,2025-08-16,CH_SLEEP_001,1,model_reco,ins_high_wake_irregular,0,1
EXP_U000719_8,U000719,2025-08-24,CH_SLEEP_001,1,model_reco,ins_high_wake_irregular,1,0
EXP_U000719_9,U000719,2025-09-01,CH_SLEEP_001,1,model_reco,ins_high_wake_irregular,0,1
EXP_U000719_10,U000719,2025-09-07,CH_SLEEP_001,1,model_reco,ins_high_wake_irregular,1,0
EXP_U000720_1,U000720,2025-08-16,CH_WELL_001,1,model_reco,supportive_wellbeing,0,1
EXP_U000721_1,U000721,2025-06-08,CH_ACT_003,1,model_reco,dep_low_activity,0,0
EXP_U000721_2,U000721,2025-06-14,CH_ACT_002,1,model_reco,dep_low_daylight,0,0
EXP_U000721_3,U000721,2025-06-19,CH_ACT_003,1,model_reco,dep_low_activity,0,1
EXP_U000721_4,U000721,2025-07-05,CH_ACT_003,1,model_reco,dep_low_activity,0,0
EXP_U000721_5,U000721,2025-07-11,CH_ACT_003,1,model_reco,dep_low_activity,0,0
EXP_U000721_6,U000721,2025-07-12,CH_ACT_003,1,model_reco,dep_low_activity,0,0
EXP_U000721_7,U000721,2025-07-30,CH_ACT_003,1,model_reco,dep_low_activity,1,0
EXP_U000721_8,U000721,2025-08-05,CH_ACT_003,1,model_reco,dep_low_activity,0,0
EXP_U000721_9,U000721,2025-08-09,CH_ACT_002,1,model_reco,dep_low_daylight,0,1
EXP_U000721_10,U000721,2025-08-23,CH_SLEEP_001,1,model_reco,ins_high_wake_irregular,0,1
EXP_U000721_11,U000721,2025-08-28,CH_ACT_003,1,model_reco,dep_low_activity,0,0
EXP_U000722_1,U000722,2025-09-20,CH_WELL_001,1,model_reco,supportive_wellbeing,1,0
EXP_U000723_1,U000723,2025-07-14,CH_SLEEP_001,1,model_reco,ins_high_wake_irregular,0,0
EXP_U000723_2,U000723,2025-08-04,CH_WELL_001,1,model_reco,supportive_wellbeing,1,0
EXP_U000723_3,U000723,2025-08-18,CH_SLEEP_001,1,model_reco,ins_high_wake_irregular,0,1
EXP_U000723_4,U000723,2025-08-27,CH_REG_002,1,model_reco,anx_high_anxiety,0,0
EXP_U000723_5,U000723,2025-09-01,CH_SLEEP_001,1,model_reco,ins_high_wake_irregular,0,0
EXP_U000723_6,U000723,2025-09-10,CH_SLEEP_001,1,model_reco,ins_high_wake_irregular,1,0
EXP_U000723_7,U000723,2025-09-26,CH_SLEEP_001,1,model_reco,ins_high_wake_irregular,0,0
EXP_U000723_8,U000723,2025-09-27,CH_SLEEP_001,1,model_reco,ins_high_wake_irregular,1,0
EXP_U000723_9,U000723,2025-09-28,CH_REG_002,1,model_reco,anx_high_anxiety,0,1
EXP_U000723_10,U000723,2025-09-29,CH_REG_001,1,model_reco,anx_high_anxiety,0,1
EXP_U000724_1,U000724,2025-07-06,CH_REG_002,1,model_reco,anx_high_anxiety,1,0
EXP_U000724_2,U000724,2025-07-07,CH_REG_002,1,model_reco,anx_high_anxiety,1,0
EXP_U000724_3,U000724,2025-07-14,CH_REG_001,1,model_reco,anx_high_anxiety,0,1
EXP_U000724_4,U000724,2025-07-24,CH_ACT_002,1,model_reco,dep_low_daylight,1,0
EXP_U000724_5,U000724,2025-07-25,CH_REG_001,1,model_reco,anx_high_anxiety,0,0
EXP_U000724_6,U000724,2025-07-28,CH_REG_002,1,model_reco,anx_high_anxiety,0,0
EXP_U000724_7,U000724,2025-07-29,CH_REG_001,1,model_reco,anx_high_anxiety,0,0
EXP_U000724_8,U000724,2025-07-30,CH_REG_002,1,model_reco,anx_high_anxiety,1,0
EXP_U000724_9,U000724,2025-08-04,CH_REG_001,1,model_reco,anx_high_anxiety,1,0
EXP_U000724_10,U000724,2025-08-10,CH_REG_001,1,model_reco,anx_high_anxiety,1,0
EXP_U000724_11,U000724,2025-08-12,CH_REG_001,1,model_reco,anx_high_anxiety,1,0
EXP_U000724_12,U000724,2025-08-20,CH_REG_001,1,model_reco,anx_high_anxiety,1,0
EXP_U000724_13,U000724,2025-08-21,CH_REG_001,1,model_reco,anx_high_anxiety,1,0
EXP_U000724_14,U000724,2025-08-22,CH_REG_002,1,model_reco,anx_high_anxiety,1,0
EXP_U000724_15,U000724,2025-08-23,CH_REG_001,1,model_reco,anx_high_anxiety,1,0
EXP_U000724_16,U000724,2025-08-25,CH_REG_001,1,model_reco,anx_high_anxiety,1,0
EXP_U000724_17,U000724,2025-08-26,CH_REG_001,1,model_reco,anx_high_anxiety,1,0
EXP_U000724_18,U000724,2025-08-28,CH_REG_001,1,model_reco,anx_high_anxiety,1,0
EXP_U000724_19,U000724,2025-08-30,CH_REG_001,1,model_reco,anx_high_anxiety,1,0
EXP_U000724_20,U000724,2025-08-31,CH_REG_002,1,model_reco,anx_high_anxiety,1,0
EXP_U000724_21,U000724,2025-09-01,CH_REG_002,1,model_reco,anx_high_anxiety,1,0
EXP_U000724_22,U000724,2025-09-09,CH_REG_001,1,model_reco,anx_high_anxiety,0,0
EXP_U000724_23,U000724,2025-09-13,CH_REG_001,1,model_reco,anx_high_anxiety,0,1
EXP_U000724_24,U000724,2025-09-15,CH_REG_001,1,model_reco,anx_high_anxiety,0,1
EXP_U000724_25,U000724,2025-09-17,CH_REG_001,1,model_reco,anx_high_anxiety,1,0
EXP_U000724_26,U000724,2025-09-22,CH_REG_002,1,model_reco,anx_high_anxiety,1,0
EXP_U000724_27,U000724,2025-09-24,CH_REG_001,1,model_reco,anx_high_anxiety,0,0
EXP_U000725_1,U000725,2025-09-02,CH_SLEEP_001,1,model_reco,ins_high_wake_irregular,0,0
EXP_U000725_2,U000725,2025-09-04,CH_SLEEP_001,1,model_reco,ins_high_wake_irregular,0,1
EXP_U000725_3,U000725,2025-09-06,CH_SLEEP_001,1,model_reco,ins_high_wake_irregular,0,0
EXP_U000725_4,U000725,2025-09-17,CH_ACT_002,1,model_reco,dep_low_daylight,0,1
EXP_U000725_5,U000725,2025-09-25,CH_SLEEP_001,1,model_reco,ins_high_wake_irregular,0,1
EXP_U000725_6,U000725,2025-10-25,CH_ACT_002,1,model_reco,dep_low_daylight,0,0
EXP_U000725_7,U000725,2025-10-28,CH_SLEEP_001,1,model_reco,ins_high_wake_irregular,0,1
EXP_U000725_8,U000725,2025-11-10,CH_SLEEP_001,1,model_reco,ins_high_wake_irregular,0,0
EXP_U000725_9,U000725,2025-11-21,CH_SLEEP_001,1,model_reco,ins_high_wake_irregular,1,0
EXP_U000726_1,U000726,2025-06-23,CH_SLEEP_001,1,model_reco,ins_high_wake_irregular,1,0
EXP_U000726_2,U000726,2025-06-29,CH_SLEEP_001,1,model_reco,ins_high_wake_irregular,0,0
EXP_U000726_3,U000726,2025-07-03,CH_SLEEP_001,1,model_reco,ins_high_wake_irregular,1,0
EXP_U000726_4,U000726,2025-07-06,CH_ACT_001,1,model_reco,dep_low_energy,0,1
EXP_U000726_5,U000726,2025-07-17,CH_SLEEP_001,1,model_reco,ins_high_wake_irregular,0,1
EXP_U000726_6,U000726,2025-07-18,CH_SLEEP_001,1,model_reco,ins_high_wake_irregular,0,1
EXP_U000726_7,U000726,2025-07-22,CH_SLEEP_001,1,model_reco,ins_high_wake_irregular,0,0
EXP_U000726_8,U000726,2025-07-29,CH_SLEEP_001,1,model_reco,ins_high_wake_irregular,0,1
EXP_U000726_9,U000726,2025-08-05,CH_SLEEP_001,1,model_reco,ins_high_wake_irregular,0,0
EXP_U000726_10,U000726,2025-08-06,CH_SLEEP_001,1,model_reco,ins_high_wake_irregular,0,0
EXP_U000726_11,U000726,2025-08-07,CH_SLEEP_001,1,model_reco,ins_high_wake_irregular,0,0
EXP_U000726_12,U000726,2025-08-12,CH_SLEEP_001,1,model_reco,ins_high_wake_irregular,0,1
EXP_U000726_13,U000726,2025-08-16,CH_SLEEP_001,1,model_reco,ins_high_wake_irregular,0,0
EXP_U000726_14,U000726,2025-08-25,CH_SLEEP_001,1,model_reco,ins_high_wake_irregular,1,0
EXP_U000726_15,U000726,2025-08-27,CH_SLEEP_001,1,model_reco,ins_high_wake_irregular,0,1
EXP_U000727_1,U000727,2025-07-25,CH_ACT_001,1,model_reco,dep_low_energy,1,0
EXP_U000727_2,U000727,2025-07-29,CH_SOC_001,1,model_reco,low_social_contact,0,0
EXP_U000727_3,U000727,2025-08-02,CH_ACT_002,1,model_reco,dep_low_daylight,0,0
EXP_U000727_4,U000727,2025-08-04,CH_ACT_002,1,model_reco,dep_low_daylight,1,0
EXP_U000727_5,U000727,2025-08-07,CH_ACT_002,1,model_reco,dep_low_daylight,1,0
EXP_U000727_6,U000727,2025-08-08,CH_SOC_001,1,model_reco,low_social_contact,1,0
EXP_U000727_7,U000727,2025-08-23,CH_ACT_003,1,model_reco,dep_low_activity,1,0
EXP_U000727_8,U000727,2025-08-27,CH_ACT_003,1,model_reco,dep_low_activity,0,1
EXP_U000727_9,U000727,2025-09-10,CH_ACT_003,1,model_reco,dep_low_activity,0,1
EXP_U000727_10,U000727,2025-09-13,CH_ACT_002,1,model_reco,dep_low_daylight,0,0
EXP_U000727_11,U000727,2025-09-17,CH_ACT_003,1,model_reco,dep_low_activity,1,0
EXP_U000727_12,U000727,2025-09-23,CH_ACT_002,1,model_reco,dep_low_daylight,0,0
EXP_U000727_13,U000727,2025-09-24,CH_ACT_002,1,model_reco,dep_low_daylight,0,1
EXP_U000727_14,U000727,2025-10-01,CH_ACT_002,1,model_reco,dep_low_daylight,0,1
EXP_U000727_15,U000727,2025-10-04,CH_ACT_002,1,model_reco,dep_low_daylight,1,0
EXP_U000728_1,U000728,2025-09-09,CH_REG_002,1,model_reco,anx_high_anxiety,1,0
EXP_U000728_2,U000728,2025-09-11,CH_REG_001,1,model_reco,anx_high_anxiety,1,0
EXP_U000728_3,U000728,2025-09-12,CH_REG_001,1,model_reco,anx_high_anxiety,0,0
EXP_U000728_4,U000728,2025-09-15,CH_REG_001,1,model_reco,anx_high_anxiety,0,0
EXP_U000728_5,U000728,2025-09-16,CH_REG_002,1,model_reco,anx_high_anxiety,1,0
EXP_U000728_6,U000728,2025-09-18,CH_REG_001,1,model_reco,anx_high_anxiety,1,0
EXP_U000728_7,U000728,2025-09-21,CH_REG_001,1,model_reco,anx_high_anxiety,0,0
EXP_U000728_8,U000728,2025-10-08,CH_REG_001,1,model_reco,anx_high_anxiety,1,0
EXP_U000728_9,U000728,2025-10-10,CH_REG_001,1,model_reco,anx_high_anxiety,1,0
EXP_U000728_10,U000728,2025-10-12,CH_REG_001,1,model_reco,anx_high_anxiety,1,0
EXP_U000728_11,U000728,2025-10-15,CH_REG_002,1,model_reco,anx_high_anxiety,0,1
EXP_U000728_12,U000728,2025-10-21,CH_REG_002,1,model_reco,anx_high_anxiety,0,0
EXP_U000728_13,U000728,2025-10-24,CH_REG_002,1,model_reco,anx_high_anxiety,0,0
EXP_U000728_14,U000728,2025-10-25,CH_REG_002,1,model_reco,anx_high_anxiety,1,0
EXP_U000728_15,U000728,2025-10-30,CH_REG_001,1,model_reco,anx_high_anxiety,1,0
EXP_U000728_16,U000728,2025-11-01,CH_REG_001,1,model_reco,anx_high_anxiety,0,0
EXP_U000728_17,U000728,2025-11-06,CH_REG_001,1,model_reco,anx_high_anxiety,0,1
EXP_U000728_18,U000728,2025-11-07,CH_REG_002,1,model_reco,anx_high_anxiety,0,1
EXP_U000728_19,U000728,2025-11-13,CH_REG_001,1,model_reco,anx_high_anxiety,0,1
EXP_U000728_20,U000728,2025-11-14,CH_REG_001,1,model_reco,anx_high_anxiety,1,0
EXP_U000729_1,U000729,2025-09-20,CH_ACT_002,1,model_reco,dep_low_daylight,0,1
EXP_U000729_2,U000729,2025-09-24,CH_ACT_003,1,model_reco,dep_low_activity,0,1
EXP_U000729_3,U000729,2025-10-01,CH_ACT_003,1,model_reco,dep_low_activity,1,0
EXP_U000729_4,U000729,2025-10-02,CH_SOC_001,1,model_reco,low_social_contact,0,1
EXP_U000730_1,U000730,2025-09-23,CH_WELL_001,1,model_reco,supportive_wellbeing,1,0
EXP_U000731_1,U000731,2025-08-09,CH_REG_001,1,model_reco,anx_high_anxiety,1,0
EXP_U000731_2,U000731,2025-08-26,CH_REG_001,1,model_reco,anx_high_anxiety,1,0
EXP_U000731_3,U000731,2025-09-16,CH_REG_001,1,model_reco,anx_high_anxiety,1,0
EXP_U000731_4,U000731,2025-09-20,CH_REG_002,1,model_reco,anx_high_anxiety,1,0
EXP_U000731_5,U000731,2025-09-23,CH_REG_001,1,model_reco,anx_high_anxiety,1,0
EXP_U000731_6,U000731,2025-10-11,CH_REG_001,1,model_reco,anx_high_anxiety,0,0
EXP_U000733_1,U000733,2025-08-28,CH_SLEEP_001,1,model_reco,ins_high_wake_irregular,1,0
EXP_U000733_2,U000733,2025-08-31,CH_ACT_001,1,model_reco,dep_low_energy,0,1
EXP_U000733_3,U000733,2025-09-06,CH_SLEEP_001,1,model_reco,ins_high_wake_irregular,0,1
EXP_U000733_4,U000733,2025-09-18,CH_SLEEP_001,1,model_reco,ins_high_wake_irregular,0,1
EXP_U000733_5,U000733,2025-09-27,CH_SLEEP_001,1,model_reco,ins_high_wake_irregular,1,0
EXP_U000733_6,U000733,2025-09-30,CH_REG_001,1,model_reco,anx_high_anxiety,1,0
EXP_U000733_7,U000733,2025-10-01,CH_SLEEP_001,1,model_reco,ins_high_wake_irregular,1,0
EXP_U000733_8,U000733,2025-10-06,CH_REG_001,1,model_reco,anx_high_anxiety,1,0
EXP_U000733_9,U000733,2025-10-08,CH_SLEEP_001,1,model_reco,ins_high_wake_irregular,0,1
EXP_U000733_10,U000733,2025-10-13,CH_SLEEP_001,1,model_reco,ins_high_wake_irregular,0,0
EXP_U000733_11,U000733,2025-10-18,CH_SLEEP_001,1,model_reco,ins_high_wake_irregular,1,0
EXP_U000733_12,U000733,2025-10-24,CH_REG_001,1,model_reco,anx_high_anxiety,0,1
EXP_U000733_13,U000733,2025-10-26,CH_SLEEP_001,1,model_reco,ins_high_wake_irregular,0,1
EXP_U000733_14,U000733,2025-10-28,CH_SLEEP_001,1,model_reco,ins_high_wake_irregular,0,0
EXP_U000733_15,U000733,2025-10-29,CH_SLEEP_001,1,model_reco,ins_high_wake_irregular,0,1
EXP_U000733_16,U000733,2025-11-04,CH_SLEEP_001,1,model_reco,ins_high_wake_irregular,0,0
EXP_U000733_17,U000733,2025-11-06,CH_SLEEP_001,1,model_reco,ins_high_wake_irregular,0,0
EXP_U000733_18,U000733,2025-11-15,CH_SLEEP_001,1,model_reco,ins_high_wake_irregular,0,0
EXP_U000734_1,U000734,2025-06-15,CH_SLEEP_001,1,model_reco,ins_high_wake_irregular,1,0
EXP_U000734_2,U000734,2025-06-18,CH_ACT_001,1,model_reco,dep_low_energy,0,1
EXP_U000734_3,U000734,2025-06-19,CH_ACT_001,1,model_reco,dep_low_energy,0,0
EXP_U000734_4,U000734,2025-06-25,CH_SLEEP_001,1,model_reco,ins_high_wake_irregular,1,0
EXP_U000734_5,U000734,2025-06-28,CH_ACT_003,1,model_reco,dep_low_activity,0,1
EXP_U000734_6,U000734,2025-06-30,CH_ACT_003,1,model_reco,dep_low_activity,0,0
EXP_U000734_7,U000734,2025-07-03,CH_SLEEP_001,1,model_reco,ins_high_wake_irregular,0,0
EXP_U000734_8,U000734,2025-07-06,CH_SLEEP_001,1,model_reco,ins_high_wake_irregular,1,0
EXP_U000734_9,U000734,2025-08-07,CH_SLEEP_001,1,model_reco,ins_high_wake_irregular,0,0
EXP_U000734_10,U000734,2025-08-11,CH_SLEEP_001,1,model_reco,ins_high_wake_irregular,0,0
EXP_U000734_11,U000734,2025-08-12,CH_SLEEP_001,1,model_reco,ins_high_wake_irregular,0,0
EXP_U000734_12,U000734,2025-08-17,CH_SLEEP_001,1,model_reco,ins_high_wake_irregular,1,0
EXP_U000734_13,U000734,2025-08-24,CH_SLEEP_001,1,model_reco,ins_high_wake_irregular,0,1
EXP_U000734_14,U000734,2025-08-25,CH_SLEEP_001,1,model_reco,ins_high_wake_irregular,0,0
EXP_U000735_1,U000735,2025-09-10,CH_SLEEP_001,1,model_reco,ins_high_wake_irregular,0,1
EXP_U000735_2,U000735,2025-09-18,CH_REG_001,1,model_reco,anx_high_anxiety,0,1
EXP_U000735_3,U000735,2025-09-25,CH_REG_001,1,model_reco,anx_high_anxiety,1,0
EXP_U000735_4,U000735,2025-09-28,CH_REG_001,1,model_reco,anx_high_anxiety,1,0
EXP_U000735_5,U000735,2025-09-30,CH_REG_002,1,model_reco,anx_high_anxiety,1,0
EXP_U000735_6,U000735,2025-10-09,CH_REG_001,1,model_reco,anx_high_anxiety,0,0
EXP_U000735_7,U000735,2025-10-13,CH_SLEEP_001,1,model_reco,ins_high_wake_irregular,0,0
EXP_U000735_8,U000735,2025-10-14,CH_REG_001,1,model_reco,anx_high_anxiety,1,0
EXP_U000735_9,U000735,2025-10-23,CH_REG_001,1,model_reco,anx_high_anxiety,0,1
EXP_U000735_10,U000735,2025-10-29,CH_REG_001,1,model_reco,anx_high_anxiety,0,0
EXP_U000737_1,U000737,2025-10-17,CH_REG_002,1,model_reco,anx_high_anxiety,0,1
EXP_U000737_2,U000737,2025-10-28,CH_REG_001,1,model_reco,anx_high_anxiety,1,0
EXP_U000737_3,U000737,2025-11-18,CH_REG_001,1,model_reco,anx_high_anxiety,0,1
EXP_U000738_1,U000738,2025-07-11,CH_WELL_001,1,model_reco,supportive_wellbeing,0,0
EXP_U000738_2,U000738,2025-07-19,CH_WELL_001,1,model_reco,supportive_wellbeing,0,1
EXP_U000738_3,U000738,2025-08-08,CH_WELL_001,1,model_reco,supportive_wellbeing,1,0
EXP_U000738_4,U000738,2025-09-08,CH_WELL_001,1,model_reco,supportive_wellbeing,1,0
EXP_U000739_1,U000739,2025-08-04,CH_WELL_001,1,model_reco,supportive_wellbeing,1,0
EXP_U000740_1,U000740,2025-06-29,CH_REG_001,1,model_reco,anx_high_anxiety,0,1
EXP_U000740_2,U000740,2025-06-30,CH_REG_001,1,model_reco,anx_high_anxiety,0,1
EXP_U000740_3,U000740,2025-07-20,CH_SLEEP_001,1,model_reco,ins_high_wake_irregular,0,1
EXP_U000740_4,U000740,2025-07-24,CH_REG_001,1,model_reco,anx_high_anxiety,0,0
EXP_U000740_5,U000740,2025-07-28,CH_REG_002,1,model_reco,anx_high_anxiety,1,0
EXP_U000740_6,U000740,2025-07-29,CH_REG_002,1,model_reco,anx_high_anxiety,1,0
EXP_U000740_7,U000740,2025-07-30,CH_REG_002,1,model_reco,anx_high_anxiety,0,1
EXP_U000740_8,U000740,2025-08-09,CH_REG_001,1,model_reco,anx_high_anxiety,0,0
EXP_U000740_9,U000740,2025-08-16,CH_SLEEP_001,1,model_reco,ins_high_wake_irregular,0,0
EXP_U000740_10,U000740,2025-08-19,CH_REG_001,1,model_reco,anx_high_anxiety,1,0
EXP_U000740_11,U000740,2025-08-26,CH_REG_001,1,model_reco,anx_high_anxiety,1,0
EXP_U000740_12,U000740,2025-08-29,CH_REG_001,1,model_reco,anx_high_anxiety,1,0
EXP_U000740_13,U000740,2025-09-02,CH_REG_002,1,model_reco,anx_high_anxiety,0,0
EXP_U000740_14,U000740,2025-09-09,CH_REG_002,1,model_reco,anx_high_anxiety,1,0
EXP_U000740_15,U000740,2025-09-13,CH_REG_001,1,model_reco,anx_high_anxiety,0,1
EXP_U000741_1,U000741,2025-07-06,CH_SLEEP_001,1,model_reco,ins_high_wake_irregular,0,1
EXP_U000741_2,U000741,2025-07-14,CH_SLEEP_001,1,model_reco,ins_high_wake_irregular,0,0
EXP_U000741_3,U000741,2025-07-20,CH_SLEEP_001,1,model_reco,ins_high_wake_irregular,0,0
EXP_U000741_4,U000741,2025-07-22,CH_SLEEP_001,1,model_reco,ins_high_wake_irregular,0,0
EXP_U000741_5,U000741,2025-07-26,CH_SLEEP_001,1,model_reco,ins_high_wake_irregular,0,0
EXP_U000741_6,U000741,2025-08-11,CH_SLEEP_001,1,model_reco,ins_high_wake_irregular,0,0
EXP_U000741_7,U000741,2025-08-26,CH_SLEEP_001,1,model_reco,ins_high_wake_irregular,0,0
EXP_U000741_8,U000741,2025-08-28,CH_SLEEP_001,1,model_reco,ins_high_wake_irregular,0,0
EXP_U000741_9,U000741,2025-09-08,CH_SLEEP_001,1,model_reco,ins_high_wake_irregular,1,0
EXP_U000742_1,U000742,2025-07-30,CH_REG_001,1,model_reco,anx_high_anxiety,1,0
EXP_U000744_1,U000744,2025-07-05,CH_SLEEP_001,1,model_reco,ins_high_wake_irregular,0,1
EXP_U000744_2,U000744,2025-07-10,CH_SLEEP_001,1,model_reco,ins_high_wake_irregular,0,1
EXP_U000744_3,U000744,2025-07-13,CH_SLEEP_001,1,model_reco,ins_high_wake_irregular,0,1
EXP_U000744_4,U000744,2025-07-18,CH_SLEEP_001,1,model_reco,ins_high_wake_irregular,1,0
EXP_U000744_5,U000744,2025-07-27,CH_SLEEP_001,1,model_reco,ins_high_wake_irregular,0,0
EXP_U000744_6,U000744,2025-07-29,CH_SLEEP_001,1,model_reco,ins_high_wake_irregular,0,1
EXP_U000744_7,U000744,2025-07-30,CH_SLEEP_001,1,model_reco,ins_high_wake_irregular,1,0
EXP_U000744_8,U000744,2025-08-07,CH_SLEEP_001,1,model_reco,ins_high_wake_irregular,1,0
EXP_U000744_9,U000744,2025-08-15,CH_SLEEP_001,1,model_reco,ins_high_wake_irregular,0,1
EXP_U000744_10,U000744,2025-08-18,CH_SLEEP_001,1,model_reco,ins_high_wake_irregular,0,1
EXP_U000744_11,U000744,2025-08-21,CH_SLEEP_001,1,model_reco,ins_high_wake_irregular,0,0
EXP_U000744_12,U000744,2025-08-23,CH_SLEEP_001,1,model_reco,ins_high_wake_irregular,0,1
EXP_U000744_13,U000744,2025-08-25,CH_SLEEP_001,1,model_reco,ins_high_wake_irregular,0,0
EXP_U000744_14,U000744,2025-09-11,CH_SLEEP_001,1,model_reco,ins_high_wake_irregular,0,1
EXP_U000744_15,U000744,2025-09-13,CH_SLEEP_001,1,model_reco,ins_high_wake_irregular,0,1
EXP_U000744_16,U000744,2025-09-17,CH_SLEEP_001,1,model_reco,ins_high_wake_irregular,0,1
EXP_U000746_1,U000746,2025-06-16,CH_ACT_003,1,model_reco,dep_low_activity,0,1
EXP_U000746_2,U000746,2025-07-03,CH_ACT_002,1,model_reco,dep_low_daylight,0,1
EXP_U000746_3,U000746,2025-07-07,CH_ACT_002,1,model_reco,dep_low_daylight,0,0
EXP_U000746_4,U000746,2025-07-09,CH_SLEEP_001,1,model_reco,ins_high_wake_irregular,0,0
EXP_U000746_5,U000746,2025-07-19,CH_ACT_003,1,model_reco,dep_low_activity,1,0
EXP_U000746_6,U000746,2025-08-01,CH_ACT_002,1,model_reco,dep_low_daylight,0,1
EXP_U000746_7,U000746,2025-08-04,CH_ACT_002,1,model_reco,dep_low_daylight,1,0
EXP_U000746_8,U000746,2025-08-08,CH_ACT_003,1,model_reco,dep_low_activity,1,0
EXP_U000746_9,U000746,2025-08-12,CH_ACT_002,1,model_reco,dep_low_daylight,1,0
EXP_U000746_10,U000746,2025-08-14,CH_REG_002,1,model_reco,anx_high_anxiety,0,1
EXP_U000746_11,U000746,2025-08-17,CH_ACT_003,1,model_reco,dep_low_activity,0,1
EXP_U000746_12,U000746,2025-08-25,CH_ACT_002,1,model_reco,dep_low_daylight,0,1
EXP_U000746_13,U000746,2025-08-29,CH_ACT_003,1,model_reco,dep_low_activity,0,1
EXP_U000746_14,U000746,2025-08-31,CH_SLEEP_001,1,model_reco,ins_high_wake_irregular,0,0
EXP_U000747_1,U000747,2025-06-10,CH_SLEEP_001,1,model_reco,ins_high_wake_irregular,0,1
EXP_U000747_2,U000747,2025-06-11,CH_SLEEP_001,1,model_reco,ins_high_wake_irregular,0,1
EXP_U000747_3,U000747,2025-06-12,CH_SLEEP_001,1,model_reco,ins_high_wake_irregular,0,0
EXP_U000747_4,U000747,2025-06-16,CH_SLEEP_001,1,model_reco,ins_high_wake_irregular,1,0
EXP_U000747_5,U000747,2025-06-22,CH_WELL_001,1,model_reco,supportive_wellbeing,0,1
EXP_U000747_6,U000747,2025-06-23,CH_SLEEP_001,1,model_reco,ins_high_wake_irregular,0,0
EXP_U000747_7,U000747,2025-06-25,CH_SLEEP_001,1,model_reco,ins_high_wake_irregular,0,1
EXP_U000747_8,U000747,2025-06-26,CH_SLEEP_001,1,model_reco,ins_high_wake_irregular,0,0
EXP_U000747_9,U000747,2025-06-28,CH_SLEEP_001,1,model_reco,ins_high_wake_irregular,0,0
EXP_U000747_10,U000747,2025-07-01,CH_SLEEP_001,1,model_reco,ins_high_wake_irregular,0,0
EXP_U000747_11,U000747,2025-07-03,CH_SLEEP_001,1,model_reco,ins_high_wake_irregular,0,0
EXP_U000747_12,U000747,2025-07-08,CH_SLEEP_001,1,model_reco,ins_high_wake_irregular,0,0
EXP_U000747_13,U000747,2025-07-09,CH_SLEEP_001,1,model_reco,ins_high_wake_irregular,0,1
EXP_U000747_14,U000747,2025-07-12,CH_SLEEP_001,1,model_reco,ins_high_wake_irregular,0,1
EXP_U000747_15,U000747,2025-07-18,CH_SLEEP_001,1,model_reco,ins_high_wake_irregular,0,1
EXP_U000747_16,U000747,2025-07-20,CH_SLEEP_001,1,model_reco,ins_high_wake_irregular,0,1
EXP_U000747_17,U000747,2025-07-21,CH_SLEEP_001,1,model_reco,ins_high_wake_irregular,0,1
EXP_U000747_18,U000747,2025-08-01,CH_SLEEP_001,1,model_reco,ins_high_wake_irregular,0,0
EXP_U000747_19,U000747,2025-08-05,CH_SLEEP_001,1,model_reco,ins_high_wake_irregular,1,0
EXP_U000747_20,U000747,2025-08-06,CH_WELL_001,1,model_reco,supportive_wellbeing,0,1
EXP_U000747_21,U000747,2025-08-10,CH_REG_002,1,model_reco,anx_high_anxiety,0,0
EXP_U000747_22,U000747,2025-08-13,CH_SLEEP_001,1,model_reco,ins_high_wake_irregular,0,0
EXP_U000747_23,U000747,2025-08-14,CH_SLEEP_001,1,model_reco,ins_high_wake_irregular,0,1
EXP_U000747_24,U000747,2025-08-18,CH_SLEEP_001,1,model_reco,ins_high_wake_irregular,0,1
EXP_U000747_25,U000747,2025-08-19,CH_SLEEP_001,1,model_reco,ins_high_wake_irregular,0,1
EXP_U000747_26,U000747,2025-09-01,CH_SLEEP_001,1,model_reco,ins_high_wake_irregular,0,1
EXP_U000748_1,U000748,2025-09-04,CH_ACT_001,1,model_reco,dep_low_energy,1,0
EXP_U000748_2,U000748,2025-09-25,CH_ACT_001,1,model_reco,dep_low_energy,0,1
EXP_U000750_1,U000750,2025-08-24,CH_REG_001,1,model_reco,anx_high_anxiety,0,1
EXP_U000750_2,U000750,2025-09-08,CH_REG_001,1,model_reco,anx_high_anxiety,1,0
EXP_U000750_3,U000750,2025-09-09,CH_REG_001,1,model_reco,anx_high_anxiety,1,0
EXP_U000750_4,U000750,2025-09-13,CH_REG_001,1,model_reco,anx_high_anxiety,0,1
EXP_U000750_5,U000750,2025-09-30,CH_REG_002,1,model_reco,anx_high_anxiety,1,0
EXP_U000750_6,U000750,2025-10-12,CH_REG_001,1,model_reco,anx_high_anxiety,0,1
EXP_U000751_1,U000751,2025-08-31,CH_ACT_001,1,model_reco,dep_low_energy,0,1
EXP_U000751_2,U000751,2025-09-03,CH_ACT_001,1,model_reco,dep_low_energy,0,1
EXP_U000751_3,U000751,2025-09-08,CH_ACT_003,1,model_reco,dep_low_activity,1,0
EXP_U000751_4,U000751,2025-09-10,CH_SOC_001,1,model_reco,low_social_contact,0,0
EXP_U000751_5,U000751,2025-09-15,CH_ACT_001,1,model_reco,dep_low_energy,0,1
EXP_U000751_6,U000751,2025-10-04,CH_WELL_001,1,model_reco,supportive_wellbeing,0,0
EXP_U000751_7,U000751,2025-10-20,CH_ACT_001,1,model_reco,dep_low_energy,0,0
EXP_U000751_8,U000751,2025-10-22,CH_ACT_001,1,model_reco,dep_low_energy,1,0
EXP_U000751_9,U000751,2025-10-28,CH_WELL_001,1,model_reco,supportive_wellbeing,1,0
EXP_U000751_10,U000751,2025-10-31,CH_ACT_001,1,model_reco,dep_low_energy,1,0
EXP_U000751_11,U000751,2025-11-06,CH_ACT_003,1,model_reco,dep_low_activity,1,0
EXP_U000751_12,U000751,2025-11-10,CH_ACT_001,1,model_reco,dep_low_energy,0,0
EXP_U000751_13,U000751,2025-11-15,CH_WELL_001,1,model_reco,supportive_wellbeing,0,1
EXP_U000751_14,U000751,2025-11-18,CH_ACT_001,1,model_reco,dep_low_energy,1,0
EXP_U000751_15,U000751,2025-11-20,CH_ACT_001,1,model_reco,dep_low_energy,1,0
EXP_U000752_1,U000752,2025-08-01,CH_SOC_001,1,model_reco,low_social_contact,1,0
EXP_U000752_2,U000752,2025-09-12,CH_WELL_001,1,model_reco,supportive_wellbeing,0,0
EXP_U000752_3,U000752,2025-10-02,CH_ACT_003,1,model_reco,dep_low_activity,0,1
EXP_U000753_1,U000753,2025-07-25,CH_REG_001,1,model_reco,anx_high_anxiety,0,0
EXP_U000753_2,U000753,2025-08-08,CH_ACT_001,1,model_reco,dep_low_energy,0,1
EXP_U000753_3,U000753,2025-09-09,CH_REG_001,1,model_reco,anx_high_anxiety,0,1
EXP_U000753_4,U000753,2025-10-05,CH_REG_001,1,model_reco,anx_high_anxiety,1,0
EXP_U000754_1,U000754,2025-08-24,CH_REG_001,1,model_reco,anx_high_anxiety,1,0
EXP_U000754_2,U000754,2025-09-02,CH_REG_001,1,model_reco,anx_high_anxiety,1,0
EXP_U000754_3,U000754,2025-09-26,CH_REG_001,1,model_reco,anx_high_anxiety,0,1
EXP_U000754_4,U000754,2025-10-10,CH_REG_001,1,model_reco,anx_high_anxiety,1,0
EXP_U000754_5,U000754,2025-11-05,CH_REG_001,1,model_reco,anx_high_anxiety,0,0
EXP_U000754_6,U000754,2025-11-06,CH_REG_002,1,model_reco,anx_high_anxiety,0,0
EXP_U000755_1,U000755,2025-08-22,CH_SOC_001,1,model_reco,low_social_contact,0,1
EXP_U000756_1,U000756,2025-09-09,CH_SLEEP_001,1,model_reco,ins_high_wake_irregular,0,1
EXP_U000756_2,U000756,2025-09-18,CH_SLEEP_001,1,model_reco,ins_high_wake_irregular,0,0
EXP_U000756_3,U000756,2025-09-23,CH_SLEEP_001,1,model_reco,ins_high_wake_irregular,1,0
EXP_U000757_1,U000757,2025-07-23,CH_ACT_003,1,model_reco,dep_low_activity,0,0
EXP_U000757_2,U000757,2025-08-03,CH_SLEEP_001,1,model_reco,ins_high_wake_irregular,0,1
EXP_U000757_3,U000757,2025-08-04,CH_SLEEP_001,1,model_reco,ins_high_wake_irregular,0,0
EXP_U000757_4,U000757,2025-08-31,CH_ACT_002,1,model_reco,dep_low_daylight,0,1
EXP_U000757_5,U000757,2025-09-12,CH_SLEEP_001,1,model_reco,ins_high_wake_irregular,1,0
EXP_U000757_6,U000757,2025-09-25,CH_ACT_003,1,model_reco,dep_low_activity,0,1
EXP_U000757_7,U000757,2025-10-02,CH_SLEEP_001,1,model_reco,ins_high_wake_irregular,0,1
EXP_U000758_1,U000758,2025-09-24,CH_WELL_001,1,model_reco,supportive_wellbeing,0,1
EXP_U000759_1,U000759,2025-08-17,CH_ACT_003,1,model_reco,dep_low_activity,1,0
EXP_U000759_2,U000759,2025-08-18,CH_REG_002,1,model_reco,anx_high_anxiety,0,1
EXP_U000759_3,U000759,2025-08-20,CH_ACT_003,1,model_reco,dep_low_activity,0,1
EXP_U000759_4,U000759,2025-08-21,CH_ACT_003,1,model_reco,dep_low_activity,1,0
EXP_U000759_5,U000759,2025-08-23,CH_REG_001,1,model_reco,anx_high_anxiety,0,1
EXP_U000759_6,U000759,2025-09-01,CH_ACT_003,1,model_reco,dep_low_activity,1,0
EXP_U000759_7,U000759,2025-09-05,CH_ACT_003,1,model_reco,dep_low_activity,0,1
EXP_U000759_8,U000759,2025-09-12,CH_ACT_002,1,model_reco,dep_low_daylight,0,1
EXP_U000759_9,U000759,2025-09-16,CH_ACT_003,1,model_reco,dep_low_activity,0,1
EXP_U000759_10,U000759,2025-09-23,CH_ACT_003,1,model_reco,dep_low_activity,0,1
EXP_U000759_11,U000759,2025-09-24,CH_ACT_003,1,model_reco,dep_low_activity,0,1
EXP_U000759_12,U000759,2025-09-25,CH_ACT_002,1,model_reco,dep_low_daylight,1,0
EXP_U000759_13,U000759,2025-09-27,CH_SOC_001,1,model_reco,low_social_contact,0,1
EXP_U000759_14,U000759,2025-09-30,CH_ACT_003,1,model_reco,dep_low_activity,1,0
EXP_U000759_15,U000759,2025-10-04,CH_ACT_002,1,model_reco,dep_low_daylight,0,0
EXP_U000759_16,U000759,2025-10-05,CH_ACT_002,1,model_reco,dep_low_daylight,1,0
EXP_U000759_17,U000759,2025-10-06,CH_SLEEP_001,1,model_reco,ins_high_wake_irregular,0,1
EXP_U000759_18,U000759,2025-10-17,CH_ACT_002,1,model_reco,dep_low_daylight,1,0
EXP_U000759_19,U000759,2025-10-20,CH_ACT_003,1,model_reco,dep_low_activity,0,1
EXP_U000760_1,U000760,2025-08-30,CH_ACT_001,1,model_reco,dep_low_energy,0,0
EXP_U000760_2,U000760,2025-09-05,CH_REG_001,1,model_reco,anx_high_anxiety,1,0
EXP_U000760_3,U000760,2025-09-15,CH_ACT_001,1,model_reco,dep_low_energy,0,1
EXP_U000760_4,U000760,2025-09-18,CH_REG_001,1,model_reco,anx_high_anxiety,1,0
EXP_U000760_5,U000760,2025-09-23,CH_REG_001,1,model_reco,anx_high_anxiety,0,1
EXP_U000760_6,U000760,2025-09-24,CH_ACT_001,1,model_reco,dep_low_energy,1,0
EXP_U000760_7,U000760,2025-09-25,CH_REG_001,1,model_reco,anx_high_anxiety,0,1
EXP_U000760_8,U000760,2025-09-26,CH_REG_001,1,model_reco,anx_high_anxiety,0,0
EXP_U000760_9,U000760,2025-09-27,CH_REG_001,1,model_reco,anx_high_anxiety,1,0
EXP_U000760_10,U000760,2025-09-29,CH_REG_001,1,model_reco,anx_high_anxiety,1,0
EXP_U000760_11,U000760,2025-10-03,CH_REG_002,1,model_reco,anx_high_anxiety,1,0
EXP_U000760_12,U000760,2025-10-17,CH_ACT_001,1,model_reco,dep_low_energy,0,1
EXP_U000760_13,U000760,2025-11-05,CH_REG_001,1,model_reco,anx_high_anxiety,1,0
EXP_U000761_1,U000761,2025-09-15,CH_SLEEP_001,1,model_reco,ins_high_wake_irregular,0,1
EXP_U000761_2,U000761,2025-09-28,CH_SLEEP_001,1,model_reco,ins_high_wake_irregular,0,0
EXP_U000761_3,U000761,2025-10-01,CH_SLEEP_001,1,model_reco,ins_high_wake_irregular,0,0
EXP_U000761_4,U000761,2025-10-05,CH_SLEEP_001,1,model_reco,ins_high_wake_irregular,0,0
EXP_U000761_5,U000761,2025-10-26,CH_SLEEP_001,1,model_reco,ins_high_wake_irregular,1,0
EXP_U000761_6,U000761,2025-11-01,CH_SLEEP_001,1,model_reco,ins_high_wake_irregular,0,0
EXP_U000762_1,U000762,2025-08-22,CH_SLEEP_001,1,model_reco,ins_high_wake_irregular,0,1
EXP_U000762_2,U000762,2025-08-26,CH_SLEEP_001,1,model_reco,ins_high_wake_irregular,0,1
EXP_U000762_3,U000762,2025-09-15,CH_SLEEP_001,1,model_reco,ins_high_wake_irregular,0,1
EXP_U000762_4,U000762,2025-09-22,CH_SLEEP_001,1,model_reco,ins_high_wake_irregular,0,0
EXP_U000762_5,U000762,2025-09-26,CH_SLEEP_001,1,model_reco,ins_high_wake_irregular,1,0
EXP_U000762_6,U000762,2025-09-28,CH_SLEEP_001,1,model_reco,ins_high_wake_irregular,1,0
EXP_U000762_7,U000762,2025-09-29,CH_ACT_003,1,model_reco,dep_low_activity,0,0
EXP_U000762_8,U000762,2025-10-09,CH_SLEEP_001,1,model_reco,ins_high_wake_irregular,0,0
EXP_U000762_9,U000762,2025-10-17,CH_SLEEP_001,1,model_reco,ins_high_wake_irregular,0,0
EXP_U000762_10,U000762,2025-10-22,CH_SLEEP_001,1,model_reco,ins_high_wake_irregular,0,1
EXP_U000763_1,U000763,2025-09-07,CH_REG_001,1,model_reco,anx_high_anxiety,0,0
EXP_U000763_2,U000763,2025-09-18,CH_REG_001,1,model_reco,anx_high_anxiety,1,0
EXP_U000763_3,U000763,2025-09-23,CH_REG_001,1,model_reco,anx_high_anxiety,1,0
EXP_U000763_4,U000763,2025-10-05,CH_REG_001,1,model_reco,anx_high_anxiety,0,0
EXP_U000763_5,U000763,2025-10-07,CH_REG_002,1,model_reco,anx_high_anxiety,0,0
EXP_U000763_6,U000763,2025-10-12,CH_REG_002,1,model_reco,anx_high_anxiety,1,0
EXP_U000763_7,U000763,2025-11-01,CH_REG_002,1,model_reco,anx_high_anxiety,1,0
EXP_U000763_8,U000763,2025-11-13,CH_REG_002,1,model_reco,anx_high_anxiety,1,0
EXP_U000764_1,U000764,2025-06-09,CH_SLEEP_001,1,model_reco,ins_high_wake_irregular,1,0
EXP_U000764_2,U000764,2025-06-11,CH_REG_001,1,model_reco,anx_high_anxiety,0,1
EXP_U000764_3,U000764,2025-06-13,CH_WELL_001,1,model_reco,supportive_wellbeing,0,1
EXP_U000764_4,U000764,2025-06-20,CH_SLEEP_001,1,model_reco,ins_high_wake_irregular,0,1
EXP_U000764_5,U000764,2025-06-23,CH_SLEEP_001,1,model_reco,ins_high_wake_irregular,0,1
EXP_U000764_6,U000764,2025-06-26,CH_SLEEP_001,1,model_reco,ins_high_wake_irregular,1,0
EXP_U000764_7,U000764,2025-06-28,CH_REG_001,1,model_reco,anx_high_anxiety,0,1
EXP_U000764_8,U000764,2025-07-04,CH_SLEEP_001,1,model_reco,ins_high_wake_irregular,0,1
EXP_U000764_9,U000764,2025-07-06,CH_SLEEP_001,1,model_reco,ins_high_wake_irregular,0,1
EXP_U000764_10,U000764,2025-07-12,CH_SLEEP_001,1,model_reco,ins_high_wake_irregular,0,1
EXP_U000764_11,U000764,2025-07-13,CH_SLEEP_001,1,model_reco,ins_high_wake_irregular,1,0
EXP_U000764_12,U000764,2025-07-14,CH_REG_001,1,model_reco,anx_high_anxiety,1,0
EXP_U000764_13,U000764,2025-07-20,CH_SLEEP_001,1,model_reco,ins_high_wake_irregular,0,0
EXP_U000764_14,U000764,2025-07-25,CH_SLEEP_001,1,model_reco,ins_high_wake_irregular,0,0
EXP_U000764_15,U000764,2025-07-26,CH_SLEEP_001,1,model_reco,ins_high_wake_irregular,0,0
EXP_U000764_16,U000764,2025-08-04,CH_SLEEP_001,1,model_reco,ins_high_wake_irregular,0,0
EXP_U000764_17,U000764,2025-08-06,CH_SLEEP_001,1,model_reco,ins_high_wake_irregular,1,0
EXP_U000764_18,U000764,2025-08-08,CH_REG_001,1,model_reco,anx_high_anxiety,1,0
EXP_U000764_19,U000764,2025-08-13,CH_SLEEP_001,1,model_reco,ins_high_wake_irregular,0,1
EXP_U000764_20,U000764,2025-08-15,CH_SLEEP_001,1,model_reco,ins_high_wake_irregular,0,0
EXP_U000764_21,U000764,2025-08-21,CH_SLEEP_001,1,model_reco,ins_high_wake_irregular,1,0
EXP_U000764_22,U000764,2025-08-23,CH_REG_002,1,model_reco,anx_high_anxiety,0,1
EXP_U000765_1,U000765,2025-06-30,CH_SLEEP_001,1,model_reco,ins_high_wake_irregular,0,1
EXP_U000765_2,U000765,2025-07-03,CH_SLEEP_001,1,model_reco,ins_high_wake_irregular,0,1
EXP_U000765_3,U000765,2025-07-08,CH_SLEEP_001,1,model_reco,ins_high_wake_irregular,1,0
EXP_U000765_4,U000765,2025-07-09,CH_ACT_003,1,model_reco,dep_low_activity,0,1
EXP_U000765_5,U000765,2025-07-19,CH_SLEEP_001,1,model_reco,ins_high_wake_irregular,0,0
EXP_U000765_6,U000765,2025-07-23,CH_SLEEP_001,1,model_reco,ins_high_wake_irregular,0,1
EXP_U000765_7,U000765,2025-08-01,CH_SLEEP_001,1,model_reco,ins_high_wake_irregular,0,0
EXP_U000765_8,U000765,2025-08-04,CH_SLEEP_001,1,model_reco,ins_high_wake_irregular,0,1
EXP_U000765_9,U000765,2025-08-06,CH_SLEEP_001,1,model_reco,ins_high_wake_irregular,0,1
EXP_U000765_10,U000765,2025-08-08,CH_SLEEP_001,1,model_reco,ins_high_wake_irregular,1,0
EXP_U000765_11,U000765,2025-08-13,CH_ACT_001,1,model_reco,dep_low_energy,1,0
EXP_U000765_12,U000765,2025-08-14,CH_REG_001,1,model_reco,anx_high_anxiety,0,0
EXP_U000765_13,U000765,2025-08-18,CH_SLEEP_001,1,model_reco,ins_high_wake_irregular,1,0
EXP_U000765_14,U000765,2025-08-28,CH_SLEEP_001,1,model_reco,ins_high_wake_irregular,0,1
EXP_U000765_15,U000765,2025-08-30,CH_SLEEP_001,1,model_reco,ins_high_wake_irregular,0,1
EXP_U000765_16,U000765,2025-08-31,CH_SLEEP_001,1,model_reco,ins_high_wake_irregular,1,0
EXP_U000765_17,U000765,2025-09-07,CH_SLEEP_001,1,model_reco,ins_high_wake_irregular,0,1
EXP_U000765_18,U000765,2025-09-10,CH_SLEEP_001,1,model_reco,ins_high_wake_irregular,0,0
EXP_U000765_19,U000765,2025-09-12,CH_SLEEP_001,1,model_reco,ins_high_wake_irregular,1,0
EXP_U000765_20,U000765,2025-09-14,CH_REG_001,1,model_reco,anx_high_anxiety,1,0
EXP_U000766_1,U000766,2025-08-31,CH_SLEEP_001,1,model_reco,ins_high_wake_irregular,0,0
EXP_U000766_2,U000766,2025-09-16,CH_SLEEP_001,1,model_reco,ins_high_wake_irregular,0,1
EXP_U000766_3,U000766,2025-09-28,CH_SLEEP_001,1,model_reco,ins_high_wake_irregular,1,0
EXP_U000766_4,U000766,2025-10-01,CH_REG_001,1,model_reco,anx_high_anxiety,1,0
EXP_U000766_5,U000766,2025-10-04,CH_REG_001,1,model_reco,anx_high_anxiety,0,0
EXP_U000766_6,U000766,2025-10-08,CH_SLEEP_001,1,model_reco,ins_high_wake_irregular,0,1
EXP_U000766_7,U000766,2025-10-09,CH_SLEEP_001,1,model_reco,ins_high_wake_irregular,1,0
EXP_U000766_8,U000766,2025-10-10,CH_REG_002,1,model_reco,anx_high_anxiety,0,1
EXP_U000766_9,U000766,2025-10-18,CH_SLEEP_001,1,model_reco,ins_high_wake_irregular,0,1
EXP_U000766_10,U000766,2025-10-20,CH_SLEEP_001,1,model_reco,ins_high_wake_irregular,1,0
EXP_U000766_11,U000766,2025-10-26,CH_SLEEP_001,1,model_reco,ins_high_wake_irregular,0,1
EXP_U000766_12,U000766,2025-10-29,CH_SLEEP_001,1,model_reco,ins_high_wake_irregular,0,0
EXP_U000766_13,U000766,2025-10-31,CH_SLEEP_001,1,model_reco,ins_high_wake_irregular,0,0
EXP_U000766_14,U000766,2025-11-04,CH_REG_001,1,model_reco,anx_high_anxiety,1,0
EXP_U000766_15,U000766,2025-11-05,CH_REG_002,1,model_reco,anx_high_anxiety,1,0
EXP_U000766_16,U000766,2025-11-09,CH_SLEEP_001,1,model_reco,ins_high_wake_irregular,1,0
EXP_U000766_17,U000766,2025-11-10,CH_REG_001,1,model_reco,anx_high_anxiety,0,0
EXP_U000766_18,U000766,2025-11-18,CH_SLEEP_001,1,model_reco,ins_high_wake_irregular,0,0
EXP_U000766_19,U000766,2025-11-19,CH_SLEEP_001,1,model_reco,ins_high_wake_irregular,0,1
EXP_U000767_1,U000767,2025-07-02,CH_SLEEP_001,1,model_reco,ins_high_wake_irregular,1,0
EXP_U000767_2,U000767,2025-07-13,CH_WELL_001,1,model_reco,supportive_wellbeing,0,1
EXP_U000767_3,U000767,2025-07-24,CH_SLEEP_001,1,model_reco,ins_high_wake_irregular,0,1
EXP_U000767_4,U000767,2025-08-31,CH_SLEEP_001,1,model_reco,ins_high_wake_irregular,0,1
EXP_U000767_5,U000767,2025-09-04,CH_SLEEP_001,1,model_reco,ins_high_wake_irregular,0,1
EXP_U000767_6,U000767,2025-09-12,CH_SLEEP_001,1,model_reco,ins_high_wake_irregular,1,0
EXP_U000768_1,U000768,2025-06-27,CH_REG_001,1,model_reco,anx_high_anxiety,1,0
EXP_U000768_2,U000768,2025-07-03,CH_REG_001,1,model_reco,anx_high_anxiety,1,0
EXP_U000768_3,U000768,2025-07-08,CH_REG_001,1,model_reco,anx_high_anxiety,1,0
EXP_U000768_4,U000768,2025-07-11,CH_REG_001,1,model_reco,anx_high_anxiety,1,0
EXP_U000768_5,U000768,2025-07-16,CH_REG_002,1,model_reco,anx_high_anxiety,1,0
EXP_U000768_6,U000768,2025-07-22,CH_REG_001,1,model_reco,anx_high_anxiety,0,1
EXP_U000768_7,U000768,2025-08-14,CH_REG_001,1,model_reco,anx_high_anxiety,0,0
EXP_U000768_8,U000768,2025-08-18,CH_REG_002,1,model_reco,anx_high_anxiety,0,1
EXP_U000768_9,U000768,2025-08-20,CH_REG_001,1,model_reco,anx_high_anxiety,0,0
EXP_U000769_1,U000769,2025-08-24,CH_SLEEP_001,1,model_reco,ins_high_wake_irregular,0,0
EXP_U000769_2,U000769,2025-08-31,CH_SLEEP_001,1,model_reco,ins_high_wake_irregular,1,0
EXP_U000769_3,U000769,2025-09-03,CH_ACT_003,1,model_reco,dep_low_activity,0,1
EXP_U000769_4,U000769,2025-09-15,CH_SLEEP_001,1,model_reco,ins_high_wake_irregular,0,0
EXP_U000769_5,U000769,2025-10-15,CH_SLEEP_001,1,model_reco,ins_high_wake_irregular,0,0
EXP_U000769_6,U000769,2025-10-21,CH_ACT_002,1,model_reco,dep_low_daylight,0,0
EXP_U000769_7,U000769,2025-10-22,CH_ACT_001,1,model_reco,dep_low_energy,0,0
EXP_U000769_8,U000769,2025-10-25,CH_ACT_002,1,model_reco,dep_low_daylight,0,1
EXP_U000769_9,U000769,2025-11-05,CH_ACT_003,1,model_reco,dep_low_activity,1,0
EXP_U000769_10,U000769,2025-11-08,CH_ACT_003,1,model_reco,dep_low_activity,0,0
EXP_U000769_11,U000769,2025-11-12,CH_SLEEP_001,1,model_reco,ins_high_wake_irregular,1,0
EXP_U000769_12,U000769,2025-11-13,CH_SLEEP_001,1,model_reco,ins_high_wake_irregular,1,0
EXP_U000770_1,U000770,2025-08-06,CH_ACT_002,1,model_reco,dep_low_daylight,0,1
EXP_U000770_2,U000770,2025-08-07,CH_SLEEP_001,1,model_reco,ins_high_wake_irregular,1,0
EXP_U000770_3,U000770,2025-08-09,CH_ACT_001,1,model_reco,dep_low_energy,0,1
EXP_U000770_4,U000770,2025-08-18,CH_SLEEP_001,1,model_reco,ins_high_wake_irregular,1,0
EXP_U000770_5,U000770,2025-08-19,CH_ACT_003,1,model_reco,dep_low_activity,0,1
EXP_U000770_6,U000770,2025-08-23,CH_ACT_001,1,model_reco,dep_low_energy,0,1
EXP_U000770_7,U000770,2025-09-01,CH_ACT_003,1,model_reco,dep_low_activity,0,1
EXP_U000770_8,U000770,2025-09-03,CH_SLEEP_001,1,model_reco,ins_high_wake_irregular,0,0
EXP_U000770_9,U000770,2025-09-04,CH_SLEEP_001,1,model_reco,ins_high_wake_irregular,0,0
EXP_U000770_10,U000770,2025-09-05,CH_SLEEP_001,1,model_reco,ins_high_wake_irregular,1,0
EXP_U000770_11,U000770,2025-09-09,CH_ACT_002,1,model_reco,dep_low_daylight,0,1
EXP_U000770_12,U000770,2025-09-19,CH_ACT_003,1,model_reco,dep_low_activity,0,1
EXP_U000770_13,U000770,2025-09-20,CH_SLEEP_001,1,model_reco,ins_high_wake_irregular,0,0
EXP_U000770_14,U000770,2025-09-21,CH_SLEEP_001,1,model_reco,ins_high_wake_irregular,0,1
EXP_U000770_15,U000770,2025-09-22,CH_ACT_003,1,model_reco,dep_low_activity,0,1
EXP_U000770_16,U000770,2025-09-23,CH_SLEEP_001,1,model_reco,ins_high_wake_irregular,1,0
EXP_U000770_17,U000770,2025-09-28,CH_WELL_001,1,model_reco,supportive_wellbeing,1,0
EXP_U000770_18,U000770,2025-10-04,CH_SLEEP_001,1,model_reco,ins_high_wake_irregular,0,1
EXP_U000770_19,U000770,2025-10-13,CH_SLEEP_001,1,model_reco,ins_high_wake_irregular,0,1
EXP_U000770_20,U000770,2025-10-17,CH_ACT_002,1,model_reco,dep_low_daylight,0,0
EXP_U000771_1,U000771,2025-06-24,CH_ACT_003,1,model_reco,dep_low_activity,1,0
EXP_U000771_2,U000771,2025-07-04,CH_ACT_002,1,model_reco,dep_low_daylight,0,1
EXP_U000771_3,U000771,2025-07-05,CH_ACT_003,1,model_reco,dep_low_activity,1,0
EXP_U000771_4,U000771,2025-07-11,CH_ACT_003,1,model_reco,dep_low_activity,1,0
EXP_U000771_5,U000771,2025-07-16,CH_ACT_002,1,model_reco,dep_low_daylight,0,0
EXP_U000771_6,U000771,2025-07-18,CH_ACT_003,1,model_reco,dep_low_activity,1,0
EXP_U000771_7,U000771,2025-07-19,CH_REG_001,1,model_reco,anx_high_anxiety,0,0
EXP_U000771_8,U000771,2025-07-22,CH_ACT_002,1,model_reco,dep_low_daylight,1,0
EXP_U000771_9,U000771,2025-07-24,CH_REG_002,1,model_reco,anx_high_anxiety,0,0
EXP_U000771_10,U000771,2025-07-25,CH_ACT_002,1,model_reco,dep_low_daylight,0,1
EXP_U000771_11,U000771,2025-07-29,CH_ACT_003,1,model_reco,dep_low_activity,0,1
EXP_U000771_12,U000771,2025-07-31,CH_ACT_002,1,model_reco,dep_low_daylight,0,1
EXP_U000771_13,U000771,2025-08-02,CH_ACT_003,1,model_reco,dep_low_activity,0,1
EXP_U000771_14,U000771,2025-08-09,CH_ACT_003,1,model_reco,dep_low_activity,0,1
EXP_U000771_15,U000771,2025-08-15,CH_ACT_003,1,model_reco,dep_low_activity,0,0
EXP_U000771_16,U000771,2025-08-18,CH_ACT_002,1,model_reco,dep_low_daylight,1,0
EXP_U000771_17,U000771,2025-08-22,CH_ACT_002,1,model_reco,dep_low_daylight,0,1
EXP_U000771_18,U000771,2025-08-26,CH_ACT_002,1,model_reco,dep_low_daylight,0,1
EXP_U000771_19,U000771,2025-08-27,CH_ACT_002,1,model_reco,dep_low_daylight,0,1
EXP_U000771_20,U000771,2025-09-01,CH_ACT_003,1,model_reco,dep_low_activity,0,1
EXP_U000771_21,U000771,2025-09-04,CH_ACT_002,1,model_reco,dep_low_daylight,0,0
EXP_U000771_22,U000771,2025-09-09,CH_ACT_003,1,model_reco,dep_low_activity,0,1
EXP_U000771_23,U000771,2025-09-10,CH_ACT_003,1,model_reco,dep_low_activity,1,0
EXP_U000773_1,U000773,2025-06-12,CH_REG_002,1,model_reco,anx_high_anxiety,1,0
EXP_U000773_2,U000773,2025-06-18,CH_REG_001,1,model_reco,anx_high_anxiety,1,0
EXP_U000773_3,U000773,2025-07-02,CH_REG_002,1,model_reco,anx_high_anxiety,0,1
EXP_U000773_4,U000773,2025-07-04,CH_REG_001,1,model_reco,anx_high_anxiety,1,0
EXP_U000773_5,U000773,2025-07-07,CH_REG_001,1,model_reco,anx_high_anxiety,0,0
EXP_U000773_6,U000773,2025-07-17,CH_REG_002,1,model_reco,anx_high_anxiety,0,1
EXP_U000773_7,U000773,2025-07-27,CH_REG_001,1,model_reco,anx_high_anxiety,0,1
EXP_U000773_8,U000773,2025-08-08,CH_REG_002,1,model_reco,anx_high_anxiety,1,0
EXP_U000773_9,U000773,2025-08-09,CH_REG_001,1,model_reco,anx_high_anxiety,1,0
EXP_U000773_10,U000773,2025-08-10,CH_REG_002,1,model_reco,anx_high_anxiety,1,0
EXP_U000773_11,U000773,2025-08-11,CH_REG_001,1,model_reco,anx_high_anxiety,1,0
EXP_U000773_12,U000773,2025-08-13,CH_REG_002,1,model_reco,anx_high_anxiety,0,1
EXP_U000773_13,U000773,2025-08-14,CH_REG_001,1,model_reco,anx_high_anxiety,1,0
EXP_U000773_14,U000773,2025-08-15,CH_REG_002,1,model_reco,anx_high_anxiety,1,0
EXP_U000773_15,U000773,2025-08-17,CH_REG_001,1,model_reco,anx_high_anxiety,1,0
EXP_U000773_16,U000773,2025-08-18,CH_REG_001,1,model_reco,anx_high_anxiety,0,0
EXP_U000773_17,U000773,2025-08-19,CH_REG_001,1,model_reco,anx_high_anxiety,0,1
EXP_U000773_18,U000773,2025-08-20,CH_REG_001,1,model_reco,anx_high_anxiety,0,0
EXP_U000773_19,U000773,2025-08-23,CH_REG_002,1,model_reco,anx_high_anxiety,0,1
EXP_U000773_20,U000773,2025-08-28,CH_REG_001,1,model_reco,anx_high_anxiety,0,0
EXP_U000773_21,U000773,2025-09-02,CH_REG_002,1,model_reco,anx_high_anxiety,1,0
EXP_U000774_1,U000774,2025-06-16,CH_SLEEP_001,1,model_reco,ins_high_wake_irregular,1,0
EXP_U000774_2,U000774,2025-06-23,CH_SLEEP_001,1,model_reco,ins_high_wake_irregular,1,0
EXP_U000774_3,U000774,2025-06-24,CH_ACT_002,1,model_reco,dep_low_daylight,0,0
EXP_U000774_4,U000774,2025-06-30,CH_SLEEP_001,1,model_reco,ins_high_wake_irregular,0,0
EXP_U000774_5,U000774,2025-07-01,CH_SLEEP_001,1,model_reco,ins_high_wake_irregular,1,0
EXP_U000774_6,U000774,2025-07-04,CH_ACT_002,1,model_reco,dep_low_daylight,1,0
EXP_U000774_7,U000774,2025-07-06,CH_REG_002,1,model_reco,anx_high_anxiety,0,1
EXP_U000774_8,U000774,2025-07-08,CH_SLEEP_001,1,model_reco,ins_high_wake_irregular,0,0
EXP_U000774_9,U000774,2025-07-11,CH_SLEEP_001,1,model_reco,ins_high_wake_irregular,1,0
EXP_U000774_10,U000774,2025-07-19,CH_SLEEP_001,1,model_reco,ins_high_wake_irregular,1,0
EXP_U000774_11,U000774,2025-07-22,CH_ACT_003,1,model_reco,dep_low_activity,1,0
EXP_U000774_12,U000774,2025-07-23,CH_REG_001,1,model_reco,anx_high_anxiety,0,1
EXP_U000774_13,U000774,2025-07-27,CH_SLEEP_001,1,model_reco,ins_high_wake_irregular,0,1
EXP_U000774_14,U000774,2025-07-31,CH_SLEEP_001,1,model_reco,ins_high_wake_irregular,1,0
EXP_U000774_15,U000774,2025-08-06,CH_ACT_003,1,model_reco,dep_low_activity,0,1
EXP_U000774_16,U000774,2025-08-11,CH_SLEEP_001,1,model_reco,ins_high_wake_irregular,0,0
EXP_U000774_17,U000774,2025-08-12,CH_SLEEP_001,1,model_reco,ins_high_wake_irregular,0,0
EXP_U000774_18,U000774,2025-08-17,CH_SLEEP_001,1,model_reco,ins_high_wake_irregular,0,0
EXP_U000774_19,U000774,2025-08-19,CH_SLEEP_001,1,model_reco,ins_high_wake_irregular,0,0
EXP_U000774_20,U000774,2025-09-04,CH_SLEEP_001,1,model_reco,ins_high_wake_irregular,1,0
EXP_U000774_21,U000774,2025-09-07,CH_ACT_003,1,model_reco,dep_low_activity,0,1
EXP_U000775_1,U000775,2025-07-27,CH_REG_002,1,model_reco,anx_high_anxiety,1,0
EXP_U000775_2,U000775,2025-07-28,CH_REG_001,1,model_reco,anx_high_anxiety,1,0
EXP_U000775_3,U000775,2025-08-08,CH_REG_001,1,model_reco,anx_high_anxiety,1,0
EXP_U000775_4,U000775,2025-08-14,CH_REG_002,1,model_reco,anx_high_anxiety,1,0
EXP_U000775_5,U000775,2025-08-19,CH_REG_002,1,model_reco,anx_high_anxiety,1,0
EXP_U000776_1,U000776,2025-08-20,CH_SLEEP_001,1,model_reco,ins_high_wake_irregular,0,0
EXP_U000776_2,U000776,2025-08-27,CH_SLEEP_001,1,model_reco,ins_high_wake_irregular,1,0
EXP_U000776_3,U000776,2025-08-28,CH_ACT_002,1,model_reco,dep_low_daylight,0,1
EXP_U000776_4,U000776,2025-08-31,CH_ACT_003,1,model_reco,dep_low_activity,0,0
EXP_U000776_5,U000776,2025-09-09,CH_SLEEP_001,1,model_reco,ins_high_wake_irregular,1,0
EXP_U000776_6,U000776,2025-09-16,CH_SLEEP_001,1,model_reco,ins_high_wake_irregular,0,1
EXP_U000776_7,U000776,2025-09-27,CH_SLEEP_001,1,model_reco,ins_high_wake_irregular,0,0
EXP_U000776_8,U000776,2025-09-30,CH_ACT_002,1,model_reco,dep_low_daylight,0,0
EXP_U000776_9,U000776,2025-10-02,CH_SLEEP_001,1,model_reco,ins_high_wake_irregular,0,1
EXP_U000776_10,U000776,2025-10-04,CH_SLEEP_001,1,model_reco,ins_high_wake_irregular,0,1
EXP_U000776_11,U000776,2025-10-11,CH_SLEEP_001,1,model_reco,ins_high_wake_irregular,1,0
EXP_U000776_12,U000776,2025-10-17,CH_ACT_002,1,model_reco,dep_low_daylight,0,0
EXP_U000776_13,U000776,2025-10-25,CH_SLEEP_001,1,model_reco,ins_high_wake_irregular,0,0
EXP_U000777_1,U000777,2025-06-08,CH_ACT_002,1,model_reco,dep_low_daylight,0,1
EXP_U000777_2,U000777,2025-06-09,CH_ACT_003,1,model_reco,dep_low_activity,0,1
EXP_U000777_3,U000777,2025-06-10,CH_ACT_002,1,model_reco,dep_low_daylight,0,1
EXP_U000777_4,U000777,2025-06-20,CH_ACT_002,1,model_reco,dep_low_daylight,0,0
EXP_U000777_5,U000777,2025-06-22,CH_ACT_002,1,model_reco,dep_low_daylight,0,0
EXP_U000777_6,U000777,2025-06-26,CH_ACT_001,1,model_reco,dep_low_energy,0,1
EXP_U000777_7,U000777,2025-06-29,CH_ACT_002,1,model_reco,dep_low_daylight,1,0
EXP_U000777_8,U000777,2025-07-03,CH_ACT_001,1,model_reco,dep_low_energy,0,1
EXP_U000777_9,U000777,2025-07-04,CH_WELL_001,1,model_reco,supportive_wellbeing,1,0
EXP_U000777_10,U000777,2025-07-08,CH_ACT_002,1,model_reco,dep_low_daylight,0,0
EXP_U000777_11,U000777,2025-07-24,CH_ACT_002,1,model_reco,dep_low_daylight,0,1
EXP_U000777_12,U000777,2025-07-26,CH_ACT_001,1,model_reco,dep_low_energy,0,0
EXP_U000777_13,U000777,2025-07-28,CH_ACT_001,1,model_reco,dep_low_energy,0,0
EXP_U000777_14,U000777,2025-08-07,CH_ACT_003,1,model_reco,dep_low_activity,0,1
EXP_U000777_15,U000777,2025-08-08,CH_ACT_002,1,model_reco,dep_low_daylight,0,1
EXP_U000777_16,U000777,2025-08-09,CH_ACT_001,1,model_reco,dep_low_energy,1,0
EXP_U000777_17,U000777,2025-08-10,CH_SOC_001,1,model_reco,low_social_contact,1,0
EXP_U000778_1,U000778,2025-08-21,CH_REG_001,1,model_reco,anx_high_anxiety,0,1
EXP_U000778_2,U000778,2025-08-29,CH_REG_001,1,model_reco,anx_high_anxiety,0,1
EXP_U000778_3,U000778,2025-08-30,CH_REG_002,1,model_reco,anx_high_anxiety,0,0
EXP_U000778_4,U000778,2025-09-01,CH_REG_002,1,model_reco,anx_high_anxiety,0,1
EXP_U000778_5,U000778,2025-09-10,CH_REG_002,1,model_reco,anx_high_anxiety,1,0
EXP_U000778_6,U000778,2025-09-11,CH_REG_002,1,model_reco,anx_high_anxiety,1,0
EXP_U000778_7,U000778,2025-09-15,CH_REG_001,1,model_reco,anx_high_anxiety,1,0
EXP_U000778_8,U000778,2025-09-16,CH_REG_002,1,model_reco,anx_high_anxiety,1,0
EXP_U000778_9,U000778,2025-09-17,CH_REG_001,1,model_reco,anx_high_anxiety,1,0
EXP_U000778_10,U000778,2025-10-04,CH_REG_002,1,model_reco,anx_high_anxiety,0,0
EXP_U000778_11,U000778,2025-10-06,CH_REG_001,1,model_reco,anx_high_anxiety,1,0
EXP_U000778_12,U000778,2025-10-08,CH_REG_001,1,model_reco,anx_high_anxiety,0,0
EXP_U000778_13,U000778,2025-10-14,CH_REG_002,1,model_reco,anx_high_anxiety,0,0
EXP_U000778_14,U000778,2025-10-16,CH_REG_001,1,model_reco,anx_high_anxiety,0,0
EXP_U000778_15,U000778,2025-10-27,CH_REG_002,1,model_reco,anx_high_anxiety,0,1
EXP_U000778_16,U000778,2025-11-07,CH_REG_001,1,model_reco,anx_high_anxiety,0,1
EXP_U000779_1,U000779,2025-06-20,CH_REG_001,1,model_reco,anx_high_anxiety,1,0
EXP_U000779_2,U000779,2025-07-30,CH_REG_001,1,model_reco,anx_high_anxiety,1,0
EXP_U000779_3,U000779,2025-08-01,CH_REG_001,1,model_reco,anx_high_anxiety,0,1
EXP_U000779_4,U000779,2025-08-09,CH_REG_001,1,model_reco,anx_high_anxiety,0,1
EXP_U000779_5,U000779,2025-09-02,CH_ACT_003,1,model_reco,dep_low_activity,1,0
EXP_U000780_1,U000780,2025-09-03,CH_ACT_001,1,model_reco,dep_low_energy,0,1
EXP_U000780_2,U000780,2025-09-05,CH_SLEEP_001,1,model_reco,ins_high_wake_irregular,0,1
EXP_U000780_3,U000780,2025-09-19,CH_ACT_002,1,model_reco,dep_low_daylight,0,1
EXP_U000780_4,U000780,2025-09-28,CH_SLEEP_001,1,model_reco,ins_high_wake_irregular,0,1
EXP_U000781_1,U000781,2025-08-18,CH_SLEEP_001,1,model_reco,ins_high_wake_irregular,1,0
EXP_U000781_2,U000781,2025-09-04,CH_REG_002,1,model_reco,anx_high_anxiety,1,0
EXP_U000781_3,U000781,2025-09-09,CH_REG_002,1,model_reco,anx_high_anxiety,0,1
EXP_U000781_4,U000781,2025-09-11,CH_REG_001,1,model_reco,anx_high_anxiety,1,0
EXP_U000781_5,U000781,2025-09-14,CH_REG_001,1,model_reco,anx_high_anxiety,1,0
EXP_U000781_6,U000781,2025-09-24,CH_SLEEP_001,1,model_reco,ins_high_wake_irregular,1,0
EXP_U000781_7,U000781,2025-10-09,CH_REG_001,1,model_reco,anx_high_anxiety,1,0
EXP_U000781_8,U000781,2025-10-18,CH_REG_001,1,model_reco,anx_high_anxiety,1,0
EXP_U000781_9,U000781,2025-10-22,CH_REG_001,1,model_reco,anx_high_anxiety,1,0
EXP_U000781_10,U000781,2025-10-26,CH_REG_002,1,model_reco,anx_high_anxiety,1,0
EXP_U000781_11,U000781,2025-11-03,CH_WELL_001,1,model_reco,supportive_wellbeing,1,0
EXP_U000782_1,U000782,2025-09-12,CH_REG_002,1,model_reco,anx_high_anxiety,0,0
EXP_U000782_2,U000782,2025-09-22,CH_SLEEP_001,1,model_reco,ins_high_wake_irregular,1,0
EXP_U000782_3,U000782,2025-10-09,CH_REG_001,1,model_reco,anx_high_anxiety,0,0
EXP_U000782_4,U000782,2025-10-15,CH_SLEEP_001,1,model_reco,ins_high_wake_irregular,0,0
EXP_U000782_5,U000782,2025-10-27,CH_REG_001,1,model_reco,anx_high_anxiety,0,0
EXP_U000782_6,U000782,2025-11-07,CH_REG_002,1,model_reco,anx_high_anxiety,0,1
EXP_U000783_1,U000783,2025-07-31,CH_SLEEP_001,1,model_reco,ins_high_wake_irregular,1,0
EXP_U000783_2,U000783,2025-08-01,CH_SLEEP_001,1,model_reco,ins_high_wake_irregular,0,1
EXP_U000783_3,U000783,2025-09-02,CH_SLEEP_001,1,model_reco,ins_high_wake_irregular,1,0
EXP_U000783_4,U000783,2025-09-28,CH_SLEEP_001,1,model_reco,ins_high_wake_irregular,1,0
EXP_U000784_1,U000784,2025-09-04,CH_SLEEP_001,1,model_reco,ins_high_wake_irregular,0,1
EXP_U000784_2,U000784,2025-09-05,CH_ACT_003,1,model_reco,dep_low_activity,1,0
EXP_U000784_3,U000784,2025-09-13,CH_ACT_003,1,model_reco,dep_low_activity,0,1
EXP_U000784_4,U000784,2025-09-20,CH_ACT_003,1,model_reco,dep_low_activity,0,0
EXP_U000784_5,U000784,2025-09-29,CH_SLEEP_001,1,model_reco,ins_high_wake_irregular,0,0
EXP_U000784_6,U000784,2025-10-02,CH_ACT_002,1,model_reco,dep_low_daylight,0,1
EXP_U000784_7,U000784,2025-10-04,CH_ACT_003,1,model_reco,dep_low_activity,1,0
EXP_U000784_8,U000784,2025-10-07,CH_SOC_001,1,model_reco,low_social_contact,0,1
EXP_U000784_9,U000784,2025-10-16,CH_ACT_003,1,model_reco,dep_low_activity,1,0
EXP_U000784_10,U000784,2025-10-20,CH_SLEEP_001,1,model_reco,ins_high_wake_irregular,0,0
EXP_U000784_11,U000784,2025-10-21,CH_ACT_003,1,model_reco,dep_low_activity,0,0
EXP_U000784_12,U000784,2025-10-22,CH_SLEEP_001,1,model_reco,ins_high_wake_irregular,0,1
EXP_U000784_13,U000784,2025-10-23,CH_SLEEP_001,1,model_reco,ins_high_wake_irregular,1,0
EXP_U000784_14,U000784,2025-10-26,CH_ACT_003,1,model_reco,dep_low_activity,0,1
EXP_U000784_15,U000784,2025-10-27,CH_ACT_003,1,model_reco,dep_low_activity,0,0
EXP_U000784_16,U000784,2025-10-30,CH_SLEEP_001,1,model_reco,ins_high_wake_irregular,1,0
EXP_U000784_17,U000784,2025-11-02,CH_ACT_003,1,model_reco,dep_low_activity,0,0
EXP_U000784_18,U000784,2025-11-08,CH_SOC_001,1,model_reco,low_social_contact,0,0
EXP_U000784_19,U000784,2025-11-09,CH_ACT_003,1,model_reco,dep_low_activity,1,0
EXP_U000784_20,U000784,2025-11-18,CH_ACT_003,1,model_reco,dep_low_activity,0,0
EXP_U000784_21,U000784,2025-11-19,CH_ACT_002,1,model_reco,dep_low_daylight,0,0
EXP_U000785_1,U000785,2025-07-25,CH_ACT_001,1,model_reco,dep_low_energy,0,1
EXP_U000785_2,U000785,2025-08-01,CH_ACT_003,1,model_reco,dep_low_activity,1,0
EXP_U000785_3,U000785,2025-08-21,CH_ACT_003,1,model_reco,dep_low_activity,0,0
EXP_U000785_4,U000785,2025-08-23,CH_ACT_002,1,model_reco,dep_low_daylight,1,0
EXP_U000785_5,U000785,2025-08-26,CH_ACT_002,1,model_reco,dep_low_daylight,0,0
EXP_U000785_6,U000785,2025-09-05,CH_ACT_003,1,model_reco,dep_low_activity,0,0
EXP_U000785_7,U000785,2025-09-10,CH_ACT_003,1,model_reco,dep_low_activity,1,0
EXP_U000785_8,U000785,2025-09-12,CH_REG_002,1,model_reco,anx_high_anxiety,0,0
EXP_U000785_9,U000785,2025-10-01,CH_ACT_002,1,model_reco,dep_low_daylight,1,0
EXP_U000786_1,U000786,2025-10-03,CH_SLEEP_001,1,model_reco,ins_high_wake_irregular,0,0
EXP_U000786_2,U000786,2025-10-30,CH_SLEEP_001,1,model_reco,ins_high_wake_irregular,0,1
EXP_U000786_3,U000786,2025-11-02,CH_SLEEP_001,1,model_reco,ins_high_wake_irregular,0,0
EXP_U000787_1,U000787,2025-08-03,CH_SLEEP_001,1,model_reco,ins_high_wake_irregular,0,1
EXP_U000787_2,U000787,2025-08-04,CH_SLEEP_001,1,model_reco,ins_high_wake_irregular,0,1
EXP_U000787_3,U000787,2025-09-14,CH_SLEEP_001,1,model_reco,ins_high_wake_irregular,0,1
EXP_U000788_1,U000788,2025-09-12,CH_ACT_002,1,model_reco,dep_low_daylight,0,1
EXP_U000788_2,U000788,2025-09-25,CH_SLEEP_001,1,model_reco,ins_high_wake_irregular,0,0
EXP_U000788_3,U000788,2025-10-01,CH_ACT_001,1,model_reco,dep_low_energy,0,1
EXP_U000788_4,U000788,2025-10-06,CH_ACT_003,1,model_reco,dep_low_activity,1,0
EXP_U000788_5,U000788,2025-10-11,CH_SLEEP_001,1,model_reco,ins_high_wake_irregular,0,0
EXP_U000788_6,U000788,2025-10-18,CH_ACT_001,1,model_reco,dep_low_energy,0,1
EXP_U000789_1,U000789,2025-08-22,CH_WELL_001,1,model_reco,supportive_wellbeing,0,1
EXP_U000789_2,U000789,2025-08-30,CH_SLEEP_001,1,model_reco,ins_high_wake_irregular,0,0
EXP_U000790_1,U000790,2025-08-31,CH_SLEEP_001,1,model_reco,ins_high_wake_irregular,0,1
EXP_U000790_2,U000790,2025-09-03,CH_SLEEP_001,1,model_reco,ins_high_wake_irregular,0,1
EXP_U000790_3,U000790,2025-09-09,CH_SLEEP_001,1,model_reco,ins_high_wake_irregular,1,0
EXP_U000790_4,U000790,2025-09-10,CH_ACT_003,1,model_reco,dep_low_activity,0,0
EXP_U000790_5,U000790,2025-09-16,CH_SLEEP_001,1,model_reco,ins_high_wake_irregular,0,1
EXP_U000790_6,U000790,2025-09-27,CH_SLEEP_001,1,model_reco,ins_high_wake_irregular,1,0
EXP_U000790_7,U000790,2025-10-03,CH_ACT_003,1,model_reco,dep_low_activity,1,0
EXP_U000790_8,U000790,2025-10-05,CH_SLEEP_001,1,model_reco,ins_high_wake_irregular,0,0
EXP_U000790_9,U000790,2025-10-08,CH_SLEEP_001,1,model_reco,ins_high_wake_irregular,0,1
EXP_U000790_10,U000790,2025-10-18,CH_SLEEP_001,1,model_reco,ins_high_wake_irregular,0,0
EXP_U000790_11,U000790,2025-11-01,CH_ACT_001,1,model_reco,dep_low_energy,0,0
EXP_U000790_12,U000790,2025-11-13,CH_SLEEP_001,1,model_reco,ins_high_wake_irregular,1,0
EXP_U000790_13,U000790,2025-11-16,CH_ACT_002,1,model_reco,dep_low_daylight,0,1
EXP_U000791_1,U000791,2025-08-17,CH_ACT_002,1,model_reco,dep_low_daylight,0,0
EXP_U000791_2,U000791,2025-08-19,CH_ACT_003,1,model_reco,dep_low_activity,1,0
EXP_U000791_3,U000791,2025-08-25,CH_ACT_002,1,model_reco,dep_low_daylight,0,0
EXP_U000791_4,U000791,2025-08-26,CH_ACT_002,1,model_reco,dep_low_daylight,0,0
EXP_U000791_5,U000791,2025-08-28,CH_ACT_003,1,model_reco,dep_low_activity,1,0
EXP_U000791_6,U000791,2025-09-01,CH_ACT_002,1,model_reco,dep_low_daylight,1,0
EXP_U000791_7,U000791,2025-09-12,CH_ACT_003,1,model_reco,dep_low_activity,0,0
EXP_U000791_8,U000791,2025-09-16,CH_ACT_002,1,model_reco,dep_low_daylight,1,0
EXP_U000791_9,U000791,2025-09-17,CH_SOC_001,1,model_reco,low_social_contact,0,1
EXP_U000791_10,U000791,2025-09-21,CH_ACT_002,1,model_reco,dep_low_daylight,1,0
EXP_U000791_11,U000791,2025-09-24,CH_ACT_001,1,model_reco,dep_low_energy,0,0
EXP_U000791_12,U000791,2025-09-25,CH_ACT_003,1,model_reco,dep_low_activity,0,1
EXP_U000791_13,U000791,2025-10-02,CH_ACT_002,1,model_reco,dep_low_daylight,0,1
EXP_U000791_14,U000791,2025-10-03,CH_ACT_002,1,model_reco,dep_low_daylight,0,0
EXP_U000791_15,U000791,2025-10-06,CH_ACT_002,1,model_reco,dep_low_daylight,1,0
EXP_U000791_16,U000791,2025-10-11,CH_ACT_002,1,model_reco,dep_low_daylight,0,0
EXP_U000791_17,U000791,2025-10-13,CH_ACT_003,1,model_reco,dep_low_activity,0,0
EXP_U000791_18,U000791,2025-10-17,CH_ACT_003,1,model_reco,dep_low_activity,1,0
EXP_U000791_19,U000791,2025-10-18,CH_SOC_001,1,model_reco,low_social_contact,1,0
EXP_U000791_20,U000791,2025-10-20,CH_ACT_002,1,model_reco,dep_low_daylight,0,1
EXP_U000791_21,U000791,2025-10-21,CH_ACT_003,1,model_reco,dep_low_activity,0,1
EXP_U000791_22,U000791,2025-10-31,CH_ACT_002,1,model_reco,dep_low_daylight,0,0
EXP_U000792_1,U000792,2025-07-18,CH_SLEEP_001,1,model_reco,ins_high_wake_irregular,0,0
EXP_U000792_2,U000792,2025-08-10,CH_SLEEP_001,1,model_reco,ins_high_wake_irregular,1,0
EXP_U000792_3,U000792,2025-08-19,CH_SLEEP_001,1,model_reco,ins_high_wake_irregular,0,0
EXP_U000792_4,U000792,2025-08-20,CH_SLEEP_001,1,model_reco,ins_high_wake_irregular,1,0
EXP_U000792_5,U000792,2025-09-05,CH_SLEEP_001,1,model_reco,ins_high_wake_irregular,0,0
EXP_U000792_6,U000792,2025-09-06,CH_SLEEP_001,1,model_reco,ins_high_wake_irregular,0,1
EXP_U000792_7,U000792,2025-09-18,CH_REG_002,1,model_reco,anx_high_anxiety,1,0
EXP_U000792_8,U000792,2025-09-25,CH_REG_001,1,model_reco,anx_high_anxiety,0,1
EXP_U000792_9,U000792,2025-09-26,CH_SLEEP_001,1,model_reco,ins_high_wake_irregular,0,0
EXP_U000793_1,U000793,2025-07-19,CH_ACT_002,1,model_reco,dep_low_daylight,0,1
EXP_U000793_2,U000793,2025-08-02,CH_ACT_002,1,model_reco,dep_low_daylight,0,0
EXP_U000793_3,U000793,2025-08-06,CH_ACT_003,1,model_reco,dep_low_activity,0,1
EXP_U000793_4,U000793,2025-08-08,CH_ACT_001,1,model_reco,dep_low_energy,0,0
EXP_U000793_5,U000793,2025-09-14,CH_ACT_002,1,model_reco,dep_low_daylight,0,0
EXP_U000793_6,U000793,2025-09-19,CH_ACT_002,1,model_reco,dep_low_daylight,0,0
EXP_U000794_1,U000794,2025-07-11,CH_ACT_002,1,model_reco,dep_low_daylight,0,0
EXP_U000794_2,U000794,2025-07-14,CH_ACT_003,1,model_reco,dep_low_activity,0,1
EXP_U000794_3,U000794,2025-07-16,CH_ACT_003,1,model_reco,dep_low_activity,1,0
EXP_U000794_4,U000794,2025-07-17,CH_REG_001,1,model_reco,anx_high_anxiety,0,0
EXP_U000794_5,U000794,2025-07-20,CH_ACT_002,1,model_reco,dep_low_daylight,0,0
EXP_U000794_6,U000794,2025-07-25,CH_ACT_003,1,model_reco,dep_low_activity,1,0
EXP_U000794_7,U000794,2025-08-02,CH_ACT_003,1,model_reco,dep_low_activity,0,1
EXP_U000794_8,U000794,2025-08-04,CH_ACT_002,1,model_reco,dep_low_daylight,0,1
EXP_U000794_9,U000794,2025-08-09,CH_ACT_003,1,model_reco,dep_low_activity,0,1
EXP_U000794_10,U000794,2025-08-10,CH_ACT_003,1,model_reco,dep_low_activity,0,0
EXP_U000794_11,U000794,2025-08-11,CH_ACT_002,1,model_reco,dep_low_daylight,0,0
EXP_U000794_12,U000794,2025-08-18,CH_ACT_002,1,model_reco,dep_low_daylight,0,0
EXP_U000794_13,U000794,2025-08-20,CH_ACT_002,1,model_reco,dep_low_daylight,0,1
EXP_U000794_14,U000794,2025-08-25,CH_ACT_002,1,model_reco,dep_low_daylight,0,0
EXP_U000794_15,U000794,2025-08-26,CH_ACT_002,1,model_reco,dep_low_daylight,1,0
EXP_U000794_16,U000794,2025-08-27,CH_SOC_001,1,model_reco,low_social_contact,0,1
EXP_U000794_17,U000794,2025-08-31,CH_ACT_002,1,model_reco,dep_low_daylight,0,0
EXP_U000794_18,U000794,2025-09-01,CH_ACT_003,1,model_reco,dep_low_activity,0,0
EXP_U000794_19,U000794,2025-09-02,CH_ACT_003,1,model_reco,dep_low_activity,0,0
EXP_U000794_20,U000794,2025-09-04,CH_ACT_003,1,model_reco,dep_low_activity,1,0
EXP_U000794_21,U000794,2025-09-09,CH_ACT_003,1,model_reco,dep_low_activity,0,0
EXP_U000794_22,U000794,2025-09-11,CH_ACT_003,1,model_reco,dep_low_activity,1,0
EXP_U000794_23,U000794,2025-09-12,CH_SOC_001,1,model_reco,low_social_contact,1,0
EXP_U000794_24,U000794,2025-09-16,CH_ACT_002,1,model_reco,dep_low_daylight,0,0
EXP_U000795_1,U000795,2025-08-27,CH_SLEEP_001,1,model_reco,ins_high_wake_irregular,0,0
EXP_U000795_2,U000795,2025-08-28,CH_SLEEP_001,1,model_reco,ins_high_wake_irregular,0,0
EXP_U000795_3,U000795,2025-08-29,CH_SLEEP_001,1,model_reco,ins_high_wake_irregular,1,0
EXP_U000795_4,U000795,2025-09-07,CH_SLEEP_001,1,model_reco,ins_high_wake_irregular,1,0
EXP_U000795_5,U000795,2025-09-14,CH_SLEEP_001,1,model_reco,ins_high_wake_irregular,0,1
EXP_U000795_6,U000795,2025-09-20,CH_SLEEP_001,1,model_reco,ins_high_wake_irregular,0,1
EXP_U000795_7,U000795,2025-09-21,CH_SLEEP_001,1,model_reco,ins_high_wake_irregular,0,0
EXP_U000795_8,U000795,2025-09-25,CH_SLEEP_001,1,model_reco,ins_high_wake_irregular,1,0
EXP_U000795_9,U000795,2025-10-06,CH_SLEEP_001,1,model_reco,ins_high_wake_irregular,1,0
EXP_U000795_10,U000795,2025-10-13,CH_SLEEP_001,1,model_reco,ins_high_wake_irregular,0,1
EXP_U000795_11,U000795,2025-10-18,CH_SLEEP_001,1,model_reco,ins_high_wake_irregular,0,1
EXP_U000795_12,U000795,2025-10-20,CH_SLEEP_001,1,model_reco,ins_high_wake_irregular,0,0
EXP_U000795_13,U000795,2025-11-01,CH_SLEEP_001,1,model_reco,ins_high_wake_irregular,0,1
EXP_U000795_14,U000795,2025-11-07,CH_SLEEP_001,1,model_reco,ins_high_wake_irregular,1,0
EXP_U000795_15,U000795,2025-11-15,CH_SLEEP_001,1,model_reco,ins_high_wake_irregular,0,0
EXP_U000796_1,U000796,2025-07-16,CH_ACT_001,1,model_reco,dep_low_energy,0,1
EXP_U000796_2,U000796,2025-07-17,CH_SLEEP_001,1,model_reco,ins_high_wake_irregular,1,0
EXP_U000796_3,U000796,2025-07-18,CH_ACT_001,1,model_reco,dep_low_energy,0,1
EXP_U000796_4,U000796,2025-07-26,CH_SLEEP_001,1,model_reco,ins_high_wake_irregular,1,0
EXP_U000796_5,U000796,2025-08-10,CH_ACT_003,1,model_reco,dep_low_activity,0,0
EXP_U000796_6,U000796,2025-09-08,CH_SLEEP_001,1,model_reco,ins_high_wake_irregular,0,1
EXP_U000796_7,U000796,2025-09-11,CH_SLEEP_001,1,model_reco,ins_high_wake_irregular,1,0
EXP_U000796_8,U000796,2025-09-12,CH_ACT_001,1,model_reco,dep_low_energy,0,1
EXP_U000796_9,U000796,2025-09-19,CH_SLEEP_001,1,model_reco,ins_high_wake_irregular,0,1
EXP_U000796_10,U000796,2025-10-05,CH_SLEEP_001,1,model_reco,ins_high_wake_irregular,0,0
EXP_U000797_1,U000797,2025-08-13,CH_REG_002,1,model_reco,anx_high_anxiety,1,0
EXP_U000797_2,U000797,2025-08-19,CH_REG_001,1,model_reco,anx_high_anxiety,1,0
EXP_U000797_3,U000797,2025-08-20,CH_REG_002,1,model_reco,anx_high_anxiety,0,0
EXP_U000797_4,U000797,2025-08-24,CH_REG_001,1,model_reco,anx_high_anxiety,1,0
EXP_U000797_5,U000797,2025-09-03,CH_ACT_001,1,model_reco,dep_low_energy,1,0
EXP_U000798_1,U000798,2025-07-15,CH_REG_002,1,model_reco,anx_high_anxiety,1,0
EXP_U000798_2,U000798,2025-07-17,CH_SLEEP_001,1,model_reco,ins_high_wake_irregular,0,1
EXP_U000798_3,U000798,2025-07-23,CH_SLEEP_001,1,model_reco,ins_high_wake_irregular,0,0
EXP_U000798_4,U000798,2025-07-27,CH_SLEEP_001,1,model_reco,ins_high_wake_irregular,0,1
EXP_U000798_5,U000798,2025-07-29,CH_SLEEP_001,1,model_reco,ins_high_wake_irregular,0,1
EXP_U000798_6,U000798,2025-07-31,CH_REG_001,1,model_reco,anx_high_anxiety,0,1
EXP_U000798_7,U000798,2025-08-05,CH_REG_001,1,model_reco,anx_high_anxiety,0,1
EXP_U000798_8,U000798,2025-08-06,CH_ACT_003,1,model_reco,dep_low_activity,0,1
EXP_U000798_9,U000798,2025-08-07,CH_SOC_001,1,model_reco,low_social_contact,0,0
EXP_U000798_10,U000798,2025-08-14,CH_REG_002,1,model_reco,anx_high_anxiety,0,0
EXP_U000798_11,U000798,2025-08-17,CH_ACT_003,1,model_reco,dep_low_activity,0,1
EXP_U000798_12,U000798,2025-08-18,CH_REG_002,1,model_reco,anx_high_anxiety,0,1
EXP_U000798_13,U000798,2025-08-28,CH_REG_001,1,model_reco,anx_high_anxiety,1,0
EXP_U000798_14,U000798,2025-09-10,CH_REG_001,1,model_reco,anx_high_anxiety,0,1
EXP_U000798_15,U000798,2025-09-12,CH_ACT_002,1,model_reco,dep_low_daylight,1,0
EXP_U000798_16,U000798,2025-09-14,CH_SOC_001,1,model_reco,low_social_contact,1,0
EXP_U000798_17,U000798,2025-09-23,CH_SLEEP_001,1,model_reco,ins_high_wake_irregular,0,1
EXP_U000798_18,U000798,2025-09-24,CH_SLEEP_001,1,model_reco,ins_high_wake_irregular,0,0
EXP_U000798_19,U000798,2025-09-25,CH_SLEEP_001,1,model_reco,ins_high_wake_irregular,0,0
EXP_U000798_20,U000798,2025-09-27,CH_SLEEP_001,1,model_reco,ins_high_wake_irregular,1,0
EXP_U000798_21,U000798,2025-10-04,CH_REG_002,1,model_reco,anx_high_anxiety,0,1
EXP_U000799_1,U000799,2025-07-15,CH_ACT_001,1,model_reco,dep_low_energy,1,0
EXP_U000799_2,U000799,2025-07-18,CH_SOC_001,1,model_reco,low_social_contact,1,0
EXP_U000799_3,U000799,2025-07-24,CH_ACT_001,1,model_reco,dep_low_energy,0,0
EXP_U000799_4,U000799,2025-07-26,CH_ACT_003,1,model_reco,dep_low_activity,1,0
EXP_U000799_5,U000799,2025-07-31,CH_ACT_001,1,model_reco,dep_low_energy,1,0
EXP_U000799_6,U000799,2025-08-08,CH_ACT_001,1,model_reco,dep_low_energy,1,0
EXP_U000799_7,U000799,2025-08-20,CH_ACT_001,1,model_reco,dep_low_energy,1,0
EXP_U000799_8,U000799,2025-08-25,CH_ACT_002,1,model_reco,dep_low_daylight,0,1
EXP_U000799_9,U000799,2025-09-14,CH_WELL_001,1,model_reco,supportive_wellbeing,1,0
EXP_U000800_1,U000800,2025-09-03,CH_SLEEP_001,1,model_reco,ins_high_wake_irregular,1,0
EXP_U000800_2,U000800,2025-09-07,CH_ACT_002,1,model_reco,dep_low_daylight,0,1
EXP_U000800_3,U000800,2025-09-14,CH_SLEEP_001,1,model_reco,ins_high_wake_irregular,1,0
EXP_U000800_4,U000800,2025-09-15,CH_ACT_003,1,model_reco,dep_low_activity,0,1
EXP_U000800_5,U000800,2025-09-26,CH_SLEEP_001,1,model_reco,ins_high_wake_irregular,0,1
EXP_U000800_6,U000800,2025-10-13,CH_SLEEP_001,1,model_reco,ins_high_wake_irregular,1,0
EXP_U000800_7,U000800,2025-10-21,CH_SLEEP_001,1,model_reco,ins_high_wake_irregular,1,0
EXP_U000800_8,U000800,2025-10-28,CH_SLEEP_001,1,model_reco,ins_high_wake_irregular,0,1
EXP_U000800_9,U000800,2025-11-04,CH_SLEEP_001,1,model_reco,ins_high_wake_irregular,1,0
EXP_U000800_10,U000800,2025-11-15,CH_SLEEP_001,1,model_reco,ins_high_wake_irregular,0,1
EXP_U000800_11,U000800,2025-11-18,CH_SLEEP_001,1,model_reco,ins_high_wake_irregular,0,1
EXP_U000800_12,U000800,2025-11-19,CH_SLEEP_001,1,model_reco,ins_high_wake_irregular,1,0
EXP_U000801_1,U000801,2025-06-04,CH_SLEEP_001,1,model_reco,ins_high_wake_irregular,0,0
EXP_U000801_2,U000801,2025-06-06,CH_SLEEP_001,1,model_reco,ins_high_wake_irregular,0,1
EXP_U000801_3,U000801,2025-06-07,CH_SLEEP_001,1,model_reco,ins_high_wake_irregular,0,1
EXP_U000801_4,U000801,2025-06-12,CH_SLEEP_001,1,model_reco,ins_high_wake_irregular,0,0
EXP_U000801_5,U000801,2025-06-15,CH_SLEEP_001,1,model_reco,ins_high_wake_irregular,0,1
EXP_U000801_6,U000801,2025-06-23,CH_SLEEP_001,1,model_reco,ins_high_wake_irregular,0,0
EXP_U000801_7,U000801,2025-06-28,CH_SLEEP_001,1,model_reco,ins_high_wake_irregular,0,1
EXP_U000801_8,U000801,2025-07-01,CH_SLEEP_001,1,model_reco,ins_high_wake_irregular,0,1
EXP_U000801_9,U000801,2025-07-07,CH_SLEEP_001,1,model_reco,ins_high_wake_irregular,0,1
EXP_U000801_10,U000801,2025-07-08,CH_SLEEP_001,1,model_reco,ins_high_wake_irregular,0,0
EXP_U000801_11,U000801,2025-07-10,CH_SLEEP_001,1,model_reco,ins_high_wake_irregular,0,1
EXP_U000801_12,U000801,2025-07-12,CH_SLEEP_001,1,model_reco,ins_high_wake_irregular,0,0
EXP_U000801_13,U000801,2025-07-15,CH_SLEEP_001,1,model_reco,ins_high_wake_irregular,0,0
EXP_U000801_14,U000801,2025-07-27,CH_SLEEP_001,1,model_reco,ins_high_wake_irregular,0,0
EXP_U000801_15,U000801,2025-08-02,CH_SLEEP_001,1,model_reco,ins_high_wake_irregular,1,0
EXP_U000801_16,U000801,2025-08-04,CH_ACT_002,1,model_reco,dep_low_daylight,0,0
EXP_U000801_17,U000801,2025-08-06,CH_ACT_003,1,model_reco,dep_low_activity,0,1
EXP_U000801_18,U000801,2025-08-08,CH_ACT_003,1,model_reco,dep_low_activity,0,0
EXP_U000801_19,U000801,2025-08-11,CH_SLEEP_001,1,model_reco,ins_high_wake_irregular,0,1
EXP_U000801_20,U000801,2025-08-12,CH_SLEEP_001,1,model_reco,ins_high_wake_irregular,0,1
EXP_U000801_21,U000801,2025-08-17,CH_SLEEP_001,1,model_reco,ins_high_wake_irregular,0,1
EXP_U000801_22,U000801,2025-08-20,CH_SLEEP_001,1,model_reco,ins_high_wake_irregular,1,0
EXP_U000802_1,U000802,2025-07-26,CH_ACT_003,1,model_reco,dep_low_activity,1,0
EXP_U000802_2,U000802,2025-08-07,CH_ACT_001,1,model_reco,dep_low_energy,0,1
EXP_U000802_3,U000802,2025-09-01,CH_ACT_001,1,model_reco,dep_low_energy,1,0
EXP_U000802_4,U000802,2025-09-02,CH_WELL_001,1,model_reco,supportive_wellbeing,0,1
EXP_U000802_5,U000802,2025-09-25,CH_REG_002,1,model_reco,anx_high_anxiety,0,1
EXP_U000802_6,U000802,2025-09-26,CH_REG_001,1,model_reco,anx_high_anxiety,0,1
EXP_U000803_1,U000803,2025-09-19,CH_WELL_001,1,model_reco,supportive_wellbeing,0,0
EXP_U000804_1,U000804,2025-07-02,CH_REG_001,1,model_reco,anx_high_anxiety,0,0
EXP_U000804_2,U000804,2025-07-11,CH_REG_001,1,model_reco,anx_high_anxiety,0,1
EXP_U000804_3,U000804,2025-08-01,CH_SLEEP_001,1,model_reco,ins_high_wake_irregular,0,1
EXP_U000804_4,U000804,2025-08-05,CH_SLEEP_001,1,model_reco,ins_high_wake_irregular,0,1
EXP_U000804_5,U000804,2025-09-04,CH_SLEEP_001,1,model_reco,ins_high_wake_irregular,0,1
EXP_U000804_6,U000804,2025-09-07,CH_SLEEP_001,1,model_reco,ins_high_wake_irregular,0,0
EXP_U000804_7,U000804,2025-09-20,CH_SLEEP_001,1,model_reco,ins_high_wake_irregular,0,0
EXP_U000804_8,U000804,2025-09-22,CH_SLEEP_001,1,model_reco,ins_high_wake_irregular,0,1
EXP_U000806_1,U000806,2025-07-28,CH_SLEEP_001,1,model_reco,ins_high_wake_irregular,0,0
EXP_U000806_2,U000806,2025-08-02,CH_SLEEP_001,1,model_reco,ins_high_wake_irregular,1,0
EXP_U000806_3,U000806,2025-08-04,CH_REG_002,1,model_reco,anx_high_anxiety,0,1
EXP_U000806_4,U000806,2025-09-01,CH_REG_002,1,model_reco,anx_high_anxiety,1,0
EXP_U000806_5,U000806,2025-09-06,CH_REG_002,1,model_reco,anx_high_anxiety,0,0
EXP_U000806_6,U000806,2025-09-23,CH_REG_001,1,model_reco,anx_high_anxiety,1,0
EXP_U000807_1,U000807,2025-11-03,CH_REG_001,1,model_reco,anx_high_anxiety,0,0
EXP_U000808_1,U000808,2025-06-28,CH_REG_001,1,model_reco,anx_high_anxiety,0,1
EXP_U000808_2,U000808,2025-07-01,CH_ACT_003,1,model_reco,dep_low_activity,0,0
EXP_U000808_3,U000808,2025-07-03,CH_ACT_003,1,model_reco,dep_low_activity,0,0
EXP_U000808_4,U000808,2025-07-04,CH_ACT_002,1,model_reco,dep_low_daylight,0,1
EXP_U000808_5,U000808,2025-07-05,CH_ACT_002,1,model_reco,dep_low_daylight,1,0
EXP_U000808_6,U000808,2025-07-08,CH_ACT_002,1,model_reco,dep_low_daylight,1,0
EXP_U000808_7,U000808,2025-07-10,CH_REG_002,1,model_reco,anx_high_anxiety,0,0
EXP_U000808_8,U000808,2025-07-11,CH_ACT_002,1,model_reco,dep_low_daylight,0,0
EXP_U000808_9,U000808,2025-07-12,CH_ACT_002,1,model_reco,dep_low_daylight,0,0
EXP_U000808_10,U000808,2025-07-17,CH_SLEEP_001,1,model_reco,ins_high_wake_irregular,1,0
EXP_U000808_11,U000808,2025-07-18,CH_ACT_003,1,model_reco,dep_low_activity,0,1
EXP_U000808_12,U000808,2025-07-20,CH_ACT_002,1,model_reco,dep_low_daylight,0,0
EXP_U000808_13,U000808,2025-07-22,CH_ACT_002,1,model_reco,dep_low_daylight,0,1
EXP_U000808_14,U000808,2025-07-25,CH_SLEEP_001,1,model_reco,ins_high_wake_irregular,0,1
EXP_U000808_15,U000808,2025-07-26,CH_SLEEP_001,1,model_reco,ins_high_wake_irregular,0,0
EXP_U000808_16,U000808,2025-07-30,CH_ACT_002,1,model_reco,dep_low_daylight,0,0
EXP_U000808_17,U000808,2025-08-03,CH_ACT_002,1,model_reco,dep_low_daylight,0,1
EXP_U000808_18,U000808,2025-08-13,CH_ACT_003,1,model_reco,dep_low_activity,0,0
EXP_U000808_19,U000808,2025-08-21,CH_ACT_002,1,model_reco,dep_low_daylight,0,1
EXP_U000808_20,U000808,2025-08-22,CH_ACT_003,1,model_reco,dep_low_activity,0,0
EXP_U000808_21,U000808,2025-08-30,CH_ACT_002,1,model_reco,dep_low_daylight,1,0
EXP_U000808_22,U000808,2025-09-08,CH_ACT_002,1,model_reco,dep_low_daylight,0,0
EXP_U000808_23,U000808,2025-09-09,CH_ACT_003,1,model_reco,dep_low_activity,1,0
EXP_U000808_24,U000808,2025-09-14,CH_ACT_002,1,model_reco,dep_low_daylight,0,0
EXP_U000808_25,U000808,2025-09-16,CH_ACT_003,1,model_reco,dep_low_activity,0,1
EXP_U000809_1,U000809,2025-07-27,CH_REG_001,1,model_reco,anx_high_anxiety,1,0
EXP_U000809_2,U000809,2025-08-02,CH_REG_001,1,model_reco,anx_high_anxiety,1,0
EXP_U000809_3,U000809,2025-08-04,CH_REG_002,1,model_reco,anx_high_anxiety,1,0
EXP_U000809_4,U000809,2025-08-05,CH_REG_002,1,model_reco,anx_high_anxiety,0,0
EXP_U000809_5,U000809,2025-08-06,CH_REG_001,1,model_reco,anx_high_anxiety,1,0
EXP_U000809_6,U000809,2025-08-09,CH_REG_001,1,model_reco,anx_high_anxiety,0,0
EXP_U000809_7,U000809,2025-08-25,CH_REG_002,1,model_reco,anx_high_anxiety,1,0
EXP_U000809_8,U000809,2025-08-27,CH_REG_001,1,model_reco,anx_high_anxiety,0,1
EXP_U000809_9,U000809,2025-09-01,CH_REG_001,1,model_reco,anx_high_anxiety,0,0
EXP_U000809_10,U000809,2025-09-08,CH_REG_001,1,model_reco,anx_high_anxiety,1,0
EXP_U000809_11,U000809,2025-09-19,CH_REG_001,1,model_reco,anx_high_anxiety,1,0
EXP_U000809_12,U000809,2025-09-29,CH_REG_001,1,model_reco,anx_high_anxiety,0,0
EXP_U000809_13,U000809,2025-10-04,CH_REG_002,1,model_reco,anx_high_anxiety,0,0
EXP_U000809_14,U000809,2025-10-08,CH_REG_001,1,model_reco,anx_high_anxiety,0,1
EXP_U000810_1,U000810,2025-07-08,CH_SLEEP_001,1,model_reco,ins_high_wake_irregular,0,1
EXP_U000810_2,U000810,2025-07-22,CH_SLEEP_001,1,model_reco,ins_high_wake_irregular,0,1
EXP_U000810_3,U000810,2025-07-23,CH_SLEEP_001,1,model_reco,ins_high_wake_irregular,0,0
EXP_U000810_4,U000810,2025-08-14,CH_SLEEP_001,1,model_reco,ins_high_wake_irregular,1,0
EXP_U000810_5,U000810,2025-08-31,CH_SLEEP_001,1,model_reco,ins_high_wake_irregular,0,1
EXP_U000810_6,U000810,2025-09-05,CH_SLEEP_001,1,model_reco,ins_high_wake_irregular,1,0
EXP_U000810_7,U000810,2025-09-16,CH_SLEEP_001,1,model_reco,ins_high_wake_irregular,0,1
EXP_U000811_1,U000811,2025-08-23,CH_REG_001,1,model_reco,anx_high_anxiety,1,0
EXP_U000811_2,U000811,2025-09-11,CH_REG_001,1,model_reco,anx_high_anxiety,0,1
EXP_U000811_3,U000811,2025-10-13,CH_REG_001,1,model_reco,anx_high_anxiety,0,0
EXP_U000811_4,U000811,2025-10-27,CH_REG_001,1,model_reco,anx_high_anxiety,1,0
EXP_U000812_1,U000812,2025-09-10,CH_ACT_002,1,model_reco,dep_low_daylight,1,0
EXP_U000812_2,U000812,2025-09-15,CH_ACT_003,1,model_reco,dep_low_activity,1,0
EXP_U000812_3,U000812,2025-10-06,CH_ACT_001,1,model_reco,dep_low_energy,0,0
EXP_U000812_4,U000812,2025-10-09,CH_ACT_001,1,model_reco,dep_low_energy,0,1
EXP_U000813_1,U000813,2025-07-21,CH_REG_001,1,model_reco,anx_high_anxiety,0,1
EXP_U000813_2,U000813,2025-07-25,CH_REG_001,1,model_reco,anx_high_anxiety,1,0
EXP_U000813_3,U000813,2025-07-30,CH_REG_002,1,model_reco,anx_high_anxiety,1,0
EXP_U000813_4,U000813,2025-08-15,CH_REG_001,1,model_reco,anx_high_anxiety,0,1
EXP_U000813_5,U000813,2025-08-18,CH_ACT_003,1,model_reco,dep_low_activity,0,1
EXP_U000813_6,U000813,2025-09-03,CH_REG_001,1,model_reco,anx_high_anxiety,0,1
EXP_U000813_7,U000813,2025-09-11,CH_REG_002,1,model_reco,anx_high_anxiety,1,0
EXP_U000813_8,U000813,2025-09-27,CH_REG_001,1,model_reco,anx_high_anxiety,0,1
EXP_U000813_9,U000813,2025-10-05,CH_REG_001,1,model_reco,anx_high_anxiety,0,1
EXP_U000814_1,U000814,2025-08-06,CH_REG_002,1,model_reco,anx_high_anxiety,0,1
EXP_U000814_2,U000814,2025-08-12,CH_REG_001,1,model_reco,anx_high_anxiety,1,0
EXP_U000814_3,U000814,2025-08-13,CH_REG_002,1,model_reco,anx_high_anxiety,1,0
EXP_U000814_4,U000814,2025-08-23,CH_REG_001,1,model_reco,anx_high_anxiety,1,0
EXP_U000814_5,U000814,2025-09-02,CH_REG_001,1,model_reco,anx_high_anxiety,1,0
EXP_U000815_1,U000815,2025-06-24,CH_ACT_001,1,model_reco,dep_low_energy,0,0
EXP_U000815_2,U000815,2025-06-30,CH_REG_001,1,model_reco,anx_high_anxiety,0,1
EXP_U000815_3,U000815,2025-07-05,CH_ACT_003,1,model_reco,dep_low_activity,1,0
EXP_U000815_4,U000815,2025-07-10,CH_REG_001,1,model_reco,anx_high_anxiety,1,0
EXP_U000815_5,U000815,2025-07-12,CH_REG_001,1,model_reco,anx_high_anxiety,0,1
EXP_U000815_6,U000815,2025-07-28,CH_REG_002,1,model_reco,anx_high_anxiety,0,1
EXP_U000815_7,U000815,2025-07-29,CH_ACT_001,1,model_reco,dep_low_energy,1,0
EXP_U000815_8,U000815,2025-08-01,CH_REG_001,1,model_reco,anx_high_anxiety,0,1
EXP_U000815_9,U000815,2025-08-07,CH_REG_002,1,model_reco,anx_high_anxiety,1,0
EXP_U000815_10,U000815,2025-08-20,CH_ACT_001,1,model_reco,dep_low_energy,0,0
EXP_U000815_11,U000815,2025-08-28,CH_REG_001,1,model_reco,anx_high_anxiety,1,0
EXP_U000815_12,U000815,2025-08-29,CH_ACT_001,1,model_reco,dep_low_energy,0,0
EXP_U000815_13,U000815,2025-09-01,CH_REG_001,1,model_reco,anx_high_anxiety,1,0
EXP_U000815_14,U000815,2025-09-03,CH_REG_002,1,model_reco,anx_high_anxiety,0,0
EXP_U000815_15,U000815,2025-09-04,CH_REG_001,1,model_reco,anx_high_anxiety,1,0
EXP_U000816_1,U000816,2025-08-03,CH_ACT_001,1,model_reco,dep_low_energy,0,0
EXP_U000816_2,U000816,2025-08-07,CH_ACT_001,1,model_reco,dep_low_energy,0,0
EXP_U000816_3,U000816,2025-09-03,CH_ACT_001,1,model_reco,dep_low_energy,1,0
EXP_U000816_4,U000816,2025-09-04,CH_SOC_001,1,model_reco,low_social_contact,0,1
EXP_U000816_5,U000816,2025-09-07,CH_REG_001,1,model_reco,anx_high_anxiety,0,0
EXP_U000816_6,U000816,2025-09-08,CH_ACT_001,1,model_reco,dep_low_energy,0,1
EXP_U000817_1,U000817,2025-07-27,CH_WELL_001,1,model_reco,supportive_wellbeing,0,1
EXP_U000817_2,U000817,2025-07-30,CH_WELL_001,1,model_reco,supportive_wellbeing,0,0
EXP_U000818_1,U000818,2025-07-24,CH_WELL_001,1,model_reco,supportive_wellbeing,0,0
EXP_U000819_1,U000819,2025-07-09,CH_SLEEP_001,1,model_reco,ins_high_wake_irregular,0,0
EXP_U000819_2,U000819,2025-08-09,CH_SLEEP_001,1,model_reco,ins_high_wake_irregular,0,1
EXP_U000819_3,U000819,2025-08-10,CH_SLEEP_001,1,model_reco,ins_high_wake_irregular,0,1
EXP_U000819_4,U000819,2025-08-23,CH_SLEEP_001,1,model_reco,ins_high_wake_irregular,0,1
EXP_U000820_1,U000820,2025-08-01,CH_SLEEP_001,1,model_reco,ins_high_wake_irregular,1,0
EXP_U000820_2,U000820,2025-08-09,CH_REG_001,1,model_reco,anx_high_anxiety,0,1
EXP_U000820_3,U000820,2025-08-10,CH_SLEEP_001,1,model_reco,ins_high_wake_irregular,0,1
EXP_U000820_4,U000820,2025-08-14,CH_SLEEP_001,1,model_reco,ins_high_wake_irregular,0,0
EXP_U000820_5,U000820,2025-08-16,CH_REG_002,1,model_reco,anx_high_anxiety,1,0
EXP_U000820_6,U000820,2025-08-23,CH_REG_002,1,model_reco,anx_high_anxiety,1,0
EXP_U000820_7,U000820,2025-08-28,CH_SLEEP_001,1,model_reco,ins_high_wake_irregular,1,0
EXP_U000820_8,U000820,2025-08-30,CH_REG_002,1,model_reco,anx_high_anxiety,0,0
EXP_U000820_9,U000820,2025-09-08,CH_SLEEP_001,1,model_reco,ins_high_wake_irregular,1,0
EXP_U000820_10,U000820,2025-09-11,CH_REG_001,1,model_reco,anx_high_anxiety,0,0
EXP_U000820_11,U000820,2025-09-16,CH_SLEEP_001,1,model_reco,ins_high_wake_irregular,0,1
EXP_U000820_12,U000820,2025-09-22,CH_SLEEP_001,1,model_reco,ins_high_wake_irregular,0,0
EXP_U000820_13,U000820,2025-09-23,CH_SLEEP_001,1,model_reco,ins_high_wake_irregular,0,1
EXP_U000820_14,U000820,2025-09-27,CH_SLEEP_001,1,model_reco,ins_high_wake_irregular,1,0
EXP_U000820_15,U000820,2025-09-28,CH_REG_001,1,model_reco,anx_high_anxiety,0,1
EXP_U000820_16,U000820,2025-10-06,CH_SLEEP_001,1,model_reco,ins_high_wake_irregular,0,1
EXP_U000820_17,U000820,2025-10-07,CH_SLEEP_001,1,model_reco,ins_high_wake_irregular,1,0
EXP_U000820_18,U000820,2025-10-16,CH_SLEEP_001,1,model_reco,ins_high_wake_irregular,1,0
EXP_U000820_19,U000820,2025-10-20,CH_REG_002,1,model_reco,anx_high_anxiety,1,0
EXP_U000821_1,U000821,2025-07-31,CH_WELL_001,1,model_reco,supportive_wellbeing,0,1
EXP_U000821_2,U000821,2025-08-06,CH_ACT_001,1,model_reco,dep_low_energy,1,0
EXP_U000821_3,U000821,2025-08-22,CH_ACT_001,1,model_reco,dep_low_energy,0,1
EXP_U000821_4,U000821,2025-08-27,CH_ACT_001,1,model_reco,dep_low_energy,0,0
EXP_U000821_5,U000821,2025-09-10,CH_ACT_003,1,model_reco,dep_low_activity,1,0
EXP_U000822_1,U000822,2025-06-10,CH_REG_001,1,model_reco,anx_high_anxiety,1,0
EXP_U000822_2,U000822,2025-06-11,CH_REG_002,1,model_reco,anx_high_anxiety,0,0
EXP_U000822_3,U000822,2025-06-14,CH_REG_001,1,model_reco,anx_high_anxiety,1,0
EXP_U000822_4,U000822,2025-06-16,CH_REG_002,1,model_reco,anx_high_anxiety,0,0
EXP_U000822_5,U000822,2025-06-25,CH_REG_002,1,model_reco,anx_high_anxiety,0,0
EXP_U000822_6,U000822,2025-06-26,CH_REG_001,1,model_reco,anx_high_anxiety,0,1
EXP_U000822_7,U000822,2025-08-02,CH_WELL_001,1,model_reco,supportive_wellbeing,1,0
EXP_U000822_8,U000822,2025-08-03,CH_REG_001,1,model_reco,anx_high_anxiety,0,1
EXP_U000822_9,U000822,2025-08-05,CH_REG_001,1,model_reco,anx_high_anxiety,1,0
EXP_U000822_10,U000822,2025-08-07,CH_REG_002,1,model_reco,anx_high_anxiety,0,1
EXP_U000822_11,U000822,2025-08-23,CH_REG_002,1,model_reco,anx_high_anxiety,0,0
EXP_U000822_12,U000822,2025-08-27,CH_REG_001,1,model_reco,anx_high_anxiety,1,0
EXP_U000823_1,U000823,2025-06-25,CH_SLEEP_001,1,model_reco,ins_high_wake_irregular,0,0
EXP_U000823_2,U000823,2025-06-26,CH_SLEEP_001,1,model_reco,ins_high_wake_irregular,0,0
EXP_U000823_3,U000823,2025-06-28,CH_SLEEP_001,1,model_reco,ins_high_wake_irregular,1,0
EXP_U000823_4,U000823,2025-07-07,CH_SLEEP_001,1,model_reco,ins_high_wake_irregular,1,0
EXP_U000823_5,U000823,2025-07-15,CH_SLEEP_001,1,model_reco,ins_high_wake_irregular,0,1
EXP_U000823_6,U000823,2025-07-22,CH_SLEEP_001,1,model_reco,ins_high_wake_irregular,1,0
EXP_U000823_7,U000823,2025-07-26,CH_WELL_001,1,model_reco,supportive_wellbeing,1,0
EXP_U000823_8,U000823,2025-08-18,CH_SLEEP_001,1,model_reco,ins_high_wake_irregular,1,0
EXP_U000823_9,U000823,2025-08-26,CH_SLEEP_001,1,model_reco,ins_high_wake_irregular,1,0
EXP_U000823_10,U000823,2025-09-05,CH_SLEEP_001,1,model_reco,ins_high_wake_irregular,1,0
EXP_U000825_1,U000825,2025-09-03,CH_WELL_001,1,model_reco,supportive_wellbeing,0,1
EXP_U000825_2,U000825,2025-09-21,CH_SLEEP_001,1,model_reco,ins_high_wake_irregular,1,0
EXP_U000825_3,U000825,2025-09-28,CH_SLEEP_001,1,model_reco,ins_high_wake_irregular,1,0
EXP_U000825_4,U000825,2025-10-09,CH_SLEEP_001,1,model_reco,ins_high_wake_irregular,1,0
EXP_U000825_5,U000825,2025-10-28,CH_SLEEP_001,1,model_reco,ins_high_wake_irregular,1,0
EXP_U000825_6,U000825,2025-11-13,CH_SLEEP_001,1,model_reco,ins_high_wake_irregular,1,0
EXP_U000826_1,U000826,2025-06-26,CH_SLEEP_001,1,model_reco,ins_high_wake_irregular,1,0
EXP_U000826_2,U000826,2025-06-27,CH_ACT_002,1,model_reco,dep_low_daylight,0,0
EXP_U000826_3,U000826,2025-06-29,CH_ACT_003,1,model_reco,dep_low_activity,0,0
EXP_U000826_4,U000826,2025-07-04,CH_ACT_001,1,model_reco,dep_low_energy,0,1
EXP_U000826_5,U000826,2025-07-13,CH_ACT_003,1,model_reco,dep_low_activity,0,0
EXP_U000826_6,U000826,2025-07-22,CH_ACT_002,1,model_reco,dep_low_daylight,0,1
EXP_U000826_7,U000826,2025-07-23,CH_ACT_002,1,model_reco,dep_low_daylight,0,1
EXP_U000826_8,U000826,2025-07-27,CH_ACT_001,1,model_reco,dep_low_energy,0,1
EXP_U000826_9,U000826,2025-07-30,CH_SLEEP_001,1,model_reco,ins_high_wake_irregular,1,0
EXP_U000826_10,U000826,2025-08-03,CH_ACT_003,1,model_reco,dep_low_activity,0,0
EXP_U000826_11,U000826,2025-08-05,CH_ACT_001,1,model_reco,dep_low_energy,0,1
EXP_U000826_12,U000826,2025-08-06,CH_REG_001,1,model_reco,anx_high_anxiety,1,0
EXP_U000826_13,U000826,2025-08-08,CH_SLEEP_001,1,model_reco,ins_high_wake_irregular,0,1
EXP_U000826_14,U000826,2025-08-11,CH_REG_001,1,model_reco,anx_high_anxiety,1,0
EXP_U000826_15,U000826,2025-08-12,CH_ACT_001,1,model_reco,dep_low_energy,0,0
EXP_U000826_16,U000826,2025-08-16,CH_ACT_001,1,model_reco,dep_low_energy,1,0
EXP_U000826_17,U000826,2025-08-17,CH_SLEEP_001,1,model_reco,ins_high_wake_irregular,0,1
EXP_U000826_18,U000826,2025-08-29,CH_ACT_002,1,model_reco,dep_low_daylight,0,1
EXP_U000827_1,U000827,2025-06-25,CH_REG_001,1,model_reco,anx_high_anxiety,1,0
EXP_U000827_2,U000827,2025-07-04,CH_REG_001,1,model_reco,anx_high_anxiety,0,1
EXP_U000827_3,U000827,2025-07-19,CH_REG_001,1,model_reco,anx_high_anxiety,1,0
EXP_U000827_4,U000827,2025-07-30,CH_REG_001,1,model_reco,anx_high_anxiety,0,0
EXP_U000827_5,U000827,2025-07-31,CH_REG_002,1,model_reco,anx_high_anxiety,1,0
EXP_U000827_6,U000827,2025-08-05,CH_REG_001,1,model_reco,anx_high_anxiety,0,1
EXP_U000827_7,U000827,2025-08-23,CH_REG_001,1,model_reco,anx_high_anxiety,1,0
EXP_U000827_8,U000827,2025-08-30,CH_REG_002,1,model_reco,anx_high_anxiety,1,0
EXP_U000828_1,U000828,2025-07-13,CH_ACT_003,1,model_reco,dep_low_activity,0,1
EXP_U000828_2,U000828,2025-07-19,CH_ACT_002,1,model_reco,dep_low_daylight,1,0
EXP_U000828_3,U000828,2025-07-20,CH_REG_001,1,model_reco,anx_high_anxiety,1,0
EXP_U000828_4,U000828,2025-07-21,CH_REG_002,1,model_reco,anx_high_anxiety,0,1
EXP_U000828_5,U000828,2025-07-24,CH_ACT_003,1,model_reco,dep_low_activity,1,0
EXP_U000828_6,U000828,2025-07-27,CH_ACT_002,1,model_reco,dep_low_daylight,1,0
EXP_U000828_7,U000828,2025-07-28,CH_REG_001,1,model_reco,anx_high_anxiety,1,0
EXP_U000828_8,U000828,2025-07-31,CH_ACT_003,1,model_reco,dep_low_activity,1,0
EXP_U000828_9,U000828,2025-08-01,CH_REG_001,1,model_reco,anx_high_anxiety,1,0
EXP_U000828_10,U000828,2025-08-03,CH_ACT_002,1,model_reco,dep_low_daylight,0,1
EXP_U000828_11,U000828,2025-08-09,CH_ACT_003,1,model_reco,dep_low_activity,0,1
EXP_U000828_12,U000828,2025-08-17,CH_ACT_003,1,model_reco,dep_low_activity,0,1
EXP_U000828_13,U000828,2025-08-18,CH_ACT_003,1,model_reco,dep_low_activity,0,0
EXP_U000828_14,U000828,2025-08-19,CH_ACT_003,1,model_reco,dep_low_activity,0,1
EXP_U000828_15,U000828,2025-08-30,CH_ACT_003,1,model_reco,dep_low_activity,1,0
EXP_U000828_16,U000828,2025-09-03,CH_ACT_002,1,model_reco,dep_low_daylight,0,1
EXP_U000828_17,U000828,2025-09-09,CH_ACT_003,1,model_reco,dep_low_activity,0,0
EXP_U000828_18,U000828,2025-09-11,CH_ACT_003,1,model_reco,dep_low_activity,0,1
EXP_U000828_19,U000828,2025-09-14,CH_ACT_002,1,model_reco,dep_low_daylight,0,1
EXP_U000828_20,U000828,2025-09-19,CH_ACT_002,1,model_reco,dep_low_daylight,0,1
EXP_U000828_21,U000828,2025-09-20,CH_ACT_003,1,model_reco,dep_low_activity,0,1
EXP_U000828_22,U000828,2025-09-21,CH_ACT_003,1,model_reco,dep_low_activity,0,1
EXP_U000828_23,U000828,2025-09-22,CH_SLEEP_001,1,model_reco,ins_high_wake_irregular,1,0
EXP_U000828_24,U000828,2025-09-25,CH_ACT_003,1,model_reco,dep_low_activity,0,1
EXP_U000828_25,U000828,2025-09-28,CH_ACT_002,1,model_reco,dep_low_daylight,0,0
EXP_U000829_1,U000829,2025-08-17,CH_REG_002,1,model_reco,anx_high_anxiety,1,0
EXP_U000829_2,U000829,2025-08-23,CH_SLEEP_001,1,model_reco,ins_high_wake_irregular,0,0
EXP_U000829_3,U000829,2025-08-26,CH_REG_001,1,model_reco,anx_high_anxiety,1,0
EXP_U000829_4,U000829,2025-09-01,CH_REG_001,1,model_reco,anx_high_anxiety,0,1
EXP_U000829_5,U000829,2025-09-02,CH_SLEEP_001,1,model_reco,ins_high_wake_irregular,0,0
EXP_U000829_6,U000829,2025-09-03,CH_REG_001,1,model_reco,anx_high_anxiety,0,1
EXP_U000829_7,U000829,2025-09-08,CH_REG_002,1,model_reco,anx_high_anxiety,0,0
EXP_U000829_8,U000829,2025-09-11,CH_REG_001,1,model_reco,anx_high_anxiety,0,1
EXP_U000829_9,U000829,2025-09-16,CH_REG_001,1,model_reco,anx_high_anxiety,0,1
EXP_U000829_10,U000829,2025-09-21,CH_REG_001,1,model_reco,anx_high_anxiety,1,0
EXP_U000829_11,U000829,2025-09-28,CH_SLEEP_001,1,model_reco,ins_high_wake_irregular,0,0
EXP_U000829_12,U000829,2025-09-29,CH_SLEEP_001,1,model_reco,ins_high_wake_irregular,0,0
EXP_U000829_13,U000829,2025-09-30,CH_SLEEP_001,1,model_reco,ins_high_wake_irregular,0,1
EXP_U000829_14,U000829,2025-10-06,CH_SLEEP_001,1,model_reco,ins_high_wake_irregular,0,1
EXP_U000829_15,U000829,2025-10-07,CH_SLEEP_001,1,model_reco,ins_high_wake_irregular,0,0
EXP_U000829_16,U000829,2025-10-11,CH_REG_001,1,model_reco,anx_high_anxiety,1,0
EXP_U000829_17,U000829,2025-10-13,CH_REG_001,1,model_reco,anx_high_anxiety,1,0
EXP_U000829_18,U000829,2025-10-15,CH_REG_002,1,model_reco,anx_high_anxiety,0,1
EXP_U000829_19,U000829,2025-10-23,CH_REG_001,1,model_reco,anx_high_anxiety,0,0
EXP_U000829_20,U000829,2025-10-28,CH_SLEEP_001,1,model_reco,ins_high_wake_irregular,0,1
EXP_U000829_21,U000829,2025-10-30,CH_REG_001,1,model_reco,anx_high_anxiety,1,0
EXP_U000829_22,U000829,2025-11-06,CH_SLEEP_001,1,model_reco,ins_high_wake_irregular,0,1
EXP_U000830_1,U000830,2025-06-07,CH_REG_002,1,model_reco,anx_high_anxiety,1,0
EXP_U000830_2,U000830,2025-07-02,CH_REG_001,1,model_reco,anx_high_anxiety,1,0
EXP_U000830_3,U000830,2025-07-06,CH_REG_002,1,model_reco,anx_high_anxiety,0,0
EXP_U000830_4,U000830,2025-07-20,CH_REG_001,1,model_reco,anx_high_anxiety,1,0
EXP_U000830_5,U000830,2025-07-26,CH_REG_001,1,model_reco,anx_high_anxiety,0,0
EXP_U000830_6,U000830,2025-07-28,CH_REG_001,1,model_reco,anx_high_anxiety,0,0
EXP_U000830_7,U000830,2025-07-29,CH_REG_002,1,model_reco,anx_high_anxiety,0,1
EXP_U000830_8,U000830,2025-08-02,CH_REG_002,1,model_reco,anx_high_anxiety,1,0
EXP_U000830_9,U000830,2025-08-04,CH_REG_001,1,model_reco,anx_high_anxiety,0,0
EXP_U000830_10,U000830,2025-08-06,CH_REG_001,1,model_reco,anx_high_anxiety,1,0
EXP_U000830_11,U000830,2025-08-07,CH_REG_001,1,model_reco,anx_high_anxiety,0,1
EXP_U000830_12,U000830,2025-08-13,CH_REG_001,1,model_reco,anx_high_anxiety,0,0
EXP_U000830_13,U000830,2025-08-15,CH_REG_001,1,model_reco,anx_high_anxiety,0,1
EXP_U000830_14,U000830,2025-08-18,CH_REG_001,1,model_reco,anx_high_anxiety,1,0
EXP_U000830_15,U000830,2025-08-24,CH_REG_002,1,model_reco,anx_high_anxiety,0,1
EXP_U000831_1,U000831,2025-08-21,CH_SLEEP_001,1,model_reco,ins_high_wake_irregular,0,1
EXP_U000831_2,U000831,2025-08-31,CH_SLEEP_001,1,model_reco,ins_high_wake_irregular,0,1
EXP_U000831_3,U000831,2025-09-16,CH_SLEEP_001,1,model_reco,ins_high_wake_irregular,0,1
EXP_U000831_4,U000831,2025-09-21,CH_SLEEP_001,1,model_reco,ins_high_wake_irregular,1,0
EXP_U000831_5,U000831,2025-09-23,CH_REG_001,1,model_reco,anx_high_anxiety,1,0
EXP_U000831_6,U000831,2025-10-09,CH_SLEEP_001,1,model_reco,ins_high_wake_irregular,0,1
EXP_U000832_1,U000832,2025-08-09,CH_SLEEP_001,1,model_reco,ins_high_wake_irregular,0,1
EXP_U000832_2,U000832,2025-08-19,CH_SLEEP_001,1,model_reco,ins_high_wake_irregular,1,0
EXP_U000832_3,U000832,2025-09-06,CH_SLEEP_001,1,model_reco,ins_high_wake_irregular,0,0
EXP_U000832_4,U000832,2025-09-07,CH_SLEEP_001,1,model_reco,ins_high_wake_irregular,1,0
EXP_U000832_5,U000832,2025-09-28,CH_SLEEP_001,1,model_reco,ins_high_wake_irregular,0,1
EXP_U000832_6,U000832,2025-10-14,CH_SLEEP_001,1,model_reco,ins_high_wake_irregular,1,0
EXP_U000832_7,U000832,2025-10-26,CH_SLEEP_001,1,model_reco,ins_high_wake_irregular,0,1
EXP_U000833_1,U000833,2025-08-27,CH_REG_001,1,model_reco,anx_high_anxiety,0,0
EXP_U000833_2,U000833,2025-08-30,CH_REG_002,1,model_reco,anx_high_anxiety,1,0
EXP_U000833_3,U000833,2025-09-16,CH_REG_001,1,model_reco,anx_high_anxiety,1,0
EXP_U000833_4,U000833,2025-09-18,CH_REG_001,1,model_reco,anx_high_anxiety,0,1
EXP_U000833_5,U000833,2025-10-13,CH_REG_002,1,model_reco,anx_high_anxiety,1,0
EXP_U000833_6,U000833,2025-10-23,CH_REG_002,1,model_reco,anx_high_anxiety,0,0
EXP_U000834_1,U000834,2025-07-06,CH_ACT_003,1,model_reco,dep_low_activity,0,1
EXP_U000834_2,U000834,2025-07-07,CH_ACT_001,1,model_reco,dep_low_energy,0,1
EXP_U000834_3,U000834,2025-07-16,CH_ACT_003,1,model_reco,dep_low_activity,1,0
EXP_U000834_4,U000834,2025-07-20,CH_ACT_001,1,model_reco,dep_low_energy,1,0
EXP_U000834_5,U000834,2025-07-21,CH_REG_001,1,model_reco,anx_high_anxiety,1,0
EXP_U000834_6,U000834,2025-07-26,CH_REG_002,1,model_reco,anx_high_anxiety,1,0
EXP_U000834_7,U000834,2025-07-28,CH_REG_002,1,model_reco,anx_high_anxiety,1,0
EXP_U000834_8,U000834,2025-07-30,CH_ACT_001,1,model_reco,dep_low_energy,1,0
EXP_U000834_9,U000834,2025-08-04,CH_ACT_003,1,model_reco,dep_low_activity,0,0
EXP_U000834_10,U000834,2025-08-07,CH_ACT_001,1,model_reco,dep_low_energy,0,0
EXP_U000834_11,U000834,2025-08-08,CH_ACT_001,1,model_reco,dep_low_energy,1,0
EXP_U000834_12,U000834,2025-08-11,CH_REG_002,1,model_reco,anx_high_anxiety,1,0
EXP_U000834_13,U000834,2025-08-12,CH_REG_001,1,model_reco,anx_high_anxiety,1,0
EXP_U000834_14,U000834,2025-08-16,CH_ACT_002,1,model_reco,dep_low_daylight,0,1
EXP_U000834_15,U000834,2025-08-18,CH_ACT_002,1,model_reco,dep_low_daylight,1,0
EXP_U000834_16,U000834,2025-08-26,CH_ACT_002,1,model_reco,dep_low_daylight,1,0
EXP_U000834_17,U000834,2025-08-28,CH_REG_001,1,model_reco,anx_high_anxiety,1,0
EXP_U000834_18,U000834,2025-08-29,CH_ACT_002,1,model_reco,dep_low_daylight,0,1
EXP_U000834_19,U000834,2025-09-02,CH_ACT_003,1,model_reco,dep_low_activity,0,0
EXP_U000834_20,U000834,2025-09-17,CH_ACT_002,1,model_reco,dep_low_daylight,1,0
EXP_U000834_21,U000834,2025-09-21,CH_ACT_003,1,model_reco,dep_low_activity,1,0
EXP_U000834_22,U000834,2025-09-22,CH_REG_002,1,model_reco,anx_high_anxiety,0,1
EXP_U000834_23,U000834,2025-09-23,CH_SLEEP_001,1,model_reco,ins_high_wake_irregular,0,0
EXP_U000834_24,U000834,2025-09-25,CH_ACT_002,1,model_reco,dep_low_daylight,1,0
EXP_U000835_1,U000835,2025-07-24,CH_ACT_002,1,model_reco,dep_low_daylight,0,0
EXP_U000836_1,U000836,2025-07-05,CH_ACT_003,1,model_reco,dep_low_activity,0,0
EXP_U000836_2,U000836,2025-07-07,CH_REG_001,1,model_reco,anx_high_anxiety,0,0
EXP_U000836_3,U000836,2025-07-09,CH_REG_001,1,model_reco,anx_high_anxiety,0,1
EXP_U000836_4,U000836,2025-07-10,CH_REG_001,1,model_reco,anx_high_anxiety,0,1
EXP_U000836_5,U000836,2025-07-20,CH_REG_001,1,model_reco,anx_high_anxiety,0,1
EXP_U000836_6,U000836,2025-07-22,CH_REG_002,1,model_reco,anx_high_anxiety,1,0
EXP_U000836_7,U000836,2025-07-24,CH_REG_001,1,model_reco,anx_high_anxiety,0,1
EXP_U000836_8,U000836,2025-07-25,CH_REG_001,1,model_reco,anx_high_anxiety,0,1
EXP_U000836_9,U000836,2025-07-27,CH_ACT_003,1,model_reco,dep_low_activity,0,1
EXP_U000836_10,U000836,2025-08-07,CH_SLEEP_001,1,model_reco,ins_high_wake_irregular,0,1
EXP_U000836_11,U000836,2025-08-08,CH_SLEEP_001,1,model_reco,ins_high_wake_irregular,0,0
EXP_U000836_12,U000836,2025-08-10,CH_REG_001,1,model_reco,anx_high_anxiety,0,0
EXP_U000836_13,U000836,2025-08-11,CH_REG_001,1,model_reco,anx_high_anxiety,0,0
EXP_U000836_14,U000836,2025-08-12,CH_ACT_002,1,model_reco,dep_low_daylight,0,1
EXP_U000836_15,U000836,2025-08-16,CH_ACT_003,1,model_reco,dep_low_activity,0,1
EXP_U000836_16,U000836,2025-08-20,CH_REG_001,1,model_reco,anx_high_anxiety,0,1
EXP_U000836_17,U000836,2025-08-23,CH_REG_001,1,model_reco,anx_high_anxiety,0,0
EXP_U000836_18,U000836,2025-08-25,CH_REG_002,1,model_reco,anx_high_anxiety,1,0
EXP_U000836_19,U000836,2025-08-27,CH_REG_001,1,model_reco,anx_high_anxiety,0,1
EXP_U000836_20,U000836,2025-09-05,CH_ACT_003,1,model_reco,dep_low_activity,0,1
EXP_U000836_21,U000836,2025-09-07,CH_REG_002,1,model_reco,anx_high_anxiety,1,0
EXP_U000836_22,U000836,2025-09-10,CH_REG_001,1,model_reco,anx_high_anxiety,0,1
EXP_U000836_23,U000836,2025-09-11,CH_REG_001,1,model_reco,anx_high_anxiety,1,0
EXP_U000836_24,U000836,2025-09-14,CH_REG_002,1,model_reco,anx_high_anxiety,0,1
EXP_U000836_25,U000836,2025-09-15,CH_REG_001,1,model_reco,anx_high_anxiety,0,1
EXP_U000836_26,U000836,2025-09-21,CH_REG_001,1,model_reco,anx_high_anxiety,0,1
EXP_U000837_1,U000837,2025-07-03,CH_SLEEP_001,1,model_reco,ins_high_wake_irregular,1,0
EXP_U000837_2,U000837,2025-07-10,CH_SLEEP_001,1,model_reco,ins_high_wake_irregular,0,0
EXP_U000837_3,U000837,2025-07-17,CH_SLEEP_001,1,model_reco,ins_high_wake_irregular,0,1
EXP_U000837_4,U000837,2025-07-23,CH_SLEEP_001,1,model_reco,ins_high_wake_irregular,0,1
EXP_U000837_5,U000837,2025-07-24,CH_SLEEP_001,1,model_reco,ins_high_wake_irregular,0,1
EXP_U000837_6,U000837,2025-07-27,CH_SLEEP_001,1,model_reco,ins_high_wake_irregular,0,0
EXP_U000837_7,U000837,2025-07-31,CH_SLEEP_001,1,model_reco,ins_high_wake_irregular,0,0
EXP_U000837_8,U000837,2025-08-01,CH_SLEEP_001,1,model_reco,ins_high_wake_irregular,0,0
EXP_U000837_9,U000837,2025-08-15,CH_SLEEP_001,1,model_reco,ins_high_wake_irregular,0,1
EXP_U000837_10,U000837,2025-08-16,CH_SLEEP_001,1,model_reco,ins_high_wake_irregular,1,0
EXP_U000837_11,U000837,2025-08-28,CH_SLEEP_001,1,model_reco,ins_high_wake_irregular,1,0
EXP_U000837_12,U000837,2025-09-01,CH_SOC_001,1,model_reco,low_social_contact,1,0
EXP_U000837_13,U000837,2025-09-04,CH_SLEEP_001,1,model_reco,ins_high_wake_irregular,0,0
EXP_U000837_14,U000837,2025-09-06,CH_SLEEP_001,1,model_reco,ins_high_wake_irregular,0,0
EXP_U000837_15,U000837,2025-09-07,CH_SLEEP_001,1,model_reco,ins_high_wake_irregular,0,0
EXP_U000837_16,U000837,2025-09-09,CH_SLEEP_001,1,model_reco,ins_high_wake_irregular,1,0
EXP_U000837_17,U000837,2025-09-14,CH_WELL_001,1,model_reco,supportive_wellbeing,0,0
EXP_U000837_18,U000837,2025-09-23,CH_SLEEP_001,1,model_reco,ins_high_wake_irregular,0,0
EXP_U000838_1,U000838,2025-08-28,CH_SLEEP_001,1,model_reco,ins_high_wake_irregular,1,0
EXP_U000838_2,U000838,2025-08-31,CH_REG_001,1,model_reco,anx_high_anxiety,0,1
EXP_U000838_3,U000838,2025-09-02,CH_REG_001,1,model_reco,anx_high_anxiety,0,0
EXP_U000838_4,U000838,2025-09-04,CH_SLEEP_001,1,model_reco,ins_high_wake_irregular,0,1
EXP_U000838_5,U000838,2025-09-10,CH_SLEEP_001,1,model_reco,ins_high_wake_irregular,0,1
EXP_U000838_6,U000838,2025-09-29,CH_SLEEP_001,1,model_reco,ins_high_wake_irregular,0,0
EXP_U000838_7,U000838,2025-10-10,CH_SLEEP_001,1,model_reco,ins_high_wake_irregular,1,0
EXP_U000838_8,U000838,2025-10-12,CH_REG_001,1,model_reco,anx_high_anxiety,0,1
EXP_U000838_9,U000838,2025-10-14,CH_REG_001,1,model_reco,anx_high_anxiety,0,1
EXP_U000838_10,U000838,2025-10-20,CH_SLEEP_001,1,model_reco,ins_high_wake_irregular,0,0
EXP_U000838_11,U000838,2025-10-21,CH_SLEEP_001,1,model_reco,ins_high_wake_irregular,0,1
EXP_U000838_12,U000838,2025-11-03,CH_SLEEP_001,1,model_reco,ins_high_wake_irregular,0,0
EXP_U000838_13,U000838,2025-11-12,CH_SLEEP_001,1,model_reco,ins_high_wake_irregular,0,0
EXP_U000839_1,U000839,2025-07-07,CH_SLEEP_001,1,model_reco,ins_high_wake_irregular,0,0
EXP_U000839_2,U000839,2025-07-16,CH_SLEEP_001,1,model_reco,ins_high_wake_irregular,0,0
EXP_U000839_3,U000839,2025-07-22,CH_SLEEP_001,1,model_reco,ins_high_wake_irregular,1,0
EXP_U000839_4,U000839,2025-07-24,CH_REG_001,1,model_reco,anx_high_anxiety,1,0
EXP_U000839_5,U000839,2025-08-01,CH_SLEEP_001,1,model_reco,ins_high_wake_irregular,1,0
EXP_U000839_6,U000839,2025-08-03,CH_REG_001,1,model_reco,anx_high_anxiety,1,0
EXP_U000839_7,U000839,2025-08-04,CH_REG_001,1,model_reco,anx_high_anxiety,0,1
EXP_U000839_8,U000839,2025-08-12,CH_SLEEP_001,1,model_reco,ins_high_wake_irregular,1,0
EXP_U000839_9,U000839,2025-08-18,CH_REG_001,1,model_reco,anx_high_anxiety,0,1
EXP_U000839_10,U000839,2025-08-19,CH_SLEEP_001,1,model_reco,ins_high_wake_irregular,1,0
EXP_U000839_11,U000839,2025-08-23,CH_REG_001,1,model_reco,anx_high_anxiety,0,0
EXP_U000839_12,U000839,2025-08-24,CH_REG_001,1,model_reco,anx_high_anxiety,1,0
EXP_U000839_13,U000839,2025-08-25,CH_REG_002,1,model_reco,anx_high_anxiety,0,0
EXP_U000839_14,U000839,2025-08-26,CH_SLEEP_001,1,model_reco,ins_high_wake_irregular,1,0
EXP_U000839_15,U000839,2025-08-29,CH_ACT_002,1,model_reco,dep_low_daylight,0,1
EXP_U000839_16,U000839,2025-09-04,CH_SLEEP_001,1,model_reco,ins_high_wake_irregular,0,1
EXP_U000839_17,U000839,2025-09-05,CH_SLEEP_001,1,model_reco,ins_high_wake_irregular,0,1
EXP_U000839_18,U000839,2025-09-08,CH_SLEEP_001,1,model_reco,ins_high_wake_irregular,0,0
EXP_U000839_19,U000839,2025-09-12,CH_SLEEP_001,1,model_reco,ins_high_wake_irregular,0,0
EXP_U000839_20,U000839,2025-09-14,CH_SLEEP_001,1,model_reco,ins_high_wake_irregular,1,0
EXP_U000840_1,U000840,2025-07-23,CH_REG_001,1,model_reco,anx_high_anxiety,1,0
EXP_U000840_2,U000840,2025-07-31,CH_ACT_003,1,model_reco,dep_low_activity,0,1
EXP_U000840_3,U000840,2025-08-20,CH_ACT_002,1,model_reco,dep_low_daylight,1,0
EXP_U000840_4,U000840,2025-08-31,CH_ACT_001,1,model_reco,dep_low_energy,0,1
EXP_U000840_5,U000840,2025-09-16,CH_ACT_001,1,model_reco,dep_low_energy,0,0
EXP_U000840_6,U000840,2025-09-25,CH_ACT_003,1,model_reco,dep_low_activity,0,1
EXP_U000840_7,U000840,2025-09-26,CH_ACT_002,1,model_reco,dep_low_daylight,0,1
EXP_U000840_8,U000840,2025-10-01,CH_ACT_001,1,model_reco,dep_low_energy,0,0
EXP_U000841_1,U000841,2025-06-08,CH_SLEEP_001,1,model_reco,ins_high_wake_irregular,0,1
EXP_U000841_2,U000841,2025-06-10,CH_SLEEP_001,1,model_reco,ins_high_wake_irregular,0,0
EXP_U000841_3,U000841,2025-07-03,CH_WELL_001,1,model_reco,supportive_wellbeing,0,0
EXP_U000841_4,U000841,2025-07-14,CH_SLEEP_001,1,model_reco,ins_high_wake_irregular,0,0
EXP_U000841_5,U000841,2025-07-21,CH_SLEEP_001,1,model_reco,ins_high_wake_irregular,0,0
EXP_U000841_6,U000841,2025-07-24,CH_SLEEP_001,1,model_reco,ins_high_wake_irregular,0,0
EXP_U000841_7,U000841,2025-07-27,CH_SLEEP_001,1,model_reco,ins_high_wake_irregular,1,0
EXP_U000841_8,U000841,2025-08-07,CH_SLEEP_001,1,model_reco,ins_high_wake_irregular,1,0
EXP_U000841_9,U000841,2025-08-22,CH_SOC_001,1,model_reco,low_social_contact,0,1
EXP_U000842_1,U000842,2025-09-19,CH_REG_002,1,model_reco,anx_high_anxiety,0,1
EXP_U000843_1,U000843,2025-07-08,CH_SLEEP_001,1,model_reco,ins_high_wake_irregular,1,0
EXP_U000843_2,U000843,2025-07-14,CH_ACT_002,1,model_reco,dep_low_daylight,0,1
EXP_U000843_3,U000843,2025-07-15,CH_SLEEP_001,1,model_reco,ins_high_wake_irregular,0,1
EXP_U000843_4,U000843,2025-07-18,CH_SLEEP_001,1,model_reco,ins_high_wake_irregular,1,0
EXP_U000843_5,U000843,2025-08-02,CH_SLEEP_001,1,model_reco,ins_high_wake_irregular,0,1
EXP_U000843_6,U000843,2025-08-15,CH_SLEEP_001,1,model_reco,ins_high_wake_irregular,0,1
EXP_U000843_7,U000843,2025-08-19,CH_SLEEP_001,1,model_reco,ins_high_wake_irregular,0,0
EXP_U000843_8,U000843,2025-08-27,CH_SLEEP_001,1,model_reco,ins_high_wake_irregular,1,0
EXP_U000843_9,U000843,2025-09-01,CH_REG_001,1,model_reco,anx_high_anxiety,0,0
EXP_U000843_10,U000843,2025-09-03,CH_SLEEP_001,1,model_reco,ins_high_wake_irregular,0,0
EXP_U000843_11,U000843,2025-09-15,CH_SLEEP_001,1,model_reco,ins_high_wake_irregular,0,0
EXP_U000843_12,U000843,2025-09-22,CH_SLEEP_001,1,model_reco,ins_high_wake_irregular,0,1
EXP_U000843_13,U000843,2025-09-23,CH_SLEEP_001,1,model_reco,ins_high_wake_irregular,0,0
EXP_U000843_14,U000843,2025-09-27,CH_SLEEP_001,1,model_reco,ins_high_wake_irregular,0,1
EXP_U000846_1,U000846,2025-08-26,CH_ACT_003,1,model_reco,dep_low_activity,0,1
EXP_U000846_2,U000846,2025-09-06,CH_SLEEP_001,1,model_reco,ins_high_wake_irregular,1,0
EXP_U000846_3,U000846,2025-09-11,CH_ACT_002,1,model_reco,dep_low_daylight,0,1
EXP_U000846_4,U000846,2025-09-15,CH_SLEEP_001,1,model_reco,ins_high_wake_irregular,1,0
EXP_U000846_5,U000846,2025-09-18,CH_ACT_003,1,model_reco,dep_low_activity,0,0
EXP_U000846_6,U000846,2025-09-21,CH_ACT_003,1,model_reco,dep_low_activity,0,1
EXP_U000846_7,U000846,2025-09-26,CH_ACT_002,1,model_reco,dep_low_daylight,0,0
EXP_U000846_8,U000846,2025-09-28,CH_ACT_003,1,model_reco,dep_low_activity,0,1
EXP_U000846_9,U000846,2025-10-01,CH_ACT_003,1,model_reco,dep_low_activity,0,0
EXP_U000846_10,U000846,2025-10-03,CH_ACT_003,1,model_reco,dep_low_activity,1,0
EXP_U000846_11,U000846,2025-10-04,CH_SOC_001,1,model_reco,low_social_contact,0,1
EXP_U000846_12,U000846,2025-10-06,CH_ACT_002,1,model_reco,dep_low_daylight,0,1
EXP_U000846_13,U000846,2025-10-07,CH_ACT_003,1,model_reco,dep_low_activity,0,1
EXP_U000846_14,U000846,2025-10-08,CH_ACT_002,1,model_reco,dep_low_daylight,1,0
EXP_U000846_15,U000846,2025-10-09,CH_SOC_001,1,model_reco,low_social_contact,1,0
EXP_U000846_16,U000846,2025-10-11,CH_SLEEP_001,1,model_reco,ins_high_wake_irregular,1,0
EXP_U000846_17,U000846,2025-10-12,CH_ACT_002,1,model_reco,dep_low_daylight,0,1
EXP_U000846_18,U000846,2025-10-14,CH_ACT_002,1,model_reco,dep_low_daylight,0,0
EXP_U000846_19,U000846,2025-10-17,CH_ACT_002,1,model_reco,dep_low_daylight,0,1
EXP_U000846_20,U000846,2025-10-21,CH_ACT_002,1,model_reco,dep_low_daylight,0,1
EXP_U000846_21,U000846,2025-10-23,CH_ACT_002,1,model_reco,dep_low_daylight,1,0
EXP_U000846_22,U000846,2025-10-27,CH_ACT_001,1,model_reco,dep_low_energy,0,0
EXP_U000846_23,U000846,2025-10-30,CH_ACT_002,1,model_reco,dep_low_daylight,1,0
EXP_U000846_24,U000846,2025-11-01,CH_ACT_003,1,model_reco,dep_low_activity,0,0
EXP_U000846_25,U000846,2025-11-02,CH_ACT_003,1,model_reco,dep_low_activity,0,0
EXP_U000846_26,U000846,2025-11-06,CH_ACT_003,1,model_reco,dep_low_activity,0,0
EXP_U000847_1,U000847,2025-06-27,CH_SLEEP_001,1,model_reco,ins_high_wake_irregular,0,0
EXP_U000847_2,U000847,2025-08-02,CH_REG_001,1,model_reco,anx_high_anxiety,1,0
EXP_U000847_3,U000847,2025-08-05,CH_SLEEP_001,1,model_reco,ins_high_wake_irregular,1,0
EXP_U000847_4,U000847,2025-08-10,CH_SLEEP_001,1,model_reco,ins_high_wake_irregular,1,0
EXP_U000847_5,U000847,2025-08-12,CH_ACT_003,1,model_reco,dep_low_activity,0,0
EXP_U000847_6,U000847,2025-08-23,CH_SLEEP_001,1,model_reco,ins_high_wake_irregular,0,1
EXP_U000847_7,U000847,2025-09-01,CH_SLEEP_001,1,model_reco,ins_high_wake_irregular,1,0
EXP_U000847_8,U000847,2025-09-10,CH_SLEEP_001,1,model_reco,ins_high_wake_irregular,1,0
EXP_U000848_1,U000848,2025-06-26,CH_ACT_001,1,model_reco,dep_low_energy,0,1
EXP_U000848_2,U000848,2025-06-28,CH_REG_002,1,model_reco,anx_high_anxiety,0,0
EXP_U000848_3,U000848,2025-07-01,CH_ACT_001,1,model_reco,dep_low_energy,1,0
EXP_U000848_4,U000848,2025-07-20,CH_ACT_003,1,model_reco,dep_low_activity,0,1
EXP_U000848_5,U000848,2025-07-22,CH_ACT_003,1,model_reco,dep_low_activity,0,0
EXP_U000848_6,U000848,2025-08-07,CH_REG_001,1,model_reco,anx_high_anxiety,0,0
EXP_U000848_7,U000848,2025-08-15,CH_REG_001,1,model_reco,anx_high_anxiety,0,1
EXP_U000848_8,U000848,2025-08-25,CH_ACT_001,1,model_reco,dep_low_energy,0,1
EXP_U000848_9,U000848,2025-09-09,CH_REG_001,1,model_reco,anx_high_anxiety,1,0
EXP_U000848_10,U000848,2025-09-10,CH_ACT_001,1,model_reco,dep_low_energy,0,0
EXP_U000848_11,U000848,2025-09-11,CH_ACT_003,1,model_reco,dep_low_activity,0,1
EXP_U000848_12,U000848,2025-09-14,CH_ACT_003,1,model_reco,dep_low_activity,1,0
EXP_U000849_1,U000849,2025-06-23,CH_ACT_002,1,model_reco,dep_low_daylight,0,0
EXP_U000849_2,U000849,2025-06-26,CH_ACT_003,1,model_reco,dep_low_activity,0,1
EXP_U000849_3,U000849,2025-07-02,CH_ACT_003,1,model_reco,dep_low_activity,0,1
EXP_U000849_4,U000849,2025-07-03,CH_ACT_002,1,model_reco,dep_low_daylight,0,0
EXP_U000849_5,U000849,2025-07-12,CH_ACT_003,1,model_reco,dep_low_activity,0,0
EXP_U000849_6,U000849,2025-07-13,CH_ACT_002,1,model_reco,dep_low_daylight,1,0
EXP_U000849_7,U000849,2025-07-23,CH_ACT_002,1,model_reco,dep_low_daylight,1,0
EXP_U000849_8,U000849,2025-07-25,CH_SOC_001,1,model_reco,low_social_contact,1,0
EXP_U000849_9,U000849,2025-07-27,CH_ACT_002,1,model_reco,dep_low_daylight,1,0
EXP_U000849_10,U000849,2025-07-29,CH_WELL_001,1,model_reco,supportive_wellbeing,0,1
EXP_U000849_11,U000849,2025-07-31,CH_ACT_003,1,model_reco,dep_low_activity,0,1
EXP_U000849_12,U000849,2025-08-01,CH_ACT_002,1,model_reco,dep_low_daylight,1,0
EXP_U000849_13,U000849,2025-08-06,CH_ACT_003,1,model_reco,dep_low_activity,0,0
EXP_U000849_14,U000849,2025-08-13,CH_ACT_003,1,model_reco,dep_low_activity,1,0
EXP_U000849_15,U000849,2025-08-24,CH_ACT_003,1,model_reco,dep_low_activity,0,0
EXP_U000849_16,U000849,2025-08-27,CH_ACT_002,1,model_reco,dep_low_daylight,0,0
EXP_U000849_17,U000849,2025-08-29,CH_ACT_002,1,model_reco,dep_low_daylight,1,0
EXP_U000849_18,U000849,2025-09-04,CH_ACT_003,1,model_reco,dep_low_activity,1,0
EXP_U000849_19,U000849,2025-09-08,CH_ACT_002,1,model_reco,dep_low_daylight,0,0
EXP_U000850_1,U000850,2025-06-06,CH_ACT_002,1,model_reco,dep_low_daylight,0,0
EXP_U000850_2,U000850,2025-06-25,CH_SOC_001,1,model_reco,low_social_contact,0,0
EXP_U000850_3,U000850,2025-07-06,CH_ACT_002,1,model_reco,dep_low_daylight,1,0
EXP_U000850_4,U000850,2025-07-08,CH_SOC_001,1,model_reco,low_social_contact,0,0
EXP_U000850_5,U000850,2025-07-14,CH_SOC_001,1,model_reco,low_social_contact,0,1
EXP_U000850_6,U000850,2025-08-19,CH_ACT_002,1,model_reco,dep_low_daylight,0,1
EXP_U000850_7,U000850,2025-08-20,CH_ACT_003,1,model_reco,dep_low_activity,0,0
EXP_U000850_8,U000850,2025-08-22,CH_ACT_003,1,model_reco,dep_low_activity,0,1
EXP_U000851_1,U000851,2025-06-09,CH_SLEEP_001,1,model_reco,ins_high_wake_irregular,0,0
EXP_U000851_2,U000851,2025-06-10,CH_SLEEP_001,1,model_reco,ins_high_wake_irregular,0,0
EXP_U000851_3,U000851,2025-06-17,CH_SLEEP_001,1,model_reco,ins_high_wake_irregular,0,1
EXP_U000851_4,U000851,2025-06-21,CH_SLEEP_001,1,model_reco,ins_high_wake_irregular,0,0
EXP_U000851_5,U000851,2025-06-25,CH_SLEEP_001,1,model_reco,ins_high_wake_irregular,0,0
EXP_U000851_6,U000851,2025-06-27,CH_SLEEP_001,1,model_reco,ins_high_wake_irregular,0,1
EXP_U000851_7,U000851,2025-07-01,CH_SLEEP_001,1,model_reco,ins_high_wake_irregular,0,1
EXP_U000851_8,U000851,2025-07-06,CH_SLEEP_001,1,model_reco,ins_high_wake_irregular,0,1
EXP_U000851_9,U000851,2025-07-18,CH_SLEEP_001,1,model_reco,ins_high_wake_irregular,0,0
EXP_U000851_10,U000851,2025-07-23,CH_SLEEP_001,1,model_reco,ins_high_wake_irregular,1,0
EXP_U000851_11,U000851,2025-07-31,CH_SLEEP_001,1,model_reco,ins_high_wake_irregular,0,1
EXP_U000851_12,U000851,2025-08-05,CH_SLEEP_001,1,model_reco,ins_high_wake_irregular,0,1
EXP_U000851_13,U000851,2025-08-07,CH_SLEEP_001,1,model_reco,ins_high_wake_irregular,1,0
EXP_U000851_14,U000851,2025-08-18,CH_SLEEP_001,1,model_reco,ins_high_wake_irregular,0,0
EXP_U000851_15,U000851,2025-08-22,CH_SLEEP_001,1,model_reco,ins_high_wake_irregular,1,0
EXP_U000852_1,U000852,2025-07-12,CH_SLEEP_001,1,model_reco,ins_high_wake_irregular,0,1
EXP_U000852_2,U000852,2025-07-21,CH_SLEEP_001,1,model_reco,ins_high_wake_irregular,1,0
EXP_U000852_3,U000852,2025-07-25,CH_ACT_002,1,model_reco,dep_low_daylight,0,1
EXP_U000852_4,U000852,2025-07-28,CH_SLEEP_001,1,model_reco,ins_high_wake_irregular,0,1
EXP_U000852_5,U000852,2025-08-02,CH_SLEEP_001,1,model_reco,ins_high_wake_irregular,0,1
EXP_U000852_6,U000852,2025-08-03,CH_SLEEP_001,1,model_reco,ins_high_wake_irregular,0,1
EXP_U000852_7,U000852,2025-08-07,CH_SLEEP_001,1,model_reco,ins_high_wake_irregular,1,0
EXP_U000852_8,U000852,2025-08-08,CH_ACT_003,1,model_reco,dep_low_activity,0,1
EXP_U000852_9,U000852,2025-08-13,CH_ACT_003,1,model_reco,dep_low_activity,0,1
EXP_U000852_10,U000852,2025-08-14,CH_SLEEP_001,1,model_reco,ins_high_wake_irregular,1,0
EXP_U000852_11,U000852,2025-08-16,CH_ACT_002,1,model_reco,dep_low_daylight,0,0
EXP_U000852_12,U000852,2025-08-17,CH_ACT_003,1,model_reco,dep_low_activity,0,1
EXP_U000852_13,U000852,2025-08-20,CH_ACT_001,1,model_reco,dep_low_energy,1,0
EXP_U000852_14,U000852,2025-08-26,CH_SLEEP_001,1,model_reco,ins_high_wake_irregular,1,0
EXP_U000852_15,U000852,2025-08-29,CH_ACT_003,1,model_reco,dep_low_activity,0,1
EXP_U000852_16,U000852,2025-08-31,CH_ACT_002,1,model_reco,dep_low_daylight,1,0
EXP_U000852_17,U000852,2025-09-01,CH_SLEEP_001,1,model_reco,ins_high_wake_irregular,0,0
EXP_U000852_18,U000852,2025-09-03,CH_SLEEP_001,1,model_reco,ins_high_wake_irregular,1,0
EXP_U000852_19,U000852,2025-09-12,CH_SLEEP_001,1,model_reco,ins_high_wake_irregular,1,0
EXP_U000852_20,U000852,2025-09-13,CH_ACT_003,1,model_reco,dep_low_activity,1,0
EXP_U000852_21,U000852,2025-09-18,CH_ACT_002,1,model_reco,dep_low_daylight,0,1
EXP_U000852_22,U000852,2025-09-23,CH_SLEEP_001,1,model_reco,ins_high_wake_irregular,1,0
EXP_U000852_23,U000852,2025-09-25,CH_ACT_002,1,model_reco,dep_low_daylight,1,0
EXP_U000852_24,U000852,2025-09-26,CH_SOC_001,1,model_reco,low_social_contact,0,1
EXP_U000852_25,U000852,2025-09-28,CH_ACT_003,1,model_reco,dep_low_activity,0,0
EXP_U000852_26,U000852,2025-09-30,CH_SLEEP_001,1,model_reco,ins_high_wake_irregular,1,0
EXP_U000852_27,U000852,2025-10-02,CH_ACT_002,1,model_reco,dep_low_daylight,0,1
EXP_U000853_1,U000853,2025-08-19,CH_SLEEP_001,1,model_reco,ins_high_wake_irregular,1,0
EXP_U000853_2,U000853,2025-09-15,CH_SLEEP_001,1,model_reco,ins_high_wake_irregular,1,0
EXP_U000854_1,U000854,2025-09-23,CH_SLEEP_001,1,model_reco,ins_high_wake_irregular,0,1
EXP_U000854_2,U000854,2025-10-31,CH_SLEEP_001,1,model_reco,ins_high_wake_irregular,0,0
EXP_U000855_1,U000855,2025-07-27,CH_SLEEP_001,1,model_reco,ins_high_wake_irregular,0,1
EXP_U000855_2,U000855,2025-08-02,CH_SLEEP_001,1,model_reco,ins_high_wake_irregular,0,1
EXP_U000855_3,U000855,2025-08-03,CH_SLEEP_001,1,model_reco,ins_high_wake_irregular,0,0
EXP_U000855_4,U000855,2025-08-04,CH_SLEEP_001,1,model_reco,ins_high_wake_irregular,0,1
EXP_U000855_5,U000855,2025-08-08,CH_SLEEP_001,1,model_reco,ins_high_wake_irregular,1,0
EXP_U000855_6,U000855,2025-08-13,CH_ACT_003,1,model_reco,dep_low_activity,0,1
EXP_U000855_7,U000855,2025-08-15,CH_SLEEP_001,1,model_reco,ins_high_wake_irregular,0,0
EXP_U000855_8,U000855,2025-08-25,CH_SLEEP_001,1,model_reco,ins_high_wake_irregular,1,0
EXP_U000855_9,U000855,2025-09-03,CH_SLEEP_001,1,model_reco,ins_high_wake_irregular,1,0
EXP_U000855_10,U000855,2025-09-04,CH_ACT_003,1,model_reco,dep_low_activity,0,0
EXP_U000855_11,U000855,2025-09-05,CH_ACT_002,1,model_reco,dep_low_daylight,0,1
EXP_U000855_12,U000855,2025-09-07,CH_ACT_003,1,model_reco,dep_low_activity,0,0
EXP_U000855_13,U000855,2025-09-12,CH_SLEEP_001,1,model_reco,ins_high_wake_irregular,0,1
EXP_U000855_14,U000855,2025-09-16,CH_SLEEP_001,1,model_reco,ins_high_wake_irregular,0,1
EXP_U000855_15,U000855,2025-09-17,CH_SLEEP_001,1,model_reco,ins_high_wake_irregular,1,0
EXP_U000855_16,U000855,2025-09-18,CH_ACT_003,1,model_reco,dep_low_activity,1,0
EXP_U000855_17,U000855,2025-09-21,CH_SLEEP_001,1,model_reco,ins_high_wake_irregular,1,0
EXP_U000855_18,U000855,2025-09-24,CH_ACT_002,1,model_reco,dep_low_daylight,0,1
EXP_U000855_19,U000855,2025-09-26,CH_ACT_002,1,model_reco,dep_low_daylight,0,1
EXP_U000855_20,U000855,2025-09-29,CH_SLEEP_001,1,model_reco,ins_high_wake_irregular,0,0
EXP_U000855_21,U000855,2025-09-30,CH_SLEEP_001,1,model_reco,ins_high_wake_irregular,1,0
EXP_U000855_22,U000855,2025-10-01,CH_ACT_003,1,model_reco,dep_low_activity,0,1
EXP_U000855_23,U000855,2025-10-03,CH_ACT_003,1,model_reco,dep_low_activity,0,1
EXP_U000855_24,U000855,2025-10-09,CH_SLEEP_001,1,model_reco,ins_high_wake_irregular,0,0
EXP_U000856_1,U000856,2025-08-17,CH_ACT_002,1,model_reco,dep_low_daylight,0,1
EXP_U000856_2,U000856,2025-08-20,CH_ACT_002,1,model_reco,dep_low_daylight,1,0
EXP_U000856_3,U000856,2025-08-28,CH_ACT_002,1,model_reco,dep_low_daylight,0,1
EXP_U000856_4,U000856,2025-09-01,CH_SLEEP_001,1,model_reco,ins_high_wake_irregular,0,1
EXP_U000856_5,U000856,2025-09-02,CH_SLEEP_001,1,model_reco,ins_high_wake_irregular,0,1
EXP_U000856_6,U000856,2025-09-08,CH_ACT_003,1,model_reco,dep_low_activity,1,0
EXP_U000856_7,U000856,2025-09-12,CH_ACT_003,1,model_reco,dep_low_activity,0,0
EXP_U000856_8,U000856,2025-09-17,CH_SLEEP_001,1,model_reco,ins_high_wake_irregular,0,1
EXP_U000856_9,U000856,2025-09-25,CH_ACT_003,1,model_reco,dep_low_activity,1,0
EXP_U000856_10,U000856,2025-09-27,CH_SLEEP_001,1,model_reco,ins_high_wake_irregular,1,0
EXP_U000856_11,U000856,2025-09-28,CH_ACT_002,1,model_reco,dep_low_daylight,0,1
EXP_U000856_12,U000856,2025-10-05,CH_SLEEP_001,1,model_reco,ins_high_wake_irregular,0,1
EXP_U000856_13,U000856,2025-10-09,CH_SLEEP_001,1,model_reco,ins_high_wake_irregular,0,0
EXP_U000856_14,U000856,2025-10-14,CH_ACT_002,1,model_reco,dep_low_daylight,0,1
EXP_U000856_15,U000856,2025-10-19,CH_ACT_003,1,model_reco,dep_low_activity,0,0
EXP_U000856_16,U000856,2025-10-21,CH_ACT_002,1,model_reco,dep_low_daylight,0,1
EXP_U000856_17,U000856,2025-10-25,CH_SLEEP_001,1,model_reco,ins_high_wake_irregular,1,0
EXP_U000857_1,U000857,2025-07-05,CH_SLEEP_001,1,model_reco,ins_high_wake_irregular,0,0
EXP_U000857_2,U000857,2025-07-16,CH_SLEEP_001,1,model_reco,ins_high_wake_irregular,1,0
EXP_U000857_3,U000857,2025-07-26,CH_SLEEP_001,1,model_reco,ins_high_wake_irregular,0,0
EXP_U000857_4,U000857,2025-07-29,CH_SLEEP_001,1,model_reco,ins_high_wake_irregular,1,0
EXP_U000857_5,U000857,2025-08-07,CH_SLEEP_001,1,model_reco,ins_high_wake_irregular,0,0
EXP_U000857_6,U000857,2025-08-22,CH_SLEEP_001,1,model_reco,ins_high_wake_irregular,0,1
EXP_U000857_7,U000857,2025-08-29,CH_SLEEP_001,1,model_reco,ins_high_wake_irregular,1,0
EXP_U000857_8,U000857,2025-09-10,CH_SLEEP_001,1,model_reco,ins_high_wake_irregular,0,0
EXP_U000857_9,U000857,2025-09-13,CH_SLEEP_001,1,model_reco,ins_high_wake_irregular,0,1
EXP_U000857_10,U000857,2025-09-20,CH_SLEEP_001,1,model_reco,ins_high_wake_irregular,1,0
EXP_U000858_1,U000858,2025-06-19,CH_ACT_002,1,model_reco,dep_low_daylight,1,0
EXP_U000858_2,U000858,2025-06-20,CH_REG_002,1,model_reco,anx_high_anxiety,1,0
EXP_U000858_3,U000858,2025-06-22,CH_ACT_002,1,model_reco,dep_low_daylight,0,1
EXP_U000858_4,U000858,2025-06-23,CH_ACT_003,1,model_reco,dep_low_activity,0,1
EXP_U000858_5,U000858,2025-06-26,CH_ACT_002,1,model_reco,dep_low_daylight,0,1
EXP_U000858_6,U000858,2025-07-18,CH_ACT_002,1,model_reco,dep_low_daylight,0,1
EXP_U000858_7,U000858,2025-07-19,CH_REG_002,1,model_reco,anx_high_anxiety,0,1
EXP_U000858_8,U000858,2025-07-25,CH_ACT_003,1,model_reco,dep_low_activity,0,1
EXP_U000858_9,U000858,2025-07-26,CH_ACT_002,1,model_reco,dep_low_daylight,0,1
EXP_U000858_10,U000858,2025-08-01,CH_ACT_003,1,model_reco,dep_low_activity,0,0
EXP_U000858_11,U000858,2025-08-05,CH_ACT_003,1,model_reco,dep_low_activity,1,0
EXP_U000858_12,U000858,2025-08-11,CH_ACT_003,1,model_reco,dep_low_activity,0,0
EXP_U000858_13,U000858,2025-08-14,CH_ACT_002,1,model_reco,dep_low_daylight,0,0
EXP_U000858_14,U000858,2025-08-18,CH_SOC_001,1,model_reco,low_social_contact,0,1
EXP_U000858_15,U000858,2025-08-26,CH_ACT_002,1,model_reco,dep_low_daylight,1,0
EXP_U000858_16,U000858,2025-08-31,CH_ACT_003,1,model_reco,dep_low_activity,0,0
EXP_U000858_17,U000858,2025-09-03,CH_ACT_002,1,model_reco,dep_low_daylight,0,0
EXP_U000858_18,U000858,2025-09-05,CH_ACT_002,1,model_reco,dep_low_daylight,1,0
EXP_U000859_1,U000859,2025-08-16,CH_SLEEP_001,1,model_reco,ins_high_wake_irregular,0,1
EXP_U000859_2,U000859,2025-08-17,CH_SLEEP_001,1,model_reco,ins_high_wake_irregular,0,1
EXP_U000859_3,U000859,2025-08-20,CH_SLEEP_001,1,model_reco,ins_high_wake_irregular,0,1
EXP_U000859_4,U000859,2025-08-23,CH_SLEEP_001,1,model_reco,ins_high_wake_irregular,0,1
EXP_U000859_5,U000859,2025-08-25,CH_SLEEP_001,1,model_reco,ins_high_wake_irregular,0,0
EXP_U000859_6,U000859,2025-09-06,CH_SLEEP_001,1,model_reco,ins_high_wake_irregular,0,1
EXP_U000859_7,U000859,2025-09-07,CH_ACT_003,1,model_reco,dep_low_activity,0,0
EXP_U000859_8,U000859,2025-09-13,CH_ACT_002,1,model_reco,dep_low_daylight,0,1
EXP_U000859_9,U000859,2025-09-14,CH_ACT_003,1,model_reco,dep_low_activity,1,0
EXP_U000859_10,U000859,2025-09-17,CH_SLEEP_001,1,model_reco,ins_high_wake_irregular,0,0
EXP_U000859_11,U000859,2025-09-18,CH_SLEEP_001,1,model_reco,ins_high_wake_irregular,0,1
EXP_U000859_12,U000859,2025-09-24,CH_ACT_003,1,model_reco,dep_low_activity,0,1
EXP_U000859_13,U000859,2025-09-30,CH_ACT_003,1,model_reco,dep_low_activity,0,0
EXP_U000859_14,U000859,2025-10-01,CH_SLEEP_001,1,model_reco,ins_high_wake_irregular,1,0
EXP_U000859_15,U000859,2025-10-04,CH_ACT_003,1,model_reco,dep_low_activity,0,0
EXP_U000859_16,U000859,2025-10-08,CH_ACT_003,1,model_reco,dep_low_activity,0,1
EXP_U000859_17,U000859,2025-10-17,CH_SLEEP_001,1,model_reco,ins_high_wake_irregular,0,0
EXP_U000859_18,U000859,2025-10-26,CH_SOC_001,1,model_reco,low_social_contact,1,0
EXP_U000860_1,U000860,2025-07-16,CH_REG_001,1,model_reco,anx_high_anxiety,1,0
EXP_U000861_1,U000861,2025-07-22,CH_SLEEP_001,1,model_reco,ins_high_wake_irregular,1,0
EXP_U000861_2,U000861,2025-07-24,CH_ACT_002,1,model_reco,dep_low_daylight,0,1
EXP_U000861_3,U000861,2025-07-27,CH_ACT_003,1,model_reco,dep_low_activity,0,0
EXP_U000861_4,U000861,2025-07-29,CH_SLEEP_001,1,model_reco,ins_high_wake_irregular,1,0
EXP_U000861_5,U000861,2025-07-30,CH_ACT_002,1,model_reco,dep_low_daylight,1,0
EXP_U000861_6,U000861,2025-08-03,CH_ACT_003,1,model_reco,dep_low_activity,0,0
EXP_U000861_7,U000861,2025-08-06,CH_SLEEP_001,1,model_reco,ins_high_wake_irregular,0,1
EXP_U000861_8,U000861,2025-08-08,CH_SLEEP_001,1,model_reco,ins_high_wake_irregular,0,1
EXP_U000861_9,U000861,2025-08-16,CH_SLEEP_001,1,model_reco,ins_high_wake_irregular,1,0
EXP_U000861_10,U000861,2025-08-22,CH_ACT_002,1,model_reco,dep_low_daylight,0,1
EXP_U000861_11,U000861,2025-08-30,CH_SLEEP_001,1,model_reco,ins_high_wake_irregular,0,1
EXP_U000861_12,U000861,2025-09-04,CH_SLEEP_001,1,model_reco,ins_high_wake_irregular,1,0
EXP_U000861_13,U000861,2025-09-06,CH_ACT_002,1,model_reco,dep_low_daylight,0,0
EXP_U000861_14,U000861,2025-09-09,CH_ACT_002,1,model_reco,dep_low_daylight,0,1
EXP_U000861_15,U000861,2025-09-11,CH_SLEEP_001,1,model_reco,ins_high_wake_irregular,0,1
EXP_U000861_16,U000861,2025-09-16,CH_SLEEP_001,1,model_reco,ins_high_wake_irregular,1,0
EXP_U000861_17,U000861,2025-09-18,CH_ACT_003,1,model_reco,dep_low_activity,0,0
EXP_U000861_18,U000861,2025-09-24,CH_SLEEP_001,1,model_reco,ins_high_wake_irregular,0,1
EXP_U000861_19,U000861,2025-10-01,CH_SLEEP_001,1,model_reco,ins_high_wake_irregular,1,0
EXP_U000861_20,U000861,2025-10-05,CH_ACT_002,1,model_reco,dep_low_daylight,1,0
EXP_U000861_21,U000861,2025-10-09,CH_SLEEP_001,1,model_reco,ins_high_wake_irregular,0,0
EXP_U000862_1,U000862,2025-07-28,CH_SLEEP_001,1,model_reco,ins_high_wake_irregular,1,0
EXP_U000862_2,U000862,2025-09-08,CH_SLEEP_001,1,model_reco,ins_high_wake_irregular,0,1
EXP_U000862_3,U000862,2025-09-25,CH_SLEEP_001,1,model_reco,ins_high_wake_irregular,0,1
EXP_U000862_4,U000862,2025-10-03,CH_SLEEP_001,1,model_reco,ins_high_wake_irregular,1,0
EXP_U000862_5,U000862,2025-10-05,CH_SLEEP_001,1,model_reco,ins_high_wake_irregular,1,0
EXP_U000862_6,U000862,2025-10-14,CH_SLEEP_001,1,model_reco,ins_high_wake_irregular,1,0
EXP_U000863_1,U000863,2025-08-27,CH_SLEEP_001,1,model_reco,ins_high_wake_irregular,0,1
EXP_U000863_2,U000863,2025-10-23,CH_SLEEP_001,1,model_reco,ins_high_wake_irregular,0,1
EXP_U000864_1,U000864,2025-06-23,CH_ACT_002,1,model_reco,dep_low_daylight,0,1
EXP_U000864_2,U000864,2025-07-05,CH_ACT_002,1,model_reco,dep_low_daylight,0,1
EXP_U000864_3,U000864,2025-07-08,CH_ACT_003,1,model_reco,dep_low_activity,1,0
EXP_U000864_4,U000864,2025-07-16,CH_ACT_002,1,model_reco,dep_low_daylight,0,1
EXP_U000864_5,U000864,2025-07-20,CH_ACT_002,1,model_reco,dep_low_daylight,1,0
EXP_U000864_6,U000864,2025-07-31,CH_ACT_002,1,model_reco,dep_low_daylight,0,1
EXP_U000864_7,U000864,2025-08-02,CH_ACT_002,1,model_reco,dep_low_daylight,0,0
EXP_U000864_8,U000864,2025-08-04,CH_ACT_003,1,model_reco,dep_low_activity,1,0
EXP_U000864_9,U000864,2025-08-06,CH_SOC_001,1,model_reco,low_social_contact,1,0
EXP_U000864_10,U000864,2025-08-11,CH_ACT_002,1,model_reco,dep_low_daylight,0,1
EXP_U000864_11,U000864,2025-08-13,CH_ACT_002,1,model_reco,dep_low_daylight,0,0
EXP_U000864_12,U000864,2025-08-16,CH_ACT_002,1,model_reco,dep_low_daylight,1,0
EXP_U000864_13,U000864,2025-08-17,CH_ACT_003,1,model_reco,dep_low_activity,1,0
EXP_U000864_14,U000864,2025-08-20,CH_ACT_003,1,model_reco,dep_low_activity,0,1
EXP_U000864_15,U000864,2025-08-21,CH_ACT_002,1,model_reco,dep_low_daylight,1,0
EXP_U000864_16,U000864,2025-08-23,CH_WELL_001,1,model_reco,supportive_wellbeing,0,1
EXP_U000864_17,U000864,2025-08-24,CH_ACT_003,1,model_reco,dep_low_activity,0,0
EXP_U000864_18,U000864,2025-08-28,CH_ACT_002,1,model_reco,dep_low_daylight,0,1
EXP_U000864_19,U000864,2025-08-30,CH_ACT_003,1,model_reco,dep_low_activity,0,1
EXP_U000864_20,U000864,2025-09-04,CH_ACT_003,1,model_reco,dep_low_activity,1,0
EXP_U000864_21,U000864,2025-09-08,CH_ACT_003,1,model_reco,dep_low_activity,1,0
EXP_U000864_22,U000864,2025-09-11,CH_ACT_002,1,model_reco,dep_low_daylight,1,0
EXP_U000865_1,U000865,2025-09-22,CH_WELL_001,1,model_reco,supportive_wellbeing,1,0
EXP_U000866_1,U000866,2025-08-28,CH_REG_001,1,model_reco,anx_high_anxiety,0,1
EXP_U000867_1,U000867,2025-08-21,CH_SLEEP_001,1,model_reco,ins_high_wake_irregular,1,0
EXP_U000867_2,U000867,2025-09-01,CH_SLEEP_001,1,model_reco,ins_high_wake_irregular,0,1
EXP_U000867_3,U000867,2025-10-04,CH_SLEEP_001,1,model_reco,ins_high_wake_irregular,1,0
EXP_U000867_4,U000867,2025-10-08,CH_REG_001,1,model_reco,anx_high_anxiety,0,0
EXP_U000867_5,U000867,2025-10-09,CH_REG_002,1,model_reco,anx_high_anxiety,0,1
EXP_U000867_6,U000867,2025-10-10,CH_REG_002,1,model_reco,anx_high_anxiety,0,0
EXP_U000868_1,U000868,2025-06-23,CH_SLEEP_001,1,model_reco,ins_high_wake_irregular,0,1
EXP_U000868_2,U000868,2025-07-12,CH_SLEEP_001,1,model_reco,ins_high_wake_irregular,0,0
EXP_U000868_3,U000868,2025-08-28,CH_WELL_001,1,model_reco,supportive_wellbeing,1,0
EXP_U000869_1,U000869,2025-07-01,CH_SLEEP_001,1,model_reco,ins_high_wake_irregular,0,0
EXP_U000869_2,U000869,2025-07-05,CH_SLEEP_001,1,model_reco,ins_high_wake_irregular,0,1
EXP_U000869_3,U000869,2025-07-08,CH_SLEEP_001,1,model_reco,ins_high_wake_irregular,0,1
EXP_U000869_4,U000869,2025-07-17,CH_SLEEP_001,1,model_reco,ins_high_wake_irregular,1,0
EXP_U000869_5,U000869,2025-07-19,CH_ACT_002,1,model_reco,dep_low_daylight,0,0
EXP_U000869_6,U000869,2025-07-26,CH_SLEEP_001,1,model_reco,ins_high_wake_irregular,1,0
EXP_U000869_7,U000869,2025-07-27,CH_ACT_003,1,model_reco,dep_low_activity,1,0
EXP_U000869_8,U000869,2025-08-04,CH_SLEEP_001,1,model_reco,ins_high_wake_irregular,1,0
EXP_U000869_9,U000869,2025-08-06,CH_ACT_002,1,model_reco,dep_low_daylight,0,1
EXP_U000869_10,U000869,2025-08-12,CH_SLEEP_001,1,model_reco,ins_high_wake_irregular,1,0
EXP_U000869_11,U000869,2025-08-19,CH_SLEEP_001,1,model_reco,ins_high_wake_irregular,0,0
EXP_U000869_12,U000869,2025-08-26,CH_SLEEP_001,1,model_reco,ins_high_wake_irregular,0,0
EXP_U000869_13,U000869,2025-08-27,CH_SLEEP_001,1,model_reco,ins_high_wake_irregular,1,0
EXP_U000869_14,U000869,2025-08-28,CH_ACT_002,1,model_reco,dep_low_daylight,0,1
EXP_U000869_15,U000869,2025-09-03,CH_SLEEP_001,1,model_reco,ins_high_wake_irregular,1,0
EXP_U000869_16,U000869,2025-09-07,CH_ACT_002,1,model_reco,dep_low_daylight,1,0
EXP_U000869_17,U000869,2025-09-11,CH_SLEEP_001,1,model_reco,ins_high_wake_irregular,0,1
EXP_U000869_18,U000869,2025-09-18,CH_SLEEP_001,1,model_reco,ins_high_wake_irregular,0,1
EXP_U000870_1,U000870,2025-09-08,CH_WELL_001,1,model_reco,supportive_wellbeing,0,0
EXP_U000871_1,U000871,2025-07-24,CH_SLEEP_001,1,model_reco,ins_high_wake_irregular,0,0
EXP_U000871_2,U000871,2025-08-08,CH_SLEEP_001,1,model_reco,ins_high_wake_irregular,0,0
EXP_U000871_3,U000871,2025-08-14,CH_ACT_002,1,model_reco,dep_low_daylight,0,1
EXP_U000871_4,U000871,2025-08-16,CH_ACT_002,1,model_reco,dep_low_daylight,0,0
EXP_U000871_5,U000871,2025-09-03,CH_SLEEP_001,1,model_reco,ins_high_wake_irregular,0,0
EXP_U000871_6,U000871,2025-09-08,CH_SLEEP_001,1,model_reco,ins_high_wake_irregular,1,0
EXP_U000871_7,U000871,2025-09-22,CH_ACT_002,1,model_reco,dep_low_daylight,0,1
EXP_U000872_1,U000872,2025-07-10,CH_SLEEP_001,1,model_reco,ins_high_wake_irregular,0,1
EXP_U000872_2,U000872,2025-07-12,CH_SLEEP_001,1,model_reco,ins_high_wake_irregular,1,0
EXP_U000872_3,U000872,2025-07-19,CH_SLEEP_001,1,model_reco,ins_high_wake_irregular,0,1
EXP_U000872_4,U000872,2025-07-21,CH_SLEEP_001,1,model_reco,ins_high_wake_irregular,1,0
EXP_U000872_5,U000872,2025-07-28,CH_SLEEP_001,1,model_reco,ins_high_wake_irregular,0,1
EXP_U000872_6,U000872,2025-08-01,CH_SLEEP_001,1,model_reco,ins_high_wake_irregular,1,0
EXP_U000872_7,U000872,2025-08-13,CH_SLEEP_001,1,model_reco,ins_high_wake_irregular,1,0
EXP_U000872_8,U000872,2025-08-25,CH_SLEEP_001,1,model_reco,ins_high_wake_irregular,0,1
EXP_U000872_9,U000872,2025-08-27,CH_SLEEP_001,1,model_reco,ins_high_wake_irregular,1,0
EXP_U000872_10,U000872,2025-09-08,CH_SLEEP_001,1,model_reco,ins_high_wake_irregular,0,0
EXP_U000872_11,U000872,2025-09-09,CH_SLEEP_001,1,model_reco,ins_high_wake_irregular,0,0
EXP_U000872_12,U000872,2025-09-11,CH_SLEEP_001,1,model_reco,ins_high_wake_irregular,0,0
EXP_U000872_13,U000872,2025-09-12,CH_SLEEP_001,1,model_reco,ins_high_wake_irregular,1,0
EXP_U000872_14,U000872,2025-09-22,CH_SLEEP_001,1,model_reco,ins_high_wake_irregular,1,0
EXP_U000872_15,U000872,2025-09-30,CH_SLEEP_001,1,model_reco,ins_high_wake_irregular,0,0
EXP_U000873_1,U000873,2025-07-17,CH_ACT_001,1,model_reco,dep_low_energy,0,0
EXP_U000873_2,U000873,2025-07-19,CH_SLEEP_001,1,model_reco,ins_high_wake_irregular,0,0
EXP_U000873_3,U000873,2025-07-23,CH_ACT_001,1,model_reco,dep_low_energy,0,0
EXP_U000873_4,U000873,2025-07-27,CH_ACT_001,1,model_reco,dep_low_energy,1,0
EXP_U000873_5,U000873,2025-07-28,CH_SOC_001,1,model_reco,low_social_contact,1,0
EXP_U000873_6,U000873,2025-08-02,CH_ACT_002,1,model_reco,dep_low_daylight,0,1
EXP_U000873_7,U000873,2025-08-08,CH_ACT_001,1,model_reco,dep_low_energy,0,1
EXP_U000873_8,U000873,2025-08-13,CH_SLEEP_001,1,model_reco,ins_high_wake_irregular,1,0
EXP_U000873_9,U000873,2025-08-28,CH_ACT_003,1,model_reco,dep_low_activity,0,1
EXP_U000873_10,U000873,2025-08-29,CH_ACT_001,1,model_reco,dep_low_energy,1,0
EXP_U000873_11,U000873,2025-09-18,CH_ACT_001,1,model_reco,dep_low_energy,1,0
EXP_U000873_12,U000873,2025-09-26,CH_SLEEP_001,1,model_reco,ins_high_wake_irregular,0,1
EXP_U000874_1,U000874,2025-06-10,CH_REG_002,1,model_reco,anx_high_anxiety,0,0
EXP_U000874_2,U000874,2025-06-11,CH_REG_001,1,model_reco,anx_high_anxiety,0,1
EXP_U000874_3,U000874,2025-06-12,CH_REG_001,1,model_reco,anx_high_anxiety,0,1
EXP_U000874_4,U000874,2025-06-16,CH_REG_002,1,model_reco,anx_high_anxiety,1,0
EXP_U000874_5,U000874,2025-06-22,CH_REG_001,1,model_reco,anx_high_anxiety,0,1
EXP_U000874_6,U000874,2025-06-26,CH_REG_001,1,model_reco,anx_high_anxiety,0,1
EXP_U000874_7,U000874,2025-07-01,CH_REG_002,1,model_reco,anx_high_anxiety,1,0
EXP_U000874_8,U000874,2025-07-03,CH_REG_001,1,model_reco,anx_high_anxiety,0,1
EXP_U000874_9,U000874,2025-07-05,CH_REG_001,1,model_reco,anx_high_anxiety,1,0
EXP_U000874_10,U000874,2025-07-08,CH_REG_001,1,model_reco,anx_high_anxiety,0,0
EXP_U000874_11,U000874,2025-07-09,CH_REG_001,1,model_reco,anx_high_anxiety,0,1
EXP_U000874_12,U000874,2025-07-10,CH_REG_002,1,model_reco,anx_high_anxiety,0,0
EXP_U000874_13,U000874,2025-07-13,CH_REG_002,1,model_reco,anx_high_anxiety,1,0
EXP_U000874_14,U000874,2025-07-21,CH_REG_001,1,model_reco,anx_high_anxiety,0,0
EXP_U000874_15,U000874,2025-07-24,CH_REG_001,1,model_reco,anx_high_anxiety,1,0
EXP_U000874_16,U000874,2025-07-25,CH_REG_002,1,model_reco,anx_high_anxiety,0,1
EXP_U000874_17,U000874,2025-07-29,CH_REG_002,1,model_reco,anx_high_anxiety,1,0
EXP_U000874_18,U000874,2025-08-04,CH_REG_001,1,model_reco,anx_high_anxiety,0,1
EXP_U000874_19,U000874,2025-08-08,CH_SLEEP_001,1,model_reco,ins_high_wake_irregular,0,0
EXP_U000874_20,U000874,2025-08-10,CH_REG_001,1,model_reco,anx_high_anxiety,1,0
EXP_U000874_21,U000874,2025-08-12,CH_REG_001,1,model_reco,anx_high_anxiety,0,0
EXP_U000874_22,U000874,2025-08-14,CH_REG_001,1,model_reco,anx_high_anxiety,0,1
EXP_U000874_23,U000874,2025-08-15,CH_REG_002,1,model_reco,anx_high_anxiety,1,0
EXP_U000874_24,U000874,2025-08-19,CH_REG_002,1,model_reco,anx_high_anxiety,1,0
EXP_U000874_25,U000874,2025-08-22,CH_REG_001,1,model_reco,anx_high_anxiety,0,1
EXP_U000874_26,U000874,2025-08-25,CH_REG_001,1,model_reco,anx_high_anxiety,0,1
EXP_U000875_1,U000875,2025-09-10,CH_SLEEP_001,1,model_reco,ins_high_wake_irregular,0,0
EXP_U000876_1,U000876,2025-08-12,CH_WELL_001,1,model_reco,supportive_wellbeing,0,0
EXP_U000876_2,U000876,2025-08-23,CH_SLEEP_001,1,model_reco,ins_high_wake_irregular,1,0
EXP_U000877_1,U000877,2025-08-22,CH_SLEEP_001,1,model_reco,ins_high_wake_irregular,1,0
EXP_U000877_2,U000877,2025-08-29,CH_SLEEP_001,1,model_reco,ins_high_wake_irregular,0,1
EXP_U000877_3,U000877,2025-08-30,CH_SLEEP_001,1,model_reco,ins_high_wake_irregular,0,0
EXP_U000877_4,U000877,2025-09-02,CH_SLEEP_001,1,model_reco,ins_high_wake_irregular,0,1
EXP_U000877_5,U000877,2025-09-03,CH_SLEEP_001,1,model_reco,ins_high_wake_irregular,1,0
EXP_U000877_6,U000877,2025-09-04,CH_ACT_003,1,model_reco,dep_low_activity,0,1
EXP_U000877_7,U000877,2025-09-07,CH_ACT_002,1,model_reco,dep_low_daylight,0,1
EXP_U000877_8,U000877,2025-09-19,CH_SLEEP_001,1,model_reco,ins_high_wake_irregular,0,1
EXP_U000877_9,U000877,2025-09-20,CH_SLEEP_001,1,model_reco,ins_high_wake_irregular,1,0
EXP_U000877_10,U000877,2025-09-22,CH_ACT_002,1,model_reco,dep_low_daylight,0,1
EXP_U000877_11,U000877,2025-09-23,CH_ACT_002,1,model_reco,dep_low_daylight,0,0
EXP_U000877_12,U000877,2025-09-25,CH_ACT_003,1,model_reco,dep_low_activity,0,0
EXP_U000877_13,U000877,2025-09-29,CH_SLEEP_001,1,model_reco,ins_high_wake_irregular,0,1
EXP_U000877_14,U000877,2025-10-06,CH_SLEEP_001,1,model_reco,ins_high_wake_irregular,0,1
EXP_U000877_15,U000877,2025-10-11,CH_SLEEP_001,1,model_reco,ins_high_wake_irregular,0,0
EXP_U000877_16,U000877,2025-10-14,CH_SLEEP_001,1,model_reco,ins_high_wake_irregular,0,1
EXP_U000877_17,U000877,2025-10-16,CH_SLEEP_001,1,model_reco,ins_high_wake_irregular,0,1
EXP_U000877_18,U000877,2025-10-17,CH_SLEEP_001,1,model_reco,ins_high_wake_irregular,0,1
EXP_U000877_19,U000877,2025-10-21,CH_SLEEP_001,1,model_reco,ins_high_wake_irregular,0,1
EXP_U000877_20,U000877,2025-10-22,CH_SLEEP_001,1,model_reco,ins_high_wake_irregular,0,1
EXP_U000877_21,U000877,2025-10-24,CH_SLEEP_001,1,model_reco,ins_high_wake_irregular,0,0
EXP_U000877_22,U000877,2025-10-29,CH_SLEEP_001,1,model_reco,ins_high_wake_irregular,1,0
EXP_U000877_23,U000877,2025-11-02,CH_ACT_002,1,model_reco,dep_low_daylight,0,1
EXP_U000877_24,U000877,2025-11-03,CH_ACT_003,1,model_reco,dep_low_activity,0,1
EXP_U000877_25,U000877,2025-11-06,CH_SLEEP_001,1,model_reco,ins_high_wake_irregular,0,1
EXP_U000877_26,U000877,2025-11-07,CH_SLEEP_001,1,model_reco,ins_high_wake_irregular,0,1
EXP_U000877_27,U000877,2025-11-09,CH_SLEEP_001,1,model_reco,ins_high_wake_irregular,0,1
EXP_U000878_1,U000878,2025-08-29,CH_ACT_001,1,model_reco,dep_low_energy,0,1
EXP_U000878_2,U000878,2025-09-13,CH_WELL_001,1,model_reco,supportive_wellbeing,0,0
EXP_U000878_3,U000878,2025-10-12,CH_ACT_001,1,model_reco,dep_low_energy,0,0
EXP_U000879_1,U000879,2025-07-03,CH_ACT_003,1,model_reco,dep_low_activity,0,1
EXP_U000879_2,U000879,2025-07-05,CH_ACT_002,1,model_reco,dep_low_daylight,0,0
EXP_U000879_3,U000879,2025-07-06,CH_ACT_002,1,model_reco,dep_low_daylight,0,0
EXP_U000879_4,U000879,2025-07-08,CH_ACT_002,1,model_reco,dep_low_daylight,0,0
EXP_U000879_5,U000879,2025-07-18,CH_ACT_003,1,model_reco,dep_low_activity,0,0
EXP_U000879_6,U000879,2025-07-22,CH_ACT_003,1,model_reco,dep_low_activity,0,0
EXP_U000879_7,U000879,2025-07-29,CH_ACT_003,1,model_reco,dep_low_activity,0,1
EXP_U000879_8,U000879,2025-08-02,CH_ACT_003,1,model_reco,dep_low_activity,1,0
EXP_U000879_9,U000879,2025-08-04,CH_SOC_001,1,model_reco,low_social_contact,1,0
EXP_U000879_10,U000879,2025-08-06,CH_ACT_002,1,model_reco,dep_low_daylight,0,1
EXP_U000879_11,U000879,2025-08-10,CH_ACT_003,1,model_reco,dep_low_activity,1,0
EXP_U000879_12,U000879,2025-08-13,CH_ACT_003,1,model_reco,dep_low_activity,0,0
EXP_U000879_13,U000879,2025-08-15,CH_ACT_002,1,model_reco,dep_low_daylight,0,0
EXP_U000879_14,U000879,2025-08-21,CH_ACT_003,1,model_reco,dep_low_activity,0,0
EXP_U000879_15,U000879,2025-08-23,CH_ACT_003,1,model_reco,dep_low_activity,0,0
EXP_U000879_16,U000879,2025-08-30,CH_ACT_002,1,model_reco,dep_low_daylight,0,0
EXP_U000879_17,U000879,2025-09-01,CH_ACT_002,1,model_reco,dep_low_daylight,0,0
EXP_U000879_18,U000879,2025-09-02,CH_ACT_002,1,model_reco,dep_low_daylight,1,0
EXP_U000879_19,U000879,2025-09-05,CH_ACT_002,1,model_reco,dep_low_daylight,1,0
EXP_U000879_20,U000879,2025-09-08,CH_ACT_003,1,model_reco,dep_low_activity,1,0
EXP_U000879_21,U000879,2025-09-11,CH_ACT_002,1,model_reco,dep_low_daylight,0,0
EXP_U000879_22,U000879,2025-09-13,CH_ACT_003,1,model_reco,dep_low_activity,0,1
EXP_U000879_23,U000879,2025-09-17,CH_ACT_003,1,model_reco,dep_low_activity,1,0
EXP_U000880_1,U000880,2025-08-09,CH_SLEEP_001,1,model_reco,ins_high_wake_irregular,0,0
EXP_U000880_2,U000880,2025-08-10,CH_SLEEP_001,1,model_reco,ins_high_wake_irregular,0,1
EXP_U000880_3,U000880,2025-08-13,CH_SLEEP_001,1,model_reco,ins_high_wake_irregular,1,0
EXP_U000880_4,U000880,2025-08-17,CH_ACT_003,1,model_reco,dep_low_activity,0,0
EXP_U000880_5,U000880,2025-08-21,CH_ACT_003,1,model_reco,dep_low_activity,1,0
EXP_U000880_6,U000880,2025-08-22,CH_REG_002,1,model_reco,anx_high_anxiety,0,0
EXP_U000880_7,U000880,2025-08-23,CH_SLEEP_001,1,model_reco,ins_high_wake_irregular,0,0
EXP_U000880_8,U000880,2025-08-25,CH_SLEEP_001,1,model_reco,ins_high_wake_irregular,1,0
EXP_U000880_9,U000880,2025-08-29,CH_ACT_002,1,model_reco,dep_low_daylight,0,1
EXP_U000880_10,U000880,2025-09-03,CH_ACT_003,1,model_reco,dep_low_activity,1,0
EXP_U000880_11,U000880,2025-09-04,CH_SLEEP_001,1,model_reco,ins_high_wake_irregular,0,1
EXP_U000880_12,U000880,2025-09-09,CH_SLEEP_001,1,model_reco,ins_high_wake_irregular,0,1
EXP_U000880_13,U000880,2025-09-11,CH_SLEEP_001,1,model_reco,ins_high_wake_irregular,0,0
EXP_U000880_14,U000880,2025-09-13,CH_ACT_001,1,model_reco,dep_low_energy,0,1
EXP_U000880_15,U000880,2025-09-16,CH_SLEEP_001,1,model_reco,ins_high_wake_irregular,0,1
EXP_U000880_16,U000880,2025-09-18,CH_SLEEP_001,1,model_reco,ins_high_wake_irregular,0,0
EXP_U000880_17,U000880,2025-10-07,CH_ACT_003,1,model_reco,dep_low_activity,1,0
EXP_U000880_18,U000880,2025-10-11,CH_SLEEP_001,1,model_reco,ins_high_wake_irregular,0,1
EXP_U000880_19,U000880,2025-10-16,CH_SLEEP_001,1,model_reco,ins_high_wake_irregular,0,1
EXP_U000880_20,U000880,2025-10-19,CH_SLEEP_001,1,model_reco,ins_high_wake_irregular,1,0
EXP_U000880_21,U000880,2025-10-21,CH_ACT_001,1,model_reco,dep_low_energy,1,0
EXP_U000880_22,U000880,2025-10-22,CH_SOC_001,1,model_reco,low_social_contact,0,1
EXP_U000880_23,U000880,2025-10-24,CH_SOC_001,1,model_reco,low_social_contact,0,1
EXP_U000880_24,U000880,2025-10-26,CH_SLEEP_001,1,model_reco,ins_high_wake_irregular,0,1
EXP_U000881_1,U000881,2025-08-14,CH_ACT_003,1,model_reco,dep_low_activity,0,1
EXP_U000881_2,U000881,2025-08-26,CH_ACT_003,1,model_reco,dep_low_activity,0,1
EXP_U000881_3,U000881,2025-08-27,CH_ACT_003,1,model_reco,dep_low_activity,0,1
EXP_U000881_4,U000881,2025-08-30,CH_ACT_002,1,model_reco,dep_low_daylight,1,0
EXP_U000881_5,U000881,2025-09-04,CH_ACT_003,1,model_reco,dep_low_activity,0,1
EXP_U000881_6,U000881,2025-09-05,CH_ACT_003,1,model_reco,dep_low_activity,0,1
EXP_U000881_7,U000881,2025-09-13,CH_ACT_003,1,model_reco,dep_low_activity,1,0
EXP_U000881_8,U000881,2025-09-15,CH_SOC_001,1,model_reco,low_social_contact,0,1
EXP_U000881_9,U000881,2025-09-18,CH_ACT_002,1,model_reco,dep_low_daylight,0,1
EXP_U000881_10,U000881,2025-09-19,CH_ACT_002,1,model_reco,dep_low_daylight,0,0
EXP_U000881_11,U000881,2025-09-20,CH_ACT_003,1,model_reco,dep_low_activity,1,0
EXP_U000881_12,U000881,2025-09-24,CH_ACT_002,1,model_reco,dep_low_daylight,0,1
EXP_U000881_13,U000881,2025-09-27,CH_ACT_003,1,model_reco,dep_low_activity,0,1
EXP_U000881_14,U000881,2025-09-29,CH_ACT_002,1,model_reco,dep_low_daylight,1,0
EXP_U000881_15,U000881,2025-09-30,CH_SOC_001,1,model_reco,low_social_contact,1,0
EXP_U000881_16,U000881,2025-10-02,CH_ACT_002,1,model_reco,dep_low_daylight,1,0
EXP_U000881_17,U000881,2025-10-05,CH_ACT_003,1,model_reco,dep_low_activity,0,0
EXP_U000881_18,U000881,2025-10-10,CH_ACT_003,1,model_reco,dep_low_activity,1,0
EXP_U000881_19,U000881,2025-10-15,CH_ACT_003,1,model_reco,dep_low_activity,1,0
EXP_U000881_20,U000881,2025-10-18,CH_ACT_002,1,model_reco,dep_low_daylight,0,0
EXP_U000881_21,U000881,2025-10-19,CH_ACT_003,1,model_reco,dep_low_activity,0,1
EXP_U000881_22,U000881,2025-10-27,CH_ACT_002,1,model_reco,dep_low_daylight,0,0
EXP_U000881_23,U000881,2025-11-02,CH_ACT_002,1,model_reco,dep_low_daylight,1,0
EXP_U000882_1,U000882,2025-11-05,CH_WELL_001,1,model_reco,supportive_wellbeing,1,0
EXP_U000883_1,U000883,2025-06-28,CH_REG_001,1,model_reco,anx_high_anxiety,0,0
EXP_U000883_2,U000883,2025-06-29,CH_REG_001,1,model_reco,anx_high_anxiety,1,0
EXP_U000883_3,U000883,2025-07-02,CH_REG_002,1,model_reco,anx_high_anxiety,0,0
EXP_U000883_4,U000883,2025-08-23,CH_REG_002,1,model_reco,anx_high_anxiety,1,0
EXP_U000884_1,U000884,2025-07-25,CH_ACT_003,1,model_reco,dep_low_activity,1,0
EXP_U000884_2,U000884,2025-07-29,CH_ACT_002,1,model_reco,dep_low_daylight,1,0
EXP_U000884_3,U000884,2025-07-30,CH_SOC_001,1,model_reco,low_social_contact,1,0
EXP_U000884_4,U000884,2025-08-04,CH_ACT_003,1,model_reco,dep_low_activity,1,0
EXP_U000884_5,U000884,2025-08-10,CH_ACT_003,1,model_reco,dep_low_activity,0,0
EXP_U000884_6,U000884,2025-08-13,CH_ACT_003,1,model_reco,dep_low_activity,1,0
EXP_U000884_7,U000884,2025-08-16,CH_ACT_003,1,model_reco,dep_low_activity,0,1
EXP_U000884_8,U000884,2025-08-17,CH_ACT_003,1,model_reco,dep_low_activity,1,0
EXP_U000884_9,U000884,2025-08-20,CH_ACT_003,1,model_reco,dep_low_activity,1,0
EXP_U000884_10,U000884,2025-08-23,CH_ACT_003,1,model_reco,dep_low_activity,1,0
EXP_U000884_11,U000884,2025-08-26,CH_ACT_002,1,model_reco,dep_low_daylight,1,0
EXP_U000884_12,U000884,2025-09-03,CH_ACT_002,1,model_reco,dep_low_daylight,0,0
EXP_U000884_13,U000884,2025-09-04,CH_ACT_002,1,model_reco,dep_low_daylight,1,0
EXP_U000884_14,U000884,2025-09-15,CH_ACT_003,1,model_reco,dep_low_activity,0,0
EXP_U000884_15,U000884,2025-09-21,CH_ACT_002,1,model_reco,dep_low_daylight,1,0
EXP_U000884_16,U000884,2025-09-22,CH_WELL_001,1,model_reco,supportive_wellbeing,0,0
EXP_U000884_17,U000884,2025-09-24,CH_ACT_002,1,model_reco,dep_low_daylight,1,0
EXP_U000884_18,U000884,2025-09-27,CH_ACT_003,1,model_reco,dep_low_activity,0,0
EXP_U000884_19,U000884,2025-10-04,CH_ACT_001,1,model_reco,dep_low_energy,0,0
EXP_U000884_20,U000884,2025-10-07,CH_ACT_001,1,model_reco,dep_low_energy,0,1
EXP_U000884_21,U000884,2025-10-09,CH_ACT_003,1,model_reco,dep_low_activity,1,0
EXP_U000884_22,U000884,2025-10-15,CH_ACT_001,1,model_reco,dep_low_energy,0,1
EXP_U000885_1,U000885,2025-07-25,CH_SLEEP_001,1,model_reco,ins_high_wake_irregular,0,1
EXP_U000885_2,U000885,2025-07-30,CH_SLEEP_001,1,model_reco,ins_high_wake_irregular,1,0
EXP_U000885_3,U000885,2025-08-06,CH_SLEEP_001,1,model_reco,ins_high_wake_irregular,1,0
EXP_U000885_4,U000885,2025-08-13,CH_SLEEP_001,1,model_reco,ins_high_wake_irregular,0,1
EXP_U000885_5,U000885,2025-08-17,CH_SLEEP_001,1,model_reco,ins_high_wake_irregular,0,1
EXP_U000885_6,U000885,2025-08-19,CH_REG_001,1,model_reco,anx_high_anxiety,1,0
EXP_U000885_7,U000885,2025-08-20,CH_ACT_001,1,model_reco,dep_low_energy,1,0
EXP_U000885_8,U000885,2025-08-30,CH_SLEEP_001,1,model_reco,ins_high_wake_irregular,1,0
EXP_U000885_9,U000885,2025-09-11,CH_ACT_001,1,model_reco,dep_low_energy,1,0
EXP_U000885_10,U000885,2025-09-12,CH_SLEEP_001,1,model_reco,ins_high_wake_irregular,0,1
EXP_U000885_11,U000885,2025-09-19,CH_SLEEP_001,1,model_reco,ins_high_wake_irregular,0,1
EXP_U000885_12,U000885,2025-09-22,CH_SLEEP_001,1,model_reco,ins_high_wake_irregular,0,1
EXP_U000885_13,U000885,2025-09-26,CH_SLEEP_001,1,model_reco,ins_high_wake_irregular,0,1
EXP_U000885_14,U000885,2025-09-28,CH_SLEEP_001,1,model_reco,ins_high_wake_irregular,0,0
EXP_U000885_15,U000885,2025-09-29,CH_SLEEP_001,1,model_reco,ins_high_wake_irregular,1,0
EXP_U000885_16,U000885,2025-10-01,CH_REG_001,1,model_reco,anx_high_anxiety,0,0
EXP_U000885_17,U000885,2025-10-02,CH_REG_001,1,model_reco,anx_high_anxiety,0,1
EXP_U000885_18,U000885,2025-10-05,CH_REG_001,1,model_reco,anx_high_anxiety,1,0
EXP_U000885_19,U000885,2025-10-16,CH_SLEEP_001,1,model_reco,ins_high_wake_irregular,0,1
EXP_U000886_1,U000886,2025-08-08,CH_ACT_001,1,model_reco,dep_low_energy,0,0
EXP_U000886_2,U000886,2025-09-24,CH_ACT_001,1,model_reco,dep_low_energy,1,0
EXP_U000886_3,U000886,2025-10-12,CH_SLEEP_001,1,model_reco,ins_high_wake_irregular,0,0
EXP_U000886_4,U000886,2025-10-17,CH_ACT_002,1,model_reco,dep_low_daylight,1,0
EXP_U000886_5,U000886,2025-10-26,CH_ACT_001,1,model_reco,dep_low_energy,1,0
EXP_U000887_1,U000887,2025-06-21,CH_SLEEP_001,1,model_reco,ins_high_wake_irregular,1,0
EXP_U000887_2,U000887,2025-07-01,CH_SLEEP_001,1,model_reco,ins_high_wake_irregular,1,0
EXP_U000887_3,U000887,2025-07-08,CH_SLEEP_001,1,model_reco,ins_high_wake_irregular,1,0
EXP_U000887_4,U000887,2025-07-26,CH_SLEEP_001,1,model_reco,ins_high_wake_irregular,1,0
EXP_U000887_5,U000887,2025-08-02,CH_SLEEP_001,1,model_reco,ins_high_wake_irregular,0,0
EXP_U000887_6,U000887,2025-08-15,CH_SLEEP_001,1,model_reco,ins_high_wake_irregular,1,0
EXP_U000887_7,U000887,2025-09-06,CH_SLEEP_001,1,model_reco,ins_high_wake_irregular,0,0
EXP_U000890_1,U000890,2025-08-20,CH_ACT_003,1,model_reco,dep_low_activity,0,0
EXP_U000890_2,U000890,2025-08-22,CH_ACT_001,1,model_reco,dep_low_energy,0,1
EXP_U000890_3,U000890,2025-08-25,CH_ACT_002,1,model_reco,dep_low_daylight,0,1
EXP_U000890_4,U000890,2025-08-29,CH_ACT_002,1,model_reco,dep_low_daylight,1,0
EXP_U000890_5,U000890,2025-08-30,CH_REG_001,1,model_reco,anx_high_anxiety,0,0
EXP_U000890_6,U000890,2025-08-31,CH_REG_001,1,model_reco,anx_high_anxiety,0,1
EXP_U000890_7,U000890,2025-09-03,CH_ACT_002,1,model_reco,dep_low_daylight,0,0
EXP_U000890_8,U000890,2025-09-04,CH_ACT_003,1,model_reco,dep_low_activity,0,0
EXP_U000890_9,U000890,2025-09-10,CH_ACT_001,1,model_reco,dep_low_energy,0,0
EXP_U000890_10,U000890,2025-09-14,CH_ACT_002,1,model_reco,dep_low_daylight,1,0
EXP_U000890_11,U000890,2025-09-15,CH_REG_001,1,model_reco,anx_high_anxiety,0,1
EXP_U000890_12,U000890,2025-09-18,CH_ACT_002,1,model_reco,dep_low_daylight,1,0
EXP_U000890_13,U000890,2025-09-20,CH_REG_001,1,model_reco,anx_high_anxiety,1,0
EXP_U000890_14,U000890,2025-09-22,CH_ACT_003,1,model_reco,dep_low_activity,0,1
EXP_U000890_15,U000890,2025-09-28,CH_ACT_002,1,model_reco,dep_low_daylight,1,0
EXP_U000890_16,U000890,2025-09-30,CH_REG_002,1,model_reco,anx_high_anxiety,0,0
EXP_U000890_17,U000890,2025-10-02,CH_ACT_002,1,model_reco,dep_low_daylight,1,0
EXP_U000890_18,U000890,2025-10-03,CH_REG_001,1,model_reco,anx_high_anxiety,0,1
EXP_U000890_19,U000890,2025-10-07,CH_ACT_003,1,model_reco,dep_low_activity,0,1
EXP_U000890_20,U000890,2025-10-16,CH_ACT_002,1,model_reco,dep_low_daylight,1,0
EXP_U000890_21,U000890,2025-10-17,CH_SOC_001,1,model_reco,low_social_contact,0,1
EXP_U000890_22,U000890,2025-10-25,CH_ACT_002,1,model_reco,dep_low_daylight,0,1
EXP_U000890_23,U000890,2025-10-31,CH_ACT_002,1,model_reco,dep_low_daylight,1,0
EXP_U000890_24,U000890,2025-11-01,CH_REG_002,1,model_reco,anx_high_anxiety,0,1
EXP_U000890_25,U000890,2025-11-03,CH_ACT_002,1,model_reco,dep_low_daylight,0,1
EXP_U000891_1,U000891,2025-06-08,CH_SLEEP_001,1,model_reco,ins_high_wake_irregular,1,0
EXP_U000891_2,U000891,2025-06-15,CH_SLEEP_001,1,model_reco,ins_high_wake_irregular,0,1
EXP_U000891_3,U000891,2025-07-02,CH_SLEEP_001,1,model_reco,ins_high_wake_irregular,0,0
EXP_U000891_4,U000891,2025-07-12,CH_SLEEP_001,1,model_reco,ins_high_wake_irregular,0,1
EXP_U000891_5,U000891,2025-07-15,CH_SLEEP_001,1,model_reco,ins_high_wake_irregular,1,0
EXP_U000891_6,U000891,2025-08-25,CH_SLEEP_001,1,model_reco,ins_high_wake_irregular,0,1
EXP_U000892_1,U000892,2025-08-31,CH_ACT_001,1,model_reco,dep_low_energy,0,1
EXP_U000892_2,U000892,2025-09-10,CH_ACT_001,1,model_reco,dep_low_energy,1,0
EXP_U000892_3,U000892,2025-09-16,CH_ACT_002,1,model_reco,dep_low_daylight,1,0
EXP_U000892_4,U000892,2025-09-22,CH_ACT_001,1,model_reco,dep_low_energy,1,0
EXP_U000892_5,U000892,2025-10-06,CH_ACT_001,1,model_reco,dep_low_energy,1,0
EXP_U000892_6,U000892,2025-10-10,CH_SOC_001,1,model_reco,low_social_contact,0,1
EXP_U000892_7,U000892,2025-10-15,CH_ACT_001,1,model_reco,dep_low_energy,0,0
EXP_U000892_8,U000892,2025-10-16,CH_ACT_001,1,model_reco,dep_low_energy,1,0
EXP_U000892_9,U000892,2025-10-24,CH_ACT_001,1,model_reco,dep_low_energy,1,0
EXP_U000892_10,U000892,2025-10-26,CH_SOC_001,1,model_reco,low_social_contact,1,0
EXP_U000892_11,U000892,2025-10-30,CH_ACT_001,1,model_reco,dep_low_energy,0,0
EXP_U000892_12,U000892,2025-11-05,CH_WELL_001,1,model_reco,supportive_wellbeing,0,0
EXP_U000892_13,U000892,2025-11-09,CH_ACT_001,1,model_reco,dep_low_energy,0,0
EXP_U000892_14,U000892,2025-11-10,CH_ACT_001,1,model_reco,dep_low_energy,0,1
EXP_U000892_15,U000892,2025-11-16,CH_WELL_001,1,model_reco,supportive_wellbeing,0,1
EXP_U000892_16,U000892,2025-11-18,CH_ACT_001,1,model_reco,dep_low_energy,1,0
EXP_U000893_1,U000893,2025-07-12,CH_REG_001,1,model_reco,anx_high_anxiety,1,0
EXP_U000893_2,U000893,2025-07-14,CH_REG_001,1,model_reco,anx_high_anxiety,1,0
EXP_U000893_3,U000893,2025-07-16,CH_REG_001,1,model_reco,anx_high_anxiety,1,0
EXP_U000893_4,U000893,2025-07-23,CH_REG_002,1,model_reco,anx_high_anxiety,0,0
EXP_U000893_5,U000893,2025-07-24,CH_REG_001,1,model_reco,anx_high_anxiety,0,1
EXP_U000893_6,U000893,2025-07-30,CH_REG_001,1,model_reco,anx_high_anxiety,0,0
EXP_U000893_7,U000893,2025-07-31,CH_REG_001,1,model_reco,anx_high_anxiety,1,0
EXP_U000893_8,U000893,2025-08-02,CH_REG_001,1,model_reco,anx_high_anxiety,1,0
EXP_U000893_9,U000893,2025-08-05,CH_REG_001,1,model_reco,anx_high_anxiety,0,1
EXP_U000893_10,U000893,2025-08-12,CH_REG_001,1,model_reco,anx_high_anxiety,1,0
EXP_U000893_11,U000893,2025-08-14,CH_REG_002,1,model_reco,anx_high_anxiety,0,1
EXP_U000893_12,U000893,2025-08-22,CH_REG_001,1,model_reco,anx_high_anxiety,1,0
EXP_U000893_13,U000893,2025-09-01,CH_REG_001,1,model_reco,anx_high_anxiety,0,0
EXP_U000893_14,U000893,2025-09-11,CH_REG_001,1,model_reco,anx_high_anxiety,1,0
EXP_U000893_15,U000893,2025-09-18,CH_REG_001,1,model_reco,anx_high_anxiety,1,0
EXP_U000893_16,U000893,2025-09-19,CH_REG_002,1,model_reco,anx_high_anxiety,0,0
EXP_U000893_17,U000893,2025-09-22,CH_REG_001,1,model_reco,anx_high_anxiety,1,0
EXP_U000894_1,U000894,2025-07-31,CH_SLEEP_001,1,model_reco,ins_high_wake_irregular,0,1
EXP_U000894_2,U000894,2025-08-07,CH_ACT_002,1,model_reco,dep_low_daylight,1,0
EXP_U000894_3,U000894,2025-08-08,CH_SLEEP_001,1,model_reco,ins_high_wake_irregular,0,1
EXP_U000894_4,U000894,2025-08-09,CH_SLEEP_001,1,model_reco,ins_high_wake_irregular,1,0
EXP_U000894_5,U000894,2025-08-10,CH_ACT_002,1,model_reco,dep_low_daylight,0,1
EXP_U000894_6,U000894,2025-08-14,CH_ACT_002,1,model_reco,dep_low_daylight,0,0
EXP_U000894_7,U000894,2025-08-22,CH_ACT_002,1,model_reco,dep_low_daylight,1,0
EXP_U000894_8,U000894,2025-08-23,CH_SOC_001,1,model_reco,low_social_contact,1,0
EXP_U000894_9,U000894,2025-09-10,CH_SLEEP_001,1,model_reco,ins_high_wake_irregular,1,0
EXP_U000894_10,U000894,2025-09-18,CH_ACT_002,1,model_reco,dep_low_daylight,0,1
EXP_U000894_11,U000894,2025-09-19,CH_ACT_001,1,model_reco,dep_low_energy,1,0
EXP_U000894_12,U000894,2025-09-27,CH_SLEEP_001,1,model_reco,ins_high_wake_irregular,0,0
EXP_U000894_13,U000894,2025-09-28,CH_SLEEP_001,1,model_reco,ins_high_wake_irregular,0,0
EXP_U000894_14,U000894,2025-10-01,CH_SLEEP_001,1,model_reco,ins_high_wake_irregular,0,0
EXP_U000894_15,U000894,2025-10-03,CH_SLEEP_001,1,model_reco,ins_high_wake_irregular,1,0
EXP_U000894_16,U000894,2025-10-06,CH_ACT_001,1,model_reco,dep_low_energy,0,1
EXP_U000894_17,U000894,2025-10-12,CH_SLEEP_001,1,model_reco,ins_high_wake_irregular,1,0
EXP_U000894_18,U000894,2025-10-16,CH_ACT_001,1,model_reco,dep_low_energy,0,0
EXP_U000895_1,U000895,2025-07-05,CH_WELL_001,1,model_reco,supportive_wellbeing,0,0
EXP_U000896_1,U000896,2025-07-26,CH_SLEEP_001,1,model_reco,ins_high_wake_irregular,1,0
EXP_U000896_2,U000896,2025-08-06,CH_SLEEP_001,1,model_reco,ins_high_wake_irregular,0,0
EXP_U000896_3,U000896,2025-08-07,CH_SLEEP_001,1,model_reco,ins_high_wake_irregular,0,1
EXP_U000896_4,U000896,2025-08-11,CH_SLEEP_001,1,model_reco,ins_high_wake_irregular,1,0
EXP_U000896_5,U000896,2025-08-18,CH_SLEEP_001,1,model_reco,ins_high_wake_irregular,0,0
EXP_U000896_6,U000896,2025-08-19,CH_SLEEP_001,1,model_reco,ins_high_wake_irregular,1,0
EXP_U000896_7,U000896,2025-08-27,CH_SLEEP_001,1,model_reco,ins_high_wake_irregular,0,1
EXP_U000896_8,U000896,2025-08-30,CH_SLEEP_001,1,model_reco,ins_high_wake_irregular,0,1
EXP_U000896_9,U000896,2025-08-31,CH_SLEEP_001,1,model_reco,ins_high_wake_irregular,0,0
EXP_U000896_10,U000896,2025-09-03,CH_SLEEP_001,1,model_reco,ins_high_wake_irregular,0,1
EXP_U000896_11,U000896,2025-09-14,CH_SLEEP_001,1,model_reco,ins_high_wake_irregular,0,0
EXP_U000896_12,U000896,2025-09-21,CH_SLEEP_001,1,model_reco,ins_high_wake_irregular,1,0
EXP_U000896_13,U000896,2025-10-03,CH_SLEEP_001,1,model_reco,ins_high_wake_irregular,1,0
EXP_U000897_1,U000897,2025-06-12,CH_ACT_003,1,model_reco,dep_low_activity,0,1
EXP_U000897_2,U000897,2025-06-19,CH_ACT_003,1,model_reco,dep_low_activity,0,1
EXP_U000897_3,U000897,2025-06-22,CH_ACT_002,1,model_reco,dep_low_daylight,0,1
EXP_U000897_4,U000897,2025-07-07,CH_ACT_003,1,model_reco,dep_low_activity,0,0
EXP_U000897_5,U000897,2025-07-08,CH_ACT_003,1,model_reco,dep_low_activity,0,1
EXP_U000897_6,U000897,2025-07-10,CH_SLEEP_001,1,model_reco,ins_high_wake_irregular,0,1
EXP_U000897_7,U000897,2025-07-11,CH_SLEEP_001,1,model_reco,ins_high_wake_irregular,0,1
EXP_U000897_8,U000897,2025-07-22,CH_ACT_002,1,model_reco,dep_low_daylight,0,0
EXP_U000897_9,U000897,2025-07-31,CH_ACT_002,1,model_reco,dep_low_daylight,1,0
EXP_U000897_10,U000897,2025-08-11,CH_ACT_003,1,model_reco,dep_low_activity,0,1
EXP_U000897_11,U000897,2025-08-14,CH_ACT_003,1,model_reco,dep_low_activity,0,1
EXP_U000897_12,U000897,2025-08-16,CH_ACT_002,1,model_reco,dep_low_daylight,0,1
EXP_U000897_13,U000897,2025-08-22,CH_ACT_002,1,model_reco,dep_low_daylight,0,0
EXP_U000897_14,U000897,2025-09-01,CH_ACT_003,1,model_reco,dep_low_activity,0,1
EXP_U000898_1,U000898,2025-06-20,CH_ACT_001,1,model_reco,dep_low_energy,0,0
EXP_U000898_2,U000898,2025-07-03,CH_ACT_001,1,model_reco,dep_low_energy,0,0
EXP_U000898_3,U000898,2025-07-11,CH_ACT_003,1,model_reco,dep_low_activity,0,1
EXP_U000898_4,U000898,2025-07-12,CH_ACT_003,1,model_reco,dep_low_activity,0,1
EXP_U000898_5,U000898,2025-07-15,CH_ACT_001,1,model_reco,dep_low_energy,0,1
EXP_U000898_6,U000898,2025-07-31,CH_WELL_001,1,model_reco,supportive_wellbeing,0,0
EXP_U000898_7,U000898,2025-08-18,CH_ACT_001,1,model_reco,dep_low_energy,0,0
EXP_U000898_8,U000898,2025-08-22,CH_ACT_001,1,model_reco,dep_low_energy,0,0
EXP_U000898_9,U000898,2025-08-23,CH_ACT_001,1,model_reco,dep_low_energy,1,0
EXP_U000898_10,U000898,2025-09-03,CH_ACT_001,1,model_reco,dep_low_energy,0,0
EXP_U000898_11,U000898,2025-09-07,CH_ACT_003,1,model_reco,dep_low_activity,0,1
EXP_U000898_12,U000898,2025-09-11,CH_ACT_001,1,model_reco,dep_low_energy,0,0
EXP_U000899_1,U000899,2025-09-10,CH_REG_002,1,model_reco,anx_high_anxiety,0,0
EXP_U000899_2,U000899,2025-09-11,CH_ACT_003,1,model_reco,dep_low_activity,0,1
EXP_U000899_3,U000899,2025-09-21,CH_WELL_001,1,model_reco,supportive_wellbeing,0,1
EXP_U000899_4,U000899,2025-09-30,CH_ACT_003,1,model_reco,dep_low_activity,1,0
EXP_U000899_5,U000899,2025-10-06,CH_REG_001,1,model_reco,anx_high_anxiety,1,0
EXP_U000899_6,U000899,2025-10-08,CH_SOC_001,1,model_reco,low_social_contact,0,1
EXP_U000899_7,U000899,2025-10-09,CH_ACT_002,1,model_reco,dep_low_daylight,0,0
EXP_U000899_8,U000899,2025-10-13,CH_SOC_001,1,model_reco,low_social_contact,0,0
EXP_U000899_9,U000899,2025-10-17,CH_SOC_001,1,model_reco,low_social_contact,0,1
EXP_U000899_10,U000899,2025-10-23,CH_REG_001,1,model_reco,anx_high_anxiety,1,0
EXP_U000899_11,U000899,2025-10-27,CH_ACT_002,1,model_reco,dep_low_daylight,0,0
EXP_U000899_12,U000899,2025-10-29,CH_REG_002,1,model_reco,anx_high_anxiety,0,1
EXP_U000900_1,U000900,2025-06-30,CH_ACT_002,1,model_reco,dep_low_daylight,0,1
EXP_U000900_2,U000900,2025-07-27,CH_ACT_001,1,model_reco,dep_low_energy,0,0
EXP_U000900_3,U000900,2025-08-01,CH_ACT_003,1,model_reco,dep_low_activity,0,1
EXP_U000900_4,U000900,2025-08-03,CH_ACT_002,1,model_reco,dep_low_daylight,0,1
EXP_U000900_5,U000900,2025-08-13,CH_ACT_002,1,model_reco,dep_low_daylight,0,1
EXP_U000900_6,U000900,2025-08-29,CH_ACT_003,1,model_reco,dep_low_activity,0,1
EXP_U000901_1,U000901,2025-08-16,CH_ACT_002,1,model_reco,dep_low_daylight,0,0
EXP_U000901_2,U000901,2025-08-18,CH_ACT_003,1,model_reco,dep_low_activity,0,0
EXP_U000901_3,U000901,2025-08-19,CH_ACT_003,1,model_reco,dep_low_activity,1,0
EXP_U000901_4,U000901,2025-08-24,CH_ACT_002,1,model_reco,dep_low_daylight,0,1
EXP_U000901_5,U000901,2025-08-28,CH_ACT_002,1,model_reco,dep_low_daylight,0,0
EXP_U000901_6,U000901,2025-09-01,CH_ACT_003,1,model_reco,dep_low_activity,1,0
EXP_U000901_7,U000901,2025-09-03,CH_REG_002,1,model_reco,anx_high_anxiety,0,0
EXP_U000901_8,U000901,2025-09-05,CH_ACT_003,1,model_reco,dep_low_activity,1,0
EXP_U000901_9,U000901,2025-09-08,CH_ACT_003,1,model_reco,dep_low_activity,0,1
EXP_U000901_10,U000901,2025-09-09,CH_SLEEP_001,1,model_reco,ins_high_wake_irregular,0,1
EXP_U000901_11,U000901,2025-09-11,CH_ACT_002,1,model_reco,dep_low_daylight,0,0
EXP_U000901_12,U000901,2025-09-16,CH_ACT_003,1,model_reco,dep_low_activity,1,0
EXP_U000901_13,U000901,2025-09-22,CH_SLEEP_001,1,model_reco,ins_high_wake_irregular,0,1
EXP_U000901_14,U000901,2025-09-25,CH_ACT_003,1,model_reco,dep_low_activity,1,0
EXP_U000901_15,U000901,2025-09-26,CH_REG_001,1,model_reco,anx_high_anxiety,0,1
EXP_U000901_16,U000901,2025-10-02,CH_ACT_003,1,model_reco,dep_low_activity,1,0
EXP_U000901_17,U000901,2025-10-05,CH_ACT_002,1,model_reco,dep_low_daylight,0,0
EXP_U000901_18,U000901,2025-10-12,CH_ACT_003,1,model_reco,dep_low_activity,0,0
EXP_U000901_19,U000901,2025-10-14,CH_ACT_002,1,model_reco,dep_low_daylight,0,0
EXP_U000901_20,U000901,2025-10-16,CH_ACT_002,1,model_reco,dep_low_daylight,0,0
EXP_U000901_21,U000901,2025-10-17,CH_ACT_002,1,model_reco,dep_low_daylight,0,1
EXP_U000901_22,U000901,2025-10-18,CH_ACT_002,1,model_reco,dep_low_daylight,0,0
EXP_U000901_23,U000901,2025-10-23,CH_ACT_003,1,model_reco,dep_low_activity,0,1
EXP_U000901_24,U000901,2025-10-24,CH_ACT_003,1,model_reco,dep_low_activity,0,1
EXP_U000901_25,U000901,2025-10-27,CH_ACT_003,1,model_reco,dep_low_activity,0,1
EXP_U000901_26,U000901,2025-10-31,CH_ACT_002,1,model_reco,dep_low_daylight,0,0
EXP_U000901_27,U000901,2025-11-02,CH_ACT_003,1,model_reco,dep_low_activity,0,1
EXP_U000901_28,U000901,2025-11-07,CH_ACT_003,1,model_reco,dep_low_activity,0,1
EXP_U000902_1,U000902,2025-08-07,CH_SLEEP_001,1,model_reco,ins_high_wake_irregular,1,0
EXP_U000902_2,U000902,2025-08-11,CH_ACT_001,1,model_reco,dep_low_energy,0,1
EXP_U000902_3,U000902,2025-08-26,CH_SLEEP_001,1,model_reco,ins_high_wake_irregular,0,0
EXP_U000902_4,U000902,2025-08-29,CH_SLEEP_001,1,model_reco,ins_high_wake_irregular,0,0
EXP_U000902_5,U000902,2025-09-14,CH_SLEEP_001,1,model_reco,ins_high_wake_irregular,0,1
EXP_U000902_6,U000902,2025-09-25,CH_SLEEP_001,1,model_reco,ins_high_wake_irregular,0,0
EXP_U000902_7,U000902,2025-09-26,CH_SLEEP_001,1,model_reco,ins_high_wake_irregular,0,1
EXP_U000902_8,U000902,2025-09-29,CH_SLEEP_001,1,model_reco,ins_high_wake_irregular,0,0
EXP_U000902_9,U000902,2025-10-08,CH_SLEEP_001,1,model_reco,ins_high_wake_irregular,0,0
EXP_U000903_1,U000903,2025-09-15,CH_SLEEP_001,1,model_reco,ins_high_wake_irregular,0,0
EXP_U000905_1,U000905,2025-06-04,CH_ACT_001,1,model_reco,dep_low_energy,0,1
EXP_U000905_2,U000905,2025-06-15,CH_WELL_001,1,model_reco,supportive_wellbeing,0,1
EXP_U000905_3,U000905,2025-07-08,CH_SLEEP_001,1,model_reco,ins_high_wake_irregular,0,1
EXP_U000905_4,U000905,2025-07-13,CH_SLEEP_001,1,model_reco,ins_high_wake_irregular,1,0
EXP_U000905_5,U000905,2025-07-23,CH_REG_001,1,model_reco,anx_high_anxiety,0,1
EXP_U000905_6,U000905,2025-07-24,CH_ACT_001,1,model_reco,dep_low_energy,1,0
EXP_U000905_7,U000905,2025-08-02,CH_SLEEP_001,1,model_reco,ins_high_wake_irregular,0,1
EXP_U000906_1,U000906,2025-08-19,CH_SLEEP_001,1,model_reco,ins_high_wake_irregular,0,0
EXP_U000906_2,U000906,2025-09-18,CH_SLEEP_001,1,model_reco,ins_high_wake_irregular,0,0
EXP_U000906_3,U000906,2025-09-21,CH_SLEEP_001,1,model_reco,ins_high_wake_irregular,0,0
EXP_U000907_1,U000907,2025-07-04,CH_SLEEP_001,1,model_reco,ins_high_wake_irregular,0,0
EXP_U000907_2,U000907,2025-07-05,CH_SLEEP_001,1,model_reco,ins_high_wake_irregular,0,0
EXP_U000907_3,U000907,2025-07-06,CH_SLEEP_001,1,model_reco,ins_high_wake_irregular,0,1
EXP_U000907_4,U000907,2025-07-11,CH_SLEEP_001,1,model_reco,ins_high_wake_irregular,0,1
EXP_U000907_5,U000907,2025-07-15,CH_SLEEP_001,1,model_reco,ins_high_wake_irregular,1,0
EXP_U000907_6,U000907,2025-07-22,CH_SLEEP_001,1,model_reco,ins_high_wake_irregular,1,0
EXP_U000907_7,U000907,2025-07-30,CH_SLEEP_001,1,model_reco,ins_high_wake_irregular,0,1
EXP_U000907_8,U000907,2025-08-09,CH_SLEEP_001,1,model_reco,ins_high_wake_irregular,1,0
EXP_U000907_9,U000907,2025-08-23,CH_SLEEP_001,1,model_reco,ins_high_wake_irregular,0,0
EXP_U000907_10,U000907,2025-08-24,CH_SLEEP_001,1,model_reco,ins_high_wake_irregular,0,0
EXP_U000907_11,U000907,2025-09-05,CH_SLEEP_001,1,model_reco,ins_high_wake_irregular,0,0
EXP_U000907_12,U000907,2025-09-09,CH_SLEEP_001,1,model_reco,ins_high_wake_irregular,0,0
EXP_U000908_1,U000908,2025-06-09,CH_SLEEP_001,1,model_reco,ins_high_wake_irregular,1,0
EXP_U000908_2,U000908,2025-06-21,CH_SLEEP_001,1,model_reco,ins_high_wake_irregular,0,0
EXP_U000908_3,U000908,2025-07-28,CH_SLEEP_001,1,model_reco,ins_high_wake_irregular,0,0
EXP_U000908_4,U000908,2025-08-16,CH_SLEEP_001,1,model_reco,ins_high_wake_irregular,0,0
EXP_U000908_5,U000908,2025-08-23,CH_SLEEP_001,1,model_reco,ins_high_wake_irregular,0,0
EXP_U000908_6,U000908,2025-08-26,CH_SLEEP_001,1,model_reco,ins_high_wake_irregular,1,0
EXP_U000909_1,U000909,2025-08-16,CH_SLEEP_001,1,model_reco,ins_high_wake_irregular,0,1
EXP_U000909_2,U000909,2025-08-20,CH_SLEEP_001,1,model_reco,ins_high_wake_irregular,1,0
EXP_U000909_3,U000909,2025-08-22,CH_ACT_003,1,model_reco,dep_low_activity,0,1
EXP_U000909_4,U000909,2025-08-26,CH_ACT_002,1,model_reco,dep_low_daylight,0,1
EXP_U000909_5,U000909,2025-08-31,CH_SLEEP_001,1,model_reco,ins_high_wake_irregular,0,0
EXP_U000909_6,U000909,2025-09-20,CH_SLEEP_001,1,model_reco,ins_high_wake_irregular,0,1
EXP_U000910_1,U000910,2025-06-27,CH_SLEEP_001,1,model_reco,ins_high_wake_irregular,1,0
EXP_U000910_2,U000910,2025-06-29,CH_ACT_003,1,model_reco,dep_low_activity,0,1
EXP_U000910_3,U000910,2025-07-04,CH_SLEEP_001,1,model_reco,ins_high_wake_irregular,0,1
EXP_U000910_4,U000910,2025-07-23,CH_SLEEP_001,1,model_reco,ins_high_wake_irregular,1,0
EXP_U000910_5,U000910,2025-07-27,CH_ACT_003,1,model_reco,dep_low_activity,0,0
EXP_U000910_6,U000910,2025-08-04,CH_SLEEP_001,1,model_reco,ins_high_wake_irregular,0,0
EXP_U000910_7,U000910,2025-08-06,CH_SLEEP_001,1,model_reco,ins_high_wake_irregular,0,0
EXP_U000910_8,U000910,2025-08-16,CH_SLEEP_001,1,model_reco,ins_high_wake_irregular,0,0
EXP_U000910_9,U000910,2025-08-18,CH_SLEEP_001,1,model_reco,ins_high_wake_irregular,0,0
EXP_U000910_10,U000910,2025-08-19,CH_SLEEP_001,1,model_reco,ins_high_wake_irregular,1,0
EXP_U000910_11,U000910,2025-08-20,CH_ACT_003,1,model_reco,dep_low_activity,0,1
EXP_U000910_12,U000910,2025-08-21,CH_ACT_003,1,model_reco,dep_low_activity,0,1
EXP_U000910_13,U000910,2025-08-30,CH_SLEEP_001,1,model_reco,ins_high_wake_irregular,0,0
EXP_U000910_14,U000910,2025-09-04,CH_SLEEP_001,1,model_reco,ins_high_wake_irregular,0,0
EXP_U000910_15,U000910,2025-09-07,CH_SLEEP_001,1,model_reco,ins_high_wake_irregular,1,0
EXP_U000910_16,U000910,2025-09-11,CH_ACT_002,1,model_reco,dep_low_daylight,1,0
EXP_U000911_1,U000911,2025-08-26,CH_SLEEP_001,1,model_reco,ins_high_wake_irregular,0,0
EXP_U000911_2,U000911,2025-09-01,CH_SLEEP_001,1,model_reco,ins_high_wake_irregular,0,1
EXP_U000911_3,U000911,2025-09-15,CH_SLEEP_001,1,model_reco,ins_high_wake_irregular,1,0
EXP_U000911_4,U000911,2025-09-20,CH_ACT_002,1,model_reco,dep_low_daylight,0,0
EXP_U000911_5,U000911,2025-10-10,CH_SLEEP_001,1,model_reco,ins_high_wake_irregular,1,0
EXP_U000911_6,U000911,2025-10-15,CH_ACT_002,1,model_reco,dep_low_daylight,0,1
EXP_U000911_7,U000911,2025-10-16,CH_ACT_002,1,model_reco,dep_low_daylight,0,0
EXP_U000911_8,U000911,2025-10-22,CH_SLEEP_001,1,model_reco,ins_high_wake_irregular,0,0
EXP_U000911_9,U000911,2025-10-25,CH_SLEEP_001,1,model_reco,ins_high_wake_irregular,1,0
EXP_U000911_10,U000911,2025-10-29,CH_ACT_003,1,model_reco,dep_low_activity,0,0
EXP_U000911_11,U000911,2025-10-30,CH_ACT_003,1,model_reco,dep_low_activity,0,1
EXP_U000911_12,U000911,2025-11-02,CH_SLEEP_001,1,model_reco,ins_high_wake_irregular,0,0
EXP_U000911_13,U000911,2025-11-04,CH_SLEEP_001,1,model_reco,ins_high_wake_irregular,0,0
EXP_U000911_14,U000911,2025-11-06,CH_SLEEP_001,1,model_reco,ins_high_wake_irregular,0,0
EXP_U000912_1,U000912,2025-07-30,CH_ACT_002,1,model_reco,dep_low_daylight,0,1
EXP_U000912_2,U000912,2025-08-03,CH_ACT_003,1,model_reco,dep_low_activity,0,1
EXP_U000912_3,U000912,2025-08-07,CH_ACT_003,1,model_reco,dep_low_activity,0,1
EXP_U000912_4,U000912,2025-08-12,CH_ACT_002,1,model_reco,dep_low_daylight,0,0
EXP_U000912_5,U000912,2025-08-18,CH_ACT_003,1,model_reco,dep_low_activity,0,1
EXP_U000912_6,U000912,2025-08-20,CH_ACT_002,1,model_reco,dep_low_daylight,0,1
EXP_U000912_7,U000912,2025-09-06,CH_ACT_002,1,model_reco,dep_low_daylight,0,1
EXP_U000912_8,U000912,2025-09-08,CH_ACT_002,1,model_reco,dep_low_daylight,0,0
EXP_U000912_9,U000912,2025-09-09,CH_ACT_003,1,model_reco,dep_low_activity,0,1
EXP_U000912_10,U000912,2025-09-12,CH_ACT_002,1,model_reco,dep_low_daylight,1,0
EXP_U000912_11,U000912,2025-09-20,CH_ACT_002,1,model_reco,dep_low_daylight,0,1
EXP_U000912_12,U000912,2025-09-23,CH_ACT_003,1,model_reco,dep_low_activity,0,0
EXP_U000913_1,U000913,2025-08-14,CH_REG_002,1,model_reco,anx_high_anxiety,0,1
EXP_U000913_2,U000913,2025-08-24,CH_SLEEP_001,1,model_reco,ins_high_wake_irregular,1,0
EXP_U000913_3,U000913,2025-08-29,CH_REG_001,1,model_reco,anx_high_anxiety,0,1
EXP_U000913_4,U000913,2025-09-01,CH_SLEEP_001,1,model_reco,ins_high_wake_irregular,1,0
EXP_U000913_5,U000913,2025-09-03,CH_REG_001,1,model_reco,anx_high_anxiety,1,0
EXP_U000913_6,U000913,2025-09-11,CH_SLEEP_001,1,model_reco,ins_high_wake_irregular,0,1
EXP_U000913_7,U000913,2025-09-14,CH_SLEEP_001,1,model_reco,ins_high_wake_irregular,0,1
EXP_U000913_8,U000913,2025-09-16,CH_SLEEP_001,1,model_reco,ins_high_wake_irregular,0,0
EXP_U000913_9,U000913,2025-09-23,CH_REG_001,1,model_reco,anx_high_anxiety,0,1
EXP_U000913_10,U000913,2025-09-28,CH_SLEEP_001,1,model_reco,ins_high_wake_irregular,0,1
EXP_U000913_11,U000913,2025-09-30,CH_SLEEP_001,1,model_reco,ins_high_wake_irregular,0,0
EXP_U000913_12,U000913,2025-10-04,CH_SLEEP_001,1,model_reco,ins_high_wake_irregular,0,0
EXP_U000913_13,U000913,2025-10-08,CH_SLEEP_001,1,model_reco,ins_high_wake_irregular,0,1
EXP_U000913_14,U000913,2025-10-10,CH_SLEEP_001,1,model_reco,ins_high_wake_irregular,0,1
EXP_U000913_15,U000913,2025-10-25,CH_SLEEP_001,1,model_reco,ins_high_wake_irregular,1,0
EXP_U000914_1,U000914,2025-08-29,CH_WELL_001,1,model_reco,supportive_wellbeing,0,0
EXP_U000915_1,U000915,2025-07-10,CH_WELL_001,1,model_reco,supportive_wellbeing,1,0
EXP_U000915_2,U000915,2025-09-05,CH_WELL_001,1,model_reco,supportive_wellbeing,1,0
EXP_U000916_1,U000916,2025-07-25,CH_ACT_003,1,model_reco,dep_low_activity,0,1
EXP_U000916_2,U000916,2025-08-02,CH_ACT_003,1,model_reco,dep_low_activity,0,1
EXP_U000916_3,U000916,2025-09-08,CH_ACT_002,1,model_reco,dep_low_daylight,1,0
EXP_U000916_4,U000916,2025-09-23,CH_ACT_003,1,model_reco,dep_low_activity,1,0
EXP_U000916_5,U000916,2025-09-27,CH_ACT_003,1,model_reco,dep_low_activity,0,1
EXP_U000916_6,U000916,2025-09-29,CH_ACT_002,1,model_reco,dep_low_daylight,0,0
EXP_U000916_7,U000916,2025-10-01,CH_ACT_003,1,model_reco,dep_low_activity,0,1
EXP_U000917_1,U000917,2025-08-24,CH_SLEEP_001,1,model_reco,ins_high_wake_irregular,0,1
EXP_U000917_2,U000917,2025-10-18,CH_SLEEP_001,1,model_reco,ins_high_wake_irregular,0,1
EXP_U000917_3,U000917,2025-11-12,CH_SLEEP_001,1,model_reco,ins_high_wake_irregular,1,0
EXP_U000918_1,U000918,2025-08-23,CH_SLEEP_001,1,model_reco,ins_high_wake_irregular,0,1
EXP_U000918_2,U000918,2025-08-31,CH_WELL_001,1,model_reco,supportive_wellbeing,1,0
EXP_U000918_3,U000918,2025-09-01,CH_SLEEP_001,1,model_reco,ins_high_wake_irregular,1,0
EXP_U000918_4,U000918,2025-09-06,CH_REG_001,1,model_reco,anx_high_anxiety,0,0
EXP_U000918_5,U000918,2025-09-07,CH_REG_001,1,model_reco,anx_high_anxiety,0,1
EXP_U000918_6,U000918,2025-09-08,CH_ACT_001,1,model_reco,dep_low_energy,0,0
EXP_U000918_7,U000918,2025-09-21,CH_ACT_002,1,model_reco,dep_low_daylight,1,0
EXP_U000918_8,U000918,2025-09-22,CH_SOC_001,1,model_reco,low_social_contact,0,1
EXP_U000918_9,U000918,2025-09-26,CH_ACT_001,1,model_reco,dep_low_energy,1,0
EXP_U000918_10,U000918,2025-09-27,CH_SOC_001,1,model_reco,low_social_contact,0,1
EXP_U000918_11,U000918,2025-09-29,CH_REG_001,1,model_reco,anx_high_anxiety,0,0
EXP_U000918_12,U000918,2025-09-30,CH_SLEEP_001,1,model_reco,ins_high_wake_irregular,0,0
EXP_U000918_13,U000918,2025-10-02,CH_ACT_002,1,model_reco,dep_low_daylight,0,0
EXP_U000918_14,U000918,2025-10-04,CH_SLEEP_001,1,model_reco,ins_high_wake_irregular,1,0
EXP_U000918_15,U000918,2025-10-05,CH_SLEEP_001,1,model_reco,ins_high_wake_irregular,0,0
EXP_U000918_16,U000918,2025-10-10,CH_SLEEP_001,1,model_reco,ins_high_wake_irregular,0,1
EXP_U000918_17,U000918,2025-10-13,CH_SLEEP_001,1,model_reco,ins_high_wake_irregular,1,0
EXP_U000918_18,U000918,2025-10-15,CH_REG_002,1,model_reco,anx_high_anxiety,0,0
EXP_U000918_19,U000918,2025-10-19,CH_ACT_003,1,model_reco,dep_low_activity,1,0
EXP_U000918_20,U000918,2025-10-20,CH_REG_001,1,model_reco,anx_high_anxiety,1,0
EXP_U000918_21,U000918,2025-10-25,CH_SLEEP_001,1,model_reco,ins_high_wake_irregular,1,0
EXP_U000918_22,U000918,2025-11-05,CH_SLEEP_001,1,model_reco,ins_high_wake_irregular,1,0
EXP_U000918_23,U000918,2025-11-06,CH_ACT_001,1,model_reco,dep_low_energy,0,0
EXP_U000918_24,U000918,2025-11-10,CH_ACT_001,1,model_reco,dep_low_energy,0,1
EXP_U000918_25,U000918,2025-11-12,CH_SLEEP_001,1,model_reco,ins_high_wake_irregular,0,0
EXP_U000918_26,U000918,2025-11-13,CH_SLEEP_001,1,model_reco,ins_high_wake_irregular,0,0
EXP_U000919_1,U000919,2025-07-20,CH_REG_001,1,model_reco,anx_high_anxiety,1,0
EXP_U000919_2,U000919,2025-08-07,CH_REG_001,1,model_reco,anx_high_anxiety,1,0
EXP_U000919_3,U000919,2025-09-01,CH_REG_001,1,model_reco,anx_high_anxiety,0,0
EXP_U000919_4,U000919,2025-09-07,CH_REG_002,1,model_reco,anx_high_anxiety,0,0
EXP_U000919_5,U000919,2025-09-14,CH_REG_001,1,model_reco,anx_high_anxiety,0,0
EXP_U000920_1,U000920,2025-08-24,CH_SLEEP_001,1,model_reco,ins_high_wake_irregular,1,0
EXP_U000920_2,U000920,2025-08-30,CH_REG_002,1,model_reco,anx_high_anxiety,1,0
EXP_U000920_3,U000920,2025-09-04,CH_SLEEP_001,1,model_reco,ins_high_wake_irregular,0,0
EXP_U000920_4,U000920,2025-09-11,CH_SLEEP_001,1,model_reco,ins_high_wake_irregular,0,1
EXP_U000920_5,U000920,2025-09-15,CH_REG_001,1,model_reco,anx_high_anxiety,1,0
EXP_U000920_6,U000920,2025-09-17,CH_REG_002,1,model_reco,anx_high_anxiety,1,0
EXP_U000920_7,U000920,2025-09-18,CH_REG_001,1,model_reco,anx_high_anxiety,0,0
EXP_U000920_8,U000920,2025-09-20,CH_REG_001,1,model_reco,anx_high_anxiety,1,0
EXP_U000920_9,U000920,2025-10-03,CH_SLEEP_001,1,model_reco,ins_high_wake_irregular,0,0
EXP_U000920_10,U000920,2025-10-09,CH_SLEEP_001,1,model_reco,ins_high_wake_irregular,0,1
EXP_U000920_11,U000920,2025-10-17,CH_SLEEP_001,1,model_reco,ins_high_wake_irregular,1,0
EXP_U000920_12,U000920,2025-10-25,CH_SLEEP_001,1,model_reco,ins_high_wake_irregular,0,1
EXP_U000920_13,U000920,2025-10-26,CH_SLEEP_001,1,model_reco,ins_high_wake_irregular,0,0
EXP_U000920_14,U000920,2025-10-28,CH_REG_002,1,model_reco,anx_high_anxiety,0,1
EXP_U000920_15,U000920,2025-10-29,CH_REG_001,1,model_reco,anx_high_anxiety,0,0
EXP_U000921_1,U000921,2025-07-18,CH_REG_001,1,model_reco,anx_high_anxiety,1,0
EXP_U000921_2,U000921,2025-07-20,CH_ACT_003,1,model_reco,dep_low_activity,0,0
EXP_U000921_3,U000921,2025-07-30,CH_REG_001,1,model_reco,anx_high_anxiety,0,1
EXP_U000921_4,U000921,2025-07-31,CH_REG_002,1,model_reco,anx_high_anxiety,1,0
EXP_U000921_5,U000921,2025-08-05,CH_ACT_002,1,model_reco,dep_low_daylight,0,1
EXP_U000921_6,U000921,2025-08-09,CH_ACT_002,1,model_reco,dep_low_daylight,0,0
EXP_U000921_7,U000921,2025-08-10,CH_ACT_002,1,model_reco,dep_low_daylight,0,1
EXP_U000921_8,U000921,2025-08-18,CH_ACT_003,1,model_reco,dep_low_activity,0,0
EXP_U000921_9,U000921,2025-08-26,CH_REG_001,1,model_reco,anx_high_anxiety,1,0
EXP_U000921_10,U000921,2025-09-02,CH_ACT_002,1,model_reco,dep_low_daylight,0,0
EXP_U000921_11,U000921,2025-09-08,CH_ACT_003,1,model_reco,dep_low_activity,0,1
EXP_U000921_12,U000921,2025-09-11,CH_ACT_003,1,model_reco,dep_low_activity,0,0
EXP_U000921_13,U000921,2025-09-14,CH_ACT_003,1,model_reco,dep_low_activity,0,0
EXP_U000921_14,U000921,2025-09-18,CH_ACT_003,1,model_reco,dep_low_activity,0,0
EXP_U000921_15,U000921,2025-09-26,CH_ACT_002,1,model_reco,dep_low_daylight,0,1
EXP_U000921_16,U000921,2025-10-03,CH_ACT_003,1,model_reco,dep_low_activity,0,1
EXP_U000922_1,U000922,2025-07-01,CH_ACT_002,1,model_reco,dep_low_daylight,1,0
EXP_U000922_2,U000922,2025-07-07,CH_ACT_001,1,model_reco,dep_low_energy,0,1
EXP_U000922_3,U000922,2025-08-07,CH_ACT_001,1,model_reco,dep_low_energy,0,0
EXP_U000922_4,U000922,2025-08-10,CH_ACT_003,1,model_reco,dep_low_activity,0,1
EXP_U000922_5,U000922,2025-08-20,CH_ACT_003,1,model_reco,dep_low_activity,0,0
EXP_U000922_6,U000922,2025-08-22,CH_ACT_003,1,model_reco,dep_low_activity,0,1
EXP_U000922_7,U000922,2025-08-30,CH_ACT_003,1,model_reco,dep_low_activity,0,1
EXP_U000923_1,U000923,2025-07-15,CH_SLEEP_001,1,model_reco,ins_high_wake_irregular,0,1
EXP_U000923_2,U000923,2025-07-25,CH_SLEEP_001,1,model_reco,ins_high_wake_irregular,0,1
EXP_U000923_3,U000923,2025-07-28,CH_SLEEP_001,1,model_reco,ins_high_wake_irregular,1,0
EXP_U000923_4,U000923,2025-08-08,CH_SLEEP_001,1,model_reco,ins_high_wake_irregular,1,0
EXP_U000923_5,U000923,2025-08-15,CH_SLEEP_001,1,model_reco,ins_high_wake_irregular,0,0
EXP_U000923_6,U000923,2025-08-18,CH_SLEEP_001,1,model_reco,ins_high_wake_irregular,1,0
EXP_U000923_7,U000923,2025-08-21,CH_REG_001,1,model_reco,anx_high_anxiety,0,0
EXP_U000923_8,U000923,2025-08-24,CH_REG_001,1,model_reco,anx_high_anxiety,0,0
EXP_U000923_9,U000923,2025-09-04,CH_SLEEP_001,1,model_reco,ins_high_wake_irregular,1,0
EXP_U000923_10,U000923,2025-09-06,CH_REG_001,1,model_reco,anx_high_anxiety,0,0
EXP_U000923_11,U000923,2025-09-07,CH_ACT_001,1,model_reco,dep_low_energy,0,0
EXP_U000923_12,U000923,2025-09-11,CH_SLEEP_001,1,model_reco,ins_high_wake_irregular,1,0
EXP_U000923_13,U000923,2025-09-14,CH_REG_002,1,model_reco,anx_high_anxiety,0,1
EXP_U000923_14,U000923,2025-09-21,CH_SLEEP_001,1,model_reco,ins_high_wake_irregular,1,0
EXP_U000923_15,U000923,2025-09-22,CH_ACT_001,1,model_reco,dep_low_energy,0,1
EXP_U000923_16,U000923,2025-09-23,CH_REG_001,1,model_reco,anx_high_anxiety,1,0
EXP_U000923_17,U000923,2025-09-26,CH_REG_002,1,model_reco,anx_high_anxiety,1,0
EXP_U000923_18,U000923,2025-10-06,CH_SLEEP_001,1,model_reco,ins_high_wake_irregular,0,0
EXP_U000924_1,U000924,2025-08-23,CH_SLEEP_001,1,model_reco,ins_high_wake_irregular,1,0
EXP_U000924_2,U000924,2025-08-28,CH_ACT_002,1,model_reco,dep_low_daylight,0,0
EXP_U000924_3,U000924,2025-10-01,CH_ACT_003,1,model_reco,dep_low_activity,0,1
EXP_U000925_1,U000925,2025-07-07,CH_SLEEP_001,1,model_reco,ins_high_wake_irregular,1,0
EXP_U000925_2,U000925,2025-07-17,CH_SLEEP_001,1,model_reco,ins_high_wake_irregular,0,0
EXP_U000925_3,U000925,2025-07-18,CH_SLEEP_001,1,model_reco,ins_high_wake_irregular,1,0
EXP_U000925_4,U000925,2025-07-23,CH_ACT_002,1,model_reco,dep_low_daylight,0,1
EXP_U000925_5,U000925,2025-08-15,CH_SLEEP_001,1,model_reco,ins_high_wake_irregular,0,1
EXP_U000925_6,U000925,2025-08-16,CH_SLEEP_001,1,model_reco,ins_high_wake_irregular,1,0
EXP_U000925_7,U000925,2025-08-30,CH_WELL_001,1,model_reco,supportive_wellbeing,1,0
EXP_U000925_8,U000925,2025-09-02,CH_SLEEP_001,1,model_reco,ins_high_wake_irregular,0,1
EXP_U000925_9,U000925,2025-09-04,CH_SLEEP_001,1,model_reco,ins_high_wake_irregular,0,1
EXP_U000925_10,U000925,2025-09-15,CH_SLEEP_001,1,model_reco,ins_high_wake_irregular,1,0
EXP_U000926_1,U000926,2025-06-16,CH_SOC_001,1,model_reco,low_social_contact,0,1
EXP_U000926_2,U000926,2025-06-23,CH_ACT_003,1,model_reco,dep_low_activity,0,1
EXP_U000926_3,U000926,2025-06-25,CH_SOC_001,1,model_reco,low_social_contact,0,0
EXP_U000926_4,U000926,2025-06-27,CH_SOC_001,1,model_reco,low_social_contact,0,1
EXP_U000926_5,U000926,2025-06-28,CH_SLEEP_001,1,model_reco,ins_high_wake_irregular,0,0
EXP_U000926_6,U000926,2025-07-18,CH_SOC_001,1,model_reco,low_social_contact,0,1
EXP_U000926_7,U000926,2025-07-22,CH_SOC_001,1,model_reco,low_social_contact,0,1
EXP_U000926_8,U000926,2025-07-26,CH_ACT_003,1,model_reco,dep_low_activity,0,1
EXP_U000926_9,U000926,2025-07-28,CH_ACT_003,1,model_reco,dep_low_activity,0,1
EXP_U000926_10,U000926,2025-07-29,CH_ACT_002,1,model_reco,dep_low_daylight,1,0
EXP_U000926_11,U000926,2025-08-02,CH_SLEEP_001,1,model_reco,ins_high_wake_irregular,0,0
EXP_U000927_1,U000927,2025-08-21,CH_REG_001,1,model_reco,anx_high_anxiety,1,0
EXP_U000927_2,U000927,2025-08-22,CH_REG_002,1,model_reco,anx_high_anxiety,0,0
EXP_U000927_3,U000927,2025-08-30,CH_REG_001,1,model_reco,anx_high_anxiety,1,0
EXP_U000927_4,U000927,2025-09-04,CH_REG_001,1,model_reco,anx_high_anxiety,1,0
EXP_U000927_5,U000927,2025-09-07,CH_REG_001,1,model_reco,anx_high_anxiety,1,0
EXP_U000927_6,U000927,2025-09-11,CH_REG_002,1,model_reco,anx_high_anxiety,1,0
EXP_U000927_7,U000927,2025-09-13,CH_REG_001,1,model_reco,anx_high_anxiety,1,0
EXP_U000927_8,U000927,2025-09-20,CH_REG_001,1,model_reco,anx_high_anxiety,0,0
EXP_U000927_9,U000927,2025-09-25,CH_REG_002,1,model_reco,anx_high_anxiety,1,0
EXP_U000927_10,U000927,2025-09-27,CH_REG_002,1,model_reco,anx_high_anxiety,1,0
EXP_U000927_11,U000927,2025-09-30,CH_REG_001,1,model_reco,anx_high_anxiety,1,0
EXP_U000927_12,U000927,2025-10-01,CH_REG_002,1,model_reco,anx_high_anxiety,1,0
EXP_U000927_13,U000927,2025-10-02,CH_REG_001,1,model_reco,anx_high_anxiety,0,1
EXP_U000927_14,U000927,2025-10-03,CH_REG_001,1,model_reco,anx_high_anxiety,0,1
EXP_U000927_15,U000927,2025-10-04,CH_REG_002,1,model_reco,anx_high_anxiety,1,0
EXP_U000927_16,U000927,2025-10-05,CH_REG_001,1,model_reco,anx_high_anxiety,0,0
EXP_U000927_17,U000927,2025-10-11,CH_REG_002,1,model_reco,anx_high_anxiety,0,0
EXP_U000927_18,U000927,2025-10-12,CH_REG_001,1,model_reco,anx_high_anxiety,1,0
EXP_U000927_19,U000927,2025-10-17,CH_REG_001,1,model_reco,anx_high_anxiety,1,0
EXP_U000927_20,U000927,2025-10-27,CH_REG_001,1,model_reco,anx_high_anxiety,0,0
EXP_U000927_21,U000927,2025-11-01,CH_REG_001,1,model_reco,anx_high_anxiety,1,0
EXP_U000927_22,U000927,2025-11-03,CH_REG_001,1,model_reco,anx_high_anxiety,1,0
EXP_U000927_23,U000927,2025-11-05,CH_REG_002,1,model_reco,anx_high_anxiety,0,1
EXP_U000927_24,U000927,2025-11-08,CH_REG_001,1,model_reco,anx_high_anxiety,1,0
EXP_U000928_1,U000928,2025-07-21,CH_ACT_002,1,model_reco,dep_low_daylight,0,0
EXP_U000928_2,U000928,2025-08-09,CH_ACT_001,1,model_reco,dep_low_energy,0,1
EXP_U000928_3,U000928,2025-08-23,CH_ACT_001,1,model_reco,dep_low_energy,0,1
EXP_U000928_4,U000928,2025-09-20,CH_ACT_001,1,model_reco,dep_low_energy,0,1
EXP_U000928_5,U000928,2025-10-07,CH_ACT_001,1,model_reco,dep_low_energy,1,0
EXP_U000929_1,U000929,2025-07-16,CH_REG_002,1,model_reco,anx_high_anxiety,0,1
EXP_U000929_2,U000929,2025-07-17,CH_SLEEP_001,1,model_reco,ins_high_wake_irregular,1,0
EXP_U000929_3,U000929,2025-07-21,CH_ACT_001,1,model_reco,dep_low_energy,0,1
EXP_U000929_4,U000929,2025-07-23,CH_REG_002,1,model_reco,anx_high_anxiety,0,0
EXP_U000929_5,U000929,2025-07-28,CH_REG_002,1,model_reco,anx_high_anxiety,1,0
EXP_U000929_6,U000929,2025-07-30,CH_ACT_002,1,model_reco,dep_low_daylight,0,1
EXP_U000929_7,U000929,2025-08-02,CH_ACT_003,1,model_reco,dep_low_activity,0,0
EXP_U000929_8,U000929,2025-08-05,CH_SLEEP_001,1,model_reco,ins_high_wake_irregular,1,0
EXP_U000929_9,U000929,2025-08-11,CH_ACT_001,1,model_reco,dep_low_energy,0,1
EXP_U000929_10,U000929,2025-08-12,CH_SLEEP_001,1,model_reco,ins_high_wake_irregular,0,0
EXP_U000929_11,U000929,2025-08-19,CH_SLEEP_001,1,model_reco,ins_high_wake_irregular,0,1
EXP_U000929_12,U000929,2025-08-20,CH_ACT_001,1,model_reco,dep_low_energy,0,1
EXP_U000929_13,U000929,2025-08-21,CH_ACT_001,1,model_reco,dep_low_energy,0,0
EXP_U000929_14,U000929,2025-08-30,CH_SLEEP_001,1,model_reco,ins_high_wake_irregular,0,0
EXP_U000929_15,U000929,2025-09-05,CH_ACT_003,1,model_reco,dep_low_activity,0,0
EXP_U000929_16,U000929,2025-09-09,CH_SLEEP_001,1,model_reco,ins_high_wake_irregular,0,1
EXP_U000929_17,U000929,2025-09-10,CH_SLEEP_001,1,model_reco,ins_high_wake_irregular,1,0
EXP_U000929_18,U000929,2025-09-11,CH_REG_001,1,model_reco,anx_high_anxiety,0,0
EXP_U000929_19,U000929,2025-09-12,CH_ACT_003,1,model_reco,dep_low_activity,0,0
EXP_U000929_20,U000929,2025-09-27,CH_SLEEP_001,1,model_reco,ins_high_wake_irregular,0,1
EXP_U000929_21,U000929,2025-09-28,CH_SLEEP_001,1,model_reco,ins_high_wake_irregular,0,1
EXP_U000929_22,U000929,2025-09-29,CH_SLEEP_001,1,model_reco,ins_high_wake_irregular,0,1
EXP_U000930_1,U000930,2025-08-28,CH_REG_001,1,model_reco,anx_high_anxiety,1,0
EXP_U000930_2,U000930,2025-08-30,CH_REG_002,1,model_reco,anx_high_anxiety,1,0
EXP_U000930_3,U000930,2025-09-02,CH_REG_001,1,model_reco,anx_high_anxiety,1,0
EXP_U000930_4,U000930,2025-09-06,CH_REG_001,1,model_reco,anx_high_anxiety,0,1
EXP_U000930_5,U000930,2025-09-12,CH_REG_001,1,model_reco,anx_high_anxiety,1,0
EXP_U000930_6,U000930,2025-09-13,CH_REG_002,1,model_reco,anx_high_anxiety,1,0
EXP_U000930_7,U000930,2025-09-23,CH_REG_001,1,model_reco,anx_high_anxiety,1,0
EXP_U000930_8,U000930,2025-09-24,CH_REG_001,1,model_reco,anx_high_anxiety,1,0
EXP_U000930_9,U000930,2025-09-25,CH_REG_002,1,model_reco,anx_high_anxiety,1,0
EXP_U000930_10,U000930,2025-09-26,CH_REG_001,1,model_reco,anx_high_anxiety,0,0
EXP_U000930_11,U000930,2025-10-03,CH_REG_001,1,model_reco,anx_high_anxiety,1,0
EXP_U000930_12,U000930,2025-10-06,CH_REG_001,1,model_reco,anx_high_anxiety,0,1
EXP_U000930_13,U000930,2025-10-08,CH_REG_001,1,model_reco,anx_high_anxiety,0,1
EXP_U000930_14,U000930,2025-10-10,CH_REG_001,1,model_reco,anx_high_anxiety,0,0
EXP_U000930_15,U000930,2025-10-14,CH_REG_001,1,model_reco,anx_high_anxiety,0,0
EXP_U000930_16,U000930,2025-10-19,CH_REG_002,1,model_reco,anx_high_anxiety,1,0
EXP_U000930_17,U000930,2025-10-22,CH_REG_001,1,model_reco,anx_high_anxiety,1,0
EXP_U000930_18,U000930,2025-10-29,CH_REG_001,1,model_reco,anx_high_anxiety,0,0
EXP_U000930_19,U000930,2025-10-31,CH_REG_001,1,model_reco,anx_high_anxiety,0,1
EXP_U000930_20,U000930,2025-11-02,CH_REG_001,1,model_reco,anx_high_anxiety,1,0
EXP_U000930_21,U000930,2025-11-03,CH_REG_001,1,model_reco,anx_high_anxiety,1,0
EXP_U000930_22,U000930,2025-11-06,CH_REG_001,1,model_reco,anx_high_anxiety,0,1
EXP_U000930_23,U000930,2025-11-09,CH_REG_001,1,model_reco,anx_high_anxiety,1,0
EXP_U000930_24,U000930,2025-11-12,CH_REG_001,1,model_reco,anx_high_anxiety,1,0
EXP_U000930_25,U000930,2025-11-13,CH_REG_002,1,model_reco,anx_high_anxiety,1,0
EXP_U000931_1,U000931,2025-07-29,CH_REG_002,1,model_reco,anx_high_anxiety,1,0
EXP_U000931_2,U000931,2025-08-11,CH_REG_001,1,model_reco,anx_high_anxiety,0,0
EXP_U000931_3,U000931,2025-08-12,CH_REG_001,1,model_reco,anx_high_anxiety,1,0
EXP_U000931_4,U000931,2025-08-31,CH_REG_001,1,model_reco,anx_high_anxiety,1,0
EXP_U000931_5,U000931,2025-09-22,CH_REG_001,1,model_reco,anx_high_anxiety,0,0
EXP_U000931_6,U000931,2025-10-03,CH_REG_001,1,model_reco,anx_high_anxiety,1,0
EXP_U000931_7,U000931,2025-10-11,CH_REG_002,1,model_reco,anx_high_anxiety,0,0
EXP_U000932_1,U000932,2025-08-21,CH_SLEEP_001,1,model_reco,ins_high_wake_irregular,0,0
EXP_U000932_2,U000932,2025-08-31,CH_SLEEP_001,1,model_reco,ins_high_wake_irregular,0,1
EXP_U000932_3,U000932,2025-09-25,CH_SLEEP_001,1,model_reco,ins_high_wake_irregular,0,1
EXP_U000932_4,U000932,2025-10-03,CH_SLEEP_001,1,model_reco,ins_high_wake_irregular,0,1
EXP_U000932_5,U000932,2025-10-21,CH_SLEEP_001,1,model_reco,ins_high_wake_irregular,0,0
EXP_U000932_6,U000932,2025-11-08,CH_SLEEP_001,1,model_reco,ins_high_wake_irregular,0,0
EXP_U000933_1,U000933,2025-08-25,CH_REG_001,1,model_reco,anx_high_anxiety,0,0
EXP_U000933_2,U000933,2025-08-26,CH_REG_001,1,model_reco,anx_high_anxiety,0,0
EXP_U000933_3,U000933,2025-09-04,CH_REG_001,1,model_reco,anx_high_anxiety,1,0
EXP_U000933_4,U000933,2025-09-09,CH_REG_001,1,model_reco,anx_high_anxiety,0,1
EXP_U000933_5,U000933,2025-09-11,CH_REG_001,1,model_reco,anx_high_anxiety,1,0
EXP_U000933_6,U000933,2025-09-19,CH_REG_001,1,model_reco,anx_high_anxiety,0,0
EXP_U000933_7,U000933,2025-09-21,CH_REG_002,1,model_reco,anx_high_anxiety,1,0
EXP_U000933_8,U000933,2025-09-26,CH_REG_002,1,model_reco,anx_high_anxiety,0,1
EXP_U000933_9,U000933,2025-09-28,CH_REG_001,1,model_reco,anx_high_anxiety,0,0
EXP_U000933_10,U000933,2025-10-03,CH_REG_001,1,model_reco,anx_high_anxiety,1,0
EXP_U000933_11,U000933,2025-10-07,CH_REG_001,1,model_reco,anx_high_anxiety,0,0
EXP_U000933_12,U000933,2025-10-08,CH_REG_002,1,model_reco,anx_high_anxiety,0,1
EXP_U000933_13,U000933,2025-10-09,CH_REG_001,1,model_reco,anx_high_anxiety,1,0
EXP_U000933_14,U000933,2025-10-11,CH_REG_001,1,model_reco,anx_high_anxiety,0,0
EXP_U000933_15,U000933,2025-10-14,CH_REG_001,1,model_reco,anx_high_anxiety,1,0
EXP_U000933_16,U000933,2025-10-16,CH_REG_002,1,model_reco,anx_high_anxiety,1,0
EXP_U000933_17,U000933,2025-10-18,CH_REG_001,1,model_reco,anx_high_anxiety,0,0
EXP_U000933_18,U000933,2025-10-19,CH_REG_001,1,model_reco,anx_high_anxiety,1,0
EXP_U000933_19,U000933,2025-10-21,CH_REG_001,1,model_reco,anx_high_anxiety,0,1
EXP_U000933_20,U000933,2025-10-22,CH_REG_001,1,model_reco,anx_high_anxiety,1,0
EXP_U000933_21,U000933,2025-10-27,CH_REG_001,1,model_reco,anx_high_anxiety,0,0
EXP_U000933_22,U000933,2025-11-02,CH_REG_001,1,model_reco,anx_high_anxiety,1,0
EXP_U000933_23,U000933,2025-11-10,CH_REG_001,1,model_reco,anx_high_anxiety,0,0
EXP_U000934_1,U000934,2025-06-16,CH_SLEEP_001,1,model_reco,ins_high_wake_irregular,0,1
EXP_U000934_2,U000934,2025-06-17,CH_ACT_002,1,model_reco,dep_low_daylight,0,0
EXP_U000934_3,U000934,2025-06-23,CH_SLEEP_001,1,model_reco,ins_high_wake_irregular,0,1
EXP_U000934_4,U000934,2025-06-24,CH_SLEEP_001,1,model_reco,ins_high_wake_irregular,1,0
EXP_U000934_5,U000934,2025-06-28,CH_ACT_002,1,model_reco,dep_low_daylight,0,0
EXP_U000934_6,U000934,2025-07-04,CH_SLEEP_001,1,model_reco,ins_high_wake_irregular,0,0
EXP_U000934_7,U000934,2025-07-06,CH_SLEEP_001,1,model_reco,ins_high_wake_irregular,0,1
EXP_U000934_8,U000934,2025-07-15,CH_SLEEP_001,1,model_reco,ins_high_wake_irregular,0,1
EXP_U000934_9,U000934,2025-07-16,CH_SLEEP_001,1,model_reco,ins_high_wake_irregular,0,1
EXP_U000934_10,U000934,2025-07-17,CH_SLEEP_001,1,model_reco,ins_high_wake_irregular,0,1
EXP_U000934_11,U000934,2025-07-19,CH_SLEEP_001,1,model_reco,ins_high_wake_irregular,0,1
EXP_U000934_12,U000934,2025-07-20,CH_SLEEP_001,1,model_reco,ins_high_wake_irregular,1,0
EXP_U000934_13,U000934,2025-07-28,CH_SLEEP_001,1,model_reco,ins_high_wake_irregular,0,1
EXP_U000934_14,U000934,2025-07-29,CH_SLEEP_001,1,model_reco,ins_high_wake_irregular,1,0
EXP_U000934_15,U000934,2025-07-31,CH_ACT_002,1,model_reco,dep_low_daylight,1,0
EXP_U000934_16,U000934,2025-08-01,CH_ACT_002,1,model_reco,dep_low_daylight,0,0
EXP_U000934_17,U000934,2025-08-05,CH_SLEEP_001,1,model_reco,ins_high_wake_irregular,0,1
EXP_U000934_18,U000934,2025-08-06,CH_SLEEP_001,1,model_reco,ins_high_wake_irregular,0,1
EXP_U000934_19,U000934,2025-08-12,CH_SLEEP_001,1,model_reco,ins_high_wake_irregular,0,1
EXP_U000934_20,U000934,2025-08-13,CH_SLEEP_001,1,model_reco,ins_high_wake_irregular,1,0
EXP_U000934_21,U000934,2025-08-16,CH_ACT_003,1,model_reco,dep_low_activity,0,1
EXP_U000934_22,U000934,2025-08-19,CH_ACT_002,1,model_reco,dep_low_daylight,0,1
EXP_U000934_23,U000934,2025-08-20,CH_SLEEP_001,1,model_reco,ins_high_wake_irregular,0,0
EXP_U000934_24,U000934,2025-08-22,CH_SLEEP_001,1,model_reco,ins_high_wake_irregular,0,1
EXP_U000934_25,U000934,2025-08-26,CH_SLEEP_001,1,model_reco,ins_high_wake_irregular,0,0
EXP_U000934_26,U000934,2025-08-28,CH_SLEEP_001,1,model_reco,ins_high_wake_irregular,0,1
EXP_U000934_27,U000934,2025-08-29,CH_SLEEP_001,1,model_reco,ins_high_wake_irregular,1,0
EXP_U000934_28,U000934,2025-09-04,CH_ACT_003,1,model_reco,dep_low_activity,0,1
EXP_U000936_1,U000936,2025-08-21,CH_REG_001,1,model_reco,anx_high_anxiety,0,0
EXP_U000936_2,U000936,2025-08-24,CH_REG_001,1,model_reco,anx_high_anxiety,0,1
EXP_U000936_3,U000936,2025-09-01,CH_REG_001,1,model_reco,anx_high_anxiety,1,0
EXP_U000936_4,U000936,2025-09-06,CH_REG_002,1,model_reco,anx_high_anxiety,0,1
EXP_U000936_5,U000936,2025-09-09,CH_REG_001,1,model_reco,anx_high_anxiety,0,0
EXP_U000936_6,U000936,2025-09-10,CH_REG_001,1,model_reco,anx_high_anxiety,1,0
EXP_U000936_7,U000936,2025-09-12,CH_REG_002,1,model_reco,anx_high_anxiety,1,0
EXP_U000936_8,U000936,2025-09-14,CH_REG_002,1,model_reco,anx_high_anxiety,1,0
EXP_U000936_9,U000936,2025-09-15,CH_REG_001,1,model_reco,anx_high_anxiety,1,0
EXP_U000936_10,U000936,2025-09-17,CH_REG_001,1,model_reco,anx_high_anxiety,0,0
EXP_U000936_11,U000936,2025-09-18,CH_REG_001,1,model_reco,anx_high_anxiety,1,0
EXP_U000936_12,U000936,2025-09-20,CH_REG_001,1,model_reco,anx_high_anxiety,0,0
EXP_U000936_13,U000936,2025-09-24,CH_REG_001,1,model_reco,anx_high_anxiety,1,0
EXP_U000936_14,U000936,2025-09-30,CH_REG_002,1,model_reco,anx_high_anxiety,1,0
EXP_U000936_15,U000936,2025-10-05,CH_REG_002,1,model_reco,anx_high_anxiety,0,0
EXP_U000936_16,U000936,2025-10-09,CH_REG_001,1,model_reco,anx_high_anxiety,0,1
EXP_U000936_17,U000936,2025-10-11,CH_REG_001,1,model_reco,anx_high_anxiety,1,0
EXP_U000936_18,U000936,2025-10-14,CH_REG_001,1,model_reco,anx_high_anxiety,1,0
EXP_U000936_19,U000936,2025-10-22,CH_REG_002,1,model_reco,anx_high_anxiety,1,0
EXP_U000936_20,U000936,2025-10-24,CH_REG_001,1,model_reco,anx_high_anxiety,1,0
EXP_U000936_21,U000936,2025-10-25,CH_REG_001,1,model_reco,anx_high_anxiety,1,0
EXP_U000936_22,U000936,2025-10-28,CH_REG_001,1,model_reco,anx_high_anxiety,1,0
EXP_U000936_23,U000936,2025-10-30,CH_REG_002,1,model_reco,anx_high_anxiety,1,0
EXP_U000936_24,U000936,2025-10-31,CH_REG_001,1,model_reco,anx_high_anxiety,1,0
EXP_U000936_25,U000936,2025-11-10,CH_REG_001,1,model_reco,anx_high_anxiety,1,0
EXP_U000937_1,U000937,2025-06-14,CH_REG_001,1,model_reco,anx_high_anxiety,0,0
EXP_U000937_2,U000937,2025-06-16,CH_REG_001,1,model_reco,anx_high_anxiety,1,0
EXP_U000937_3,U000937,2025-06-23,CH_SLEEP_001,1,model_reco,ins_high_wake_irregular,0,0
EXP_U000937_4,U000937,2025-06-29,CH_REG_001,1,model_reco,anx_high_anxiety,1,0
EXP_U000937_5,U000937,2025-07-01,CH_SLEEP_001,1,model_reco,ins_high_wake_irregular,0,0
EXP_U000937_6,U000937,2025-07-06,CH_SLEEP_001,1,model_reco,ins_high_wake_irregular,0,1
EXP_U000937_7,U000937,2025-07-10,CH_REG_002,1,model_reco,anx_high_anxiety,1,0
EXP_U000937_8,U000937,2025-07-16,CH_ACT_001,1,model_reco,dep_low_energy,0,0
EXP_U000937_9,U000937,2025-07-17,CH_REG_001,1,model_reco,anx_high_anxiety,0,0
EXP_U000937_10,U000937,2025-07-20,CH_REG_002,1,model_reco,anx_high_anxiety,1,0
EXP_U000937_11,U000937,2025-08-06,CH_REG_001,1,model_reco,anx_high_anxiety,0,0
EXP_U000937_12,U000937,2025-08-11,CH_REG_002,1,model_reco,anx_high_anxiety,0,0
EXP_U000937_13,U000937,2025-08-17,CH_SLEEP_001,1,model_reco,ins_high_wake_irregular,0,0
EXP_U000937_14,U000937,2025-09-03,CH_SLEEP_001,1,model_reco,ins_high_wake_irregular,1,0
EXP_U000937_15,U000937,2025-09-04,CH_REG_001,1,model_reco,anx_high_anxiety,0,1
EXP_U000938_1,U000938,2025-10-08,CH_SLEEP_001,1,model_reco,ins_high_wake_irregular,0,1
EXP_U000938_2,U000938,2025-10-17,CH_SLEEP_001,1,model_reco,ins_high_wake_irregular,0,1
EXP_U000938_3,U000938,2025-10-19,CH_SLEEP_001,1,model_reco,ins_high_wake_irregular,1,0
EXP_U000938_4,U000938,2025-10-28,CH_SLEEP_001,1,model_reco,ins_high_wake_irregular,0,0
EXP_U000938_5,U000938,2025-11-18,CH_SLEEP_001,1,model_reco,ins_high_wake_irregular,1,0
EXP_U000939_1,U000939,2025-09-02,CH_WELL_001,1,model_reco,supportive_wellbeing,1,0
EXP_U000940_1,U000940,2025-06-29,CH_SLEEP_001,1,model_reco,ins_high_wake_irregular,1,0
EXP_U000940_2,U000940,2025-07-04,CH_REG_001,1,model_reco,anx_high_anxiety,0,1
EXP_U000940_3,U000940,2025-07-07,CH_SLEEP_001,1,model_reco,ins_high_wake_irregular,1,0
EXP_U000940_4,U000940,2025-07-15,CH_SLEEP_001,1,model_reco,ins_high_wake_irregular,0,0
EXP_U000940_5,U000940,2025-07-19,CH_SLEEP_001,1,model_reco,ins_high_wake_irregular,0,1
EXP_U000940_6,U000940,2025-07-28,CH_SLEEP_001,1,model_reco,ins_high_wake_irregular,0,0
EXP_U000940_7,U000940,2025-07-30,CH_SLEEP_001,1,model_reco,ins_high_wake_irregular,0,1
EXP_U000940_8,U000940,2025-08-08,CH_SLEEP_001,1,model_reco,ins_high_wake_irregular,1,0
EXP_U000940_9,U000940,2025-08-11,CH_REG_001,1,model_reco,anx_high_anxiety,1,0
EXP_U000940_10,U000940,2025-08-23,CH_SLEEP_001,1,model_reco,ins_high_wake_irregular,0,1
EXP_U000940_11,U000940,2025-08-28,CH_SLEEP_001,1,model_reco,ins_high_wake_irregular,0,1
EXP_U000940_12,U000940,2025-09-06,CH_REG_001,1,model_reco,anx_high_anxiety,0,0
EXP_U000940_13,U000940,2025-09-14,CH_SLEEP_001,1,model_reco,ins_high_wake_irregular,0,1
EXP_U000941_1,U000941,2025-07-04,CH_ACT_003,1,model_reco,dep_low_activity,0,1
EXP_U000941_2,U000941,2025-07-05,CH_ACT_001,1,model_reco,dep_low_energy,0,0
EXP_U000941_3,U000941,2025-07-07,CH_ACT_001,1,model_reco,dep_low_energy,0,1
EXP_U000941_4,U000941,2025-07-09,CH_ACT_003,1,model_reco,dep_low_activity,0,0
EXP_U000941_5,U000941,2025-07-10,CH_ACT_003,1,model_reco,dep_low_activity,1,0
EXP_U000941_6,U000941,2025-07-16,CH_ACT_002,1,model_reco,dep_low_daylight,1,0
EXP_U000941_7,U000941,2025-07-17,CH_SOC_001,1,model_reco,low_social_contact,0,1
EXP_U000941_8,U000941,2025-07-18,CH_SOC_001,1,model_reco,low_social_contact,0,1
EXP_U000941_9,U000941,2025-07-22,CH_SLEEP_001,1,model_reco,ins_high_wake_irregular,1,0
EXP_U000941_10,U000941,2025-07-25,CH_ACT_001,1,model_reco,dep_low_energy,0,0
EXP_U000941_11,U000941,2025-07-26,CH_ACT_003,1,model_reco,dep_low_activity,1,0
EXP_U000941_12,U000941,2025-07-28,CH_SOC_001,1,model_reco,low_social_contact,1,0
EXP_U000941_13,U000941,2025-08-02,CH_ACT_002,1,model_reco,dep_low_daylight,0,1
EXP_U000941_14,U000941,2025-08-04,CH_ACT_002,1,model_reco,dep_low_daylight,1,0
EXP_U000941_15,U000941,2025-08-09,CH_ACT_002,1,model_reco,dep_low_daylight,0,1
EXP_U000941_16,U000941,2025-08-14,CH_SLEEP_001,1,model_reco,ins_high_wake_irregular,0,1
EXP_U000941_17,U000941,2025-08-16,CH_ACT_003,1,model_reco,dep_low_activity,1,0
EXP_U000941_18,U000941,2025-08-19,CH_ACT_002,1,model_reco,dep_low_daylight,0,0
EXP_U000941_19,U000941,2025-09-02,CH_SLEEP_001,1,model_reco,ins_high_wake_irregular,0,0
EXP_U000941_20,U000941,2025-09-05,CH_ACT_001,1,model_reco,dep_low_energy,0,0
EXP_U000941_21,U000941,2025-09-06,CH_ACT_003,1,model_reco,dep_low_activity,0,0
EXP_U000941_22,U000941,2025-09-07,CH_ACT_003,1,model_reco,dep_low_activity,0,1
EXP_U000941_23,U000941,2025-09-12,CH_ACT_003,1,model_reco,dep_low_activity,0,1
EXP_U000941_24,U000941,2025-09-14,CH_ACT_002,1,model_reco,dep_low_daylight,0,1
EXP_U000941_25,U000941,2025-09-20,CH_ACT_003,1,model_reco,dep_low_activity,0,0
EXP_U000941_26,U000941,2025-09-23,CH_ACT_002,1,model_reco,dep_low_daylight,1,0
EXP_U000942_1,U000942,2025-09-05,CH_WELL_001,1,model_reco,supportive_wellbeing,0,1
EXP_U000942_2,U000942,2025-11-06,CH_REG_001,1,model_reco,anx_high_anxiety,0,1
EXP_U000942_3,U000942,2025-11-10,CH_REG_001,1,model_reco,anx_high_anxiety,1,0
EXP_U000943_1,U000943,2025-09-20,CH_ACT_003,1,model_reco,dep_low_activity,0,1
EXP_U000943_2,U000943,2025-09-21,CH_SLEEP_001,1,model_reco,ins_high_wake_irregular,1,0
EXP_U000943_3,U000943,2025-09-24,CH_ACT_002,1,model_reco,dep_low_daylight,0,1
EXP_U000943_4,U000943,2025-10-29,CH_SLEEP_001,1,model_reco,ins_high_wake_irregular,0,0
EXP_U000943_5,U000943,2025-11-11,CH_ACT_003,1,model_reco,dep_low_activity,0,1
EXP_U000944_1,U000944,2025-07-15,CH_SLEEP_001,1,model_reco,ins_high_wake_irregular,0,1
EXP_U000944_2,U000944,2025-07-20,CH_SLEEP_001,1,model_reco,ins_high_wake_irregular,0,1
EXP_U000944_3,U000944,2025-07-25,CH_ACT_003,1,model_reco,dep_low_activity,0,1
EXP_U000944_4,U000944,2025-08-01,CH_ACT_002,1,model_reco,dep_low_daylight,0,1
EXP_U000944_5,U000944,2025-08-03,CH_SLEEP_001,1,model_reco,ins_high_wake_irregular,1,0
EXP_U000944_6,U000944,2025-08-05,CH_ACT_002,1,model_reco,dep_low_daylight,0,1
EXP_U000944_7,U000944,2025-08-07,CH_ACT_002,1,model_reco,dep_low_daylight,0,0
EXP_U000944_8,U000944,2025-08-20,CH_SLEEP_001,1,model_reco,ins_high_wake_irregular,0,0
EXP_U000944_9,U000944,2025-08-21,CH_SLEEP_001,1,model_reco,ins_high_wake_irregular,1,0
EXP_U000944_10,U000944,2025-08-23,CH_ACT_002,1,model_reco,dep_low_daylight,0,0
EXP_U000944_11,U000944,2025-08-28,CH_SLEEP_001,1,model_reco,ins_high_wake_irregular,0,1
EXP_U000944_12,U000944,2025-08-29,CH_SLEEP_001,1,model_reco,ins_high_wake_irregular,0,1
EXP_U000944_13,U000944,2025-08-30,CH_SLEEP_001,1,model_reco,ins_high_wake_irregular,0,0
EXP_U000944_14,U000944,2025-08-31,CH_SLEEP_001,1,model_reco,ins_high_wake_irregular,0,1
EXP_U000944_15,U000944,2025-09-06,CH_SLEEP_001,1,model_reco,ins_high_wake_irregular,0,1
EXP_U000944_16,U000944,2025-09-10,CH_SLEEP_001,1,model_reco,ins_high_wake_irregular,0,1
EXP_U000944_17,U000944,2025-09-16,CH_SLEEP_001,1,model_reco,ins_high_wake_irregular,0,1
EXP_U000944_18,U000944,2025-09-23,CH_SLEEP_001,1,model_reco,ins_high_wake_irregular,0,0
EXP_U000944_19,U000944,2025-09-27,CH_SLEEP_001,1,model_reco,ins_high_wake_irregular,0,1
EXP_U000944_20,U000944,2025-09-29,CH_SLEEP_001,1,model_reco,ins_high_wake_irregular,0,1
EXP_U000945_1,U000945,2025-07-09,CH_ACT_001,1,model_reco,dep_low_energy,0,1
EXP_U000945_2,U000945,2025-07-10,CH_ACT_001,1,model_reco,dep_low_energy,0,0
EXP_U000945_3,U000945,2025-07-24,CH_ACT_001,1,model_reco,dep_low_energy,0,1
EXP_U000945_4,U000945,2025-07-25,CH_ACT_001,1,model_reco,dep_low_energy,0,0
EXP_U000945_5,U000945,2025-08-13,CH_ACT_001,1,model_reco,dep_low_energy,0,1
EXP_U000945_6,U000945,2025-08-18,CH_ACT_001,1,model_reco,dep_low_energy,0,0
EXP_U000945_7,U000945,2025-09-17,CH_ACT_001,1,model_reco,dep_low_energy,0,1
EXP_U000945_8,U000945,2025-09-20,CH_WELL_001,1,model_reco,supportive_wellbeing,0,0
EXP_U000945_9,U000945,2025-09-21,CH_ACT_003,1,model_reco,dep_low_activity,0,1
EXP_U000945_10,U000945,2025-09-23,CH_ACT_002,1,model_reco,dep_low_daylight,0,1
EXP_U000946_1,U000946,2025-07-11,CH_SLEEP_001,1,model_reco,ins_high_wake_irregular,1,0
EXP_U000946_2,U000946,2025-07-13,CH_ACT_002,1,model_reco,dep_low_daylight,0,1
EXP_U000946_3,U000946,2025-07-16,CH_ACT_002,1,model_reco,dep_low_daylight,1,0
EXP_U000946_4,U000946,2025-07-18,CH_SLEEP_001,1,model_reco,ins_high_wake_irregular,0,0
EXP_U000946_5,U000946,2025-07-24,CH_SLEEP_001,1,model_reco,ins_high_wake_irregular,1,0
EXP_U000946_6,U000946,2025-07-27,CH_ACT_003,1,model_reco,dep_low_activity,0,1
EXP_U000946_7,U000946,2025-08-03,CH_SLEEP_001,1,model_reco,ins_high_wake_irregular,0,0
EXP_U000946_8,U000946,2025-08-08,CH_SLEEP_001,1,model_reco,ins_high_wake_irregular,0,0
EXP_U000946_9,U000946,2025-08-11,CH_SLEEP_001,1,model_reco,ins_high_wake_irregular,1,0
EXP_U000946_10,U000946,2025-08-26,CH_SLEEP_001,1,model_reco,ins_high_wake_irregular,0,1
EXP_U000946_11,U000946,2025-08-28,CH_SLEEP_001,1,model_reco,ins_high_wake_irregular,1,0
EXP_U000946_12,U000946,2025-09-03,CH_ACT_002,1,model_reco,dep_low_daylight,0,0
EXP_U000946_13,U000946,2025-09-06,CH_SLEEP_001,1,model_reco,ins_high_wake_irregular,1,0
EXP_U000947_1,U000947,2025-09-05,CH_WELL_001,1,model_reco,supportive_wellbeing,0,0
EXP_U000947_2,U000947,2025-10-01,CH_WELL_001,1,model_reco,supportive_wellbeing,0,0
EXP_U000947_3,U000947,2025-10-09,CH_WELL_001,1,model_reco,supportive_wellbeing,0,1
EXP_U000948_1,U000948,2025-08-07,CH_ACT_001,1,model_reco,dep_low_energy,1,0
EXP_U000948_2,U000948,2025-10-04,CH_SLEEP_001,1,model_reco,ins_high_wake_irregular,0,1
EXP_U000948_3,U000948,2025-10-05,CH_ACT_001,1,model_reco,dep_low_energy,0,1
EXP_U000949_1,U000949,2025-08-31,CH_REG_002,1,model_reco,anx_high_anxiety,1,0
EXP_U000949_2,U000949,2025-10-04,CH_WELL_001,1,model_reco,supportive_wellbeing,1,0
EXP_U000950_1,U000950,2025-09-08,CH_REG_001,1,model_reco,anx_high_anxiety,0,0
EXP_U000950_2,U000950,2025-09-25,CH_REG_002,1,model_reco,anx_high_anxiety,1,0
EXP_U000950_3,U000950,2025-10-23,CH_REG_001,1,model_reco,anx_high_anxiety,1,0
EXP_U000950_4,U000950,2025-11-18,CH_REG_002,1,model_reco,anx_high_anxiety,1,0
EXP_U000951_1,U000951,2025-06-05,CH_ACT_003,1,model_reco,dep_low_activity,0,1
EXP_U000951_2,U000951,2025-06-07,CH_ACT_002,1,model_reco,dep_low_daylight,1,0
EXP_U000951_3,U000951,2025-06-08,CH_SOC_001,1,model_reco,low_social_contact,1,0
EXP_U000951_4,U000951,2025-06-10,CH_ACT_003,1,model_reco,dep_low_activity,1,0
EXP_U000951_5,U000951,2025-06-14,CH_ACT_002,1,model_reco,dep_low_daylight,0,0
EXP_U000951_6,U000951,2025-06-20,CH_ACT_003,1,model_reco,dep_low_activity,0,1
EXP_U000951_7,U000951,2025-07-01,CH_ACT_003,1,model_reco,dep_low_activity,1,0
EXP_U000951_8,U000951,2025-07-04,CH_ACT_003,1,model_reco,dep_low_activity,0,0
EXP_U000951_9,U000951,2025-07-14,CH_ACT_003,1,model_reco,dep_low_activity,0,1
EXP_U000951_10,U000951,2025-07-15,CH_ACT_002,1,model_reco,dep_low_daylight,0,1
EXP_U000951_11,U000951,2025-07-19,CH_ACT_003,1,model_reco,dep_low_activity,0,1
EXP_U000951_12,U000951,2025-07-28,CH_ACT_002,1,model_reco,dep_low_daylight,1,0
EXP_U000951_13,U000951,2025-07-29,CH_SLEEP_001,1,model_reco,ins_high_wake_irregular,0,1
EXP_U000951_14,U000951,2025-07-30,CH_ACT_003,1,model_reco,dep_low_activity,0,1
EXP_U000951_15,U000951,2025-07-31,CH_ACT_002,1,model_reco,dep_low_daylight,0,1
EXP_U000951_16,U000951,2025-08-02,CH_ACT_003,1,model_reco,dep_low_activity,1,0
EXP_U000951_17,U000951,2025-08-05,CH_ACT_002,1,model_reco,dep_low_daylight,0,1
EXP_U000951_18,U000951,2025-08-06,CH_ACT_003,1,model_reco,dep_low_activity,0,1
EXP_U000951_19,U000951,2025-08-12,CH_ACT_002,1,model_reco,dep_low_daylight,0,0
EXP_U000951_20,U000951,2025-08-15,CH_ACT_002,1,model_reco,dep_low_daylight,0,0
EXP_U000951_21,U000951,2025-08-16,CH_ACT_003,1,model_reco,dep_low_activity,0,0
EXP_U000951_22,U000951,2025-08-18,CH_ACT_003,1,model_reco,dep_low_activity,1,0
EXP_U000951_23,U000951,2025-08-21,CH_SLEEP_001,1,model_reco,ins_high_wake_irregular,0,1
EXP_U000952_1,U000952,2025-06-21,CH_SLEEP_001,1,model_reco,ins_high_wake_irregular,0,1
EXP_U000952_2,U000952,2025-06-29,CH_SLEEP_001,1,model_reco,ins_high_wake_irregular,0,1
EXP_U000952_3,U000952,2025-07-06,CH_SLEEP_001,1,model_reco,ins_high_wake_irregular,0,1
EXP_U000952_4,U000952,2025-07-17,CH_SLEEP_001,1,model_reco,ins_high_wake_irregular,0,1
EXP_U000952_5,U000952,2025-07-27,CH_SLEEP_001,1,model_reco,ins_high_wake_irregular,0,1
EXP_U000952_6,U000952,2025-07-31,CH_SLEEP_001,1,model_reco,ins_high_wake_irregular,0,0
EXP_U000952_7,U000952,2025-08-07,CH_SLEEP_001,1,model_reco,ins_high_wake_irregular,0,1
EXP_U000952_8,U000952,2025-08-14,CH_REG_001,1,model_reco,anx_high_anxiety,1,0
EXP_U000952_9,U000952,2025-08-28,CH_REG_002,1,model_reco,anx_high_anxiety,1,0
EXP_U000952_10,U000952,2025-08-31,CH_SLEEP_001,1,model_reco,ins_high_wake_irregular,0,0
EXP_U000953_1,U000953,2025-06-17,CH_SLEEP_001,1,model_reco,ins_high_wake_irregular,1,0
EXP_U000953_2,U000953,2025-06-24,CH_SLEEP_001,1,model_reco,ins_high_wake_irregular,1,0
EXP_U000953_3,U000953,2025-07-02,CH_SLEEP_001,1,model_reco,ins_high_wake_irregular,0,0
EXP_U000953_4,U000953,2025-07-12,CH_SLEEP_001,1,model_reco,ins_high_wake_irregular,0,1
EXP_U000953_5,U000953,2025-07-14,CH_SLEEP_001,1,model_reco,ins_high_wake_irregular,1,0
EXP_U000953_6,U000953,2025-07-21,CH_SLEEP_001,1,model_reco,ins_high_wake_irregular,1,0
EXP_U000953_7,U000953,2025-07-29,CH_SLEEP_001,1,model_reco,ins_high_wake_irregular,0,0
EXP_U000953_8,U000953,2025-08-01,CH_SLEEP_001,1,model_reco,ins_high_wake_irregular,0,0
EXP_U000953_9,U000953,2025-08-07,CH_SLEEP_001,1,model_reco,ins_high_wake_irregular,0,0
EXP_U000953_10,U000953,2025-08-08,CH_SLEEP_001,1,model_reco,ins_high_wake_irregular,0,0
EXP_U000953_11,U000953,2025-08-11,CH_SLEEP_001,1,model_reco,ins_high_wake_irregular,0,0
EXP_U000953_12,U000953,2025-08-12,CH_SLEEP_001,1,model_reco,ins_high_wake_irregular,1,0
EXP_U000953_13,U000953,2025-08-19,CH_SLEEP_001,1,model_reco,ins_high_wake_irregular,0,0
EXP_U000953_14,U000953,2025-08-23,CH_SLEEP_001,1,model_reco,ins_high_wake_irregular,1,0
EXP_U000953_15,U000953,2025-08-30,CH_SLEEP_001,1,model_reco,ins_high_wake_irregular,0,1
EXP_U000953_16,U000953,2025-09-05,CH_SLEEP_001,1,model_reco,ins_high_wake_irregular,1,0
EXP_U000954_1,U000954,2025-06-10,CH_REG_001,1,model_reco,anx_high_anxiety,0,1
EXP_U000954_2,U000954,2025-07-04,CH_REG_001,1,model_reco,anx_high_anxiety,1,0
EXP_U000954_3,U000954,2025-07-16,CH_REG_001,1,model_reco,anx_high_anxiety,1,0
EXP_U000954_4,U000954,2025-08-11,CH_REG_001,1,model_reco,anx_high_anxiety,1,0
EXP_U000955_1,U000955,2025-07-03,CH_SLEEP_001,1,model_reco,ins_high_wake_irregular,1,0
EXP_U000955_2,U000955,2025-07-07,CH_ACT_003,1,model_reco,dep_low_activity,0,1
EXP_U000955_3,U000955,2025-07-12,CH_ACT_003,1,model_reco,dep_low_activity,0,0
EXP_U000955_4,U000955,2025-07-23,CH_SLEEP_001,1,model_reco,ins_high_wake_irregular,0,0
EXP_U000955_5,U000955,2025-07-29,CH_SLEEP_001,1,model_reco,ins_high_wake_irregular,0,0
EXP_U000955_6,U000955,2025-08-01,CH_ACT_003,1,model_reco,dep_low_activity,0,1
EXP_U000955_7,U000955,2025-08-06,CH_SLEEP_001,1,model_reco,ins_high_wake_irregular,0,0
EXP_U000955_8,U000955,2025-08-08,CH_SLEEP_001,1,model_reco,ins_high_wake_irregular,1,0
EXP_U000955_9,U000955,2025-08-09,CH_ACT_003,1,model_reco,dep_low_activity,1,0
EXP_U000955_10,U000955,2025-08-12,CH_SLEEP_001,1,model_reco,ins_high_wake_irregular,0,0
EXP_U000955_11,U000955,2025-08-14,CH_SLEEP_001,1,model_reco,ins_high_wake_irregular,1,0
EXP_U000955_12,U000955,2025-08-17,CH_ACT_002,1,model_reco,dep_low_daylight,0,1
EXP_U000955_13,U000955,2025-08-22,CH_SLEEP_001,1,model_reco,ins_high_wake_irregular,1,0
EXP_U000955_14,U000955,2025-08-24,CH_ACT_002,1,model_reco,dep_low_daylight,0,0
EXP_U000955_15,U000955,2025-08-28,CH_ACT_002,1,model_reco,dep_low_daylight,0,1
EXP_U000955_16,U000955,2025-08-30,CH_SLEEP_001,1,model_reco,ins_high_wake_irregular,0,1
EXP_U000955_17,U000955,2025-08-31,CH_SLEEP_001,1,model_reco,ins_high_wake_irregular,0,1
EXP_U000955_18,U000955,2025-09-02,CH_SLEEP_001,1,model_reco,ins_high_wake_irregular,1,0
EXP_U000955_19,U000955,2025-09-09,CH_SLEEP_001,1,model_reco,ins_high_wake_irregular,0,0
EXP_U000955_20,U000955,2025-09-12,CH_ACT_003,1,model_reco,dep_low_activity,1,0
EXP_U000955_21,U000955,2025-09-22,CH_SLEEP_001,1,model_reco,ins_high_wake_irregular,0,1
EXP_U000956_1,U000956,2025-06-06,CH_ACT_002,1,model_reco,dep_low_daylight,0,1
EXP_U000956_2,U000956,2025-06-08,CH_ACT_003,1,model_reco,dep_low_activity,0,1
EXP_U000956_3,U000956,2025-06-10,CH_ACT_002,1,model_reco,dep_low_daylight,0,0
EXP_U000956_4,U000956,2025-06-11,CH_ACT_003,1,model_reco,dep_low_activity,1,0
EXP_U000956_5,U000956,2025-06-14,CH_ACT_003,1,model_reco,dep_low_activity,0,0
EXP_U000956_6,U000956,2025-07-10,CH_ACT_003,1,model_reco,dep_low_activity,0,1
EXP_U000956_7,U000956,2025-07-11,CH_ACT_002,1,model_reco,dep_low_daylight,0,1
EXP_U000956_8,U000956,2025-07-12,CH_ACT_003,1,model_reco,dep_low_activity,0,0
EXP_U000956_9,U000956,2025-07-17,CH_ACT_002,1,model_reco,dep_low_daylight,0,0
EXP_U000956_10,U000956,2025-07-23,CH_ACT_003,1,model_reco,dep_low_activity,0,0
EXP_U000956_11,U000956,2025-08-07,CH_ACT_002,1,model_reco,dep_low_daylight,1,0
EXP_U000956_12,U000956,2025-08-10,CH_ACT_003,1,model_reco,dep_low_activity,0,0
EXP_U000956_13,U000956,2025-08-11,CH_ACT_003,1,model_reco,dep_low_activity,0,0
EXP_U000956_14,U000956,2025-08-21,CH_ACT_003,1,model_reco,dep_low_activity,1,0
EXP_U000956_15,U000956,2025-08-25,CH_ACT_003,1,model_reco,dep_low_activity,0,1
EXP_U000956_16,U000956,2025-08-26,CH_ACT_003,1,model_reco,dep_low_activity,1,0
EXP_U000957_1,U000957,2025-08-15,CH_SLEEP_001,1,model_reco,ins_high_wake_irregular,0,0
EXP_U000957_2,U000957,2025-08-17,CH_SLEEP_001,1,model_reco,ins_high_wake_irregular,0,0
EXP_U000957_3,U000957,2025-08-26,CH_SLEEP_001,1,model_reco,ins_high_wake_irregular,1,0
EXP_U000957_4,U000957,2025-09-15,CH_SLEEP_001,1,model_reco,ins_high_wake_irregular,1,0
EXP_U000957_5,U000957,2025-09-23,CH_SLEEP_001,1,model_reco,ins_high_wake_irregular,0,1
EXP_U000957_6,U000957,2025-09-25,CH_SLEEP_001,1,model_reco,ins_high_wake_irregular,1,0
EXP_U000957_7,U000957,2025-10-05,CH_SLEEP_001,1,model_reco,ins_high_wake_irregular,1,0
EXP_U000957_8,U000957,2025-10-12,CH_SLEEP_001,1,model_reco,ins_high_wake_irregular,1,0
EXP_U000957_9,U000957,2025-10-14,CH_WELL_001,1,model_reco,supportive_wellbeing,0,1
EXP_U000957_10,U000957,2025-10-22,CH_SLEEP_001,1,model_reco,ins_high_wake_irregular,0,1
EXP_U000957_11,U000957,2025-10-25,CH_SLEEP_001,1,model_reco,ins_high_wake_irregular,0,1
EXP_U000958_1,U000958,2025-07-14,CH_REG_001,1,model_reco,anx_high_anxiety,1,0
EXP_U000958_2,U000958,2025-07-16,CH_REG_001,1,model_reco,anx_high_anxiety,1,0
EXP_U000958_3,U000958,2025-08-15,CH_REG_001,1,model_reco,anx_high_anxiety,0,1
EXP_U000958_4,U000958,2025-08-18,CH_REG_002,1,model_reco,anx_high_anxiety,1,0
EXP_U000958_5,U000958,2025-09-20,CH_REG_001,1,model_reco,anx_high_anxiety,1,0
EXP_U000958_6,U000958,2025-09-22,CH_REG_001,1,model_reco,anx_high_anxiety,0,1
EXP_U000959_1,U000959,2025-08-01,CH_SLEEP_001,1,model_reco,ins_high_wake_irregular,1,0
EXP_U000959_2,U000959,2025-08-07,CH_SLEEP_001,1,model_reco,ins_high_wake_irregular,0,1
EXP_U000959_3,U000959,2025-08-10,CH_SLEEP_001,1,model_reco,ins_high_wake_irregular,0,0
EXP_U000959_4,U000959,2025-08-22,CH_SLEEP_001,1,model_reco,ins_high_wake_irregular,0,1
EXP_U000959_5,U000959,2025-08-24,CH_SLEEP_001,1,model_reco,ins_high_wake_irregular,0,1
EXP_U000959_6,U000959,2025-08-26,CH_SLEEP_001,1,model_reco,ins_high_wake_irregular,0,0
EXP_U000959_7,U000959,2025-08-28,CH_SLEEP_001,1,model_reco,ins_high_wake_irregular,0,0
EXP_U000959_8,U000959,2025-09-01,CH_SLEEP_001,1,model_reco,ins_high_wake_irregular,0,1
EXP_U000959_9,U000959,2025-09-03,CH_SLEEP_001,1,model_reco,ins_high_wake_irregular,1,0
EXP_U000959_10,U000959,2025-09-11,CH_SLEEP_001,1,model_reco,ins_high_wake_irregular,1,0
EXP_U000959_11,U000959,2025-09-16,CH_WELL_001,1,model_reco,supportive_wellbeing,0,0
EXP_U000959_12,U000959,2025-09-18,CH_SLEEP_001,1,model_reco,ins_high_wake_irregular,0,1
EXP_U000959_13,U000959,2025-09-23,CH_SLEEP_001,1,model_reco,ins_high_wake_irregular,0,1
EXP_U000959_14,U000959,2025-09-27,CH_SLEEP_001,1,model_reco,ins_high_wake_irregular,1,0
EXP_U000959_15,U000959,2025-10-03,CH_SLEEP_001,1,model_reco,ins_high_wake_irregular,0,1
EXP_U000959_16,U000959,2025-10-09,CH_SLEEP_001,1,model_reco,ins_high_wake_irregular,0,1
EXP_U000959_17,U000959,2025-10-10,CH_SLEEP_001,1,model_reco,ins_high_wake_irregular,1,0
EXP_U000959_18,U000959,2025-10-17,CH_SLEEP_001,1,model_reco,ins_high_wake_irregular,0,1
EXP_U000960_1,U000960,2025-06-14,CH_SLEEP_001,1,model_reco,ins_high_wake_irregular,0,1
EXP_U000960_2,U000960,2025-06-21,CH_SLEEP_001,1,model_reco,ins_high_wake_irregular,0,1
EXP_U000960_3,U000960,2025-06-27,CH_SLEEP_001,1,model_reco,ins_high_wake_irregular,1,0
EXP_U000960_4,U000960,2025-07-02,CH_ACT_003,1,model_reco,dep_low_activity,1,0
EXP_U000960_5,U000960,2025-07-09,CH_SLEEP_001,1,model_reco,ins_high_wake_irregular,1,0
EXP_U000960_6,U000960,2025-07-14,CH_ACT_002,1,model_reco,dep_low_daylight,0,1
EXP_U000960_7,U000960,2025-07-20,CH_SLEEP_001,1,model_reco,ins_high_wake_irregular,1,0
EXP_U000960_8,U000960,2025-07-26,CH_ACT_002,1,model_reco,dep_low_daylight,0,1
EXP_U000960_9,U000960,2025-07-27,CH_SLEEP_001,1,model_reco,ins_high_wake_irregular,0,1
EXP_U000960_10,U000960,2025-07-31,CH_SLEEP_001,1,model_reco,ins_high_wake_irregular,0,0
EXP_U000960_11,U000960,2025-08-03,CH_SLEEP_001,1,model_reco,ins_high_wake_irregular,0,1
EXP_U000960_12,U000960,2025-08-06,CH_SLEEP_001,1,model_reco,ins_high_wake_irregular,0,1
EXP_U000960_13,U000960,2025-08-08,CH_SLEEP_001,1,model_reco,ins_high_wake_irregular,0,0
EXP_U000960_14,U000960,2025-08-09,CH_SLEEP_001,1,model_reco,ins_high_wake_irregular,0,1
EXP_U000960_15,U000960,2025-08-12,CH_SLEEP_001,1,model_reco,ins_high_wake_irregular,0,1
EXP_U000960_16,U000960,2025-08-15,CH_SLEEP_001,1,model_reco,ins_high_wake_irregular,1,0
EXP_U000960_17,U000960,2025-08-19,CH_ACT_003,1,model_reco,dep_low_activity,0,1
EXP_U000960_18,U000960,2025-08-21,CH_ACT_003,1,model_reco,dep_low_activity,1,0
EXP_U000960_19,U000960,2025-08-22,CH_SLEEP_001,1,model_reco,ins_high_wake_irregular,0,1
EXP_U000960_20,U000960,2025-08-25,CH_SLEEP_001,1,model_reco,ins_high_wake_irregular,0,0
EXP_U000961_1,U000961,2025-06-28,CH_SLEEP_001,1,model_reco,ins_high_wake_irregular,1,0
EXP_U000961_2,U000961,2025-06-29,CH_REG_002,1,model_reco,anx_high_anxiety,0,0
EXP_U000961_3,U000961,2025-07-07,CH_SLEEP_001,1,model_reco,ins_high_wake_irregular,0,0
EXP_U000961_4,U000961,2025-07-09,CH_REG_001,1,model_reco,anx_high_anxiety,0,1
EXP_U000961_5,U000961,2025-07-14,CH_SLEEP_001,1,model_reco,ins_high_wake_irregular,0,1
EXP_U000961_6,U000961,2025-07-16,CH_SLEEP_001,1,model_reco,ins_high_wake_irregular,0,0
EXP_U000961_7,U000961,2025-07-22,CH_SLEEP_001,1,model_reco,ins_high_wake_irregular,1,0
EXP_U000961_8,U000961,2025-07-27,CH_REG_001,1,model_reco,anx_high_anxiety,0,0
EXP_U000961_9,U000961,2025-07-28,CH_REG_002,1,model_reco,anx_high_anxiety,0,0
EXP_U000961_10,U000961,2025-08-14,CH_SLEEP_001,1,model_reco,ins_high_wake_irregular,0,1
EXP_U000961_11,U000961,2025-08-25,CH_SLEEP_001,1,model_reco,ins_high_wake_irregular,0,1
EXP_U000961_12,U000961,2025-08-31,CH_SLEEP_001,1,model_reco,ins_high_wake_irregular,1,0
EXP_U000961_13,U000961,2025-09-14,CH_SLEEP_001,1,model_reco,ins_high_wake_irregular,0,0
EXP_U000962_1,U000962,2025-08-06,CH_REG_001,1,model_reco,anx_high_anxiety,0,1
EXP_U000962_2,U000962,2025-08-10,CH_REG_002,1,model_reco,anx_high_anxiety,0,1
EXP_U000962_3,U000962,2025-08-13,CH_REG_001,1,model_reco,anx_high_anxiety,0,1
EXP_U000962_4,U000962,2025-08-16,CH_REG_002,1,model_reco,anx_high_anxiety,1,0
EXP_U000962_5,U000962,2025-08-18,CH_REG_001,1,model_reco,anx_high_anxiety,1,0
EXP_U000962_6,U000962,2025-08-19,CH_REG_001,1,model_reco,anx_high_anxiety,1,0
EXP_U000962_7,U000962,2025-08-21,CH_REG_001,1,model_reco,anx_high_anxiety,0,1
EXP_U000962_8,U000962,2025-08-24,CH_REG_001,1,model_reco,anx_high_anxiety,0,1
EXP_U000962_9,U000962,2025-08-28,CH_REG_002,1,model_reco,anx_high_anxiety,1,0
EXP_U000962_10,U000962,2025-09-03,CH_REG_002,1,model_reco,anx_high_anxiety,1,0
EXP_U000962_11,U000962,2025-09-07,CH_REG_001,1,model_reco,anx_high_anxiety,1,0
EXP_U000962_12,U000962,2025-09-12,CH_REG_001,1,model_reco,anx_high_anxiety,0,1
EXP_U000962_13,U000962,2025-09-13,CH_REG_001,1,model_reco,anx_high_anxiety,0,0
EXP_U000962_14,U000962,2025-09-22,CH_REG_001,1,model_reco,anx_high_anxiety,1,0
EXP_U000962_15,U000962,2025-09-25,CH_REG_001,1,model_reco,anx_high_anxiety,0,1
EXP_U000962_16,U000962,2025-10-05,CH_REG_002,1,model_reco,anx_high_anxiety,0,0
EXP_U000962_17,U000962,2025-10-08,CH_REG_002,1,model_reco,anx_high_anxiety,1,0
EXP_U000962_18,U000962,2025-10-11,CH_REG_002,1,model_reco,anx_high_anxiety,1,0
EXP_U000962_19,U000962,2025-10-16,CH_REG_001,1,model_reco,anx_high_anxiety,1,0
EXP_U000962_20,U000962,2025-10-23,CH_REG_001,1,model_reco,anx_high_anxiety,1,0
EXP_U000963_1,U000963,2025-08-06,CH_REG_001,1,model_reco,anx_high_anxiety,0,1
EXP_U000964_1,U000964,2025-06-20,CH_ACT_003,1,model_reco,dep_low_activity,0,1
EXP_U000964_2,U000964,2025-06-23,CH_ACT_001,1,model_reco,dep_low_energy,0,0
EXP_U000964_3,U000964,2025-06-24,CH_ACT_001,1,model_reco,dep_low_energy,1,0
EXP_U000964_4,U000964,2025-07-30,CH_WELL_001,1,model_reco,supportive_wellbeing,1,0
EXP_U000964_5,U000964,2025-08-03,CH_ACT_001,1,model_reco,dep_low_energy,0,0
EXP_U000964_6,U000964,2025-08-07,CH_ACT_001,1,model_reco,dep_low_energy,0,1
EXP_U000964_7,U000964,2025-08-14,CH_ACT_001,1,model_reco,dep_low_energy,1,0
EXP_U000964_8,U000964,2025-08-24,CH_ACT_001,1,model_reco,dep_low_energy,0,1
EXP_U000964_9,U000964,2025-08-30,CH_ACT_002,1,model_reco,dep_low_daylight,0,0
EXP_U000964_10,U000964,2025-09-01,CH_ACT_001,1,model_reco,dep_low_energy,0,0
EXP_U000965_1,U000965,2025-07-29,CH_ACT_001,1,model_reco,dep_low_energy,0,0
EXP_U000965_2,U000965,2025-07-30,CH_ACT_003,1,model_reco,dep_low_activity,0,0
EXP_U000965_3,U000965,2025-07-31,CH_ACT_001,1,model_reco,dep_low_energy,1,0
EXP_U000965_4,U000965,2025-08-02,CH_SOC_001,1,model_reco,low_social_contact,0,0
EXP_U000965_5,U000965,2025-08-04,CH_SOC_001,1,model_reco,low_social_contact,0,1
EXP_U000965_6,U000965,2025-08-05,CH_ACT_002,1,model_reco,dep_low_daylight,0,1
EXP_U000965_7,U000965,2025-08-07,CH_ACT_001,1,model_reco,dep_low_energy,0,1
EXP_U000965_8,U000965,2025-08-20,CH_ACT_001,1,model_reco,dep_low_energy,0,1
EXP_U000965_9,U000965,2025-08-22,CH_ACT_002,1,model_reco,dep_low_daylight,0,0
EXP_U000965_10,U000965,2025-08-23,CH_ACT_002,1,model_reco,dep_low_daylight,0,1
EXP_U000965_11,U000965,2025-08-25,CH_ACT_001,1,model_reco,dep_low_energy,0,0
EXP_U000965_12,U000965,2025-08-29,CH_ACT_001,1,model_reco,dep_low_energy,0,1
EXP_U000965_13,U000965,2025-09-07,CH_ACT_002,1,model_reco,dep_low_daylight,0,0
EXP_U000965_14,U000965,2025-09-12,CH_ACT_001,1,model_reco,dep_low_energy,1,0
EXP_U000965_15,U000965,2025-09-30,CH_ACT_002,1,model_reco,dep_low_daylight,0,0
EXP_U000966_1,U000966,2025-08-09,CH_ACT_001,1,model_reco,dep_low_energy,0,0
EXP_U000966_2,U000966,2025-09-02,CH_ACT_001,1,model_reco,dep_low_energy,1,0
EXP_U000967_1,U000967,2025-08-11,CH_SLEEP_001,1,model_reco,ins_high_wake_irregular,0,0
EXP_U000967_2,U000967,2025-10-04,CH_SLEEP_001,1,model_reco,ins_high_wake_irregular,0,0
EXP_U000968_1,U000968,2025-07-03,CH_SLEEP_001,1,model_reco,ins_high_wake_irregular,0,1
EXP_U000968_2,U000968,2025-07-08,CH_SLEEP_001,1,model_reco,ins_high_wake_irregular,0,0
EXP_U000968_3,U000968,2025-07-10,CH_SLEEP_001,1,model_reco,ins_high_wake_irregular,1,0
EXP_U000968_4,U000968,2025-07-17,CH_SLEEP_001,1,model_reco,ins_high_wake_irregular,0,0
EXP_U000968_5,U000968,2025-07-21,CH_SLEEP_001,1,model_reco,ins_high_wake_irregular,1,0
EXP_U000968_6,U000968,2025-07-23,CH_WELL_001,1,model_reco,supportive_wellbeing,1,0
EXP_U000968_7,U000968,2025-07-29,CH_SLEEP_001,1,model_reco,ins_high_wake_irregular,0,1
EXP_U000968_8,U000968,2025-07-30,CH_SLEEP_001,1,model_reco,ins_high_wake_irregular,0,0
EXP_U000968_9,U000968,2025-07-31,CH_SLEEP_001,1,model_reco,ins_high_wake_irregular,0,0
EXP_U000968_10,U000968,2025-08-03,CH_SLEEP_001,1,model_reco,ins_high_wake_irregular,0,1
EXP_U000968_11,U000968,2025-08-06,CH_SLEEP_001,1,model_reco,ins_high_wake_irregular,0,1
EXP_U000968_12,U000968,2025-08-10,CH_SLEEP_001,1,model_reco,ins_high_wake_irregular,0,1
EXP_U000968_13,U000968,2025-08-11,CH_SLEEP_001,1,model_reco,ins_high_wake_irregular,0,0
EXP_U000968_14,U000968,2025-08-14,CH_SLEEP_001,1,model_reco,ins_high_wake_irregular,0,0
EXP_U000968_15,U000968,2025-08-15,CH_SLEEP_001,1,model_reco,ins_high_wake_irregular,1,0
EXP_U000968_16,U000968,2025-08-18,CH_WELL_001,1,model_reco,supportive_wellbeing,0,1
EXP_U000968_17,U000968,2025-08-20,CH_SLEEP_001,1,model_reco,ins_high_wake_irregular,1,0
EXP_U000968_18,U000968,2025-08-22,CH_ACT_001,1,model_reco,dep_low_energy,0,1
EXP_U000968_19,U000968,2025-08-29,CH_SLEEP_001,1,model_reco,ins_high_wake_irregular,0,1
EXP_U000968_20,U000968,2025-08-31,CH_SLEEP_001,1,model_reco,ins_high_wake_irregular,1,0
EXP_U000968_21,U000968,2025-09-10,CH_SLEEP_001,1,model_reco,ins_high_wake_irregular,0,1
EXP_U000968_22,U000968,2025-09-11,CH_SLEEP_001,1,model_reco,ins_high_wake_irregular,0,1
EXP_U000968_23,U000968,2025-09-12,CH_SLEEP_001,1,model_reco,ins_high_wake_irregular,0,0
EXP_U000968_24,U000968,2025-09-15,CH_SLEEP_001,1,model_reco,ins_high_wake_irregular,0,0
EXP_U000969_1,U000969,2025-07-22,CH_REG_001,1,model_reco,anx_high_anxiety,0,0
EXP_U000969_2,U000969,2025-08-16,CH_WELL_001,1,model_reco,supportive_wellbeing,0,1
EXP_U000969_3,U000969,2025-08-17,CH_ACT_001,1,model_reco,dep_low_energy,0,0
EXP_U000969_4,U000969,2025-09-06,CH_ACT_001,1,model_reco,dep_low_energy,0,0
EXP_U000969_5,U000969,2025-09-23,CH_ACT_001,1,model_reco,dep_low_energy,1,0
EXP_U000969_6,U000969,2025-09-27,CH_SLEEP_001,1,model_reco,ins_high_wake_irregular,0,1
EXP_U000969_7,U000969,2025-10-01,CH_SLEEP_001,1,model_reco,ins_high_wake_irregular,0,1
EXP_U000969_8,U000969,2025-10-03,CH_ACT_001,1,model_reco,dep_low_energy,1,0
EXP_U000970_1,U000970,2025-06-27,CH_SLEEP_001,1,model_reco,ins_high_wake_irregular,1,0
EXP_U000970_2,U000970,2025-07-06,CH_SLEEP_001,1,model_reco,ins_high_wake_irregular,0,0
EXP_U000970_3,U000970,2025-07-11,CH_SLEEP_001,1,model_reco,ins_high_wake_irregular,0,0
EXP_U000970_4,U000970,2025-07-14,CH_ACT_003,1,model_reco,dep_low_activity,0,1
EXP_U000970_5,U000970,2025-07-17,CH_SLEEP_001,1,model_reco,ins_high_wake_irregular,0,0
EXP_U000970_6,U000970,2025-07-21,CH_SLEEP_001,1,model_reco,ins_high_wake_irregular,1,0
EXP_U000970_7,U000970,2025-08-02,CH_SLEEP_001,1,model_reco,ins_high_wake_irregular,0,0
EXP_U000970_8,U000970,2025-08-04,CH_SLEEP_001,1,model_reco,ins_high_wake_irregular,0,1
EXP_U000970_9,U000970,2025-08-05,CH_SLEEP_001,1,model_reco,ins_high_wake_irregular,1,0
EXP_U000970_10,U000970,2025-08-08,CH_ACT_003,1,model_reco,dep_low_activity,0,0
EXP_U000970_11,U000970,2025-08-12,CH_ACT_002,1,model_reco,dep_low_daylight,0,1
EXP_U000970_12,U000970,2025-08-27,CH_SLEEP_001,1,model_reco,ins_high_wake_irregular,0,0
EXP_U000970_13,U000970,2025-08-30,CH_SLEEP_001,1,model_reco,ins_high_wake_irregular,0,0
EXP_U000970_14,U000970,2025-09-04,CH_ACT_003,1,model_reco,dep_low_activity,0,0
EXP_U000970_15,U000970,2025-09-05,CH_ACT_003,1,model_reco,dep_low_activity,0,1
EXP_U000970_16,U000970,2025-09-10,CH_ACT_002,1,model_reco,dep_low_daylight,0,1
EXP_U000971_1,U000971,2025-08-21,CH_ACT_001,1,model_reco,dep_low_energy,1,0
EXP_U000971_2,U000971,2025-08-24,CH_REG_002,1,model_reco,anx_high_anxiety,0,0
EXP_U000971_3,U000971,2025-08-25,CH_REG_002,1,model_reco,anx_high_anxiety,1,0
EXP_U000971_4,U000971,2025-08-26,CH_ACT_002,1,model_reco,dep_low_daylight,0,1
EXP_U000971_5,U000971,2025-08-31,CH_ACT_003,1,model_reco,dep_low_activity,0,1
EXP_U000971_6,U000971,2025-09-06,CH_ACT_001,1,model_reco,dep_low_energy,0,1
EXP_U000971_7,U000971,2025-09-07,CH_REG_001,1,model_reco,anx_high_anxiety,1,0
EXP_U000971_8,U000971,2025-09-08,CH_ACT_003,1,model_reco,dep_low_activity,0,1
EXP_U000971_9,U000971,2025-09-09,CH_ACT_003,1,model_reco,dep_low_activity,0,0
EXP_U000971_10,U000971,2025-09-11,CH_ACT_002,1,model_reco,dep_low_daylight,0,0
EXP_U000971_11,U000971,2025-09-15,CH_REG_001,1,model_reco,anx_high_anxiety,1,0
EXP_U000971_12,U000971,2025-09-16,CH_REG_002,1,model_reco,anx_high_anxiety,1,0
EXP_U000971_13,U000971,2025-09-24,CH_ACT_001,1,model_reco,dep_low_energy,0,0
EXP_U000971_14,U000971,2025-09-25,CH_ACT_001,1,model_reco,dep_low_energy,1,0
EXP_U000971_15,U000971,2025-09-26,CH_REG_001,1,model_reco,anx_high_anxiety,0,1
EXP_U000971_16,U000971,2025-09-29,CH_REG_001,1,model_reco,anx_high_anxiety,1,0
EXP_U000971_17,U000971,2025-09-30,CH_REG_001,1,model_reco,anx_high_anxiety,1,0
EXP_U000971_18,U000971,2025-10-02,CH_ACT_001,1,model_reco,dep_low_energy,0,1
EXP_U000971_19,U000971,2025-10-03,CH_ACT_003,1,model_reco,dep_low_activity,1,0
EXP_U000971_20,U000971,2025-10-04,CH_REG_002,1,model_reco,anx_high_anxiety,1,0
EXP_U000971_21,U000971,2025-10-07,CH_ACT_003,1,model_reco,dep_low_activity,1,0
EXP_U000971_22,U000971,2025-10-09,CH_REG_002,1,model_reco,anx_high_anxiety,0,1
EXP_U000971_23,U000971,2025-10-16,CH_ACT_003,1,model_reco,dep_low_activity,0,1
EXP_U000971_24,U000971,2025-10-18,CH_ACT_001,1,model_reco,dep_low_energy,0,0
EXP_U000971_25,U000971,2025-10-21,CH_REG_001,1,model_reco,anx_high_anxiety,1,0
EXP_U000971_26,U000971,2025-10-22,CH_ACT_001,1,model_reco,dep_low_energy,0,1
EXP_U000971_27,U000971,2025-10-27,CH_ACT_003,1,model_reco,dep_low_activity,0,0
EXP_U000971_28,U000971,2025-11-02,CH_ACT_003,1,model_reco,dep_low_activity,0,0
EXP_U000972_1,U000972,2025-07-02,CH_ACT_001,1,model_reco,dep_low_energy,0,0
EXP_U000973_1,U000973,2025-07-25,CH_SLEEP_001,1,model_reco,ins_high_wake_irregular,1,0
EXP_U000973_2,U000973,2025-09-17,CH_SLEEP_001,1,model_reco,ins_high_wake_irregular,0,1
EXP_U000973_3,U000973,2025-10-06,CH_SLEEP_001,1,model_reco,ins_high_wake_irregular,0,1
EXP_U000974_1,U000974,2025-09-10,CH_WELL_001,1,model_reco,supportive_wellbeing,0,1
EXP_U000975_1,U000975,2025-08-28,CH_SLEEP_001,1,model_reco,ins_high_wake_irregular,0,1
EXP_U000976_1,U000976,2025-08-25,CH_SLEEP_001,1,model_reco,ins_high_wake_irregular,0,0
EXP_U000976_2,U000976,2025-08-30,CH_SLEEP_001,1,model_reco,ins_high_wake_irregular,0,1
EXP_U000976_3,U000976,2025-09-10,CH_SOC_001,1,model_reco,low_social_contact,0,1
EXP_U000976_4,U000976,2025-09-17,CH_SLEEP_001,1,model_reco,ins_high_wake_irregular,1,0
EXP_U000976_5,U000976,2025-09-24,CH_SLEEP_001,1,model_reco,ins_high_wake_irregular,0,0
EXP_U000976_6,U000976,2025-10-18,CH_SLEEP_001,1,model_reco,ins_high_wake_irregular,0,1
EXP_U000976_7,U000976,2025-11-02,CH_SLEEP_001,1,model_reco,ins_high_wake_irregular,0,0
EXP_U000978_1,U000978,2025-06-17,CH_ACT_002,1,model_reco,dep_low_daylight,0,0
EXP_U000978_2,U000978,2025-07-03,CH_ACT_003,1,model_reco,dep_low_activity,1,0
EXP_U000978_3,U000978,2025-07-05,CH_SLEEP_001,1,model_reco,ins_high_wake_irregular,1,0
EXP_U000978_4,U000978,2025-07-07,CH_ACT_002,1,model_reco,dep_low_daylight,0,0
EXP_U000978_5,U000978,2025-07-16,CH_ACT_003,1,model_reco,dep_low_activity,0,1
EXP_U000978_6,U000978,2025-07-18,CH_ACT_003,1,model_reco,dep_low_activity,0,0
EXP_U000978_7,U000978,2025-07-23,CH_ACT_002,1,model_reco,dep_low_daylight,1,0
EXP_U000978_8,U000978,2025-07-25,CH_REG_001,1,model_reco,anx_high_anxiety,1,0
EXP_U000978_9,U000978,2025-07-30,CH_ACT_002,1,model_reco,dep_low_daylight,1,0
EXP_U000978_10,U000978,2025-08-02,CH_SLEEP_001,1,model_reco,ins_high_wake_irregular,1,0
EXP_U000978_11,U000978,2025-08-08,CH_ACT_003,1,model_reco,dep_low_activity,0,1
EXP_U000978_12,U000978,2025-08-11,CH_SLEEP_001,1,model_reco,ins_high_wake_irregular,0,1
EXP_U000978_13,U000978,2025-08-15,CH_SLEEP_001,1,model_reco,ins_high_wake_irregular,1,0
EXP_U000978_14,U000978,2025-08-19,CH_ACT_001,1,model_reco,dep_low_energy,0,1
EXP_U000978_15,U000978,2025-08-20,CH_ACT_003,1,model_reco,dep_low_activity,0,0
EXP_U000979_1,U000979,2025-09-12,CH_WELL_001,1,model_reco,supportive_wellbeing,0,1
EXP_U000980_1,U000980,2025-08-27,CH_REG_002,1,model_reco,anx_high_anxiety,1,0
EXP_U000980_2,U000980,2025-08-28,CH_REG_002,1,model_reco,anx_high_anxiety,0,1
EXP_U000980_3,U000980,2025-09-01,CH_SLEEP_001,1,model_reco,ins_high_wake_irregular,0,1
EXP_U000980_4,U000980,2025-09-16,CH_REG_001,1,model_reco,anx_high_anxiety,1,0
EXP_U000980_5,U000980,2025-09-17,CH_REG_001,1,model_reco,anx_high_anxiety,0,0
EXP_U000980_6,U000980,2025-09-20,CH_REG_002,1,model_reco,anx_high_anxiety,0,0
EXP_U000980_7,U000980,2025-09-29,CH_SLEEP_001,1,model_reco,ins_high_wake_irregular,1,0
EXP_U000980_8,U000980,2025-10-06,CH_REG_001,1,model_reco,anx_high_anxiety,1,0
EXP_U000980_9,U000980,2025-10-09,CH_REG_002,1,model_reco,anx_high_anxiety,1,0
EXP_U000980_10,U000980,2025-10-21,CH_REG_001,1,model_reco,anx_high_anxiety,0,1
EXP_U000980_11,U000980,2025-10-24,CH_REG_002,1,model_reco,anx_high_anxiety,0,0
EXP_U000980_12,U000980,2025-11-02,CH_SLEEP_001,1,model_reco,ins_high_wake_irregular,0,1
EXP_U000980_13,U000980,2025-11-06,CH_REG_002,1,model_reco,anx_high_anxiety,0,0
EXP_U000980_14,U000980,2025-11-10,CH_SLEEP_001,1,model_reco,ins_high_wake_irregular,1,0
EXP_U000980_15,U000980,2025-11-14,CH_REG_001,1,model_reco,anx_high_anxiety,1,0
EXP_U000981_1,U000981,2025-08-28,CH_WELL_001,1,model_reco,supportive_wellbeing,0,0
EXP_U000981_2,U000981,2025-09-18,CH_WELL_001,1,model_reco,supportive_wellbeing,0,1
EXP_U000982_1,U000982,2025-06-13,CH_SOC_001,1,model_reco,low_social_contact,0,1
EXP_U000982_2,U000982,2025-06-25,CH_ACT_003,1,model_reco,dep_low_activity,1,0
EXP_U000982_3,U000982,2025-06-30,CH_ACT_002,1,model_reco,dep_low_daylight,1,0
EXP_U000982_4,U000982,2025-07-01,CH_SOC_001,1,model_reco,low_social_contact,1,0
EXP_U000982_5,U000982,2025-07-24,CH_ACT_002,1,model_reco,dep_low_daylight,0,0
EXP_U000982_6,U000982,2025-08-05,CH_ACT_002,1,model_reco,dep_low_daylight,0,1
EXP_U000982_7,U000982,2025-08-07,CH_ACT_003,1,model_reco,dep_low_activity,1,0
EXP_U000982_8,U000982,2025-08-22,CH_ACT_003,1,model_reco,dep_low_activity,0,0
EXP_U000982_9,U000982,2025-08-29,CH_ACT_003,1,model_reco,dep_low_activity,0,0
EXP_U000983_1,U000983,2025-08-03,CH_SLEEP_001,1,model_reco,ins_high_wake_irregular,0,1
EXP_U000983_2,U000983,2025-08-14,CH_SLEEP_001,1,model_reco,ins_high_wake_irregular,0,1
EXP_U000983_3,U000983,2025-08-26,CH_SLEEP_001,1,model_reco,ins_high_wake_irregular,0,1
EXP_U000983_4,U000983,2025-08-28,CH_SLEEP_001,1,model_reco,ins_high_wake_irregular,0,0
EXP_U000983_5,U000983,2025-08-29,CH_SLEEP_001,1,model_reco,ins_high_wake_irregular,1,0
EXP_U000983_6,U000983,2025-09-17,CH_SLEEP_001,1,model_reco,ins_high_wake_irregular,1,0
EXP_U000984_1,U000984,2025-08-20,CH_REG_001,1,model_reco,anx_high_anxiety,0,0
EXP_U000984_2,U000984,2025-10-16,CH_WELL_001,1,model_reco,supportive_wellbeing,1,0
EXP_U000986_1,U000986,2025-06-23,CH_REG_001,1,model_reco,anx_high_anxiety,0,1
EXP_U000986_2,U000986,2025-06-24,CH_REG_001,1,model_reco,anx_high_anxiety,1,0
EXP_U000986_3,U000986,2025-07-18,CH_REG_002,1,model_reco,anx_high_anxiety,0,1
EXP_U000986_4,U000986,2025-08-08,CH_REG_001,1,model_reco,anx_high_anxiety,0,0
EXP_U000986_5,U000986,2025-08-14,CH_REG_001,1,model_reco,anx_high_anxiety,0,1
EXP_U000986_6,U000986,2025-08-21,CH_REG_001,1,model_reco,anx_high_anxiety,0,1
EXP_U000987_1,U000987,2025-09-03,CH_ACT_003,1,model_reco,dep_low_activity,0,1
EXP_U000987_2,U000987,2025-09-21,CH_ACT_002,1,model_reco,dep_low_daylight,0,1
EXP_U000988_1,U000988,2025-08-07,CH_REG_001,1,model_reco,anx_high_anxiety,1,0
EXP_U000988_2,U000988,2025-08-10,CH_REG_001,1,model_reco,anx_high_anxiety,1,0
EXP_U000988_3,U000988,2025-09-16,CH_ACT_001,1,model_reco,dep_low_energy,0,1
EXP_U000988_4,U000988,2025-09-26,CH_WELL_001,1,model_reco,supportive_wellbeing,1,0
EXP_U000988_5,U000988,2025-09-27,CH_ACT_001,1,model_reco,dep_low_energy,1,0
EXP_U000988_6,U000988,2025-10-10,CH_ACT_001,1,model_reco,dep_low_energy,0,1
EXP_U000988_7,U000988,2025-10-24,CH_ACT_001,1,model_reco,dep_low_energy,0,1
EXP_U000989_1,U000989,2025-06-29,CH_REG_001,1,model_reco,anx_high_anxiety,0,1
EXP_U000989_2,U000989,2025-07-05,CH_REG_001,1,model_reco,anx_high_anxiety,1,0
EXP_U000989_3,U000989,2025-07-28,CH_REG_001,1,model_reco,anx_high_anxiety,1,0
EXP_U000989_4,U000989,2025-08-25,CH_REG_002,1,model_reco,anx_high_anxiety,0,1
EXP_U000990_1,U000990,2025-09-07,CH_ACT_002,1,model_reco,dep_low_daylight,1,0
EXP_U000990_2,U000990,2025-09-10,CH_ACT_002,1,model_reco,dep_low_daylight,0,1
EXP_U000990_3,U000990,2025-09-11,CH_ACT_003,1,model_reco,dep_low_activity,0,1
EXP_U000990_4,U000990,2025-10-02,CH_ACT_003,1,model_reco,dep_low_activity,0,1
EXP_U000990_5,U000990,2025-10-13,CH_ACT_002,1,model_reco,dep_low_daylight,0,1
EXP_U000990_6,U000990,2025-10-24,CH_SLEEP_001,1,model_reco,ins_high_wake_irregular,0,0
EXP_U000990_7,U000990,2025-10-28,CH_ACT_003,1,model_reco,dep_low_activity,0,1
EXP_U000990_8,U000990,2025-11-09,CH_SLEEP_001,1,model_reco,ins_high_wake_irregular,0,0
EXP_U000990_9,U000990,2025-11-14,CH_ACT_003,1,model_reco,dep_low_activity,0,1
EXP_U000990_10,U000990,2025-11-19,CH_ACT_002,1,model_reco,dep_low_daylight,0,0
EXP_U000991_1,U000991,2025-07-05,CH_SLEEP_001,1,model_reco,ins_high_wake_irregular,0,0
EXP_U000991_2,U000991,2025-07-07,CH_SLEEP_001,1,model_reco,ins_high_wake_irregular,0,0
EXP_U000991_3,U000991,2025-07-09,CH_SLEEP_001,1,model_reco,ins_high_wake_irregular,0,1
EXP_U000991_4,U000991,2025-07-22,CH_REG_001,1,model_reco,anx_high_anxiety,1,0
EXP_U000991_5,U000991,2025-07-25,CH_REG_001,1,model_reco,anx_high_anxiety,0,0
EXP_U000991_6,U000991,2025-07-29,CH_REG_002,1,model_reco,anx_high_anxiety,1,0
EXP_U000991_7,U000991,2025-08-07,CH_REG_001,1,model_reco,anx_high_anxiety,1,0
EXP_U000991_8,U000991,2025-08-11,CH_REG_002,1,model_reco,anx_high_anxiety,1,0
EXP_U000991_9,U000991,2025-08-13,CH_REG_001,1,model_reco,anx_high_anxiety,1,0
EXP_U000991_10,U000991,2025-08-18,CH_SLEEP_001,1,model_reco,ins_high_wake_irregular,1,0
EXP_U000991_11,U000991,2025-08-20,CH_SLEEP_001,1,model_reco,ins_high_wake_irregular,0,0
EXP_U000991_12,U000991,2025-08-21,CH_SLEEP_001,1,model_reco,ins_high_wake_irregular,0,0
EXP_U000991_13,U000991,2025-08-22,CH_REG_002,1,model_reco,anx_high_anxiety,0,1
EXP_U000991_14,U000991,2025-08-24,CH_REG_002,1,model_reco,anx_high_anxiety,1,0
EXP_U000991_15,U000991,2025-08-27,CH_SLEEP_001,1,model_reco,ins_high_wake_irregular,1,0
EXP_U000991_16,U000991,2025-08-30,CH_REG_002,1,model_reco,anx_high_anxiety,0,1
EXP_U000991_17,U000991,2025-09-02,CH_REG_001,1,model_reco,anx_high_anxiety,1,0
EXP_U000991_18,U000991,2025-09-06,CH_SLEEP_001,1,model_reco,ins_high_wake_irregular,0,0
EXP_U000991_19,U000991,2025-09-07,CH_SLEEP_001,1,model_reco,ins_high_wake_irregular,0,1
EXP_U000991_20,U000991,2025-09-08,CH_SLEEP_001,1,model_reco,ins_high_wake_irregular,0,1
EXP_U000991_21,U000991,2025-09-11,CH_REG_001,1,model_reco,anx_high_anxiety,1,0
EXP_U000991_22,U000991,2025-09-13,CH_REG_001,1,model_reco,anx_high_anxiety,1,0
EXP_U000991_23,U000991,2025-09-15,CH_SLEEP_001,1,model_reco,ins_high_wake_irregular,1,0
EXP_U000991_24,U000991,2025-09-23,CH_SLEEP_001,1,model_reco,ins_high_wake_irregular,1,0
EXP_U000991_25,U000991,2025-09-24,CH_REG_001,1,model_reco,anx_high_anxiety,1,0
EXP_U000992_1,U000992,2025-07-14,CH_SLEEP_001,1,model_reco,ins_high_wake_irregular,0,0
EXP_U000992_2,U000992,2025-08-11,CH_SLEEP_001,1,model_reco,ins_high_wake_irregular,0,1
EXP_U000992_3,U000992,2025-08-24,CH_SLEEP_001,1,model_reco,ins_high_wake_irregular,0,1
EXP_U000992_4,U000992,2025-08-31,CH_SLEEP_001,1,model_reco,ins_high_wake_irregular,0,1
EXP_U000992_5,U000992,2025-09-07,CH_SLEEP_001,1,model_reco,ins_high_wake_irregular,1,0
EXP_U000992_6,U000992,2025-09-20,CH_SLEEP_001,1,model_reco,ins_high_wake_irregular,0,0
EXP_U000992_7,U000992,2025-09-27,CH_SLEEP_001,1,model_reco,ins_high_wake_irregular,0,1
EXP_U000993_1,U000993,2025-08-08,CH_SLEEP_001,1,model_reco,ins_high_wake_irregular,0,1
EXP_U000993_2,U000993,2025-08-09,CH_SLEEP_001,1,model_reco,ins_high_wake_irregular,1,0
EXP_U000993_3,U000993,2025-09-14,CH_SLEEP_001,1,model_reco,ins_high_wake_irregular,1,0
EXP_U000994_1,U000994,2025-08-05,CH_ACT_002,1,model_reco,dep_low_daylight,1,0
EXP_U000994_2,U000994,2025-08-08,CH_ACT_002,1,model_reco,dep_low_daylight,1,0
EXP_U000994_3,U000994,2025-08-09,CH_SOC_001,1,model_reco,low_social_contact,0,1
EXP_U000994_4,U000994,2025-08-18,CH_ACT_002,1,model_reco,dep_low_daylight,0,0
EXP_U000994_5,U000994,2025-08-21,CH_ACT_002,1,model_reco,dep_low_daylight,1,0
EXP_U000994_6,U000994,2025-08-30,CH_ACT_003,1,model_reco,dep_low_activity,0,0
EXP_U000994_7,U000994,2025-09-05,CH_ACT_003,1,model_reco,dep_low_activity,0,1
EXP_U000994_8,U000994,2025-09-06,CH_ACT_003,1,model_reco,dep_low_activity,1,0
EXP_U000994_9,U000994,2025-09-08,CH_SOC_001,1,model_reco,low_social_contact,0,1
EXP_U000994_10,U000994,2025-09-09,CH_ACT_003,1,model_reco,dep_low_activity,0,1
EXP_U000994_11,U000994,2025-09-13,CH_ACT_003,1,model_reco,dep_low_activity,0,0
EXP_U000994_12,U000994,2025-09-15,CH_ACT_002,1,model_reco,dep_low_daylight,1,0
EXP_U000994_13,U000994,2025-09-16,CH_SOC_001,1,model_reco,low_social_contact,1,0
EXP_U000994_14,U000994,2025-09-19,CH_ACT_003,1,model_reco,dep_low_activity,1,0
EXP_U000994_15,U000994,2025-09-26,CH_ACT_002,1,model_reco,dep_low_daylight,0,0
EXP_U000994_16,U000994,2025-09-30,CH_ACT_002,1,model_reco,dep_low_daylight,0,0
EXP_U000994_17,U000994,2025-10-01,CH_ACT_002,1,model_reco,dep_low_daylight,0,0
EXP_U000994_18,U000994,2025-10-03,CH_ACT_003,1,model_reco,dep_low_activity,0,1
EXP_U000994_19,U000994,2025-10-06,CH_ACT_003,1,model_reco,dep_low_activity,0,1
EXP_U000995_1,U000995,2025-07-28,CH_WELL_001,1,model_reco,supportive_wellbeing,0,0
EXP_U000996_1,U000996,2025-07-21,CH_REG_001,1,model_reco,anx_high_anxiety,0,0
EXP_U000996_2,U000996,2025-07-24,CH_REG_001,1,model_reco,anx_high_anxiety,1,0
EXP_U000996_3,U000996,2025-07-28,CH_REG_001,1,model_reco,anx_high_anxiety,0,1
EXP_U000996_4,U000996,2025-08-06,CH_REG_001,1,model_reco,anx_high_anxiety,0,1
EXP_U000996_5,U000996,2025-08-24,CH_REG_001,1,model_reco,anx_high_anxiety,0,0
EXP_U000996_6,U000996,2025-08-31,CH_REG_001,1,model_reco,anx_high_anxiety,1,0
EXP_U000996_7,U000996,2025-09-21,CH_REG_001,1,model_reco,anx_high_anxiety,1,0
EXP_U000996_8,U000996,2025-09-27,CH_REG_001,1,model_reco,anx_high_anxiety,1,0
EXP_U000996_9,U000996,2025-10-07,CH_REG_002,1,model_reco,anx_high_anxiety,1,0
EXP_U000997_1,U000997,2025-06-22,CH_SLEEP_001,1,model_reco,ins_high_wake_irregular,0,1
EXP_U000997_2,U000997,2025-09-07,CH_ACT_001,1,model_reco,dep_low_energy,1,0
EXP_U000997_3,U000997,2025-09-08,CH_REG_002,1,model_reco,anx_high_anxiety,0,0
EXP_U000998_1,U000998,2025-06-10,CH_REG_001,1,model_reco,anx_high_anxiety,1,0
EXP_U000998_2,U000998,2025-06-14,CH_REG_002,1,model_reco,anx_high_anxiety,0,1
EXP_U000998_3,U000998,2025-06-16,CH_REG_002,1,model_reco,anx_high_anxiety,1,0
EXP_U000998_4,U000998,2025-06-17,CH_REG_001,1,model_reco,anx_high_anxiety,1,0
EXP_U000998_5,U000998,2025-06-19,CH_REG_002,1,model_reco,anx_high_anxiety,0,1
EXP_U000998_6,U000998,2025-06-28,CH_REG_001,1,model_reco,anx_high_anxiety,1,0
EXP_U000998_7,U000998,2025-06-30,CH_REG_001,1,model_reco,anx_high_anxiety,1,0
EXP_U000998_8,U000998,2025-07-04,CH_REG_001,1,model_reco,anx_high_anxiety,0,1
EXP_U000998_9,U000998,2025-07-09,CH_REG_002,1,model_reco,anx_high_anxiety,0,1
EXP_U000998_10,U000998,2025-07-10,CH_REG_001,1,model_reco,anx_high_anxiety,0,0
EXP_U000998_11,U000998,2025-07-11,CH_REG_001,1,model_reco,anx_high_anxiety,1,0
EXP_U000998_12,U000998,2025-07-12,CH_REG_002,1,model_reco,anx_high_anxiety,0,1
EXP_U000998_13,U000998,2025-07-13,CH_REG_001,1,model_reco,anx_high_anxiety,0,1
EXP_U000998_14,U000998,2025-07-14,CH_REG_001,1,model_reco,anx_high_anxiety,1,0
EXP_U000998_15,U000998,2025-07-16,CH_REG_002,1,model_reco,anx_high_anxiety,1,0
EXP_U000998_16,U000998,2025-07-17,CH_REG_001,1,model_reco,anx_high_anxiety,1,0
EXP_U000998_17,U000998,2025-07-20,CH_REG_002,1,model_reco,anx_high_anxiety,0,1
EXP_U000998_18,U000998,2025-07-24,CH_REG_001,1,model_reco,anx_high_anxiety,1,0
EXP_U000998_19,U000998,2025-08-04,CH_REG_002,1,model_reco,anx_high_anxiety,1,0
EXP_U000998_20,U000998,2025-08-08,CH_REG_002,1,model_reco,anx_high_anxiety,0,1
EXP_U000998_21,U000998,2025-08-12,CH_REG_002,1,model_reco,anx_high_anxiety,1,0
EXP_U000998_22,U000998,2025-08-13,CH_REG_001,1,model_reco,anx_high_anxiety,0,1
EXP_U000998_23,U000998,2025-08-15,CH_REG_002,1,model_reco,anx_high_anxiety,1,0
EXP_U000998_24,U000998,2025-08-21,CH_REG_002,1,model_reco,anx_high_anxiety,0,1
EXP_U000998_25,U000998,2025-08-23,CH_REG_002,1,model_reco,anx_high_anxiety,0,0
EXP_U000998_26,U000998,2025-08-24,CH_REG_002,1,model_reco,anx_high_anxiety,0,0
EXP_U000999_1,U000999,2025-07-04,CH_REG_002,1,model_reco,anx_high_anxiety,1,0
EXP_U001001_1,U001001,2025-06-29,CH_ACT_003,1,model_reco,dep_low_activity,0,0
EXP_U001001_2,U001001,2025-07-02,CH_ACT_002,1,model_reco,dep_low_daylight,0,0
EXP_U001001_3,U001001,2025-07-15,CH_ACT_003,1,model_reco,dep_low_activity,1,0
EXP_U001001_4,U001001,2025-07-22,CH_ACT_002,1,model_reco,dep_low_daylight,0,0
EXP_U001001_5,U001001,2025-08-09,CH_ACT_001,1,model_reco,dep_low_energy,0,0
EXP_U001001_6,U001001,2025-08-13,CH_ACT_002,1,model_reco,dep_low_daylight,0,1
EXP_U001001_7,U001001,2025-08-14,CH_ACT_002,1,model_reco,dep_low_daylight,1,0
EXP_U001001_8,U001001,2025-08-16,CH_REG_001,1,model_reco,anx_high_anxiety,1,0
EXP_U001001_9,U001001,2025-08-20,CH_ACT_002,1,model_reco,dep_low_daylight,0,0
EXP_U001001_10,U001001,2025-08-23,CH_ACT_003,1,model_reco,dep_low_activity,1,0
EXP_U001002_1,U001002,2025-08-26,CH_SLEEP_001,1,model_reco,ins_high_wake_irregular,1,0
EXP_U001002_2,U001002,2025-09-19,CH_ACT_002,1,model_reco,dep_low_daylight,0,1
EXP_U001002_3,U001002,2025-10-08,CH_SLEEP_001,1,model_reco,ins_high_wake_irregular,1,0
EXP_U001003_1,U001003,2025-09-28,CH_ACT_001,1,model_reco,dep_low_energy,1,0
EXP_U001003_2,U001003,2025-10-04,CH_ACT_003,1,model_reco,dep_low_activity,0,1
EXP_U001003_3,U001003,2025-10-07,CH_ACT_002,1,model_reco,dep_low_daylight,0,0
EXP_U001003_4,U001003,2025-10-11,CH_ACT_001,1,model_reco,dep_low_energy,0,0
EXP_U001005_1,U001005,2025-07-16,CH_SLEEP_001,1,model_reco,ins_high_wake_irregular,1,0
EXP_U001005_2,U001005,2025-08-17,CH_SLEEP_001,1,model_reco,ins_high_wake_irregular,0,1
EXP_U001006_1,U001006,2025-07-22,CH_WELL_001,1,model_reco,supportive_wellbeing,0,0
EXP_U001007_1,U001007,2025-06-13,CH_REG_001,1,model_reco,anx_high_anxiety,0,0
EXP_U001007_2,U001007,2025-06-18,CH_ACT_001,1,model_reco,dep_low_energy,0,0
EXP_U001007_3,U001007,2025-06-19,CH_ACT_001,1,model_reco,dep_low_energy,0,1
EXP_U001007_4,U001007,2025-06-29,CH_REG_001,1,model_reco,anx_high_anxiety,1,0
EXP_U001007_5,U001007,2025-07-04,CH_ACT_003,1,model_reco,dep_low_activity,0,1
EXP_U001007_6,U001007,2025-07-05,CH_ACT_001,1,model_reco,dep_low_energy,0,1
EXP_U001007_7,U001007,2025-07-09,CH_REG_001,1,model_reco,anx_high_anxiety,1,0
EXP_U001007_8,U001007,2025-07-14,CH_REG_001,1,model_reco,anx_high_anxiety,1,0
EXP_U001007_9,U001007,2025-07-17,CH_ACT_001,1,model_reco,dep_low_energy,0,1
EXP_U001007_10,U001007,2025-07-18,CH_ACT_001,1,model_reco,dep_low_energy,0,0
EXP_U001007_11,U001007,2025-07-22,CH_ACT_002,1,model_reco,dep_low_daylight,1,0
EXP_U001007_12,U001007,2025-07-30,CH_REG_001,1,model_reco,anx_high_anxiety,0,1
EXP_U001007_13,U001007,2025-08-01,CH_REG_002,1,model_reco,anx_high_anxiety,1,0
EXP_U001007_14,U001007,2025-08-03,CH_REG_001,1,model_reco,anx_high_anxiety,0,1
EXP_U001007_15,U001007,2025-08-13,CH_REG_001,1,model_reco,anx_high_anxiety,1,0
EXP_U001007_16,U001007,2025-08-19,CH_ACT_001,1,model_reco,dep_low_energy,0,1
EXP_U001007_17,U001007,2025-08-25,CH_REG_001,1,model_reco,anx_high_anxiety,0,1
EXP_U001007_18,U001007,2025-08-28,CH_REG_001,1,model_reco,anx_high_anxiety,1,0
EXP_U001008_1,U001008,2025-06-28,CH_SLEEP_001,1,model_reco,ins_high_wake_irregular,0,1
EXP_U001008_2,U001008,2025-07-11,CH_SLEEP_001,1,model_reco,ins_high_wake_irregular,1,0
EXP_U001008_3,U001008,2025-07-15,CH_ACT_003,1,model_reco,dep_low_activity,0,1
EXP_U001008_4,U001008,2025-07-23,CH_SLEEP_001,1,model_reco,ins_high_wake_irregular,0,1
EXP_U001008_5,U001008,2025-08-06,CH_SLEEP_001,1,model_reco,ins_high_wake_irregular,1,0
EXP_U001008_6,U001008,2025-08-15,CH_SLEEP_001,1,model_reco,ins_high_wake_irregular,0,1
EXP_U001008_7,U001008,2025-09-01,CH_SLEEP_001,1,model_reco,ins_high_wake_irregular,0,1
EXP_U001008_8,U001008,2025-09-04,CH_SLEEP_001,1,model_reco,ins_high_wake_irregular,0,1
EXP_U001008_9,U001008,2025-09-05,CH_SLEEP_001,1,model_reco,ins_high_wake_irregular,0,0
EXP_U001008_10,U001008,2025-09-08,CH_SLEEP_001,1,model_reco,ins_high_wake_irregular,1,0
EXP_U001008_11,U001008,2025-09-10,CH_ACT_002,1,model_reco,dep_low_daylight,0,1
EXP_U001009_1,U001009,2025-08-24,CH_SLEEP_001,1,model_reco,ins_high_wake_irregular,0,1
EXP_U001009_2,U001009,2025-08-26,CH_SLEEP_001,1,model_reco,ins_high_wake_irregular,1,0
EXP_U001009_3,U001009,2025-08-29,CH_ACT_001,1,model_reco,dep_low_energy,0,0
EXP_U001009_4,U001009,2025-09-05,CH_SLEEP_001,1,model_reco,ins_high_wake_irregular,0,1
EXP_U001009_5,U001009,2025-09-07,CH_SLEEP_001,1,model_reco,ins_high_wake_irregular,0,0
EXP_U001009_6,U001009,2025-09-15,CH_SLEEP_001,1,model_reco,ins_high_wake_irregular,1,0
EXP_U001009_7,U001009,2025-09-16,CH_ACT_003,1,model_reco,dep_low_activity,0,1
EXP_U001009_8,U001009,2025-09-22,CH_SLEEP_001,1,model_reco,ins_high_wake_irregular,0,1
EXP_U001009_9,U001009,2025-09-30,CH_SLEEP_001,1,model_reco,ins_high_wake_irregular,0,0
EXP_U001009_10,U001009,2025-10-01,CH_SLEEP_001,1,model_reco,ins_high_wake_irregular,0,0
EXP_U001009_11,U001009,2025-10-07,CH_SLEEP_001,1,model_reco,ins_high_wake_irregular,1,0
EXP_U001009_12,U001009,2025-10-17,CH_SLEEP_001,1,model_reco,ins_high_wake_irregular,1,0
EXP_U001009_13,U001009,2025-10-21,CH_ACT_001,1,model_reco,dep_low_energy,0,1
EXP_U001009_14,U001009,2025-10-23,CH_ACT_001,1,model_reco,dep_low_energy,0,1
EXP_U001009_15,U001009,2025-10-25,CH_SLEEP_001,1,model_reco,ins_high_wake_irregular,0,0
EXP_U001009_16,U001009,2025-11-07,CH_SLEEP_001,1,model_reco,ins_high_wake_irregular,0,1
EXP_U001012_1,U001012,2025-08-30,CH_SLEEP_001,1,model_reco,ins_high_wake_irregular,0,0
EXP_U001012_2,U001012,2025-09-03,CH_SLEEP_001,1,model_reco,ins_high_wake_irregular,0,1
EXP_U001012_3,U001012,2025-09-04,CH_SLEEP_001,1,model_reco,ins_high_wake_irregular,0,1
EXP_U001012_4,U001012,2025-09-11,CH_SLEEP_001,1,model_reco,ins_high_wake_irregular,1,0
EXP_U001012_5,U001012,2025-09-16,CH_SOC_001,1,model_reco,low_social_contact,0,1
EXP_U001012_6,U001012,2025-09-27,CH_SLEEP_001,1,model_reco,ins_high_wake_irregular,1,0
EXP_U001012_7,U001012,2025-10-05,CH_SLEEP_001,1,model_reco,ins_high_wake_irregular,0,0
EXP_U001012_8,U001012,2025-10-08,CH_SLEEP_001,1,model_reco,ins_high_wake_irregular,1,0
EXP_U001012_9,U001012,2025-10-20,CH_SLEEP_001,1,model_reco,ins_high_wake_irregular,0,0
EXP_U001012_10,U001012,2025-10-27,CH_SLEEP_001,1,model_reco,ins_high_wake_irregular,1,0
EXP_U001013_1,U001013,2025-07-09,CH_REG_002,1,model_reco,anx_high_anxiety,1,0
EXP_U001013_2,U001013,2025-07-11,CH_REG_002,1,model_reco,anx_high_anxiety,1,0
EXP_U001013_3,U001013,2025-07-14,CH_REG_001,1,model_reco,anx_high_anxiety,1,0
EXP_U001013_4,U001013,2025-07-19,CH_REG_002,1,model_reco,anx_high_anxiety,1,0
EXP_U001013_5,U001013,2025-07-21,CH_REG_001,1,model_reco,anx_high_anxiety,0,1
EXP_U001013_6,U001013,2025-07-25,CH_REG_001,1,model_reco,anx_high_anxiety,1,0
EXP_U001013_7,U001013,2025-07-31,CH_REG_001,1,model_reco,anx_high_anxiety,0,0
EXP_U001013_8,U001013,2025-08-04,CH_REG_001,1,model_reco,anx_high_anxiety,0,1
EXP_U001013_9,U001013,2025-08-06,CH_REG_001,1,model_reco,anx_high_anxiety,1,0
EXP_U001013_10,U001013,2025-08-07,CH_REG_002,1,model_reco,anx_high_anxiety,1,0
EXP_U001013_11,U001013,2025-08-08,CH_REG_001,1,model_reco,anx_high_anxiety,1,0
EXP_U001013_12,U001013,2025-08-09,CH_REG_002,1,model_reco,anx_high_anxiety,0,1
EXP_U001013_13,U001013,2025-08-11,CH_REG_002,1,model_reco,anx_high_anxiety,0,1
EXP_U001013_14,U001013,2025-08-15,CH_REG_002,1,model_reco,anx_high_anxiety,1,0
EXP_U001013_15,U001013,2025-08-16,CH_REG_002,1,model_reco,anx_high_anxiety,0,1
EXP_U001013_16,U001013,2025-08-17,CH_REG_002,1,model_reco,anx_high_anxiety,0,1
EXP_U001013_17,U001013,2025-08-19,CH_REG_001,1,model_reco,anx_high_anxiety,1,0
EXP_U001013_18,U001013,2025-08-23,CH_REG_001,1,model_reco,anx_high_anxiety,0,1
EXP_U001013_19,U001013,2025-08-25,CH_REG_001,1,model_reco,anx_high_anxiety,1,0
EXP_U001013_20,U001013,2025-08-30,CH_REG_001,1,model_reco,anx_high_anxiety,0,1
EXP_U001014_1,U001014,2025-06-30,CH_ACT_001,1,model_reco,dep_low_energy,1,0
EXP_U001014_2,U001014,2025-07-27,CH_ACT_003,1,model_reco,dep_low_activity,1,0
EXP_U001014_3,U001014,2025-08-30,CH_ACT_001,1,model_reco,dep_low_energy,1,0
EXP_U001014_4,U001014,2025-09-10,CH_ACT_001,1,model_reco,dep_low_energy,0,1
EXP_U001014_5,U001014,2025-09-14,CH_ACT_001,1,model_reco,dep_low_energy,1,0
EXP_U001014_6,U001014,2025-09-16,CH_SOC_001,1,model_reco,low_social_contact,0,1
EXP_U001015_1,U001015,2025-06-29,CH_SLEEP_001,1,model_reco,ins_high_wake_irregular,1,0
EXP_U001015_2,U001015,2025-06-30,CH_ACT_003,1,model_reco,dep_low_activity,0,0
EXP_U001015_3,U001015,2025-07-05,CH_ACT_002,1,model_reco,dep_low_daylight,0,1
EXP_U001015_4,U001015,2025-07-09,CH_SLEEP_001,1,model_reco,ins_high_wake_irregular,0,1
EXP_U001015_5,U001015,2025-08-02,CH_SLEEP_001,1,model_reco,ins_high_wake_irregular,0,0
EXP_U001015_6,U001015,2025-08-04,CH_SLEEP_001,1,model_reco,ins_high_wake_irregular,0,0
EXP_U001015_7,U001015,2025-08-07,CH_SLEEP_001,1,model_reco,ins_high_wake_irregular,0,0
EXP_U001015_8,U001015,2025-08-10,CH_SLEEP_001,1,model_reco,ins_high_wake_irregular,0,0
EXP_U001015_9,U001015,2025-08-12,CH_SLEEP_001,1,model_reco,ins_high_wake_irregular,1,0
EXP_U001015_10,U001015,2025-08-13,CH_ACT_001,1,model_reco,dep_low_energy,0,1
EXP_U001015_11,U001015,2025-08-21,CH_SLEEP_001,1,model_reco,ins_high_wake_irregular,0,0
EXP_U001015_12,U001015,2025-09-14,CH_SLEEP_001,1,model_reco,ins_high_wake_irregular,0,1
EXP_U001015_13,U001015,2025-09-15,CH_SLEEP_001,1,model_reco,ins_high_wake_irregular,1,0
EXP_U001016_1,U001016,2025-06-18,CH_SLEEP_001,1,model_reco,ins_high_wake_irregular,1,0
EXP_U001016_2,U001016,2025-07-08,CH_SLEEP_001,1,model_reco,ins_high_wake_irregular,0,1
EXP_U001016_3,U001016,2025-08-18,CH_SLEEP_001,1,model_reco,ins_high_wake_irregular,0,0
EXP_U001016_4,U001016,2025-08-22,CH_SLEEP_001,1,model_reco,ins_high_wake_irregular,1,0
EXP_U001016_5,U001016,2025-09-05,CH_SLEEP_001,1,model_reco,ins_high_wake_irregular,0,1
EXP_U001017_1,U001017,2025-07-02,CH_SLEEP_001,1,model_reco,ins_high_wake_irregular,0,1
EXP_U001017_2,U001017,2025-07-03,CH_SLEEP_001,1,model_reco,ins_high_wake_irregular,0,0
EXP_U001017_3,U001017,2025-07-07,CH_SLEEP_001,1,model_reco,ins_high_wake_irregular,0,1
EXP_U001017_4,U001017,2025-07-10,CH_SLEEP_001,1,model_reco,ins_high_wake_irregular,0,1
EXP_U001017_5,U001017,2025-07-19,CH_SLEEP_001,1,model_reco,ins_high_wake_irregular,1,0
EXP_U001017_6,U001017,2025-07-20,CH_ACT_002,1,model_reco,dep_low_daylight,0,0
EXP_U001017_7,U001017,2025-07-22,CH_ACT_003,1,model_reco,dep_low_activity,0,0
EXP_U001017_8,U001017,2025-07-23,CH_ACT_002,1,model_reco,dep_low_daylight,1,0
EXP_U001017_9,U001017,2025-07-26,CH_SLEEP_001,1,model_reco,ins_high_wake_irregular,1,0
EXP_U001017_10,U001017,2025-07-27,CH_ACT_003,1,model_reco,dep_low_activity,0,1
EXP_U001017_11,U001017,2025-07-29,CH_ACT_002,1,model_reco,dep_low_daylight,1,0
EXP_U001017_12,U001017,2025-07-31,CH_SOC_001,1,model_reco,low_social_contact,1,0
EXP_U001017_13,U001017,2025-08-03,CH_SLEEP_001,1,model_reco,ins_high_wake_irregular,0,1
EXP_U001017_14,U001017,2025-08-04,CH_SLEEP_001,1,model_reco,ins_high_wake_irregular,0,1
EXP_U001017_15,U001017,2025-08-08,CH_SLEEP_001,1,model_reco,ins_high_wake_irregular,1,0
EXP_U001017_16,U001017,2025-08-10,CH_ACT_002,1,model_reco,dep_low_daylight,1,0
EXP_U001017_17,U001017,2025-08-15,CH_ACT_002,1,model_reco,dep_low_daylight,0,0
EXP_U001017_18,U001017,2025-08-17,CH_SLEEP_001,1,model_reco,ins_high_wake_irregular,0,0
EXP_U001017_19,U001017,2025-08-19,CH_SLEEP_001,1,model_reco,ins_high_wake_irregular,1,0
EXP_U001017_20,U001017,2025-08-25,CH_ACT_003,1,model_reco,dep_low_activity,0,0
EXP_U001017_21,U001017,2025-08-27,CH_SLEEP_001,1,model_reco,ins_high_wake_irregular,0,1
EXP_U001017_22,U001017,2025-08-28,CH_SLEEP_001,1,model_reco,ins_high_wake_irregular,0,1
EXP_U001017_23,U001017,2025-08-31,CH_SLEEP_001,1,model_reco,ins_high_wake_irregular,0,1
EXP_U001017_24,U001017,2025-09-01,CH_SLEEP_001,1,model_reco,ins_high_wake_irregular,0,0
EXP_U001018_1,U001018,2025-08-19,CH_SLEEP_001,1,model_reco,ins_high_wake_irregular,1,0
EXP_U001018_2,U001018,2025-08-22,CH_REG_002,1,model_reco,anx_high_anxiety,0,1
EXP_U001018_3,U001018,2025-08-26,CH_SLEEP_001,1,model_reco,ins_high_wake_irregular,0,1
EXP_U001018_4,U001018,2025-08-27,CH_SLEEP_001,1,model_reco,ins_high_wake_irregular,0,0
EXP_U001018_5,U001018,2025-09-01,CH_REG_002,1,model_reco,anx_high_anxiety,0,0
EXP_U001018_6,U001018,2025-09-03,CH_REG_002,1,model_reco,anx_high_anxiety,1,0
EXP_U001018_7,U001018,2025-09-07,CH_REG_001,1,model_reco,anx_high_anxiety,1,0
EXP_U001018_8,U001018,2025-09-10,CH_SLEEP_001,1,model_reco,ins_high_wake_irregular,0,1
EXP_U001018_9,U001018,2025-09-11,CH_SLEEP_001,1,model_reco,ins_high_wake_irregular,0,0
EXP_U001018_10,U001018,2025-09-13,CH_SLEEP_001,1,model_reco,ins_high_wake_irregular,1,0
EXP_U001018_11,U001018,2025-09-16,CH_REG_001,1,model_reco,anx_high_anxiety,1,0
EXP_U001018_12,U001018,2025-09-20,CH_SLEEP_001,1,model_reco,ins_high_wake_irregular,1,0
EXP_U001018_13,U001018,2025-09-21,CH_REG_001,1,model_reco,anx_high_anxiety,1,0
EXP_U001018_14,U001018,2025-09-25,CH_REG_001,1,model_reco,anx_high_anxiety,0,1
EXP_U001018_15,U001018,2025-10-01,CH_SLEEP_001,1,model_reco,ins_high_wake_irregular,1,0
EXP_U001018_16,U001018,2025-10-04,CH_REG_001,1,model_reco,anx_high_anxiety,0,1
EXP_U001018_17,U001018,2025-10-09,CH_SLEEP_001,1,model_reco,ins_high_wake_irregular,1,0
EXP_U001018_18,U001018,2025-10-11,CH_REG_001,1,model_reco,anx_high_anxiety,0,0
EXP_U001018_19,U001018,2025-10-14,CH_REG_001,1,model_reco,anx_high_anxiety,0,0
EXP_U001018_20,U001018,2025-10-19,CH_SLEEP_001,1,model_reco,ins_high_wake_irregular,0,1
EXP_U001018_21,U001018,2025-10-20,CH_SLEEP_001,1,model_reco,ins_high_wake_irregular,1,0
EXP_U001018_22,U001018,2025-10-21,CH_REG_001,1,model_reco,anx_high_anxiety,0,0
EXP_U001018_23,U001018,2025-10-24,CH_REG_001,1,model_reco,anx_high_anxiety,1,0
EXP_U001018_24,U001018,2025-10-29,CH_REG_001,1,model_reco,anx_high_anxiety,1,0
EXP_U001018_25,U001018,2025-10-31,CH_REG_001,1,model_reco,anx_high_anxiety,1,0
EXP_U001018_26,U001018,2025-11-02,CH_REG_001,1,model_reco,anx_high_anxiety,1,0
EXP_U001019_1,U001019,2025-07-25,CH_SLEEP_001,1,model_reco,ins_high_wake_irregular,0,1
EXP_U001019_2,U001019,2025-07-27,CH_SLEEP_001,1,model_reco,ins_high_wake_irregular,0,1
EXP_U001019_3,U001019,2025-08-14,CH_SLEEP_001,1,model_reco,ins_high_wake_irregular,0,1
EXP_U001019_4,U001019,2025-08-16,CH_SLEEP_001,1,model_reco,ins_high_wake_irregular,1,0
EXP_U001019_5,U001019,2025-08-20,CH_REG_001,1,model_reco,anx_high_anxiety,1,0
EXP_U001019_6,U001019,2025-09-01,CH_SLEEP_001,1,model_reco,ins_high_wake_irregular,0,0
EXP_U001019_7,U001019,2025-09-17,CH_SLEEP_001,1,model_reco,ins_high_wake_irregular,0,1
EXP_U001020_1,U001020,2025-07-19,CH_SLEEP_001,1,model_reco,ins_high_wake_irregular,0,1
EXP_U001020_2,U001020,2025-07-23,CH_ACT_001,1,model_reco,dep_low_energy,0,1
EXP_U001020_3,U001020,2025-07-25,CH_SLEEP_001,1,model_reco,ins_high_wake_irregular,0,0
EXP_U001020_4,U001020,2025-07-26,CH_SLEEP_001,1,model_reco,ins_high_wake_irregular,0,1
EXP_U001020_5,U001020,2025-07-28,CH_ACT_001,1,model_reco,dep_low_energy,0,1
EXP_U001020_6,U001020,2025-08-03,CH_SLEEP_001,1,model_reco,ins_high_wake_irregular,1,0
EXP_U001020_7,U001020,2025-08-14,CH_ACT_001,1,model_reco,dep_low_energy,1,0
EXP_U001020_8,U001020,2025-08-16,CH_SLEEP_001,1,model_reco,ins_high_wake_irregular,0,1
EXP_U001020_9,U001020,2025-08-19,CH_SLEEP_001,1,model_reco,ins_high_wake_irregular,0,0
EXP_U001020_10,U001020,2025-08-21,CH_ACT_003,1,model_reco,dep_low_activity,0,1
EXP_U001020_11,U001020,2025-08-26,CH_SLEEP_001,1,model_reco,ins_high_wake_irregular,0,1
EXP_U001020_12,U001020,2025-08-28,CH_SLEEP_001,1,model_reco,ins_high_wake_irregular,0,1
EXP_U001020_13,U001020,2025-09-01,CH_ACT_001,1,model_reco,dep_low_energy,1,0
EXP_U001020_14,U001020,2025-09-02,CH_SLEEP_001,1,model_reco,ins_high_wake_irregular,1,0
EXP_U001020_15,U001020,2025-09-09,CH_SLEEP_001,1,model_reco,ins_high_wake_irregular,1,0
EXP_U001020_16,U001020,2025-09-10,CH_ACT_001,1,model_reco,dep_low_energy,0,1
EXP_U001020_17,U001020,2025-09-20,CH_ACT_002,1,model_reco,dep_low_daylight,1,0
EXP_U001021_1,U001021,2025-08-08,CH_ACT_002,1,model_reco,dep_low_daylight,0,0
EXP_U001021_2,U001021,2025-08-09,CH_ACT_003,1,model_reco,dep_low_activity,1,0
EXP_U001021_3,U001021,2025-08-20,CH_ACT_003,1,model_reco,dep_low_activity,0,0
EXP_U001021_4,U001021,2025-09-09,CH_ACT_003,1,model_reco,dep_low_activity,0,1
EXP_U001021_5,U001021,2025-09-11,CH_ACT_003,1,model_reco,dep_low_activity,1,0
EXP_U001021_6,U001021,2025-09-17,CH_ACT_003,1,model_reco,dep_low_activity,0,0
EXP_U001021_7,U001021,2025-09-23,CH_ACT_002,1,model_reco,dep_low_daylight,0,1
EXP_U001021_8,U001021,2025-09-28,CH_ACT_003,1,model_reco,dep_low_activity,1,0
EXP_U001021_9,U001021,2025-10-20,CH_ACT_002,1,model_reco,dep_low_daylight,0,1
EXP_U001022_1,U001022,2025-07-29,CH_ACT_001,1,model_reco,dep_low_energy,1,0
EXP_U001022_2,U001022,2025-08-25,CH_WELL_001,1,model_reco,supportive_wellbeing,1,0
EXP_U001022_3,U001022,2025-08-28,CH_ACT_001,1,model_reco,dep_low_energy,0,0
EXP_U001022_4,U001022,2025-09-02,CH_ACT_001,1,model_reco,dep_low_energy,0,0
EXP_U001022_5,U001022,2025-09-04,CH_ACT_002,1,model_reco,dep_low_daylight,1,0
EXP_U001022_6,U001022,2025-09-05,CH_SOC_001,1,model_reco,low_social_contact,1,0
EXP_U001023_1,U001023,2025-09-03,CH_WELL_001,1,model_reco,supportive_wellbeing,0,1
EXP_U001023_2,U001023,2025-09-07,CH_REG_001,1,model_reco,anx_high_anxiety,1,0
EXP_U001023_3,U001023,2025-09-11,CH_REG_002,1,model_reco,anx_high_anxiety,0,0
EXP_U001023_4,U001023,2025-09-13,CH_REG_001,1,model_reco,anx_high_anxiety,0,1
EXP_U001023_5,U001023,2025-09-20,CH_REG_001,1,model_reco,anx_high_anxiety,1,0
EXP_U001023_6,U001023,2025-09-22,CH_REG_001,1,model_reco,anx_high_anxiety,0,0
EXP_U001023_7,U001023,2025-09-28,CH_REG_001,1,model_reco,anx_high_anxiety,0,0
EXP_U001024_1,U001024,2025-06-20,CH_SLEEP_001,1,model_reco,ins_high_wake_irregular,0,1
EXP_U001024_2,U001024,2025-06-22,CH_SLEEP_001,1,model_reco,ins_high_wake_irregular,0,1
EXP_U001024_3,U001024,2025-06-23,CH_SLEEP_001,1,model_reco,ins_high_wake_irregular,0,1
EXP_U001024_4,U001024,2025-06-27,CH_SLEEP_001,1,model_reco,ins_high_wake_irregular,0,0
EXP_U001024_5,U001024,2025-06-30,CH_SLEEP_001,1,model_reco,ins_high_wake_irregular,0,0
EXP_U001024_6,U001024,2025-07-19,CH_SLEEP_001,1,model_reco,ins_high_wake_irregular,0,0
EXP_U001024_7,U001024,2025-07-20,CH_SLEEP_001,1,model_reco,ins_high_wake_irregular,0,0
EXP_U001024_8,U001024,2025-07-21,CH_SLEEP_001,1,model_reco,ins_high_wake_irregular,1,0
EXP_U001024_9,U001024,2025-07-22,CH_REG_001,1,model_reco,anx_high_anxiety,0,1
EXP_U001024_10,U001024,2025-07-23,CH_REG_002,1,model_reco,anx_high_anxiety,0,0
EXP_U001024_11,U001024,2025-07-28,CH_SLEEP_001,1,model_reco,ins_high_wake_irregular,0,0
EXP_U001024_12,U001024,2025-07-29,CH_SLEEP_001,1,model_reco,ins_high_wake_irregular,0,0
EXP_U001024_13,U001024,2025-07-30,CH_SLEEP_001,1,model_reco,ins_high_wake_irregular,1,0
EXP_U001024_14,U001024,2025-07-31,CH_REG_001,1,model_reco,anx_high_anxiety,0,0
EXP_U001024_15,U001024,2025-08-01,CH_REG_001,1,model_reco,anx_high_anxiety,1,0
EXP_U001024_16,U001024,2025-08-03,CH_REG_001,1,model_reco,anx_high_anxiety,0,1
EXP_U001024_17,U001024,2025-08-09,CH_SLEEP_001,1,model_reco,ins_high_wake_irregular,0,0
EXP_U001024_18,U001024,2025-08-10,CH_REG_001,1,model_reco,anx_high_anxiety,1,0
EXP_U001024_19,U001024,2025-08-19,CH_SLEEP_001,1,model_reco,ins_high_wake_irregular,0,1
EXP_U001024_20,U001024,2025-08-24,CH_SLEEP_001,1,model_reco,ins_high_wake_irregular,0,1
EXP_U001024_21,U001024,2025-08-29,CH_SLEEP_001,1,model_reco,ins_high_wake_irregular,0,1
EXP_U001024_22,U001024,2025-08-31,CH_SLEEP_001,1,model_reco,ins_high_wake_irregular,0,0
EXP_U001024_23,U001024,2025-09-07,CH_SLEEP_001,1,model_reco,ins_high_wake_irregular,0,1
EXP_U001025_1,U001025,2025-07-21,CH_REG_001,1,model_reco,anx_high_anxiety,1,0
EXP_U001025_2,U001025,2025-07-27,CH_REG_001,1,model_reco,anx_high_anxiety,0,0
EXP_U001025_3,U001025,2025-08-18,CH_REG_001,1,model_reco,anx_high_anxiety,0,0
EXP_U001025_4,U001025,2025-08-19,CH_REG_002,1,model_reco,anx_high_anxiety,0,1
EXP_U001025_5,U001025,2025-08-28,CH_REG_002,1,model_reco,anx_high_anxiety,1,0
EXP_U001025_6,U001025,2025-09-03,CH_REG_001,1,model_reco,anx_high_anxiety,0,1
EXP_U001025_7,U001025,2025-09-16,CH_REG_001,1,model_reco,anx_high_anxiety,0,0
EXP_U001025_8,U001025,2025-09-23,CH_REG_002,1,model_reco,anx_high_anxiety,1,0
EXP_U001025_9,U001025,2025-09-24,CH_REG_001,1,model_reco,anx_high_anxiety,1,0
EXP_U001026_1,U001026,2025-09-22,CH_SLEEP_001,1,model_reco,ins_high_wake_irregular,0,0
EXP_U001026_2,U001026,2025-09-24,CH_SLEEP_001,1,model_reco,ins_high_wake_irregular,0,1
EXP_U001026_3,U001026,2025-10-29,CH_WELL_001,1,model_reco,supportive_wellbeing,1,0
EXP_U001026_4,U001026,2025-11-02,CH_WELL_001,1,model_reco,supportive_wellbeing,0,0
EXP_U001026_5,U001026,2025-11-06,CH_REG_002,1,model_reco,anx_high_anxiety,0,0
EXP_U001027_1,U001027,2025-06-11,CH_SLEEP_001,1,model_reco,ins_high_wake_irregular,1,0
EXP_U001027_2,U001027,2025-06-13,CH_ACT_003,1,model_reco,dep_low_activity,0,1
EXP_U001027_3,U001027,2025-06-22,CH_SLEEP_001,1,model_reco,ins_high_wake_irregular,1,0
EXP_U001027_4,U001027,2025-06-23,CH_ACT_003,1,model_reco,dep_low_activity,0,0
EXP_U001027_5,U001027,2025-06-29,CH_SLEEP_001,1,model_reco,ins_high_wake_irregular,0,0
EXP_U001027_6,U001027,2025-07-04,CH_SLEEP_001,1,model_reco,ins_high_wake_irregular,0,1
EXP_U001027_7,U001027,2025-07-09,CH_SLEEP_001,1,model_reco,ins_high_wake_irregular,0,1
EXP_U001027_8,U001027,2025-07-17,CH_SLEEP_001,1,model_reco,ins_high_wake_irregular,1,0
EXP_U001027_9,U001027,2025-07-18,CH_ACT_003,1,model_reco,dep_low_activity,0,0
EXP_U001027_10,U001027,2025-07-22,CH_ACT_003,1,model_reco,dep_low_activity,0,1
EXP_U001027_11,U001027,2025-07-23,CH_ACT_002,1,model_reco,dep_low_daylight,0,1
EXP_U001027_12,U001027,2025-07-31,CH_SLEEP_001,1,model_reco,ins_high_wake_irregular,0,0
EXP_U001027_13,U001027,2025-08-02,CH_SLEEP_001,1,model_reco,ins_high_wake_irregular,1,0
EXP_U001027_14,U001027,2025-08-04,CH_ACT_003,1,model_reco,dep_low_activity,0,0
EXP_U001027_15,U001027,2025-08-07,CH_ACT_002,1,model_reco,dep_low_daylight,0,0
EXP_U001027_16,U001027,2025-08-10,CH_SLEEP_001,1,model_reco,ins_high_wake_irregular,0,1
EXP_U001027_17,U001027,2025-08-12,CH_SLEEP_001,1,model_reco,ins_high_wake_irregular,0,1
EXP_U001027_18,U001027,2025-08-15,CH_SLEEP_001,1,model_reco,ins_high_wake_irregular,1,0
EXP_U001027_19,U001027,2025-08-20,CH_ACT_002,1,model_reco,dep_low_daylight,1,0
EXP_U001027_20,U001027,2025-08-24,CH_SLEEP_001,1,model_reco,ins_high_wake_irregular,0,0
EXP_U001027_21,U001027,2025-08-28,CH_SLEEP_001,1,model_reco,ins_high_wake_irregular,0,0
EXP_U001027_22,U001027,2025-08-29,CH_SLEEP_001,1,model_reco,ins_high_wake_irregular,0,0
EXP_U001028_1,U001028,2025-07-10,CH_SLEEP_001,1,model_reco,ins_high_wake_irregular,1,0
EXP_U001028_2,U001028,2025-07-26,CH_SLEEP_001,1,model_reco,ins_high_wake_irregular,0,0
EXP_U001028_3,U001028,2025-08-09,CH_SLEEP_001,1,model_reco,ins_high_wake_irregular,0,1
EXP_U001028_4,U001028,2025-08-12,CH_SLEEP_001,1,model_reco,ins_high_wake_irregular,1,0
EXP_U001028_5,U001028,2025-08-29,CH_SLEEP_001,1,model_reco,ins_high_wake_irregular,0,0
EXP_U001028_6,U001028,2025-09-23,CH_SLEEP_001,1,model_reco,ins_high_wake_irregular,1,0
EXP_U001028_7,U001028,2025-09-28,CH_ACT_003,1,model_reco,dep_low_activity,0,1
EXP_U001029_1,U001029,2025-08-23,CH_SLEEP_001,1,model_reco,ins_high_wake_irregular,0,0
EXP_U001029_2,U001029,2025-08-28,CH_SLEEP_001,1,model_reco,ins_high_wake_irregular,0,1
EXP_U001029_3,U001029,2025-08-29,CH_SLEEP_001,1,model_reco,ins_high_wake_irregular,1,0
EXP_U001029_4,U001029,2025-09-09,CH_SLEEP_001,1,model_reco,ins_high_wake_irregular,0,1
EXP_U001029_5,U001029,2025-09-16,CH_SLEEP_001,1,model_reco,ins_high_wake_irregular,0,1
EXP_U001029_6,U001029,2025-09-23,CH_SLEEP_001,1,model_reco,ins_high_wake_irregular,0,1
EXP_U001029_7,U001029,2025-10-02,CH_SLEEP_001,1,model_reco,ins_high_wake_irregular,1,0
EXP_U001029_8,U001029,2025-10-05,CH_WELL_001,1,model_reco,supportive_wellbeing,1,0
EXP_U001029_9,U001029,2025-10-13,CH_SLEEP_001,1,model_reco,ins_high_wake_irregular,0,1
EXP_U001029_10,U001029,2025-10-21,CH_SLEEP_001,1,model_reco,ins_high_wake_irregular,0,0
EXP_U001029_11,U001029,2025-10-22,CH_SLEEP_001,1,model_reco,ins_high_wake_irregular,0,0
EXP_U001029_12,U001029,2025-10-24,CH_SLEEP_001,1,model_reco,ins_high_wake_irregular,0,1
EXP_U001029_13,U001029,2025-10-27,CH_SLEEP_001,1,model_reco,ins_high_wake_irregular,0,1
EXP_U001029_14,U001029,2025-10-28,CH_SLEEP_001,1,model_reco,ins_high_wake_irregular,1,0
EXP_U001029_15,U001029,2025-11-07,CH_SLEEP_001,1,model_reco,ins_high_wake_irregular,0,0
EXP_U001030_1,U001030,2025-09-02,CH_SLEEP_001,1,model_reco,ins_high_wake_irregular,0,1
EXP_U001030_2,U001030,2025-09-07,CH_SLEEP_001,1,model_reco,ins_high_wake_irregular,0,1
EXP_U001030_3,U001030,2025-09-13,CH_SLEEP_001,1,model_reco,ins_high_wake_irregular,0,1
EXP_U001030_4,U001030,2025-09-22,CH_SLEEP_001,1,model_reco,ins_high_wake_irregular,1,0
EXP_U001030_5,U001030,2025-10-02,CH_SLEEP_001,1,model_reco,ins_high_wake_irregular,1,0
EXP_U001030_6,U001030,2025-10-24,CH_SLEEP_001,1,model_reco,ins_high_wake_irregular,0,0
EXP_U001030_7,U001030,2025-10-27,CH_SLEEP_001,1,model_reco,ins_high_wake_irregular,1,0
EXP_U001030_8,U001030,2025-11-14,CH_SLEEP_001,1,model_reco,ins_high_wake_irregular,0,1
EXP_U001030_9,U001030,2025-11-23,CH_SLEEP_001,1,model_reco,ins_high_wake_irregular,1,0
EXP_U001031_1,U001031,2025-09-08,CH_WELL_001,1,model_reco,supportive_wellbeing,1,0
EXP_U001031_2,U001031,2025-10-04,CH_WELL_001,1,model_reco,supportive_wellbeing,1,0
EXP_U001032_1,U001032,2025-07-03,CH_SLEEP_001,1,model_reco,ins_high_wake_irregular,1,0
EXP_U001032_2,U001032,2025-07-17,CH_SLEEP_001,1,model_reco,ins_high_wake_irregular,0,1
EXP_U001032_3,U001032,2025-07-23,CH_SLEEP_001,1,model_reco,ins_high_wake_irregular,1,0
EXP_U001032_4,U001032,2025-07-26,CH_REG_001,1,model_reco,anx_high_anxiety,0,0
EXP_U001032_5,U001032,2025-07-31,CH_SLEEP_001,1,model_reco,ins_high_wake_irregular,0,0
EXP_U001032_6,U001032,2025-08-03,CH_SLEEP_001,1,model_reco,ins_high_wake_irregular,0,1
EXP_U001032_7,U001032,2025-08-10,CH_SLEEP_001,1,model_reco,ins_high_wake_irregular,0,0
EXP_U001032_8,U001032,2025-08-11,CH_SLEEP_001,1,model_reco,ins_high_wake_irregular,0,1
EXP_U001032_9,U001032,2025-08-14,CH_SLEEP_001,1,model_reco,ins_high_wake_irregular,0,0
EXP_U001032_10,U001032,2025-08-16,CH_SLEEP_001,1,model_reco,ins_high_wake_irregular,1,0
EXP_U001032_11,U001032,2025-08-28,CH_SLEEP_001,1,model_reco,ins_high_wake_irregular,1,0
EXP_U001032_12,U001032,2025-09-11,CH_SLEEP_001,1,model_reco,ins_high_wake_irregular,0,1
EXP_U001032_13,U001032,2025-09-14,CH_SLEEP_001,1,model_reco,ins_high_wake_irregular,0,0
EXP_U001032_14,U001032,2025-09-22,CH_SLEEP_001,1,model_reco,ins_high_wake_irregular,1,0
EXP_U001033_1,U001033,2025-06-24,CH_SLEEP_001,1,model_reco,ins_high_wake_irregular,0,1
EXP_U001033_2,U001033,2025-06-27,CH_SLEEP_001,1,model_reco,ins_high_wake_irregular,0,1
EXP_U001033_3,U001033,2025-07-04,CH_SLEEP_001,1,model_reco,ins_high_wake_irregular,1,0
EXP_U001033_4,U001033,2025-07-11,CH_SLEEP_001,1,model_reco,ins_high_wake_irregular,1,0
EXP_U001033_5,U001033,2025-07-22,CH_SLEEP_001,1,model_reco,ins_high_wake_irregular,0,1
EXP_U001033_6,U001033,2025-07-26,CH_WELL_001,1,model_reco,supportive_wellbeing,1,0
EXP_U001033_7,U001033,2025-08-15,CH_SLEEP_001,1,model_reco,ins_high_wake_irregular,1,0
EXP_U001034_1,U001034,2025-09-05,CH_SOC_001,1,model_reco,low_social_contact,0,1
EXP_U001034_2,U001034,2025-09-06,CH_SLEEP_001,1,model_reco,ins_high_wake_irregular,0,1
EXP_U001034_3,U001034,2025-09-09,CH_SLEEP_001,1,model_reco,ins_high_wake_irregular,0,0
EXP_U001034_4,U001034,2025-09-18,CH_SLEEP_001,1,model_reco,ins_high_wake_irregular,0,1
EXP_U001034_5,U001034,2025-10-03,CH_SLEEP_001,1,model_reco,ins_high_wake_irregular,0,1
EXP_U001034_6,U001034,2025-10-12,CH_SLEEP_001,1,model_reco,ins_high_wake_irregular,0,1
EXP_U001034_7,U001034,2025-10-24,CH_SOC_001,1,model_reco,low_social_contact,1,0
EXP_U001034_8,U001034,2025-10-27,CH_SLEEP_001,1,model_reco,ins_high_wake_irregular,1,0
EXP_U001035_1,U001035,2025-06-16,CH_REG_002,1,model_reco,anx_high_anxiety,0,1
EXP_U001035_2,U001035,2025-06-25,CH_ACT_001,1,model_reco,dep_low_energy,1,0
EXP_U001035_3,U001035,2025-07-04,CH_REG_001,1,model_reco,anx_high_anxiety,1,0
EXP_U001035_4,U001035,2025-07-05,CH_REG_001,1,model_reco,anx_high_anxiety,0,1
EXP_U001035_5,U001035,2025-07-06,CH_REG_002,1,model_reco,anx_high_anxiety,1,0
EXP_U001035_6,U001035,2025-07-17,CH_REG_002,1,model_reco,anx_high_anxiety,1,0
EXP_U001035_7,U001035,2025-07-19,CH_REG_002,1,model_reco,anx_high_anxiety,1,0
EXP_U001035_8,U001035,2025-07-22,CH_REG_001,1,model_reco,anx_high_anxiety,0,1
EXP_U001035_9,U001035,2025-07-27,CH_REG_001,1,model_reco,anx_high_anxiety,0,1
EXP_U001035_10,U001035,2025-08-13,CH_REG_001,1,model_reco,anx_high_anxiety,1,0
EXP_U001036_1,U001036,2025-08-31,CH_REG_001,1,model_reco,anx_high_anxiety,1,0
EXP_U001036_2,U001036,2025-09-25,CH_REG_001,1,model_reco,anx_high_anxiety,0,0
EXP_U001037_1,U001037,2025-08-20,CH_REG_002,1,model_reco,anx_high_anxiety,1,0
EXP_U001037_2,U001037,2025-08-21,CH_REG_001,1,model_reco,anx_high_anxiety,1,0
EXP_U001037_3,U001037,2025-09-02,CH_REG_001,1,model_reco,anx_high_anxiety,1,0
EXP_U001037_4,U001037,2025-09-24,CH_REG_002,1,model_reco,anx_high_anxiety,1,0
EXP_U001037_5,U001037,2025-09-25,CH_REG_001,1,model_reco,anx_high_anxiety,1,0
EXP_U001037_6,U001037,2025-10-03,CH_REG_001,1,model_reco,anx_high_anxiety,0,1
EXP_U001037_7,U001037,2025-10-04,CH_REG_001,1,model_reco,anx_high_anxiety,0,1
EXP_U001037_8,U001037,2025-10-07,CH_REG_002,1,model_reco,anx_high_anxiety,1,0
EXP_U001037_9,U001037,2025-10-12,CH_REG_001,1,model_reco,anx_high_anxiety,0,1
EXP_U001037_10,U001037,2025-10-17,CH_REG_001,1,model_reco,anx_high_anxiety,0,0
EXP_U001037_11,U001037,2025-10-18,CH_REG_001,1,model_reco,anx_high_anxiety,0,0
EXP_U001037_12,U001037,2025-10-20,CH_REG_002,1,model_reco,anx_high_anxiety,1,0
EXP_U001037_13,U001037,2025-10-23,CH_REG_001,1,model_reco,anx_high_anxiety,0,0
EXP_U001037_14,U001037,2025-10-28,CH_REG_002,1,model_reco,anx_high_anxiety,0,1
EXP_U001037_15,U001037,2025-11-02,CH_REG_002,1,model_reco,anx_high_anxiety,1,0
EXP_U001038_1,U001038,2025-09-11,CH_WELL_001,1,model_reco,supportive_wellbeing,1,0
EXP_U001038_2,U001038,2025-09-21,CH_ACT_001,1,model_reco,dep_low_energy,0,1
EXP_U001038_3,U001038,2025-09-29,CH_REG_001,1,model_reco,anx_high_anxiety,1,0
EXP_U001038_4,U001038,2025-10-09,CH_ACT_001,1,model_reco,dep_low_energy,0,0
EXP_U001038_5,U001038,2025-11-01,CH_ACT_001,1,model_reco,dep_low_energy,1,0
EXP_U001039_1,U001039,2025-07-12,CH_ACT_003,1,model_reco,dep_low_activity,0,1
EXP_U001039_2,U001039,2025-07-13,CH_ACT_003,1,model_reco,dep_low_activity,0,1
EXP_U001039_3,U001039,2025-07-15,CH_ACT_002,1,model_reco,dep_low_daylight,0,0
EXP_U001039_4,U001039,2025-07-21,CH_ACT_003,1,model_reco,dep_low_activity,0,0
EXP_U001039_5,U001039,2025-07-23,CH_ACT_003,1,model_reco,dep_low_activity,1,0
EXP_U001039_6,U001039,2025-07-24,CH_SOC_001,1,model_reco,low_social_contact,1,0
EXP_U001039_7,U001039,2025-07-29,CH_ACT_002,1,model_reco,dep_low_daylight,1,0
EXP_U001039_8,U001039,2025-08-04,CH_ACT_002,1,model_reco,dep_low_daylight,0,0
EXP_U001039_9,U001039,2025-08-07,CH_ACT_003,1,model_reco,dep_low_activity,0,0
EXP_U001039_10,U001039,2025-08-12,CH_ACT_001,1,model_reco,dep_low_energy,1,0
EXP_U001039_11,U001039,2025-08-17,CH_ACT_003,1,model_reco,dep_low_activity,0,0
EXP_U001039_12,U001039,2025-08-20,CH_ACT_002,1,model_reco,dep_low_daylight,0,0
EXP_U001039_13,U001039,2025-08-21,CH_ACT_002,1,model_reco,dep_low_daylight,1,0
EXP_U001039_14,U001039,2025-08-24,CH_ACT_002,1,model_reco,dep_low_daylight,0,0
EXP_U001039_15,U001039,2025-08-30,CH_ACT_003,1,model_reco,dep_low_activity,0,1
EXP_U001039_16,U001039,2025-08-31,CH_ACT_003,1,model_reco,dep_low_activity,1,0
EXP_U001039_17,U001039,2025-09-05,CH_ACT_003,1,model_reco,dep_low_activity,1,0
EXP_U001039_18,U001039,2025-09-08,CH_ACT_003,1,model_reco,dep_low_activity,0,0
EXP_U001039_19,U001039,2025-09-15,CH_ACT_002,1,model_reco,dep_low_daylight,1,0
EXP_U001039_20,U001039,2025-09-22,CH_ACT_002,1,model_reco,dep_low_daylight,1,0
EXP_U001039_21,U001039,2025-09-26,CH_ACT_002,1,model_reco,dep_low_daylight,1,0
EXP_U001040_1,U001040,2025-06-26,CH_SLEEP_001,1,model_reco,ins_high_wake_irregular,0,1
EXP_U001040_2,U001040,2025-07-03,CH_SLEEP_001,1,model_reco,ins_high_wake_irregular,1,0
EXP_U001040_3,U001040,2025-07-11,CH_SLEEP_001,1,model_reco,ins_high_wake_irregular,0,0
EXP_U001040_4,U001040,2025-07-12,CH_SLEEP_001,1,model_reco,ins_high_wake_irregular,0,1
EXP_U001040_5,U001040,2025-07-13,CH_SLEEP_001,1,model_reco,ins_high_wake_irregular,0,1
EXP_U001040_6,U001040,2025-07-25,CH_SLEEP_001,1,model_reco,ins_high_wake_irregular,1,0
EXP_U001040_7,U001040,2025-08-27,CH_SLEEP_001,1,model_reco,ins_high_wake_irregular,1,0
EXP_U001041_1,U001041,2025-08-30,CH_SLEEP_001,1,model_reco,ins_high_wake_irregular,0,1
EXP_U001041_2,U001041,2025-09-06,CH_SLEEP_001,1,model_reco,ins_high_wake_irregular,1,0
EXP_U001041_3,U001041,2025-09-15,CH_SLEEP_001,1,model_reco,ins_high_wake_irregular,1,0
EXP_U001041_4,U001041,2025-09-21,CH_ACT_002,1,model_reco,dep_low_daylight,0,1
EXP_U001041_5,U001041,2025-10-01,CH_SLEEP_001,1,model_reco,ins_high_wake_irregular,1,0
EXP_U001041_6,U001041,2025-10-05,CH_ACT_003,1,model_reco,dep_low_activity,0,1
EXP_U001041_7,U001041,2025-10-06,CH_SOC_001,1,model_reco,low_social_contact,0,1
EXP_U001041_8,U001041,2025-10-14,CH_SLEEP_001,1,model_reco,ins_high_wake_irregular,0,1
EXP_U001041_9,U001041,2025-10-16,CH_SLEEP_001,1,model_reco,ins_high_wake_irregular,1,0
EXP_U001041_10,U001041,2025-10-25,CH_SLEEP_001,1,model_reco,ins_high_wake_irregular,1,0
EXP_U001041_11,U001041,2025-10-27,CH_ACT_002,1,model_reco,dep_low_daylight,0,1
EXP_U001041_12,U001041,2025-11-08,CH_SLEEP_001,1,model_reco,ins_high_wake_irregular,0,1
EXP_U001041_13,U001041,2025-11-09,CH_SLEEP_001,1,model_reco,ins_high_wake_irregular,1,0
EXP_U001041_14,U001041,2025-11-17,CH_SLEEP_001,1,model_reco,ins_high_wake_irregular,0,0
EXP_U001041_15,U001041,2025-11-18,CH_SLEEP_001,1,model_reco,ins_high_wake_irregular,1,0
EXP_U001042_1,U001042,2025-07-14,CH_SLEEP_001,1,model_reco,ins_high_wake_irregular,1,0
EXP_U001042_2,U001042,2025-07-19,CH_WELL_001,1,model_reco,supportive_wellbeing,1,0
EXP_U001042_3,U001042,2025-08-11,CH_SLEEP_001,1,model_reco,ins_high_wake_irregular,1,0
EXP_U001042_4,U001042,2025-08-25,CH_SLEEP_001,1,model_reco,ins_high_wake_irregular,0,0
EXP_U001042_5,U001042,2025-08-28,CH_SLEEP_001,1,model_reco,ins_high_wake_irregular,0,1
EXP_U001042_6,U001042,2025-08-30,CH_SLEEP_001,1,model_reco,ins_high_wake_irregular,1,0
EXP_U001042_7,U001042,2025-09-05,CH_WELL_001,1,model_reco,supportive_wellbeing,1,0
EXP_U001042_8,U001042,2025-09-14,CH_SLEEP_001,1,model_reco,ins_high_wake_irregular,0,0
EXP_U001042_9,U001042,2025-09-27,CH_SLEEP_001,1,model_reco,ins_high_wake_irregular,0,1
EXP_U001043_1,U001043,2025-06-29,CH_REG_002,1,model_reco,anx_high_anxiety,1,0
EXP_U001043_2,U001043,2025-07-05,CH_REG_002,1,model_reco,anx_high_anxiety,1,0
EXP_U001043_3,U001043,2025-07-08,CH_REG_002,1,model_reco,anx_high_anxiety,1,0
EXP_U001043_4,U001043,2025-07-15,CH_REG_001,1,model_reco,anx_high_anxiety,1,0
EXP_U001043_5,U001043,2025-07-16,CH_REG_001,1,model_reco,anx_high_anxiety,1,0
EXP_U001043_6,U001043,2025-07-18,CH_ACT_001,1,model_reco,dep_low_energy,0,1
EXP_U001043_7,U001043,2025-07-19,CH_REG_001,1,model_reco,anx_high_anxiety,0,1
EXP_U001043_8,U001043,2025-07-22,CH_REG_001,1,model_reco,anx_high_anxiety,1,0
EXP_U001043_9,U001043,2025-07-24,CH_REG_001,1,model_reco,anx_high_anxiety,1,0
EXP_U001043_10,U001043,2025-07-27,CH_REG_001,1,model_reco,anx_high_anxiety,0,1
EXP_U001043_11,U001043,2025-07-28,CH_REG_001,1,model_reco,anx_high_anxiety,0,1
EXP_U001043_12,U001043,2025-07-29,CH_REG_002,1,model_reco,anx_high_anxiety,1,0
EXP_U001043_13,U001043,2025-08-12,CH_REG_001,1,model_reco,anx_high_anxiety,0,0
EXP_U001043_14,U001043,2025-08-17,CH_REG_002,1,model_reco,anx_high_anxiety,0,0
EXP_U001043_15,U001043,2025-08-18,CH_REG_001,1,model_reco,anx_high_anxiety,0,0
EXP_U001043_16,U001043,2025-08-21,CH_REG_002,1,model_reco,anx_high_anxiety,1,0
EXP_U001043_17,U001043,2025-08-27,CH_REG_001,1,model_reco,anx_high_anxiety,0,0
EXP_U001044_1,U001044,2025-08-21,CH_SLEEP_001,1,model_reco,ins_high_wake_irregular,0,0
EXP_U001044_2,U001044,2025-08-23,CH_SLEEP_001,1,model_reco,ins_high_wake_irregular,1,0
EXP_U001044_3,U001044,2025-08-26,CH_ACT_001,1,model_reco,dep_low_energy,0,1
EXP_U001044_4,U001044,2025-08-28,CH_ACT_001,1,model_reco,dep_low_energy,0,1
EXP_U001044_5,U001044,2025-08-31,CH_SLEEP_001,1,model_reco,ins_high_wake_irregular,1,0
EXP_U001044_6,U001044,2025-09-03,CH_REG_001,1,model_reco,anx_high_anxiety,0,0
EXP_U001044_7,U001044,2025-09-07,CH_SLEEP_001,1,model_reco,ins_high_wake_irregular,0,1
EXP_U001044_8,U001044,2025-09-12,CH_SLEEP_001,1,model_reco,ins_high_wake_irregular,0,1
EXP_U001044_9,U001044,2025-09-22,CH_SLEEP_001,1,model_reco,ins_high_wake_irregular,0,1
EXP_U001044_10,U001044,2025-09-26,CH_SLEEP_001,1,model_reco,ins_high_wake_irregular,0,1
EXP_U001044_11,U001044,2025-09-30,CH_SLEEP_001,1,model_reco,ins_high_wake_irregular,1,0
EXP_U001044_12,U001044,2025-10-02,CH_ACT_002,1,model_reco,dep_low_daylight,0,0
EXP_U001044_13,U001044,2025-10-05,CH_ACT_002,1,model_reco,dep_low_daylight,0,1
EXP_U001044_14,U001044,2025-10-07,CH_SLEEP_001,1,model_reco,ins_high_wake_irregular,1,0
EXP_U001044_15,U001044,2025-10-23,CH_SLEEP_001,1,model_reco,ins_high_wake_irregular,0,0
EXP_U001044_16,U001044,2025-10-24,CH_SLEEP_001,1,model_reco,ins_high_wake_irregular,0,0
EXP_U001044_17,U001044,2025-10-25,CH_SLEEP_001,1,model_reco,ins_high_wake_irregular,1,0
EXP_U001044_18,U001044,2025-10-26,CH_ACT_003,1,model_reco,dep_low_activity,0,1
EXP_U001044_19,U001044,2025-10-27,CH_ACT_003,1,model_reco,dep_low_activity,0,0
EXP_U001044_20,U001044,2025-11-03,CH_SLEEP_001,1,model_reco,ins_high_wake_irregular,1,0
EXP_U001044_21,U001044,2025-11-05,CH_ACT_001,1,model_reco,dep_low_energy,0,1
EXP_U001045_1,U001045,2025-08-18,CH_ACT_003,1,model_reco,dep_low_activity,0,1
EXP_U001045_2,U001045,2025-08-21,CH_ACT_003,1,model_reco,dep_low_activity,1,0
EXP_U001045_3,U001045,2025-08-25,CH_ACT_003,1,model_reco,dep_low_activity,0,0
EXP_U001045_4,U001045,2025-09-09,CH_ACT_002,1,model_reco,dep_low_daylight,1,0
EXP_U001045_5,U001045,2025-09-12,CH_ACT_002,1,model_reco,dep_low_daylight,0,0
EXP_U001045_6,U001045,2025-09-18,CH_ACT_003,1,model_reco,dep_low_activity,0,1
EXP_U001045_7,U001045,2025-09-21,CH_ACT_002,1,model_reco,dep_low_daylight,0,0
EXP_U001045_8,U001045,2025-09-22,CH_ACT_003,1,model_reco,dep_low_activity,1,0
EXP_U001045_9,U001045,2025-10-05,CH_ACT_003,1,model_reco,dep_low_activity,0,0
EXP_U001045_10,U001045,2025-10-10,CH_ACT_002,1,model_reco,dep_low_daylight,0,0
EXP_U001045_11,U001045,2025-10-24,CH_ACT_002,1,model_reco,dep_low_daylight,0,0
EXP_U001045_12,U001045,2025-10-25,CH_ACT_002,1,model_reco,dep_low_daylight,0,1
EXP_U001045_13,U001045,2025-10-26,CH_ACT_002,1,model_reco,dep_low_daylight,0,1
EXP_U001045_14,U001045,2025-10-28,CH_ACT_003,1,model_reco,dep_low_activity,1,0
EXP_U001045_15,U001045,2025-10-29,CH_REG_002,1,model_reco,anx_high_anxiety,0,0
EXP_U001045_16,U001045,2025-10-31,CH_ACT_002,1,model_reco,dep_low_daylight,0,0
EXP_U001045_17,U001045,2025-11-03,CH_ACT_003,1,model_reco,dep_low_activity,0,1
EXP_U001045_18,U001045,2025-11-05,CH_ACT_002,1,model_reco,dep_low_daylight,0,0
EXP_U001045_19,U001045,2025-11-07,CH_ACT_002,1,model_reco,dep_low_daylight,0,1
EXP_U001046_1,U001046,2025-07-15,CH_SLEEP_001,1,model_reco,ins_high_wake_irregular,0,0
EXP_U001046_2,U001046,2025-07-16,CH_SLEEP_001,1,model_reco,ins_high_wake_irregular,0,1
EXP_U001046_3,U001046,2025-07-18,CH_SLEEP_001,1,model_reco,ins_high_wake_irregular,0,1
EXP_U001046_4,U001046,2025-07-19,CH_SLEEP_001,1,model_reco,ins_high_wake_irregular,1,0
EXP_U001046_5,U001046,2025-07-26,CH_ACT_002,1,model_reco,dep_low_daylight,0,0
EXP_U001046_6,U001046,2025-08-11,CH_SLEEP_001,1,model_reco,ins_high_wake_irregular,0,0
EXP_U001046_7,U001046,2025-08-16,CH_SLEEP_001,1,model_reco,ins_high_wake_irregular,0,0
EXP_U001046_8,U001046,2025-08-17,CH_SLEEP_001,1,model_reco,ins_high_wake_irregular,0,0
EXP_U001046_9,U001046,2025-08-18,CH_SLEEP_001,1,model_reco,ins_high_wake_irregular,1,0
EXP_U001046_10,U001046,2025-08-19,CH_ACT_003,1,model_reco,dep_low_activity,0,0
EXP_U001046_11,U001046,2025-08-25,CH_SLEEP_001,1,model_reco,ins_high_wake_irregular,0,1
EXP_U001046_12,U001046,2025-08-26,CH_SLEEP_001,1,model_reco,ins_high_wake_irregular,0,1
EXP_U001046_13,U001046,2025-08-27,CH_ACT_002,1,model_reco,dep_low_daylight,0,0
EXP_U001046_14,U001046,2025-08-28,CH_SLEEP_001,1,model_reco,ins_high_wake_irregular,1,0
EXP_U001046_15,U001046,2025-08-31,CH_ACT_003,1,model_reco,dep_low_activity,0,1
EXP_U001046_16,U001046,2025-09-04,CH_SLEEP_001,1,model_reco,ins_high_wake_irregular,0,0
EXP_U001046_17,U001046,2025-09-05,CH_SLEEP_001,1,model_reco,ins_high_wake_irregular,0,0
EXP_U001046_18,U001046,2025-09-11,CH_SLEEP_001,1,model_reco,ins_high_wake_irregular,0,1
EXP_U001046_19,U001046,2025-09-20,CH_ACT_003,1,model_reco,dep_low_activity,0,1
EXP_U001046_20,U001046,2025-09-22,CH_SLEEP_001,1,model_reco,ins_high_wake_irregular,0,1
EXP_U001046_21,U001046,2025-09-23,CH_SLEEP_001,1,model_reco,ins_high_wake_irregular,0,1
EXP_U001046_22,U001046,2025-09-24,CH_SLEEP_001,1,model_reco,ins_high_wake_irregular,1,0
EXP_U001048_1,U001048,2025-07-12,CH_REG_002,1,model_reco,anx_high_anxiety,0,0
EXP_U001048_2,U001048,2025-07-13,CH_REG_001,1,model_reco,anx_high_anxiety,1,0
EXP_U001048_3,U001048,2025-07-14,CH_REG_001,1,model_reco,anx_high_anxiety,0,1
EXP_U001048_4,U001048,2025-07-15,CH_REG_001,1,model_reco,anx_high_anxiety,0,1
EXP_U001048_5,U001048,2025-07-16,CH_REG_002,1,model_reco,anx_high_anxiety,1,0
EXP_U001048_6,U001048,2025-07-18,CH_REG_001,1,model_reco,anx_high_anxiety,0,0
EXP_U001048_7,U001048,2025-07-19,CH_REG_001,1,model_reco,anx_high_anxiety,0,0
EXP_U001048_8,U001048,2025-07-22,CH_REG_001,1,model_reco,anx_high_anxiety,0,0
EXP_U001048_9,U001048,2025-07-26,CH_ACT_003,1,model_reco,dep_low_activity,0,1
EXP_U001048_10,U001048,2025-07-31,CH_REG_001,1,model_reco,anx_high_anxiety,1,0
EXP_U001048_11,U001048,2025-08-04,CH_REG_001,1,model_reco,anx_high_anxiety,1,0
EXP_U001048_12,U001048,2025-08-11,CH_REG_002,1,model_reco,anx_high_anxiety,1,0
EXP_U001048_13,U001048,2025-08-20,CH_REG_001,1,model_reco,anx_high_anxiety,1,0
EXP_U001048_14,U001048,2025-08-24,CH_REG_001,1,model_reco,anx_high_anxiety,1,0
EXP_U001048_15,U001048,2025-09-12,CH_REG_002,1,model_reco,anx_high_anxiety,1,0
EXP_U001048_16,U001048,2025-09-13,CH_REG_001,1,model_reco,anx_high_anxiety,1,0
EXP_U001048_17,U001048,2025-09-17,CH_REG_002,1,model_reco,anx_high_anxiety,0,0
EXP_U001048_18,U001048,2025-09-19,CH_REG_001,1,model_reco,anx_high_anxiety,0,0
EXP_U001048_19,U001048,2025-09-20,CH_REG_002,1,model_reco,anx_high_anxiety,0,0
EXP_U001048_20,U001048,2025-09-26,CH_REG_002,1,model_reco,anx_high_anxiety,1,0
EXP_U001049_1,U001049,2025-11-03,CH_REG_001,1,model_reco,anx_high_anxiety,0,1
EXP_U001050_1,U001050,2025-08-22,CH_SLEEP_001,1,model_reco,ins_high_wake_irregular,0,1
EXP_U001050_2,U001050,2025-09-22,CH_SLEEP_001,1,model_reco,ins_high_wake_irregular,0,1
EXP_U001050_3,U001050,2025-10-12,CH_ACT_003,1,model_reco,dep_low_activity,1,0
EXP_U001050_4,U001050,2025-10-26,CH_SLEEP_001,1,model_reco,ins_high_wake_irregular,0,0
EXP_U001050_5,U001050,2025-10-29,CH_SLEEP_001,1,model_reco,ins_high_wake_irregular,0,1
EXP_U001052_1,U001052,2025-06-12,CH_REG_001,1,model_reco,anx_high_anxiety,1,0
EXP_U001053_1,U001053,2025-07-08,CH_REG_001,1,model_reco,anx_high_anxiety,1,0
EXP_U001053_2,U001053,2025-07-09,CH_ACT_001,1,model_reco,dep_low_energy,0,1
EXP_U001053_3,U001053,2025-07-17,CH_ACT_003,1,model_reco,dep_low_activity,0,1
EXP_U001053_4,U001053,2025-07-20,CH_SLEEP_001,1,model_reco,ins_high_wake_irregular,0,1
EXP_U001053_5,U001053,2025-07-26,CH_SLEEP_001,1,model_reco,ins_high_wake_irregular,0,0
EXP_U001053_6,U001053,2025-07-29,CH_ACT_001,1,model_reco,dep_low_energy,1,0
EXP_U001053_7,U001053,2025-07-30,CH_REG_001,1,model_reco,anx_high_anxiety,0,1
EXP_U001053_8,U001053,2025-07-31,CH_SLEEP_001,1,model_reco,ins_high_wake_irregular,1,0
EXP_U001053_9,U001053,2025-08-01,CH_REG_002,1,model_reco,anx_high_anxiety,0,0
EXP_U001053_10,U001053,2025-08-04,CH_ACT_001,1,model_reco,dep_low_energy,0,0
EXP_U001053_11,U001053,2025-08-13,CH_SLEEP_001,1,model_reco,ins_high_wake_irregular,1,0
EXP_U001053_12,U001053,2025-08-17,CH_ACT_003,1,model_reco,dep_low_activity,1,0
EXP_U001053_13,U001053,2025-08-18,CH_REG_001,1,model_reco,anx_high_anxiety,0,0
EXP_U001053_14,U001053,2025-08-19,CH_REG_002,1,model_reco,anx_high_anxiety,1,0
EXP_U001053_15,U001053,2025-08-22,CH_SLEEP_001,1,model_reco,ins_high_wake_irregular,1,0
EXP_U001053_16,U001053,2025-08-26,CH_ACT_001,1,model_reco,dep_low_energy,0,1
EXP_U001053_17,U001053,2025-08-27,CH_ACT_001,1,model_reco,dep_low_energy,0,0
EXP_U001053_18,U001053,2025-09-06,CH_ACT_003,1,model_reco,dep_low_activity,0,0
EXP_U001053_19,U001053,2025-09-07,CH_SLEEP_001,1,model_reco,ins_high_wake_irregular,1,0
EXP_U001053_20,U001053,2025-09-09,CH_ACT_001,1,model_reco,dep_low_energy,0,1
EXP_U001053_21,U001053,2025-09-10,CH_ACT_001,1,model_reco,dep_low_energy,0,0
EXP_U001053_22,U001053,2025-09-14,CH_SLEEP_001,1,model_reco,ins_high_wake_irregular,0,1
EXP_U001053_23,U001053,2025-09-17,CH_ACT_001,1,model_reco,dep_low_energy,1,0
EXP_U001053_24,U001053,2025-09-18,CH_REG_001,1,model_reco,anx_high_anxiety,0,0
EXP_U001053_25,U001053,2025-09-19,CH_REG_002,1,model_reco,anx_high_anxiety,0,0
EXP_U001053_26,U001053,2025-09-25,CH_SLEEP_001,1,model_reco,ins_high_wake_irregular,0,1
EXP_U001053_27,U001053,2025-09-27,CH_SLEEP_001,1,model_reco,ins_high_wake_irregular,0,0
EXP_U001054_1,U001054,2025-08-13,CH_WELL_001,1,model_reco,supportive_wellbeing,0,0
EXP_U001055_1,U001055,2025-07-21,CH_ACT_001,1,model_reco,dep_low_energy,0,0
EXP_U001055_2,U001055,2025-08-03,CH_ACT_001,1,model_reco,dep_low_energy,0,0
EXP_U001055_3,U001055,2025-08-09,CH_ACT_001,1,model_reco,dep_low_energy,0,1
EXP_U001055_4,U001055,2025-08-10,CH_ACT_001,1,model_reco,dep_low_energy,1,0
EXP_U001055_5,U001055,2025-09-08,CH_WELL_001,1,model_reco,supportive_wellbeing,0,1
EXP_U001055_6,U001055,2025-09-12,CH_ACT_001,1,model_reco,dep_low_energy,0,0
EXP_U001055_7,U001055,2025-09-23,CH_WELL_001,1,model_reco,supportive_wellbeing,0,0
EXP_U001055_8,U001055,2025-10-07,CH_ACT_001,1,model_reco,dep_low_energy,0,1
EXP_U001055_9,U001055,2025-10-10,CH_ACT_003,1,model_reco,dep_low_activity,0,0
EXP_U001055_10,U001055,2025-10-11,CH_ACT_003,1,model_reco,dep_low_activity,0,0
EXP_U001055_11,U001055,2025-10-12,CH_ACT_001,1,model_reco,dep_low_energy,1,0
EXP_U001057_1,U001057,2025-09-23,CH_SLEEP_001,1,model_reco,ins_high_wake_irregular,0,0
EXP_U001057_2,U001057,2025-09-25,CH_SLEEP_001,1,model_reco,ins_high_wake_irregular,0,1
EXP_U001057_3,U001057,2025-10-23,CH_SLEEP_001,1,model_reco,ins_high_wake_irregular,0,1
EXP_U001058_1,U001058,2025-10-20,CH_WELL_001,1,model_reco,supportive_wellbeing,0,1
EXP_U001059_1,U001059,2025-07-29,CH_REG_001,1,model_reco,anx_high_anxiety,1,0
EXP_U001061_1,U001061,2025-09-02,CH_REG_001,1,model_reco,anx_high_anxiety,1,0
EXP_U001061_2,U001061,2025-09-03,CH_REG_001,1,model_reco,anx_high_anxiety,1,0
EXP_U001061_3,U001061,2025-09-11,CH_REG_001,1,model_reco,anx_high_anxiety,0,0
EXP_U001061_4,U001061,2025-09-14,CH_REG_002,1,model_reco,anx_high_anxiety,1,0
EXP_U001061_5,U001061,2025-10-15,CH_REG_001,1,model_reco,anx_high_anxiety,0,0
EXP_U001061_6,U001061,2025-10-26,CH_REG_001,1,model_reco,anx_high_anxiety,1,0
EXP_U001062_1,U001062,2025-06-10,CH_SLEEP_001,1,model_reco,ins_high_wake_irregular,0,0
EXP_U001062_2,U001062,2025-06-11,CH_SLEEP_001,1,model_reco,ins_high_wake_irregular,0,1
EXP_U001062_3,U001062,2025-06-12,CH_SLEEP_001,1,model_reco,ins_high_wake_irregular,1,0
EXP_U001062_4,U001062,2025-06-13,CH_ACT_002,1,model_reco,dep_low_daylight,0,0
EXP_U001062_5,U001062,2025-06-15,CH_ACT_002,1,model_reco,dep_low_daylight,0,1
EXP_U001062_6,U001062,2025-06-18,CH_ACT_003,1,model_reco,dep_low_activity,0,1
EXP_U001062_7,U001062,2025-06-19,CH_SLEEP_001,1,model_reco,ins_high_wake_irregular,0,0
EXP_U001062_8,U001062,2025-07-03,CH_SLEEP_001,1,model_reco,ins_high_wake_irregular,0,1
EXP_U001062_9,U001062,2025-07-04,CH_SLEEP_001,1,model_reco,ins_high_wake_irregular,0,1
EXP_U001062_10,U001062,2025-07-07,CH_SLEEP_001,1,model_reco,ins_high_wake_irregular,0,0
EXP_U001062_11,U001062,2025-07-08,CH_SLEEP_001,1,model_reco,ins_high_wake_irregular,0,0
EXP_U001062_12,U001062,2025-07-17,CH_SLEEP_001,1,model_reco,ins_high_wake_irregular,0,1
EXP_U001062_13,U001062,2025-07-24,CH_SLEEP_001,1,model_reco,ins_high_wake_irregular,0,0
EXP_U001062_14,U001062,2025-07-26,CH_SLEEP_001,1,model_reco,ins_high_wake_irregular,0,0
EXP_U001062_15,U001062,2025-07-29,CH_SLEEP_001,1,model_reco,ins_high_wake_irregular,0,0
EXP_U001062_16,U001062,2025-08-04,CH_SLEEP_001,1,model_reco,ins_high_wake_irregular,0,1
EXP_U001062_17,U001062,2025-08-09,CH_SLEEP_001,1,model_reco,ins_high_wake_irregular,0,1
EXP_U001062_18,U001062,2025-08-14,CH_SLEEP_001,1,model_reco,ins_high_wake_irregular,0,0
EXP_U001062_19,U001062,2025-08-15,CH_SLEEP_001,1,model_reco,ins_high_wake_irregular,0,0
EXP_U001062_20,U001062,2025-08-16,CH_SLEEP_001,1,model_reco,ins_high_wake_irregular,0,0
EXP_U001062_21,U001062,2025-08-19,CH_SLEEP_001,1,model_reco,ins_high_wake_irregular,0,0
EXP_U001062_22,U001062,2025-08-20,CH_SLEEP_001,1,model_reco,ins_high_wake_irregular,0,0
EXP_U001062_23,U001062,2025-08-26,CH_SLEEP_001,1,model_reco,ins_high_wake_irregular,1,0
EXP_U001062_24,U001062,2025-08-28,CH_ACT_003,1,model_reco,dep_low_activity,0,0
EXP_U001063_1,U001063,2025-06-20,CH_ACT_003,1,model_reco,dep_low_activity,1,0
EXP_U001063_2,U001063,2025-06-25,CH_ACT_002,1,model_reco,dep_low_daylight,1,0
EXP_U001063_3,U001063,2025-06-28,CH_ACT_003,1,model_reco,dep_low_activity,1,0
EXP_U001063_4,U001063,2025-07-03,CH_SLEEP_001,1,model_reco,ins_high_wake_irregular,0,1
EXP_U001063_5,U001063,2025-07-20,CH_ACT_003,1,model_reco,dep_low_activity,0,0
EXP_U001063_6,U001063,2025-08-07,CH_SLEEP_001,1,model_reco,ins_high_wake_irregular,0,1
EXP_U001063_7,U001063,2025-08-10,CH_ACT_002,1,model_reco,dep_low_daylight,0,0
EXP_U001063_8,U001063,2025-08-15,CH_ACT_002,1,model_reco,dep_low_daylight,0,0
EXP_U001063_9,U001063,2025-08-16,CH_ACT_002,1,model_reco,dep_low_daylight,0,1
EXP_U001063_10,U001063,2025-08-21,CH_SLEEP_001,1,model_reco,ins_high_wake_irregular,0,1
EXP_U001063_11,U001063,2025-08-25,CH_ACT_002,1,model_reco,dep_low_daylight,0,1
EXP_U001063_12,U001063,2025-08-30,CH_ACT_002,1,model_reco,dep_low_daylight,0,0
EXP_U001063_13,U001063,2025-09-02,CH_ACT_003,1,model_reco,dep_low_activity,0,0
EXP_U001064_1,U001064,2025-09-05,CH_ACT_001,1,model_reco,dep_low_energy,0,0
EXP_U001064_2,U001064,2025-09-10,CH_ACT_001,1,model_reco,dep_low_energy,1,0
EXP_U001064_3,U001064,2025-10-25,CH_WELL_001,1,model_reco,supportive_wellbeing,1,0
EXP_U001064_4,U001064,2025-11-06,CH_WELL_001,1,model_reco,supportive_wellbeing,0,1
EXP_U001065_1,U001065,2025-08-11,CH_SLEEP_001,1,model_reco,ins_high_wake_irregular,0,0
EXP_U001065_2,U001065,2025-08-13,CH_SLEEP_001,1,model_reco,ins_high_wake_irregular,0,0
EXP_U001065_3,U001065,2025-08-15,CH_SLEEP_001,1,model_reco,ins_high_wake_irregular,0,1
EXP_U001065_4,U001065,2025-08-18,CH_SLEEP_001,1,model_reco,ins_high_wake_irregular,1,0
EXP_U001065_5,U001065,2025-09-03,CH_SLEEP_001,1,model_reco,ins_high_wake_irregular,0,1
EXP_U001065_6,U001065,2025-10-16,CH_SLEEP_001,1,model_reco,ins_high_wake_irregular,1,0
EXP_U001065_7,U001065,2025-10-28,CH_SLEEP_001,1,model_reco,ins_high_wake_irregular,0,0
EXP_U001065_8,U001065,2025-10-30,CH_SLEEP_001,1,model_reco,ins_high_wake_irregular,0,1
EXP_U001066_1,U001066,2025-06-09,CH_REG_001,1,model_reco,anx_high_anxiety,0,1
EXP_U001066_2,U001066,2025-06-13,CH_REG_001,1,model_reco,anx_high_anxiety,0,1
EXP_U001066_3,U001066,2025-06-29,CH_REG_001,1,model_reco,anx_high_anxiety,0,1
EXP_U001066_4,U001066,2025-07-09,CH_REG_001,1,model_reco,anx_high_anxiety,1,0
EXP_U001066_5,U001066,2025-07-10,CH_REG_002,1,model_reco,anx_high_anxiety,0,1
EXP_U001066_6,U001066,2025-07-13,CH_REG_001,1,model_reco,anx_high_anxiety,0,1
EXP_U001066_7,U001066,2025-07-19,CH_REG_002,1,model_reco,anx_high_anxiety,1,0
EXP_U001066_8,U001066,2025-07-24,CH_REG_001,1,model_reco,anx_high_anxiety,0,1
EXP_U001066_9,U001066,2025-07-28,CH_REG_001,1,model_reco,anx_high_anxiety,1,0
EXP_U001066_10,U001066,2025-07-29,CH_REG_002,1,model_reco,anx_high_anxiety,0,1
EXP_U001066_11,U001066,2025-08-02,CH_REG_002,1,model_reco,anx_high_anxiety,1,0
EXP_U001066_12,U001066,2025-08-03,CH_REG_001,1,model_reco,anx_high_anxiety,0,1
EXP_U001066_13,U001066,2025-08-04,CH_REG_001,1,model_reco,anx_high_anxiety,0,0
EXP_U001066_14,U001066,2025-08-09,CH_REG_001,1,model_reco,anx_high_anxiety,1,0
EXP_U001066_15,U001066,2025-08-10,CH_REG_002,1,model_reco,anx_high_anxiety,0,1
EXP_U001066_16,U001066,2025-08-13,CH_REG_002,1,model_reco,anx_high_anxiety,0,1
EXP_U001066_17,U001066,2025-08-21,CH_REG_001,1,model_reco,anx_high_anxiety,1,0
EXP_U001066_18,U001066,2025-08-22,CH_REG_001,1,model_reco,anx_high_anxiety,0,1
EXP_U001066_19,U001066,2025-08-28,CH_REG_002,1,model_reco,anx_high_anxiety,1,0
EXP_U001067_1,U001067,2025-06-13,CH_SLEEP_001,1,model_reco,ins_high_wake_irregular,1,0
EXP_U001067_2,U001067,2025-06-22,CH_SLEEP_001,1,model_reco,ins_high_wake_irregular,0,0
EXP_U001067_3,U001067,2025-06-25,CH_SLEEP_001,1,model_reco,ins_high_wake_irregular,0,1
EXP_U001067_4,U001067,2025-06-26,CH_SLEEP_001,1,model_reco,ins_high_wake_irregular,0,0
EXP_U001067_5,U001067,2025-07-09,CH_SLEEP_001,1,model_reco,ins_high_wake_irregular,0,1
EXP_U001067_6,U001067,2025-07-12,CH_SLEEP_001,1,model_reco,ins_high_wake_irregular,0,1
EXP_U001067_7,U001067,2025-07-23,CH_SLEEP_001,1,model_reco,ins_high_wake_irregular,1,0
EXP_U001067_8,U001067,2025-07-24,CH_REG_001,1,model_reco,anx_high_anxiety,0,1
EXP_U001067_9,U001067,2025-07-26,CH_REG_001,1,model_reco,anx_high_anxiety,1,0
EXP_U001067_10,U001067,2025-08-02,CH_SLEEP_001,1,model_reco,ins_high_wake_irregular,0,0
EXP_U001067_11,U001067,2025-08-10,CH_SLEEP_001,1,model_reco,ins_high_wake_irregular,0,0
EXP_U001067_12,U001067,2025-08-19,CH_SLEEP_001,1,model_reco,ins_high_wake_irregular,0,1
EXP_U001067_13,U001067,2025-08-27,CH_SLEEP_001,1,model_reco,ins_high_wake_irregular,0,0
EXP_U001067_14,U001067,2025-09-01,CH_SLEEP_001,1,model_reco,ins_high_wake_irregular,0,0
EXP_U001068_1,U001068,2025-09-23,CH_SLEEP_001,1,model_reco,ins_high_wake_irregular,1,0
EXP_U001068_2,U001068,2025-10-30,CH_SLEEP_001,1,model_reco,ins_high_wake_irregular,0,1
EXP_U001069_1,U001069,2025-08-09,CH_ACT_003,1,model_reco,dep_low_activity,0,0
EXP_U001069_2,U001069,2025-08-13,CH_ACT_003,1,model_reco,dep_low_activity,0,1
EXP_U001069_3,U001069,2025-08-22,CH_ACT_003,1,model_reco,dep_low_activity,0,0
EXP_U001069_4,U001069,2025-08-23,CH_ACT_002,1,model_reco,dep_low_daylight,1,0
EXP_U001069_5,U001069,2025-09-01,CH_ACT_002,1,model_reco,dep_low_daylight,0,1
EXP_U001069_6,U001069,2025-09-02,CH_ACT_003,1,model_reco,dep_low_activity,0,1
EXP_U001069_7,U001069,2025-09-03,CH_ACT_002,1,model_reco,dep_low_daylight,0,1
EXP_U001069_8,U001069,2025-09-07,CH_ACT_003,1,model_reco,dep_low_activity,1,0
EXP_U001069_9,U001069,2025-09-12,CH_ACT_003,1,model_reco,dep_low_activity,1,0
EXP_U001069_10,U001069,2025-09-14,CH_SOC_001,1,model_reco,low_social_contact,0,0
EXP_U001069_11,U001069,2025-09-21,CH_ACT_002,1,model_reco,dep_low_daylight,1,0
EXP_U001069_12,U001069,2025-10-02,CH_ACT_003,1,model_reco,dep_low_activity,1,0
EXP_U001069_13,U001069,2025-10-06,CH_ACT_003,1,model_reco,dep_low_activity,1,0
EXP_U001069_14,U001069,2025-10-15,CH_ACT_002,1,model_reco,dep_low_daylight,1,0
EXP_U001069_15,U001069,2025-10-18,CH_ACT_003,1,model_reco,dep_low_activity,1,0
EXP_U001069_16,U001069,2025-10-19,CH_SOC_001,1,model_reco,low_social_contact,0,1
EXP_U001069_17,U001069,2025-10-22,CH_ACT_003,1,model_reco,dep_low_activity,0,0
EXP_U001069_18,U001069,2025-10-26,CH_ACT_002,1,model_reco,dep_low_daylight,1,0
EXP_U001069_19,U001069,2025-10-30,CH_ACT_002,1,model_reco,dep_low_daylight,1,0
EXP_U001070_1,U001070,2025-09-02,CH_SLEEP_001,1,model_reco,ins_high_wake_irregular,0,0
EXP_U001070_2,U001070,2025-09-03,CH_SLEEP_001,1,model_reco,ins_high_wake_irregular,0,1
EXP_U001070_3,U001070,2025-09-12,CH_SLEEP_001,1,model_reco,ins_high_wake_irregular,0,0
EXP_U001070_4,U001070,2025-09-26,CH_SLEEP_001,1,model_reco,ins_high_wake_irregular,0,1
EXP_U001070_5,U001070,2025-09-27,CH_SLEEP_001,1,model_reco,ins_high_wake_irregular,0,1
EXP_U001070_6,U001070,2025-09-30,CH_SLEEP_001,1,model_reco,ins_high_wake_irregular,1,0
EXP_U001070_7,U001070,2025-10-03,CH_REG_002,1,model_reco,anx_high_anxiety,0,0
EXP_U001070_8,U001070,2025-10-04,CH_ACT_001,1,model_reco,dep_low_energy,0,0
EXP_U001070_9,U001070,2025-10-08,CH_SLEEP_001,1,model_reco,ins_high_wake_irregular,0,1
EXP_U001070_10,U001070,2025-10-10,CH_SLEEP_001,1,model_reco,ins_high_wake_irregular,1,0
EXP_U001070_11,U001070,2025-10-11,CH_REG_001,1,model_reco,anx_high_anxiety,0,0
EXP_U001070_12,U001070,2025-10-16,CH_REG_002,1,model_reco,anx_high_anxiety,0,1
EXP_U001070_13,U001070,2025-10-17,CH_SLEEP_001,1,model_reco,ins_high_wake_irregular,0,1
EXP_U001070_14,U001070,2025-10-22,CH_SLEEP_001,1,model_reco,ins_high_wake_irregular,0,1
EXP_U001070_15,U001070,2025-10-26,CH_SLEEP_001,1,model_reco,ins_high_wake_irregular,0,1
EXP_U001070_16,U001070,2025-10-28,CH_SLEEP_001,1,model_reco,ins_high_wake_irregular,0,0
EXP_U001070_17,U001070,2025-10-29,CH_SLEEP_001,1,model_reco,ins_high_wake_irregular,1,0
EXP_U001070_18,U001070,2025-10-30,CH_REG_001,1,model_reco,anx_high_anxiety,0,1
EXP_U001070_19,U001070,2025-10-31,CH_REG_002,1,model_reco,anx_high_anxiety,0,1
EXP_U001070_20,U001070,2025-11-01,CH_REG_002,1,model_reco,anx_high_anxiety,1,0
EXP_U001070_21,U001070,2025-11-02,CH_REG_001,1,model_reco,anx_high_anxiety,0,0
EXP_U001070_22,U001070,2025-11-04,CH_REG_002,1,model_reco,anx_high_anxiety,1,0
EXP_U001070_23,U001070,2025-11-11,CH_SLEEP_001,1,model_reco,ins_high_wake_irregular,1,0
EXP_U001070_24,U001070,2025-11-15,CH_REG_001,1,model_reco,anx_high_anxiety,0,0
EXP_U001070_25,U001070,2025-11-19,CH_SLEEP_001,1,model_reco,ins_high_wake_irregular,0,1
EXP_U001071_1,U001071,2025-07-15,CH_ACT_003,1,model_reco,dep_low_activity,0,0
EXP_U001071_2,U001071,2025-07-16,CH_ACT_002,1,model_reco,dep_low_daylight,1,0
EXP_U001071_3,U001071,2025-07-17,CH_REG_001,1,model_reco,anx_high_anxiety,0,0
EXP_U001071_4,U001071,2025-08-01,CH_ACT_002,1,model_reco,dep_low_daylight,1,0
EXP_U001071_5,U001071,2025-08-18,CH_ACT_001,1,model_reco,dep_low_energy,0,1
EXP_U001071_6,U001071,2025-08-19,CH_ACT_001,1,model_reco,dep_low_energy,1,0
EXP_U001071_7,U001071,2025-08-22,CH_SOC_001,1,model_reco,low_social_contact,0,1
EXP_U001071_8,U001071,2025-08-25,CH_SLEEP_001,1,model_reco,ins_high_wake_irregular,0,1
EXP_U001071_9,U001071,2025-08-26,CH_ACT_003,1,model_reco,dep_low_activity,0,0
EXP_U001071_10,U001071,2025-08-29,CH_ACT_002,1,model_reco,dep_low_daylight,0,1
EXP_U001071_11,U001071,2025-09-02,CH_ACT_002,1,model_reco,dep_low_daylight,0,1
EXP_U001071_12,U001071,2025-09-06,CH_ACT_002,1,model_reco,dep_low_daylight,0,0
EXP_U001071_13,U001071,2025-09-08,CH_ACT_003,1,model_reco,dep_low_activity,0,0
EXP_U001071_14,U001071,2025-09-16,CH_ACT_001,1,model_reco,dep_low_energy,1,0
EXP_U001071_15,U001071,2025-09-18,CH_REG_001,1,model_reco,anx_high_anxiety,0,0
EXP_U001071_16,U001071,2025-09-21,CH_ACT_002,1,model_reco,dep_low_daylight,0,1
EXP_U001071_17,U001071,2025-09-23,CH_ACT_002,1,model_reco,dep_low_daylight,0,0
EXP_U001071_18,U001071,2025-09-25,CH_ACT_001,1,model_reco,dep_low_energy,0,0
EXP_U001071_19,U001071,2025-09-26,CH_ACT_001,1,model_reco,dep_low_energy,0,0
EXP_U001072_1,U001072,2025-08-19,CH_ACT_003,1,model_reco,dep_low_activity,0,1
EXP_U001073_1,U001073,2025-08-07,CH_REG_002,1,model_reco,anx_high_anxiety,0,0
EXP_U001073_2,U001073,2025-08-24,CH_REG_002,1,model_reco,anx_high_anxiety,0,0
EXP_U001073_3,U001073,2025-08-26,CH_REG_002,1,model_reco,anx_high_anxiety,1,0
EXP_U001073_4,U001073,2025-08-27,CH_REG_001,1,model_reco,anx_high_anxiety,0,0
EXP_U001073_5,U001073,2025-09-19,CH_REG_002,1,model_reco,anx_high_anxiety,1,0
EXP_U001074_1,U001074,2025-08-18,CH_SLEEP_001,1,model_reco,ins_high_wake_irregular,1,0
EXP_U001074_2,U001074,2025-08-19,CH_ACT_003,1,model_reco,dep_low_activity,0,1
EXP_U001074_3,U001074,2025-08-21,CH_ACT_002,1,model_reco,dep_low_daylight,1,0
EXP_U001074_4,U001074,2025-08-25,CH_SLEEP_001,1,model_reco,ins_high_wake_irregular,1,0
EXP_U001074_5,U001074,2025-08-30,CH_ACT_002,1,model_reco,dep_low_daylight,1,0
EXP_U001074_6,U001074,2025-09-05,CH_SLEEP_001,1,model_reco,ins_high_wake_irregular,1,0
EXP_U001074_7,U001074,2025-09-09,CH_ACT_003,1,model_reco,dep_low_activity,0,0
EXP_U001074_8,U001074,2025-09-22,CH_SLEEP_001,1,model_reco,ins_high_wake_irregular,0,1
EXP_U001074_9,U001074,2025-09-26,CH_SLEEP_001,1,model_reco,ins_high_wake_irregular,0,1
EXP_U001074_10,U001074,2025-09-28,CH_SLEEP_001,1,model_reco,ins_high_wake_irregular,0,1
EXP_U001074_11,U001074,2025-10-02,CH_ACT_003,1,model_reco,dep_low_activity,0,1
EXP_U001074_12,U001074,2025-10-09,CH_SLEEP_001,1,model_reco,ins_high_wake_irregular,0,1
EXP_U001074_13,U001074,2025-10-20,CH_SLEEP_001,1,model_reco,ins_high_wake_irregular,0,0
EXP_U001074_14,U001074,2025-10-28,CH_SLEEP_001,1,model_reco,ins_high_wake_irregular,0,1
EXP_U001074_15,U001074,2025-11-03,CH_SLEEP_001,1,model_reco,ins_high_wake_irregular,1,0
EXP_U001075_1,U001075,2025-06-18,CH_REG_001,1,model_reco,anx_high_anxiety,1,0
EXP_U001075_2,U001075,2025-06-22,CH_REG_001,1,model_reco,anx_high_anxiety,0,1
EXP_U001075_3,U001075,2025-06-25,CH_REG_002,1,model_reco,anx_high_anxiety,1,0
EXP_U001075_4,U001075,2025-06-26,CH_REG_002,1,model_reco,anx_high_anxiety,1,0
EXP_U001075_5,U001075,2025-06-29,CH_REG_001,1,model_reco,anx_high_anxiety,1,0
EXP_U001075_6,U001075,2025-07-01,CH_REG_001,1,model_reco,anx_high_anxiety,0,1
EXP_U001075_7,U001075,2025-07-04,CH_REG_001,1,model_reco,anx_high_anxiety,1,0
EXP_U001075_8,U001075,2025-07-06,CH_REG_001,1,model_reco,anx_high_anxiety,0,1
EXP_U001075_9,U001075,2025-07-07,CH_REG_002,1,model_reco,anx_high_anxiety,1,0
EXP_U001075_10,U001075,2025-07-10,CH_REG_002,1,model_reco,anx_high_anxiety,1,0
EXP_U001075_11,U001075,2025-07-13,CH_REG_001,1,model_reco,anx_high_anxiety,0,0
EXP_U001075_12,U001075,2025-07-15,CH_REG_002,1,model_reco,anx_high_anxiety,1,0
EXP_U001075_13,U001075,2025-07-20,CH_REG_001,1,model_reco,anx_high_anxiety,0,0
EXP_U001075_14,U001075,2025-07-23,CH_REG_002,1,model_reco,anx_high_anxiety,0,0
EXP_U001075_15,U001075,2025-07-25,CH_REG_001,1,model_reco,anx_high_anxiety,1,0
EXP_U001075_16,U001075,2025-07-30,CH_REG_002,1,model_reco,anx_high_anxiety,0,1
EXP_U001075_17,U001075,2025-08-05,CH_REG_002,1,model_reco,anx_high_anxiety,1,0
EXP_U001075_18,U001075,2025-08-09,CH_REG_002,1,model_reco,anx_high_anxiety,0,0
EXP_U001075_19,U001075,2025-08-14,CH_REG_002,1,model_reco,anx_high_anxiety,1,0
EXP_U001075_20,U001075,2025-08-16,CH_REG_002,1,model_reco,anx_high_anxiety,0,0
EXP_U001075_21,U001075,2025-08-17,CH_REG_001,1,model_reco,anx_high_anxiety,1,0
EXP_U001075_22,U001075,2025-08-22,CH_REG_002,1,model_reco,anx_high_anxiety,0,1
EXP_U001075_23,U001075,2025-08-27,CH_REG_001,1,model_reco,anx_high_anxiety,1,0
EXP_U001075_24,U001075,2025-08-29,CH_REG_002,1,model_reco,anx_high_anxiety,1,0
EXP_U001075_25,U001075,2025-08-31,CH_REG_001,1,model_reco,anx_high_anxiety,1,0
EXP_U001076_1,U001076,2025-08-01,CH_ACT_001,1,model_reco,dep_low_energy,1,0
EXP_U001076_2,U001076,2025-08-12,CH_ACT_003,1,model_reco,dep_low_activity,1,0
EXP_U001076_3,U001076,2025-08-13,CH_SLEEP_001,1,model_reco,ins_high_wake_irregular,1,0
EXP_U001076_4,U001076,2025-08-17,CH_ACT_003,1,model_reco,dep_low_activity,0,1
EXP_U001076_5,U001076,2025-08-21,CH_ACT_002,1,model_reco,dep_low_daylight,1,0
EXP_U001076_6,U001076,2025-08-27,CH_ACT_003,1,model_reco,dep_low_activity,1,0
EXP_U001076_7,U001076,2025-08-30,CH_ACT_001,1,model_reco,dep_low_energy,0,1
EXP_U001076_8,U001076,2025-09-04,CH_SLEEP_001,1,model_reco,ins_high_wake_irregular,1,0
EXP_U001076_9,U001076,2025-09-07,CH_ACT_003,1,model_reco,dep_low_activity,0,1
EXP_U001076_10,U001076,2025-09-09,CH_ACT_003,1,model_reco,dep_low_activity,1,0
EXP_U001076_11,U001076,2025-09-10,CH_REG_002,1,model_reco,anx_high_anxiety,0,1
EXP_U001076_12,U001076,2025-09-19,CH_SLEEP_001,1,model_reco,ins_high_wake_irregular,0,0
EXP_U001076_13,U001076,2025-09-20,CH_SLEEP_001,1,model_reco,ins_high_wake_irregular,1,0
EXP_U001076_14,U001076,2025-09-22,CH_ACT_003,1,model_reco,dep_low_activity,0,0
EXP_U001076_15,U001076,2025-09-23,CH_ACT_001,1,model_reco,dep_low_energy,0,0
EXP_U001076_16,U001076,2025-10-09,CH_ACT_002,1,model_reco,dep_low_daylight,1,0
EXP_U001076_17,U001076,2025-10-11,CH_SLEEP_001,1,model_reco,ins_high_wake_irregular,0,1
EXP_U001076_18,U001076,2025-10-17,CH_REG_001,1,model_reco,anx_high_anxiety,1,0
EXP_U001076_19,U001076,2025-10-22,CH_ACT_001,1,model_reco,dep_low_energy,0,1
EXP_U001077_1,U001077,2025-08-20,CH_REG_001,1,model_reco,anx_high_anxiety,1,0
EXP_U001077_2,U001077,2025-08-22,CH_REG_001,1,model_reco,anx_high_anxiety,0,0
EXP_U001077_3,U001077,2025-08-25,CH_REG_002,1,model_reco,anx_high_anxiety,0,0
EXP_U001077_4,U001077,2025-09-01,CH_REG_001,1,model_reco,anx_high_anxiety,0,0
EXP_U001077_5,U001077,2025-09-02,CH_REG_002,1,model_reco,anx_high_anxiety,1,0
EXP_U001077_6,U001077,2025-09-04,CH_REG_001,1,model_reco,anx_high_anxiety,0,1
EXP_U001077_7,U001077,2025-09-05,CH_REG_001,1,model_reco,anx_high_anxiety,1,0
EXP_U001077_8,U001077,2025-09-15,CH_REG_001,1,model_reco,anx_high_anxiety,0,0
EXP_U001077_9,U001077,2025-09-16,CH_REG_001,1,model_reco,anx_high_anxiety,0,0
EXP_U001077_10,U001077,2025-09-17,CH_REG_001,1,model_reco,anx_high_anxiety,1,0
EXP_U001077_11,U001077,2025-09-19,CH_REG_001,1,model_reco,anx_high_anxiety,0,0
EXP_U001077_12,U001077,2025-09-23,CH_REG_001,1,model_reco,anx_high_anxiety,1,0
EXP_U001077_13,U001077,2025-09-26,CH_REG_002,1,model_reco,anx_high_anxiety,1,0
EXP_U001077_14,U001077,2025-10-01,CH_REG_001,1,model_reco,anx_high_anxiety,1,0
EXP_U001077_15,U001077,2025-10-02,CH_REG_002,1,model_reco,anx_high_anxiety,0,0
EXP_U001077_16,U001077,2025-10-07,CH_REG_001,1,model_reco,anx_high_anxiety,1,0
EXP_U001077_17,U001077,2025-10-15,CH_REG_001,1,model_reco,anx_high_anxiety,0,1
EXP_U001077_18,U001077,2025-10-21,CH_REG_001,1,model_reco,anx_high_anxiety,0,0
EXP_U001077_19,U001077,2025-10-27,CH_REG_001,1,model_reco,anx_high_anxiety,0,1
EXP_U001077_20,U001077,2025-11-01,CH_REG_001,1,model_reco,anx_high_anxiety,0,0
EXP_U001077_21,U001077,2025-11-02,CH_REG_002,1,model_reco,anx_high_anxiety,0,0
EXP_U001077_22,U001077,2025-11-03,CH_REG_002,1,model_reco,anx_high_anxiety,1,0
EXP_U001077_23,U001077,2025-11-09,CH_REG_001,1,model_reco,anx_high_anxiety,1,0
EXP_U001078_1,U001078,2025-09-01,CH_SLEEP_001,1,model_reco,ins_high_wake_irregular,0,1
EXP_U001078_2,U001078,2025-09-07,CH_SLEEP_001,1,model_reco,ins_high_wake_irregular,1,0
EXP_U001078_3,U001078,2025-09-28,CH_SLEEP_001,1,model_reco,ins_high_wake_irregular,1,0
EXP_U001078_4,U001078,2025-10-04,CH_ACT_001,1,model_reco,dep_low_energy,0,1
EXP_U001078_5,U001078,2025-10-05,CH_SLEEP_001,1,model_reco,ins_high_wake_irregular,1,0
EXP_U001078_6,U001078,2025-10-16,CH_SLEEP_001,1,model_reco,ins_high_wake_irregular,0,0
EXP_U001078_7,U001078,2025-10-25,CH_SLEEP_001,1,model_reco,ins_high_wake_irregular,0,1
EXP_U001078_8,U001078,2025-10-29,CH_SLEEP_001,1,model_reco,ins_high_wake_irregular,1,0
EXP_U001078_9,U001078,2025-11-05,CH_SLEEP_001,1,model_reco,ins_high_wake_irregular,0,1
EXP_U001078_10,U001078,2025-11-09,CH_SLEEP_001,1,model_reco,ins_high_wake_irregular,1,0
EXP_U001078_11,U001078,2025-11-16,CH_SLEEP_001,1,model_reco,ins_high_wake_irregular,0,0
EXP_U001079_1,U001079,2025-08-30,CH_SLEEP_001,1,model_reco,ins_high_wake_irregular,0,0
EXP_U001079_2,U001079,2025-09-19,CH_SLEEP_001,1,model_reco,ins_high_wake_irregular,0,1
EXP_U001079_3,U001079,2025-10-16,CH_REG_002,1,model_reco,anx_high_anxiety,1,0
EXP_U001079_4,U001079,2025-10-27,CH_REG_001,1,model_reco,anx_high_anxiety,1,0
EXP_U001080_1,U001080,2025-09-09,CH_SOC_001,1,model_reco,low_social_contact,0,0
EXP_U001080_2,U001080,2025-09-17,CH_SOC_001,1,model_reco,low_social_contact,0,1
EXP_U001080_3,U001080,2025-09-24,CH_SOC_001,1,model_reco,low_social_contact,0,0
EXP_U001080_4,U001080,2025-10-06,CH_SOC_001,1,model_reco,low_social_contact,0,1
EXP_U001080_5,U001080,2025-10-25,CH_WELL_001,1,model_reco,supportive_wellbeing,0,1
EXP_U001080_6,U001080,2025-11-06,CH_ACT_003,1,model_reco,dep_low_activity,1,0
EXP_U001081_1,U001081,2025-08-20,CH_REG_002,1,model_reco,anx_high_anxiety,1,0
EXP_U001081_2,U001081,2025-08-21,CH_REG_001,1,model_reco,anx_high_anxiety,0,0
EXP_U001081_3,U001081,2025-08-27,CH_REG_001,1,model_reco,anx_high_anxiety,0,0
EXP_U001081_4,U001081,2025-09-01,CH_REG_001,1,model_reco,anx_high_anxiety,0,1
EXP_U001081_5,U001081,2025-09-02,CH_REG_001,1,model_reco,anx_high_anxiety,0,1
EXP_U001081_6,U001081,2025-09-07,CH_REG_001,1,model_reco,anx_high_anxiety,0,1
EXP_U001081_7,U001081,2025-09-08,CH_REG_001,1,model_reco,anx_high_anxiety,1,0
EXP_U001081_8,U001081,2025-09-12,CH_REG_001,1,model_reco,anx_high_anxiety,1,0
EXP_U001081_9,U001081,2025-09-14,CH_REG_001,1,model_reco,anx_high_anxiety,0,1
EXP_U001081_10,U001081,2025-09-15,CH_REG_002,1,model_reco,anx_high_anxiety,0,1
EXP_U001081_11,U001081,2025-09-19,CH_REG_001,1,model_reco,anx_high_anxiety,1,0
EXP_U001081_12,U001081,2025-09-22,CH_REG_001,1,model_reco,anx_high_anxiety,0,1
EXP_U001081_13,U001081,2025-09-24,CH_REG_001,1,model_reco,anx_high_anxiety,0,0
EXP_U001081_14,U001081,2025-09-27,CH_REG_002,1,model_reco,anx_high_anxiety,1,0
EXP_U001081_15,U001081,2025-09-29,CH_REG_001,1,model_reco,anx_high_anxiety,1,0
EXP_U001081_16,U001081,2025-10-05,CH_REG_001,1,model_reco,anx_high_anxiety,0,0
EXP_U001081_17,U001081,2025-10-07,CH_REG_001,1,model_reco,anx_high_anxiety,1,0
EXP_U001081_18,U001081,2025-10-08,CH_REG_002,1,model_reco,anx_high_anxiety,1,0
EXP_U001081_19,U001081,2025-10-09,CH_REG_001,1,model_reco,anx_high_anxiety,1,0
EXP_U001081_20,U001081,2025-10-11,CH_REG_001,1,model_reco,anx_high_anxiety,0,1
EXP_U001081_21,U001081,2025-10-15,CH_REG_001,1,model_reco,anx_high_anxiety,1,0
EXP_U001081_22,U001081,2025-10-21,CH_REG_001,1,model_reco,anx_high_anxiety,0,0
EXP_U001081_23,U001081,2025-10-27,CH_REG_001,1,model_reco,anx_high_anxiety,1,0
EXP_U001081_24,U001081,2025-11-04,CH_REG_001,1,model_reco,anx_high_anxiety,1,0
EXP_U001081_25,U001081,2025-11-05,CH_REG_001,1,model_reco,anx_high_anxiety,0,1
EXP_U001081_26,U001081,2025-11-06,CH_REG_001,1,model_reco,anx_high_anxiety,0,0
EXP_U001081_27,U001081,2025-11-07,CH_REG_002,1,model_reco,anx_high_anxiety,1,0
EXP_U001082_1,U001082,2025-07-03,CH_REG_001,1,model_reco,anx_high_anxiety,0,0
EXP_U001082_2,U001082,2025-07-04,CH_REG_001,1,model_reco,anx_high_anxiety,0,0
EXP_U001082_3,U001082,2025-07-07,CH_REG_002,1,model_reco,anx_high_anxiety,0,1
EXP_U001082_4,U001082,2025-07-08,CH_REG_001,1,model_reco,anx_high_anxiety,1,0
EXP_U001082_5,U001082,2025-07-14,CH_REG_001,1,model_reco,anx_high_anxiety,1,0
EXP_U001082_6,U001082,2025-07-26,CH_SOC_001,1,model_reco,low_social_contact,1,0
EXP_U001082_7,U001082,2025-08-24,CH_ACT_003,1,model_reco,dep_low_activity,0,1
EXP_U001082_8,U001082,2025-09-11,CH_REG_001,1,model_reco,anx_high_anxiety,0,0
EXP_U001082_9,U001082,2025-09-12,CH_REG_001,1,model_reco,anx_high_anxiety,0,0
EXP_U001083_1,U001083,2025-06-07,CH_SLEEP_001,1,model_reco,ins_high_wake_irregular,0,1
EXP_U001083_2,U001083,2025-07-26,CH_SLEEP_001,1,model_reco,ins_high_wake_irregular,1,0
EXP_U001084_1,U001084,2025-09-07,CH_SOC_001,1,model_reco,low_social_contact,0,0
EXP_U001084_2,U001084,2025-10-15,CH_SOC_001,1,model_reco,low_social_contact,0,0
EXP_U001085_1,U001085,2025-06-23,CH_REG_001,1,model_reco,anx_high_anxiety,1,0
EXP_U001085_2,U001085,2025-07-01,CH_REG_001,1,model_reco,anx_high_anxiety,1,0
EXP_U001085_3,U001085,2025-07-14,CH_REG_001,1,model_reco,anx_high_anxiety,1,0
EXP_U001085_4,U001085,2025-07-25,CH_REG_002,1,model_reco,anx_high_anxiety,0,1
EXP_U001085_5,U001085,2025-08-12,CH_REG_001,1,model_reco,anx_high_anxiety,1,0
EXP_U001085_6,U001085,2025-08-13,CH_REG_001,1,model_reco,anx_high_anxiety,1,0
EXP_U001085_7,U001085,2025-08-15,CH_REG_001,1,model_reco,anx_high_anxiety,1,0
EXP_U001085_8,U001085,2025-08-17,CH_REG_001,1,model_reco,anx_high_anxiety,0,0
EXP_U001086_1,U001086,2025-08-08,CH_REG_001,1,model_reco,anx_high_anxiety,1,0
EXP_U001086_2,U001086,2025-08-16,CH_WELL_001,1,model_reco,supportive_wellbeing,1,0
EXP_U001086_3,U001086,2025-08-22,CH_WELL_001,1,model_reco,supportive_wellbeing,0,1
EXP_U001087_1,U001087,2025-06-27,CH_SLEEP_001,1,model_reco,ins_high_wake_irregular,0,0
EXP_U001087_2,U001087,2025-07-06,CH_SLEEP_001,1,model_reco,ins_high_wake_irregular,1,0
EXP_U001087_3,U001087,2025-07-15,CH_SLEEP_001,1,model_reco,ins_high_wake_irregular,0,0
EXP_U001087_4,U001087,2025-07-17,CH_SLEEP_001,1,model_reco,ins_high_wake_irregular,0,1
EXP_U001087_5,U001087,2025-07-29,CH_SLEEP_001,1,model_reco,ins_high_wake_irregular,0,1
EXP_U001087_6,U001087,2025-08-16,CH_SLEEP_001,1,model_reco,ins_high_wake_irregular,0,1
EXP_U001087_7,U001087,2025-08-20,CH_SLEEP_001,1,model_reco,ins_high_wake_irregular,0,1
EXP_U001087_8,U001087,2025-08-24,CH_SLEEP_001,1,model_reco,ins_high_wake_irregular,0,1
EXP_U001087_9,U001087,2025-09-07,CH_SLEEP_001,1,model_reco,ins_high_wake_irregular,0,0
EXP_U001088_1,U001088,2025-06-29,CH_SLEEP_001,1,model_reco,ins_high_wake_irregular,0,0
EXP_U001088_2,U001088,2025-07-04,CH_SLEEP_001,1,model_reco,ins_high_wake_irregular,0,1
EXP_U001088_3,U001088,2025-07-08,CH_SLEEP_001,1,model_reco,ins_high_wake_irregular,1,0
EXP_U001088_4,U001088,2025-07-10,CH_ACT_002,1,model_reco,dep_low_daylight,0,0
EXP_U001088_5,U001088,2025-07-15,CH_SLEEP_001,1,model_reco,ins_high_wake_irregular,1,0
EXP_U001088_6,U001088,2025-07-20,CH_ACT_002,1,model_reco,dep_low_daylight,0,1
EXP_U001088_7,U001088,2025-07-25,CH_SLEEP_001,1,model_reco,ins_high_wake_irregular,0,1
EXP_U001088_8,U001088,2025-07-27,CH_SLEEP_001,1,model_reco,ins_high_wake_irregular,0,1
EXP_U001088_9,U001088,2025-08-09,CH_SLEEP_001,1,model_reco,ins_high_wake_irregular,1,0
EXP_U001088_10,U001088,2025-08-13,CH_ACT_003,1,model_reco,dep_low_activity,0,1
EXP_U001088_11,U001088,2025-08-14,CH_ACT_002,1,model_reco,dep_low_daylight,0,1
EXP_U001088_12,U001088,2025-08-18,CH_SLEEP_001,1,model_reco,ins_high_wake_irregular,1,0
EXP_U001088_13,U001088,2025-08-20,CH_ACT_003,1,model_reco,dep_low_activity,0,1
EXP_U001088_14,U001088,2025-09-09,CH_SLEEP_001,1,model_reco,ins_high_wake_irregular,0,1
EXP_U001088_15,U001088,2025-09-15,CH_SLEEP_001,1,model_reco,ins_high_wake_irregular,0,0
EXP_U001089_1,U001089,2025-08-06,CH_ACT_002,1,model_reco,dep_low_daylight,1,0
EXP_U001089_2,U001089,2025-09-20,CH_ACT_003,1,model_reco,dep_low_activity,0,0
EXP_U001089_3,U001089,2025-10-01,CH_ACT_003,1,model_reco,dep_low_activity,0,0
EXP_U001089_4,U001089,2025-10-08,CH_ACT_003,1,model_reco,dep_low_activity,0,1
EXP_U001090_1,U001090,2025-07-28,CH_WELL_001,1,model_reco,supportive_wellbeing,0,0
EXP_U001091_1,U001091,2025-08-05,CH_SLEEP_001,1,model_reco,ins_high_wake_irregular,0,1
EXP_U001091_2,U001091,2025-08-12,CH_SLEEP_001,1,model_reco,ins_high_wake_irregular,1,0
EXP_U001091_3,U001091,2025-09-14,CH_SLEEP_001,1,model_reco,ins_high_wake_irregular,0,1
EXP_U001091_4,U001091,2025-09-16,CH_SLEEP_001,1,model_reco,ins_high_wake_irregular,0,0
EXP_U001091_5,U001091,2025-09-22,CH_SLEEP_001,1,model_reco,ins_high_wake_irregular,0,0
EXP_U001092_1,U001092,2025-06-26,CH_SLEEP_001,1,model_reco,ins_high_wake_irregular,1,0
EXP_U001092_2,U001092,2025-06-30,CH_SLEEP_001,1,model_reco,ins_high_wake_irregular,0,1
EXP_U001092_3,U001092,2025-07-03,CH_SLEEP_001,1,model_reco,ins_high_wake_irregular,0,0
EXP_U001092_4,U001092,2025-07-05,CH_SLEEP_001,1,model_reco,ins_high_wake_irregular,0,1
EXP_U001092_5,U001092,2025-07-24,CH_SLEEP_001,1,model_reco,ins_high_wake_irregular,0,1
EXP_U001092_6,U001092,2025-07-29,CH_SLEEP_001,1,model_reco,ins_high_wake_irregular,0,0
EXP_U001092_7,U001092,2025-08-16,CH_SLEEP_001,1,model_reco,ins_high_wake_irregular,0,1
EXP_U001092_8,U001092,2025-08-22,CH_SLEEP_001,1,model_reco,ins_high_wake_irregular,1,0
EXP_U001092_9,U001092,2025-08-23,CH_ACT_002,1,model_reco,dep_low_daylight,1,0
EXP_U001092_10,U001092,2025-08-31,CH_SLEEP_001,1,model_reco,ins_high_wake_irregular,0,0
EXP_U001092_11,U001092,2025-09-01,CH_SLEEP_001,1,model_reco,ins_high_wake_irregular,0,0
EXP_U001092_12,U001092,2025-09-05,CH_SLEEP_001,1,model_reco,ins_high_wake_irregular,1,0
EXP_U001092_13,U001092,2025-09-06,CH_ACT_002,1,model_reco,dep_low_daylight,1,0
EXP_U001092_14,U001092,2025-09-15,CH_SLEEP_001,1,model_reco,ins_high_wake_irregular,0,0
EXP_U001093_1,U001093,2025-07-15,CH_SLEEP_001,1,model_reco,ins_high_wake_irregular,1,0
EXP_U001093_2,U001093,2025-08-15,CH_SLEEP_001,1,model_reco,ins_high_wake_irregular,0,0
EXP_U001094_1,U001094,2025-06-08,CH_ACT_003,1,model_reco,dep_low_activity,0,1
EXP_U001094_2,U001094,2025-06-13,CH_ACT_003,1,model_reco,dep_low_activity,0,0
EXP_U001094_3,U001094,2025-06-29,CH_ACT_003,1,model_reco,dep_low_activity,1,0
EXP_U001094_4,U001094,2025-07-02,CH_ACT_003,1,model_reco,dep_low_activity,0,0
EXP_U001094_5,U001094,2025-07-05,CH_ACT_003,1,model_reco,dep_low_activity,0,0
EXP_U001094_6,U001094,2025-07-07,CH_ACT_001,1,model_reco,dep_low_energy,0,1
EXP_U001094_7,U001094,2025-07-16,CH_ACT_003,1,model_reco,dep_low_activity,1,0
EXP_U001094_8,U001094,2025-07-19,CH_ACT_003,1,model_reco,dep_low_activity,0,1
EXP_U001094_9,U001094,2025-07-24,CH_ACT_002,1,model_reco,dep_low_daylight,0,0
EXP_U001094_10,U001094,2025-07-25,CH_ACT_002,1,model_reco,dep_low_daylight,1,0
EXP_U001094_11,U001094,2025-08-14,CH_ACT_002,1,model_reco,dep_low_daylight,0,0
EXP_U001094_12,U001094,2025-08-22,CH_ACT_002,1,model_reco,dep_low_daylight,1,0
EXP_U001094_13,U001094,2025-08-24,CH_REG_001,1,model_reco,anx_high_anxiety,0,1
EXP_U001095_1,U001095,2025-06-07,CH_ACT_002,1,model_reco,dep_low_daylight,0,0
EXP_U001095_2,U001095,2025-06-09,CH_ACT_003,1,model_reco,dep_low_activity,0,0
EXP_U001095_3,U001095,2025-06-10,CH_ACT_003,1,model_reco,dep_low_activity,1,0
EXP_U001095_4,U001095,2025-06-15,CH_ACT_003,1,model_reco,dep_low_activity,1,0
EXP_U001095_5,U001095,2025-06-21,CH_ACT_002,1,model_reco,dep_low_daylight,1,0
EXP_U001095_6,U001095,2025-06-23,CH_SOC_001,1,model_reco,low_social_contact,0,0
EXP_U001095_7,U001095,2025-06-27,CH_ACT_002,1,model_reco,dep_low_daylight,1,0
EXP_U001095_8,U001095,2025-06-28,CH_SOC_001,1,model_reco,low_social_contact,0,0
EXP_U001095_9,U001095,2025-06-29,CH_SOC_001,1,model_reco,low_social_contact,0,0
EXP_U001095_10,U001095,2025-07-04,CH_ACT_002,1,model_reco,dep_low_daylight,1,0
EXP_U001095_11,U001095,2025-07-08,CH_ACT_003,1,model_reco,dep_low_activity,1,0
EXP_U001095_12,U001095,2025-07-10,CH_SOC_001,1,model_reco,low_social_contact,0,1
EXP_U001095_13,U001095,2025-07-13,CH_ACT_002,1,model_reco,dep_low_daylight,0,0
EXP_U001095_14,U001095,2025-07-19,CH_ACT_003,1,model_reco,dep_low_activity,0,1
EXP_U001095_15,U001095,2025-07-23,CH_ACT_002,1,model_reco,dep_low_daylight,0,1
EXP_U001095_16,U001095,2025-07-24,CH_ACT_003,1,model_reco,dep_low_activity,0,1
EXP_U001095_17,U001095,2025-07-30,CH_ACT_003,1,model_reco,dep_low_activity,0,1
EXP_U001095_18,U001095,2025-08-03,CH_ACT_003,1,model_reco,dep_low_activity,1,0
EXP_U001095_19,U001095,2025-08-07,CH_ACT_003,1,model_reco,dep_low_activity,0,1
EXP_U001095_20,U001095,2025-08-10,CH_ACT_003,1,model_reco,dep_low_activity,0,0
EXP_U001095_21,U001095,2025-08-12,CH_ACT_002,1,model_reco,dep_low_daylight,0,1
EXP_U001095_22,U001095,2025-08-13,CH_ACT_003,1,model_reco,dep_low_activity,0,0
EXP_U001095_23,U001095,2025-08-14,CH_ACT_002,1,model_reco,dep_low_daylight,1,0
EXP_U001095_24,U001095,2025-08-15,CH_SOC_001,1,model_reco,low_social_contact,0,1
EXP_U001095_25,U001095,2025-08-16,CH_SOC_001,1,model_reco,low_social_contact,0,0
EXP_U001095_26,U001095,2025-08-19,CH_ACT_003,1,model_reco,dep_low_activity,0,1
EXP_U001095_27,U001095,2025-08-22,CH_ACT_003,1,model_reco,dep_low_activity,1,0
EXP_U001095_28,U001095,2025-08-23,CH_SOC_001,1,model_reco,low_social_contact,0,1
EXP_U001096_1,U001096,2025-10-02,CH_REG_001,1,model_reco,anx_high_anxiety,0,0
EXP_U001097_1,U001097,2025-06-01,CH_ACT_002,1,model_reco,dep_low_daylight,0,1
EXP_U001097_2,U001097,2025-06-02,CH_ACT_002,1,model_reco,dep_low_daylight,0,1
EXP_U001097_3,U001097,2025-06-04,CH_ACT_003,1,model_reco,dep_low_activity,0,1
EXP_U001097_4,U001097,2025-06-08,CH_ACT_002,1,model_reco,dep_low_daylight,0,0
EXP_U001097_5,U001097,2025-06-11,CH_ACT_002,1,model_reco,dep_low_daylight,1,0
EXP_U001097_6,U001097,2025-06-14,CH_ACT_003,1,model_reco,dep_low_activity,1,0
EXP_U001097_7,U001097,2025-06-18,CH_ACT_002,1,model_reco,dep_low_daylight,1,0
EXP_U001097_8,U001097,2025-06-20,CH_SOC_001,1,model_reco,low_social_contact,0,0
EXP_U001097_9,U001097,2025-06-23,CH_ACT_003,1,model_reco,dep_low_activity,0,1
EXP_U001097_10,U001097,2025-06-26,CH_ACT_002,1,model_reco,dep_low_daylight,0,1
EXP_U001097_11,U001097,2025-06-30,CH_ACT_003,1,model_reco,dep_low_activity,0,1
EXP_U001097_12,U001097,2025-07-02,CH_ACT_003,1,model_reco,dep_low_activity,1,0
EXP_U001097_13,U001097,2025-07-05,CH_ACT_002,1,model_reco,dep_low_daylight,1,0
EXP_U001097_14,U001097,2025-07-10,CH_ACT_002,1,model_reco,dep_low_daylight,0,0
EXP_U001097_15,U001097,2025-07-12,CH_ACT_003,1,model_reco,dep_low_activity,0,1
EXP_U001097_16,U001097,2025-07-13,CH_ACT_003,1,model_reco,dep_low_activity,1,0
EXP_U001097_17,U001097,2025-07-23,CH_ACT_003,1,model_reco,dep_low_activity,0,0
EXP_U001097_18,U001097,2025-07-26,CH_ACT_002,1,model_reco,dep_low_daylight,0,1
EXP_U001097_19,U001097,2025-08-02,CH_ACT_003,1,model_reco,dep_low_activity,1,0
EXP_U001097_20,U001097,2025-08-03,CH_SOC_001,1,model_reco,low_social_contact,0,1
EXP_U001097_21,U001097,2025-08-04,CH_SOC_001,1,model_reco,low_social_contact,1,0
EXP_U001097_22,U001097,2025-08-13,CH_ACT_002,1,model_reco,dep_low_daylight,1,0
EXP_U001097_23,U001097,2025-08-21,CH_ACT_003,1,model_reco,dep_low_activity,0,1
EXP_U001097_24,U001097,2025-08-22,CH_ACT_003,1,model_reco,dep_low_activity,0,0
EXP_U001097_25,U001097,2025-08-23,CH_ACT_003,1,model_reco,dep_low_activity,0,1
EXP_U001099_1,U001099,2025-08-29,CH_REG_001,1,model_reco,anx_high_anxiety,0,0
EXP_U001099_2,U001099,2025-09-09,CH_REG_001,1,model_reco,anx_high_anxiety,0,0
EXP_U001099_3,U001099,2025-09-26,CH_SLEEP_001,1,model_reco,ins_high_wake_irregular,0,0
EXP_U001099_4,U001099,2025-10-26,CH_ACT_001,1,model_reco,dep_low_energy,0,1
EXP_U001099_5,U001099,2025-11-08,CH_SLEEP_001,1,model_reco,ins_high_wake_irregular,0,0
EXP_U001099_6,U001099,2025-11-09,CH_SLEEP_001,1,model_reco,ins_high_wake_irregular,0,1
EXP_U001099_7,U001099,2025-11-15,CH_SLEEP_001,1,model_reco,ins_high_wake_irregular,0,1
EXP_U001101_1,U001101,2025-07-19,CH_SLEEP_001,1,model_reco,ins_high_wake_irregular,1,0
EXP_U001101_2,U001101,2025-07-24,CH_ACT_002,1,model_reco,dep_low_daylight,0,1
EXP_U001101_3,U001101,2025-07-29,CH_SLEEP_001,1,model_reco,ins_high_wake_irregular,0,1
EXP_U001101_4,U001101,2025-08-31,CH_SLEEP_001,1,model_reco,ins_high_wake_irregular,0,1
EXP_U001101_5,U001101,2025-09-02,CH_SLEEP_001,1,model_reco,ins_high_wake_irregular,0,1
EXP_U001101_6,U001101,2025-09-03,CH_SLEEP_001,1,model_reco,ins_high_wake_irregular,0,0
EXP_U001101_7,U001101,2025-09-17,CH_SLEEP_001,1,model_reco,ins_high_wake_irregular,0,1
EXP_U001104_1,U001104,2025-08-16,CH_ACT_002,1,model_reco,dep_low_daylight,1,0
EXP_U001104_2,U001104,2025-08-29,CH_ACT_002,1,model_reco,dep_low_daylight,1,0
EXP_U001104_3,U001104,2025-08-30,CH_SOC_001,1,model_reco,low_social_contact,1,0
EXP_U001104_4,U001104,2025-09-12,CH_ACT_003,1,model_reco,dep_low_activity,1,0
EXP_U001104_5,U001104,2025-09-25,CH_ACT_003,1,model_reco,dep_low_activity,0,0
EXP_U001104_6,U001104,2025-10-12,CH_ACT_003,1,model_reco,dep_low_activity,0,0
EXP_U001104_7,U001104,2025-10-16,CH_ACT_003,1,model_reco,dep_low_activity,1,0
EXP_U001104_8,U001104,2025-10-27,CH_ACT_003,1,model_reco,dep_low_activity,0,1
EXP_U001105_1,U001105,2025-07-06,CH_SLEEP_001,1,model_reco,ins_high_wake_irregular,0,0
EXP_U001105_2,U001105,2025-07-08,CH_SLEEP_001,1,model_reco,ins_high_wake_irregular,0,1
EXP_U001105_3,U001105,2025-07-12,CH_SLEEP_001,1,model_reco,ins_high_wake_irregular,0,1
EXP_U001105_4,U001105,2025-07-16,CH_SLEEP_001,1,model_reco,ins_high_wake_irregular,0,1
EXP_U001105_5,U001105,2025-08-02,CH_SLEEP_001,1,model_reco,ins_high_wake_irregular,1,0
EXP_U001105_6,U001105,2025-08-08,CH_ACT_003,1,model_reco,dep_low_activity,0,1
EXP_U001105_7,U001105,2025-08-12,CH_SLEEP_001,1,model_reco,ins_high_wake_irregular,1,0
EXP_U001105_8,U001105,2025-08-14,CH_ACT_002,1,model_reco,dep_low_daylight,0,1
EXP_U001105_9,U001105,2025-08-22,CH_SLEEP_001,1,model_reco,ins_high_wake_irregular,0,1
EXP_U001105_10,U001105,2025-08-31,CH_SLEEP_001,1,model_reco,ins_high_wake_irregular,0,0
EXP_U001105_11,U001105,2025-09-01,CH_SLEEP_001,1,model_reco,ins_high_wake_irregular,1,0
EXP_U001105_12,U001105,2025-09-14,CH_SLEEP_001,1,model_reco,ins_high_wake_irregular,0,1
EXP_U001105_13,U001105,2025-09-22,CH_SLEEP_001,1,model_reco,ins_high_wake_irregular,0,0
EXP_U001105_14,U001105,2025-09-23,CH_SLEEP_001,1,model_reco,ins_high_wake_irregular,0,1
EXP_U001105_15,U001105,2025-09-26,CH_SLEEP_001,1,model_reco,ins_high_wake_irregular,1,0
EXP_U001106_1,U001106,2025-08-28,CH_SLEEP_001,1,model_reco,ins_high_wake_irregular,1,0
EXP_U001106_2,U001106,2025-09-07,CH_SLEEP_001,1,model_reco,ins_high_wake_irregular,0,1
EXP_U001106_3,U001106,2025-09-12,CH_SLEEP_001,1,model_reco,ins_high_wake_irregular,0,0
EXP_U001106_4,U001106,2025-09-25,CH_SLEEP_001,1,model_reco,ins_high_wake_irregular,0,1
EXP_U001106_5,U001106,2025-10-01,CH_SLEEP_001,1,model_reco,ins_high_wake_irregular,0,1
EXP_U001106_6,U001106,2025-10-12,CH_SLEEP_001,1,model_reco,ins_high_wake_irregular,0,1
EXP_U001106_7,U001106,2025-10-14,CH_SLEEP_001,1,model_reco,ins_high_wake_irregular,0,1
EXP_U001106_8,U001106,2025-10-18,CH_SLEEP_001,1,model_reco,ins_high_wake_irregular,1,0
EXP_U001106_9,U001106,2025-11-05,CH_SLEEP_001,1,model_reco,ins_high_wake_irregular,0,0
EXP_U001106_10,U001106,2025-11-08,CH_SLEEP_001,1,model_reco,ins_high_wake_irregular,0,0
EXP_U001106_11,U001106,2025-11-09,CH_SLEEP_001,1,model_reco,ins_high_wake_irregular,1,0
EXP_U001107_1,U001107,2025-08-26,CH_REG_001,1,model_reco,anx_high_anxiety,1,0
EXP_U001107_2,U001107,2025-09-02,CH_REG_001,1,model_reco,anx_high_anxiety,1,0
EXP_U001107_3,U001107,2025-09-06,CH_REG_002,1,model_reco,anx_high_anxiety,0,0
EXP_U001107_4,U001107,2025-09-08,CH_REG_001,1,model_reco,anx_high_anxiety,1,0
EXP_U001107_5,U001107,2025-09-14,CH_REG_001,1,model_reco,anx_high_anxiety,0,1
EXP_U001107_6,U001107,2025-09-26,CH_REG_001,1,model_reco,anx_high_anxiety,0,1
EXP_U001107_7,U001107,2025-10-01,CH_WELL_001,1,model_reco,supportive_wellbeing,0,0
EXP_U001107_8,U001107,2025-10-31,CH_REG_001,1,model_reco,anx_high_anxiety,0,0
EXP_U001107_9,U001107,2025-11-05,CH_ACT_002,1,model_reco,dep_low_daylight,0,0
EXP_U001108_1,U001108,2025-06-28,CH_REG_001,1,model_reco,anx_high_anxiety,1,0
EXP_U001108_2,U001108,2025-07-03,CH_REG_001,1,model_reco,anx_high_anxiety,1,0
EXP_U001108_3,U001108,2025-07-09,CH_REG_001,1,model_reco,anx_high_anxiety,1,0
EXP_U001108_4,U001108,2025-07-11,CH_REG_001,1,model_reco,anx_high_anxiety,0,1
EXP_U001108_5,U001108,2025-07-13,CH_REG_001,1,model_reco,anx_high_anxiety,1,0
EXP_U001108_6,U001108,2025-07-26,CH_REG_001,1,model_reco,anx_high_anxiety,1,0
EXP_U001108_7,U001108,2025-07-30,CH_REG_002,1,model_reco,anx_high_anxiety,0,1
EXP_U001108_8,U001108,2025-08-01,CH_REG_001,1,model_reco,anx_high_anxiety,1,0
EXP_U001108_9,U001108,2025-08-05,CH_REG_001,1,model_reco,anx_high_anxiety,0,1
EXP_U001108_10,U001108,2025-08-07,CH_REG_002,1,model_reco,anx_high_anxiety,1,0
EXP_U001108_11,U001108,2025-08-24,CH_REG_002,1,model_reco,anx_high_anxiety,0,1
EXP_U001108_12,U001108,2025-08-29,CH_REG_002,1,model_reco,anx_high_anxiety,1,0
EXP_U001108_13,U001108,2025-09-01,CH_REG_001,1,model_reco,anx_high_anxiety,0,0
EXP_U001108_14,U001108,2025-09-13,CH_REG_001,1,model_reco,anx_high_anxiety,0,0
EXP_U001109_1,U001109,2025-06-06,CH_REG_002,1,model_reco,anx_high_anxiety,0,1
EXP_U001109_2,U001109,2025-06-07,CH_REG_001,1,model_reco,anx_high_anxiety,1,0
EXP_U001109_3,U001109,2025-06-09,CH_REG_001,1,model_reco,anx_high_anxiety,0,1
EXP_U001109_4,U001109,2025-06-15,CH_REG_002,1,model_reco,anx_high_anxiety,1,0
EXP_U001109_5,U001109,2025-06-19,CH_REG_002,1,model_reco,anx_high_anxiety,0,0
EXP_U001109_6,U001109,2025-06-24,CH_REG_001,1,model_reco,anx_high_anxiety,0,1
EXP_U001109_7,U001109,2025-06-29,CH_REG_001,1,model_reco,anx_high_anxiety,0,0
EXP_U001109_8,U001109,2025-06-30,CH_REG_002,1,model_reco,anx_high_anxiety,0,1
EXP_U001109_9,U001109,2025-07-02,CH_REG_001,1,model_reco,anx_high_anxiety,1,0
EXP_U001109_10,U001109,2025-07-06,CH_REG_002,1,model_reco,anx_high_anxiety,1,0
EXP_U001109_11,U001109,2025-07-07,CH_REG_002,1,model_reco,anx_high_anxiety,1,0
EXP_U001109_12,U001109,2025-07-08,CH_REG_001,1,model_reco,anx_high_anxiety,0,1
EXP_U001109_13,U001109,2025-07-10,CH_REG_001,1,model_reco,anx_high_anxiety,0,1
EXP_U001109_14,U001109,2025-07-11,CH_REG_001,1,model_reco,anx_high_anxiety,0,1
EXP_U001109_15,U001109,2025-07-14,CH_REG_001,1,model_reco,anx_high_anxiety,0,0
EXP_U001109_16,U001109,2025-07-18,CH_REG_001,1,model_reco,anx_high_anxiety,1,0
EXP_U001109_17,U001109,2025-07-19,CH_REG_001,1,model_reco,anx_high_anxiety,1,0
EXP_U001109_18,U001109,2025-07-21,CH_REG_002,1,model_reco,anx_high_anxiety,0,1
EXP_U001109_19,U001109,2025-07-24,CH_REG_002,1,model_reco,anx_high_anxiety,0,1
EXP_U001109_20,U001109,2025-07-27,CH_REG_002,1,model_reco,anx_high_anxiety,0,0
EXP_U001109_21,U001109,2025-07-29,CH_REG_001,1,model_reco,anx_high_anxiety,1,0
EXP_U001109_22,U001109,2025-08-02,CH_REG_002,1,model_reco,anx_high_anxiety,0,0
EXP_U001109_23,U001109,2025-08-06,CH_REG_002,1,model_reco,anx_high_anxiety,0,1
EXP_U001109_24,U001109,2025-08-22,CH_REG_002,1,model_reco,anx_high_anxiety,1,0
EXP_U001109_25,U001109,2025-08-23,CH_REG_002,1,model_reco,anx_high_anxiety,1,0
EXP_U001109_26,U001109,2025-08-24,CH_REG_002,1,model_reco,anx_high_anxiety,0,0
EXP_U001110_1,U001110,2025-10-05,CH_ACT_003,1,model_reco,dep_low_activity,0,1
EXP_U001110_2,U001110,2025-10-19,CH_REG_002,1,model_reco,anx_high_anxiety,0,1
EXP_U001110_3,U001110,2025-10-21,CH_REG_001,1,model_reco,anx_high_anxiety,0,1
EXP_U001110_4,U001110,2025-10-24,CH_REG_002,1,model_reco,anx_high_anxiety,1,0
EXP_U001110_5,U001110,2025-10-26,CH_REG_001,1,model_reco,anx_high_anxiety,0,1
EXP_U001110_6,U001110,2025-11-02,CH_REG_002,1,model_reco,anx_high_anxiety,0,0
EXP_U001110_7,U001110,2025-11-08,CH_ACT_001,1,model_reco,dep_low_energy,0,1
EXP_U001111_1,U001111,2025-07-02,CH_SLEEP_001,1,model_reco,ins_high_wake_irregular,0,0
EXP_U001111_2,U001111,2025-07-09,CH_SLEEP_001,1,model_reco,ins_high_wake_irregular,1,0
EXP_U001112_1,U001112,2025-06-08,CH_WELL_001,1,model_reco,supportive_wellbeing,0,0
EXP_U001112_2,U001112,2025-06-10,CH_ACT_001,1,model_reco,dep_low_energy,0,1
EXP_U001112_3,U001112,2025-06-15,CH_ACT_003,1,model_reco,dep_low_activity,0,1
EXP_U001112_4,U001112,2025-07-09,CH_ACT_002,1,model_reco,dep_low_daylight,0,1
EXP_U001112_5,U001112,2025-08-02,CH_ACT_001,1,model_reco,dep_low_energy,0,1
EXP_U001112_6,U001112,2025-08-12,CH_ACT_003,1,model_reco,dep_low_activity,1,0
EXP_U001113_1,U001113,2025-07-02,CH_REG_001,1,model_reco,anx_high_anxiety,0,1
EXP_U001113_2,U001113,2025-07-04,CH_REG_001,1,model_reco,anx_high_anxiety,1,0
EXP_U001113_3,U001113,2025-07-13,CH_WELL_001,1,model_reco,supportive_wellbeing,0,1
EXP_U001113_4,U001113,2025-07-28,CH_REG_001,1,model_reco,anx_high_anxiety,1,0
EXP_U001113_5,U001113,2025-07-31,CH_REG_002,1,model_reco,anx_high_anxiety,1,0
EXP_U001113_6,U001113,2025-08-16,CH_REG_002,1,model_reco,anx_high_anxiety,0,0
EXP_U001113_7,U001113,2025-08-17,CH_REG_001,1,model_reco,anx_high_anxiety,0,0
EXP_U001113_8,U001113,2025-08-22,CH_REG_001,1,model_reco,anx_high_anxiety,1,0
EXP_U001113_9,U001113,2025-08-25,CH_REG_001,1,model_reco,anx_high_anxiety,0,1
EXP_U001113_10,U001113,2025-09-01,CH_REG_002,1,model_reco,anx_high_anxiety,0,1
EXP_U001114_1,U001114,2025-07-13,CH_SLEEP_001,1,model_reco,ins_high_wake_irregular,0,0
EXP_U001114_2,U001114,2025-07-16,CH_SLEEP_001,1,model_reco,ins_high_wake_irregular,0,1
EXP_U001114_3,U001114,2025-07-22,CH_SLEEP_001,1,model_reco,ins_high_wake_irregular,1,0
EXP_U001114_4,U001114,2025-07-28,CH_ACT_001,1,model_reco,dep_low_energy,0,0
EXP_U001114_5,U001114,2025-07-29,CH_SLEEP_001,1,model_reco,ins_high_wake_irregular,0,1
EXP_U001114_6,U001114,2025-07-31,CH_SLEEP_001,1,model_reco,ins_high_wake_irregular,0,0
EXP_U001114_7,U001114,2025-08-05,CH_SLEEP_001,1,model_reco,ins_high_wake_irregular,1,0
EXP_U001114_8,U001114,2025-08-07,CH_ACT_001,1,model_reco,dep_low_energy,0,1
EXP_U001114_9,U001114,2025-08-09,CH_ACT_003,1,model_reco,dep_low_activity,0,1
EXP_U001114_10,U001114,2025-08-10,CH_ACT_003,1,model_reco,dep_low_activity,0,1
EXP_U001114_11,U001114,2025-08-14,CH_SLEEP_001,1,model_reco,ins_high_wake_irregular,1,0
EXP_U001114_12,U001114,2025-08-21,CH_SLEEP_001,1,model_reco,ins_high_wake_irregular,1,0
EXP_U001114_13,U001114,2025-08-24,CH_ACT_001,1,model_reco,dep_low_energy,0,0
EXP_U001114_14,U001114,2025-08-28,CH_SLEEP_001,1,model_reco,ins_high_wake_irregular,1,0
EXP_U001114_15,U001114,2025-08-30,CH_ACT_001,1,model_reco,dep_low_energy,0,0
EXP_U001114_16,U001114,2025-09-01,CH_ACT_001,1,model_reco,dep_low_energy,0,0
EXP_U001114_17,U001114,2025-09-07,CH_SLEEP_001,1,model_reco,ins_high_wake_irregular,0,1
EXP_U001114_18,U001114,2025-09-08,CH_SLEEP_001,1,model_reco,ins_high_wake_irregular,1,0
EXP_U001114_19,U001114,2025-09-12,CH_REG_001,1,model_reco,anx_high_anxiety,0,1
EXP_U001114_20,U001114,2025-09-17,CH_SLEEP_001,1,model_reco,ins_high_wake_irregular,0,0
EXP_U001114_21,U001114,2025-09-19,CH_SLEEP_001,1,model_reco,ins_high_wake_irregular,0,1
EXP_U001114_22,U001114,2025-09-22,CH_SLEEP_001,1,model_reco,ins_high_wake_irregular,0,1
EXP_U001114_23,U001114,2025-09-24,CH_SLEEP_001,1,model_reco,ins_high_wake_irregular,1,0
EXP_U001114_24,U001114,2025-09-26,CH_REG_001,1,model_reco,anx_high_anxiety,0,1
EXP_U001115_1,U001115,2025-07-07,CH_WELL_001,1,model_reco,supportive_wellbeing,1,0
EXP_U001115_2,U001115,2025-07-28,CH_WELL_001,1,model_reco,supportive_wellbeing,1,0
EXP_U001116_1,U001116,2025-06-30,CH_ACT_002,1,model_reco,dep_low_daylight,0,0
EXP_U001116_2,U001116,2025-08-25,CH_ACT_003,1,model_reco,dep_low_activity,0,0
EXP_U001117_1,U001117,2025-08-22,CH_SLEEP_001,1,model_reco,ins_high_wake_irregular,0,0
EXP_U001118_1,U001118,2025-08-20,CH_SLEEP_001,1,model_reco,ins_high_wake_irregular,0,1
EXP_U001119_1,U001119,2025-06-24,CH_REG_001,1,model_reco,anx_high_anxiety,1,0
EXP_U001119_2,U001119,2025-06-28,CH_ACT_001,1,model_reco,dep_low_energy,0,0
EXP_U001119_3,U001119,2025-07-01,CH_ACT_003,1,model_reco,dep_low_activity,0,0
EXP_U001119_4,U001119,2025-07-06,CH_ACT_001,1,model_reco,dep_low_energy,0,0
EXP_U001119_5,U001119,2025-07-07,CH_ACT_003,1,model_reco,dep_low_activity,0,0
EXP_U001119_6,U001119,2025-07-11,CH_ACT_003,1,model_reco,dep_low_activity,1,0
EXP_U001119_7,U001119,2025-07-12,CH_REG_001,1,model_reco,anx_high_anxiety,0,0
EXP_U001119_8,U001119,2025-07-14,CH_ACT_001,1,model_reco,dep_low_energy,0,0
EXP_U001119_9,U001119,2025-07-17,CH_REG_001,1,model_reco,anx_high_anxiety,0,1
EXP_U001119_10,U001119,2025-07-19,CH_REG_002,1,model_reco,anx_high_anxiety,0,1
EXP_U001119_11,U001119,2025-07-20,CH_REG_001,1,model_reco,anx_high_anxiety,0,1
EXP_U001119_12,U001119,2025-07-21,CH_ACT_001,1,model_reco,dep_low_energy,0,1
EXP_U001119_13,U001119,2025-07-22,CH_ACT_001,1,model_reco,dep_low_energy,0,1
EXP_U001119_14,U001119,2025-07-26,CH_ACT_003,1,model_reco,dep_low_activity,0,0
EXP_U001119_15,U001119,2025-08-01,CH_ACT_003,1,model_reco,dep_low_activity,0,0
EXP_U001119_16,U001119,2025-08-04,CH_ACT_003,1,model_reco,dep_low_activity,0,0
EXP_U001119_17,U001119,2025-08-05,CH_ACT_003,1,model_reco,dep_low_activity,1,0
EXP_U001119_18,U001119,2025-08-06,CH_REG_002,1,model_reco,anx_high_anxiety,0,0
EXP_U001119_19,U001119,2025-08-10,CH_ACT_003,1,model_reco,dep_low_activity,1,0
EXP_U001119_20,U001119,2025-08-11,CH_SOC_001,1,model_reco,low_social_contact,0,0
EXP_U001119_21,U001119,2025-08-14,CH_ACT_002,1,model_reco,dep_low_daylight,0,1
EXP_U001119_22,U001119,2025-08-21,CH_ACT_001,1,model_reco,dep_low_energy,0,1
EXP_U001119_23,U001119,2025-08-31,CH_ACT_002,1,model_reco,dep_low_daylight,1,0
EXP_U001119_24,U001119,2025-09-04,CH_ACT_001,1,model_reco,dep_low_energy,1,0
EXP_U001119_25,U001119,2025-09-07,CH_SOC_001,1,model_reco,low_social_contact,1,0
EXP_U001119_26,U001119,2025-09-08,CH_REG_001,1,model_reco,anx_high_anxiety,1,0
EXP_U001120_1,U001120,2025-06-07,CH_WELL_001,1,model_reco,supportive_wellbeing,0,1
EXP_U001120_2,U001120,2025-07-24,CH_WELL_001,1,model_reco,supportive_wellbeing,0,1
EXP_U001120_3,U001120,2025-08-06,CH_SLEEP_001,1,model_reco,ins_high_wake_irregular,1,0
EXP_U001121_1,U001121,2025-06-02,CH_SLEEP_001,1,model_reco,ins_high_wake_irregular,0,0
EXP_U001121_2,U001121,2025-06-05,CH_SLEEP_001,1,model_reco,ins_high_wake_irregular,1,0
EXP_U001121_3,U001121,2025-07-07,CH_SLEEP_001,1,model_reco,ins_high_wake_irregular,1,0
EXP_U001121_4,U001121,2025-07-08,CH_SLEEP_001,1,model_reco,ins_high_wake_irregular,0,1
EXP_U001121_5,U001121,2025-07-14,CH_SLEEP_001,1,model_reco,ins_high_wake_irregular,1,0
EXP_U001121_6,U001121,2025-07-29,CH_SLEEP_001,1,model_reco,ins_high_wake_irregular,1,0
EXP_U001121_7,U001121,2025-07-31,CH_ACT_001,1,model_reco,dep_low_energy,0,0
EXP_U001121_8,U001121,2025-08-14,CH_SLEEP_001,1,model_reco,ins_high_wake_irregular,1,0
EXP_U001122_1,U001122,2025-10-24,CH_SLEEP_001,1,model_reco,ins_high_wake_irregular,1,0
EXP_U001123_1,U001123,2025-08-20,CH_SLEEP_001,1,model_reco,ins_high_wake_irregular,1,0
EXP_U001124_1,U001124,2025-08-01,CH_SLEEP_001,1,model_reco,ins_high_wake_irregular,0,0
EXP_U001124_2,U001124,2025-08-08,CH_SLEEP_001,1,model_reco,ins_high_wake_irregular,0,1
EXP_U001124_3,U001124,2025-08-11,CH_SLEEP_001,1,model_reco,ins_high_wake_irregular,0,1
EXP_U001124_4,U001124,2025-08-13,CH_SLEEP_001,1,model_reco,ins_high_wake_irregular,0,0
EXP_U001124_5,U001124,2025-08-18,CH_SLEEP_001,1,model_reco,ins_high_wake_irregular,0,0
EXP_U001124_6,U001124,2025-08-21,CH_SLEEP_001,1,model_reco,ins_high_wake_irregular,1,0
EXP_U001124_7,U001124,2025-08-26,CH_SLEEP_001,1,model_reco,ins_high_wake_irregular,0,0
EXP_U001124_8,U001124,2025-09-01,CH_SLEEP_001,1,model_reco,ins_high_wake_irregular,0,0
EXP_U001124_9,U001124,2025-09-02,CH_SLEEP_001,1,model_reco,ins_high_wake_irregular,0,0
EXP_U001124_10,U001124,2025-09-07,CH_SLEEP_001,1,model_reco,ins_high_wake_irregular,0,1
EXP_U001124_11,U001124,2025-09-09,CH_SLEEP_001,1,model_reco,ins_high_wake_irregular,0,0
EXP_U001124_12,U001124,2025-09-10,CH_SLEEP_001,1,model_reco,ins_high_wake_irregular,0,0
EXP_U001124_13,U001124,2025-09-12,CH_SLEEP_001,1,model_reco,ins_high_wake_irregular,1,0
EXP_U001124_14,U001124,2025-09-28,CH_SLEEP_001,1,model_reco,ins_high_wake_irregular,1,0
EXP_U001124_15,U001124,2025-09-29,CH_ACT_001,1,model_reco,dep_low_energy,0,1
EXP_U001124_16,U001124,2025-10-04,CH_ACT_001,1,model_reco,dep_low_energy,0,1
EXP_U001124_17,U001124,2025-10-08,CH_SLEEP_001,1,model_reco,ins_high_wake_irregular,0,0
EXP_U001124_18,U001124,2025-10-11,CH_SLEEP_001,1,model_reco,ins_high_wake_irregular,1,0
EXP_U001124_19,U001124,2025-10-18,CH_SLEEP_001,1,model_reco,ins_high_wake_irregular,1,0
EXP_U001124_20,U001124,2025-10-19,CH_ACT_001,1,model_reco,dep_low_energy,1,0
EXP_U001125_1,U001125,2025-07-01,CH_ACT_002,1,model_reco,dep_low_daylight,0,0
EXP_U001125_2,U001125,2025-07-08,CH_REG_001,1,model_reco,anx_high_anxiety,0,1
EXP_U001125_3,U001125,2025-07-30,CH_REG_002,1,model_reco,anx_high_anxiety,1,0
EXP_U001125_4,U001125,2025-08-03,CH_ACT_003,1,model_reco,dep_low_activity,0,0
EXP_U001125_5,U001125,2025-08-10,CH_ACT_001,1,model_reco,dep_low_energy,0,0
EXP_U001125_6,U001125,2025-08-12,CH_SLEEP_001,1,model_reco,ins_high_wake_irregular,0,1
EXP_U001125_7,U001125,2025-08-14,CH_SLEEP_001,1,model_reco,ins_high_wake_irregular,0,0
EXP_U001126_1,U001126,2025-07-09,CH_SLEEP_001,1,model_reco,ins_high_wake_irregular,0,1
EXP_U001126_2,U001126,2025-07-15,CH_SLEEP_001,1,model_reco,ins_high_wake_irregular,1,0
EXP_U001126_3,U001126,2025-07-23,CH_SLEEP_001,1,model_reco,ins_high_wake_irregular,0,1
EXP_U001126_4,U001126,2025-08-25,CH_SLEEP_001,1,model_reco,ins_high_wake_irregular,1,0
EXP_U001126_5,U001126,2025-09-01,CH_SLEEP_001,1,model_reco,ins_high_wake_irregular,1,0
EXP_U001126_6,U001126,2025-09-05,CH_ACT_003,1,model_reco,dep_low_activity,1,0
EXP_U001126_7,U001126,2025-09-14,CH_SLEEP_001,1,model_reco,ins_high_wake_irregular,0,1
EXP_U001126_8,U001126,2025-09-24,CH_ACT_002,1,model_reco,dep_low_daylight,0,1
EXP_U001126_9,U001126,2025-09-25,CH_ACT_003,1,model_reco,dep_low_activity,1,0
EXP_U001127_1,U001127,2025-08-11,CH_ACT_001,1,model_reco,dep_low_energy,1,0
EXP_U001127_2,U001127,2025-10-05,CH_WELL_001,1,model_reco,supportive_wellbeing,1,0
EXP_U001128_1,U001128,2025-08-26,CH_REG_001,1,model_reco,anx_high_anxiety,1,0
EXP_U001128_2,U001128,2025-08-29,CH_ACT_001,1,model_reco,dep_low_energy,0,1
EXP_U001128_3,U001128,2025-09-03,CH_ACT_003,1,model_reco,dep_low_activity,1,0
EXP_U001128_4,U001128,2025-09-04,CH_SOC_001,1,model_reco,low_social_contact,1,0
EXP_U001128_5,U001128,2025-09-09,CH_ACT_001,1,model_reco,dep_low_energy,1,0
EXP_U001128_6,U001128,2025-09-20,CH_ACT_002,1,model_reco,dep_low_daylight,0,0
EXP_U001128_7,U001128,2025-09-30,CH_ACT_002,1,model_reco,dep_low_daylight,1,0
EXP_U001128_8,U001128,2025-10-09,CH_ACT_001,1,model_reco,dep_low_energy,0,1
EXP_U001128_9,U001128,2025-10-10,CH_ACT_002,1,model_reco,dep_low_daylight,1,0
EXP_U001128_10,U001128,2025-10-13,CH_ACT_002,1,model_reco,dep_low_daylight,1,0
EXP_U001128_11,U001128,2025-10-26,CH_ACT_003,1,model_reco,dep_low_activity,1,0
EXP_U001128_12,U001128,2025-10-30,CH_ACT_001,1,model_reco,dep_low_energy,0,0
EXP_U001128_13,U001128,2025-11-03,CH_ACT_001,1,model_reco,dep_low_energy,0,1
EXP_U001128_14,U001128,2025-11-08,CH_ACT_001,1,model_reco,dep_low_energy,0,0
EXP_U001128_15,U001128,2025-11-14,CH_ACT_002,1,model_reco,dep_low_daylight,0,1
EXP_U001129_1,U001129,2025-08-09,CH_ACT_001,1,model_reco,dep_low_energy,1,0
EXP_U001129_2,U001129,2025-08-29,CH_WELL_001,1,model_reco,supportive_wellbeing,1,0
EXP_U001129_3,U001129,2025-09-27,CH_ACT_001,1,model_reco,dep_low_energy,0,0
EXP_U001129_4,U001129,2025-10-27,CH_ACT_002,1,model_reco,dep_low_daylight,1,0
EXP_U001130_1,U001130,2025-08-24,CH_SLEEP_001,1,model_reco,ins_high_wake_irregular,0,1
EXP_U001130_2,U001130,2025-08-26,CH_SLEEP_001,1,model_reco,ins_high_wake_irregular,1,0
EXP_U001130_3,U001130,2025-08-27,CH_ACT_003,1,model_reco,dep_low_activity,0,1
EXP_U001130_4,U001130,2025-09-03,CH_SLEEP_001,1,model_reco,ins_high_wake_irregular,0,0
EXP_U001130_5,U001130,2025-09-07,CH_SLEEP_001,1,model_reco,ins_high_wake_irregular,1,0
EXP_U001130_6,U001130,2025-09-08,CH_ACT_001,1,model_reco,dep_low_energy,0,1
EXP_U001130_7,U001130,2025-09-10,CH_ACT_003,1,model_reco,dep_low_activity,1,0
EXP_U001130_8,U001130,2025-09-11,CH_REG_002,1,model_reco,anx_high_anxiety,1,0
EXP_U001130_9,U001130,2025-09-18,CH_SLEEP_001,1,model_reco,ins_high_wake_irregular,0,0
EXP_U001130_10,U001130,2025-09-19,CH_SLEEP_001,1,model_reco,ins_high_wake_irregular,0,0
EXP_U001130_11,U001130,2025-09-22,CH_SLEEP_001,1,model_reco,ins_high_wake_irregular,1,0
EXP_U001130_12,U001130,2025-09-30,CH_SLEEP_001,1,model_reco,ins_high_wake_irregular,0,0
EXP_U001130_13,U001130,2025-10-07,CH_SLEEP_001,1,model_reco,ins_high_wake_irregular,0,1
EXP_U001130_14,U001130,2025-10-09,CH_SLEEP_001,1,model_reco,ins_high_wake_irregular,0,0
EXP_U001130_15,U001130,2025-10-16,CH_SLEEP_001,1,model_reco,ins_high_wake_irregular,0,1
EXP_U001130_16,U001130,2025-10-24,CH_SLEEP_001,1,model_reco,ins_high_wake_irregular,0,1
EXP_U001130_17,U001130,2025-10-26,CH_SLEEP_001,1,model_reco,ins_high_wake_irregular,0,0
EXP_U001130_18,U001130,2025-10-28,CH_SLEEP_001,1,model_reco,ins_high_wake_irregular,0,1
EXP_U001130_19,U001130,2025-10-29,CH_SLEEP_001,1,model_reco,ins_high_wake_irregular,0,1
EXP_U001130_20,U001130,2025-11-01,CH_SLEEP_001,1,model_reco,ins_high_wake_irregular,0,0
EXP_U001130_21,U001130,2025-11-02,CH_SLEEP_001,1,model_reco,ins_high_wake_irregular,0,1
EXP_U001130_22,U001130,2025-11-05,CH_SLEEP_001,1,model_reco,ins_high_wake_irregular,1,0
EXP_U001131_1,U001131,2025-08-30,CH_ACT_003,1,model_reco,dep_low_activity,1,0
EXP_U001131_2,U001131,2025-09-07,CH_ACT_002,1,model_reco,dep_low_daylight,0,1
EXP_U001131_3,U001131,2025-09-10,CH_ACT_001,1,model_reco,dep_low_energy,1,0
EXP_U001131_4,U001131,2025-09-22,CH_ACT_002,1,model_reco,dep_low_daylight,0,1
EXP_U001131_5,U001131,2025-09-24,CH_ACT_001,1,model_reco,dep_low_energy,0,1
EXP_U001131_6,U001131,2025-10-02,CH_ACT_001,1,model_reco,dep_low_energy,0,0
EXP_U001131_7,U001131,2025-10-05,CH_ACT_003,1,model_reco,dep_low_activity,0,1
EXP_U001131_8,U001131,2025-10-08,CH_ACT_003,1,model_reco,dep_low_activity,0,1
EXP_U001131_9,U001131,2025-10-10,CH_ACT_003,1,model_reco,dep_low_activity,1,0
EXP_U001131_10,U001131,2025-10-19,CH_ACT_002,1,model_reco,dep_low_daylight,1,0
EXP_U001131_11,U001131,2025-10-26,CH_ACT_003,1,model_reco,dep_low_activity,1,0
EXP_U001131_12,U001131,2025-11-04,CH_ACT_002,1,model_reco,dep_low_daylight,0,0
EXP_U001131_13,U001131,2025-11-07,CH_ACT_003,1,model_reco,dep_low_activity,0,0
EXP_U001132_1,U001132,2025-06-23,CH_SLEEP_001,1,model_reco,ins_high_wake_irregular,1,0
EXP_U001132_2,U001132,2025-07-05,CH_SLEEP_001,1,model_reco,ins_high_wake_irregular,0,1
EXP_U001132_3,U001132,2025-07-10,CH_SLEEP_001,1,model_reco,ins_high_wake_irregular,0,0
EXP_U001132_4,U001132,2025-07-11,CH_SLEEP_001,1,model_reco,ins_high_wake_irregular,0,1
EXP_U001132_5,U001132,2025-07-19,CH_SLEEP_001,1,model_reco,ins_high_wake_irregular,0,0
EXP_U001132_6,U001132,2025-07-24,CH_SLEEP_001,1,model_reco,ins_high_wake_irregular,1,0
EXP_U001132_7,U001132,2025-07-28,CH_REG_001,1,model_reco,anx_high_anxiety,0,0
EXP_U001132_8,U001132,2025-07-29,CH_SLEEP_001,1,model_reco,ins_high_wake_irregular,1,0
EXP_U001132_9,U001132,2025-08-10,CH_SLEEP_001,1,model_reco,ins_high_wake_irregular,1,0
EXP_U001132_10,U001132,2025-08-13,CH_REG_001,1,model_reco,anx_high_anxiety,0,1
EXP_U001132_11,U001132,2025-08-27,CH_SLEEP_001,1,model_reco,ins_high_wake_irregular,0,1
EXP_U001132_12,U001132,2025-08-28,CH_SLEEP_001,1,model_reco,ins_high_wake_irregular,0,1
EXP_U001132_13,U001132,2025-08-29,CH_SLEEP_001,1,model_reco,ins_high_wake_irregular,0,1
EXP_U001132_14,U001132,2025-08-31,CH_SLEEP_001,1,model_reco,ins_high_wake_irregular,1,0
EXP_U001132_15,U001132,2025-09-05,CH_REG_001,1,model_reco,anx_high_anxiety,0,0
EXP_U001132_16,U001132,2025-09-08,CH_SLEEP_001,1,model_reco,ins_high_wake_irregular,1,0
EXP_U001133_1,U001133,2025-06-12,CH_ACT_003,1,model_reco,dep_low_activity,0,0
EXP_U001133_2,U001133,2025-06-19,CH_ACT_003,1,model_reco,dep_low_activity,0,0
EXP_U001133_3,U001133,2025-06-26,CH_ACT_002,1,model_reco,dep_low_daylight,0,0
EXP_U001133_4,U001133,2025-07-02,CH_ACT_002,1,model_reco,dep_low_daylight,0,1
EXP_U001133_5,U001133,2025-07-04,CH_ACT_003,1,model_reco,dep_low_activity,0,1
EXP_U001133_6,U001133,2025-07-09,CH_ACT_003,1,model_reco,dep_low_activity,0,1
EXP_U001133_7,U001133,2025-07-12,CH_ACT_003,1,model_reco,dep_low_activity,0,1
EXP_U001133_8,U001133,2025-07-13,CH_ACT_002,1,model_reco,dep_low_daylight,0,1
EXP_U001133_9,U001133,2025-07-17,CH_ACT_003,1,model_reco,dep_low_activity,0,0
EXP_U001133_10,U001133,2025-08-03,CH_SOC_001,1,model_reco,low_social_contact,1,0
EXP_U001133_11,U001133,2025-08-06,CH_ACT_002,1,model_reco,dep_low_daylight,1,0
EXP_U001133_12,U001133,2025-09-02,CH_ACT_003,1,model_reco,dep_low_activity,0,1
EXP_U001133_13,U001133,2025-09-03,CH_ACT_002,1,model_reco,dep_low_daylight,0,0
EXP_U001134_1,U001134,2025-08-12,CH_SLEEP_001,1,model_reco,ins_high_wake_irregular,0,1
EXP_U001134_2,U001134,2025-08-13,CH_SLEEP_001,1,model_reco,ins_high_wake_irregular,1,0
EXP_U001134_3,U001134,2025-08-17,CH_ACT_003,1,model_reco,dep_low_activity,0,1
EXP_U001134_4,U001134,2025-08-21,CH_SLEEP_001,1,model_reco,ins_high_wake_irregular,0,1
EXP_U001134_5,U001134,2025-08-30,CH_SLEEP_001,1,model_reco,ins_high_wake_irregular,1,0
EXP_U001134_6,U001134,2025-08-31,CH_ACT_002,1,model_reco,dep_low_daylight,0,1
EXP_U001134_7,U001134,2025-09-14,CH_SLEEP_001,1,model_reco,ins_high_wake_irregular,0,1
EXP_U001134_8,U001134,2025-09-15,CH_SLEEP_001,1,model_reco,ins_high_wake_irregular,0,1
EXP_U001134_9,U001134,2025-09-16,CH_SLEEP_001,1,model_reco,ins_high_wake_irregular,0,1
EXP_U001134_10,U001134,2025-09-18,CH_SLEEP_001,1,model_reco,ins_high_wake_irregular,1,0
EXP_U001134_11,U001134,2025-09-26,CH_SLEEP_001,1,model_reco,ins_high_wake_irregular,0,0
EXP_U001134_12,U001134,2025-10-03,CH_SLEEP_001,1,model_reco,ins_high_wake_irregular,0,0
EXP_U001134_13,U001134,2025-10-06,CH_SLEEP_001,1,model_reco,ins_high_wake_irregular,0,1
EXP_U001134_14,U001134,2025-10-10,CH_SLEEP_001,1,model_reco,ins_high_wake_irregular,0,1
EXP_U001134_15,U001134,2025-10-12,CH_SLEEP_001,1,model_reco,ins_high_wake_irregular,0,1
EXP_U001135_1,U001135,2025-06-08,CH_REG_001,1,model_reco,anx_high_anxiety,0,1
EXP_U001135_2,U001135,2025-06-09,CH_REG_002,1,model_reco,anx_high_anxiety,1,0
EXP_U001135_3,U001135,2025-06-10,CH_REG_001,1,model_reco,anx_high_anxiety,1,0
EXP_U001135_4,U001135,2025-06-18,CH_ACT_001,1,model_reco,dep_low_energy,0,0
EXP_U001135_5,U001135,2025-06-20,CH_ACT_003,1,model_reco,dep_low_activity,0,1
EXP_U001135_6,U001135,2025-06-22,CH_SLEEP_001,1,model_reco,ins_high_wake_irregular,0,0
EXP_U001135_7,U001135,2025-06-24,CH_ACT_001,1,model_reco,dep_low_energy,1,0
EXP_U001135_8,U001135,2025-06-25,CH_REG_002,1,model_reco,anx_high_anxiety,0,1
EXP_U001135_9,U001135,2025-07-09,CH_SLEEP_001,1,model_reco,ins_high_wake_irregular,0,1
EXP_U001135_10,U001135,2025-07-21,CH_ACT_003,1,model_reco,dep_low_activity,1,0
EXP_U001135_11,U001135,2025-07-22,CH_REG_001,1,model_reco,anx_high_anxiety,1,0
EXP_U001135_12,U001135,2025-07-24,CH_REG_002,1,model_reco,anx_high_anxiety,0,0
EXP_U001135_13,U001135,2025-07-28,CH_SLEEP_001,1,model_reco,ins_high_wake_irregular,0,1
EXP_U001135_14,U001135,2025-07-31,CH_ACT_001,1,model_reco,dep_low_energy,0,1
EXP_U001135_15,U001135,2025-08-10,CH_SLEEP_001,1,model_reco,ins_high_wake_irregular,0,1
EXP_U001135_16,U001135,2025-08-11,CH_SLEEP_001,1,model_reco,ins_high_wake_irregular,0,0
EXP_U001135_17,U001135,2025-08-13,CH_SLEEP_001,1,model_reco,ins_high_wake_irregular,0,1
EXP_U001135_18,U001135,2025-08-14,CH_ACT_002,1,model_reco,dep_low_daylight,0,1
EXP_U001135_19,U001135,2025-08-17,CH_SLEEP_001,1,model_reco,ins_high_wake_irregular,0,1
EXP_U001135_20,U001135,2025-08-18,CH_SLEEP_001,1,model_reco,ins_high_wake_irregular,1,0
EXP_U001135_21,U001135,2025-08-22,CH_ACT_003,1,model_reco,dep_low_activity,0,0
EXP_U001135_22,U001135,2025-08-27,CH_SLEEP_001,1,model_reco,ins_high_wake_irregular,0,1
EXP_U001135_23,U001135,2025-08-28,CH_SLEEP_001,1,model_reco,ins_high_wake_irregular,0,0
EXP_U001135_24,U001135,2025-08-29,CH_SLEEP_001,1,model_reco,ins_high_wake_irregular,1,0
EXP_U001137_1,U001137,2025-07-20,CH_ACT_003,1,model_reco,dep_low_activity,0,1
EXP_U001138_1,U001138,2025-08-02,CH_ACT_003,1,model_reco,dep_low_activity,0,0
EXP_U001138_2,U001138,2025-08-29,CH_REG_002,1,model_reco,anx_high_anxiety,1,0
EXP_U001138_3,U001138,2025-09-01,CH_ACT_002,1,model_reco,dep_low_daylight,0,1
EXP_U001138_4,U001138,2025-09-16,CH_ACT_002,1,model_reco,dep_low_daylight,1,0
EXP_U001138_5,U001138,2025-09-18,CH_SLEEP_001,1,model_reco,ins_high_wake_irregular,0,1
EXP_U001138_6,U001138,2025-10-01,CH_ACT_003,1,model_reco,dep_low_activity,1,0
EXP_U001138_7,U001138,2025-10-10,CH_ACT_002,1,model_reco,dep_low_daylight,0,0
EXP_U001139_1,U001139,2025-08-27,CH_REG_001,1,model_reco,anx_high_anxiety,0,0
EXP_U001139_2,U001139,2025-08-29,CH_SOC_001,1,model_reco,low_social_contact,1,0
EXP_U001139_3,U001139,2025-09-21,CH_ACT_002,1,model_reco,dep_low_daylight,1,0
EXP_U001139_4,U001139,2025-10-03,CH_ACT_003,1,model_reco,dep_low_activity,0,1
EXP_U001139_5,U001139,2025-10-04,CH_ACT_003,1,model_reco,dep_low_activity,0,1
EXP_U001139_6,U001139,2025-10-06,CH_ACT_003,1,model_reco,dep_low_activity,0,1
EXP_U001139_7,U001139,2025-10-08,CH_ACT_003,1,model_reco,dep_low_activity,0,0
EXP_U001139_8,U001139,2025-10-11,CH_ACT_003,1,model_reco,dep_low_activity,0,0
EXP_U001139_9,U001139,2025-10-12,CH_ACT_003,1,model_reco,dep_low_activity,0,0
EXP_U001139_10,U001139,2025-11-05,CH_ACT_003,1,model_reco,dep_low_activity,0,0
EXP_U001139_11,U001139,2025-11-12,CH_ACT_002,1,model_reco,dep_low_daylight,1,0
EXP_U001140_1,U001140,2025-08-10,CH_WELL_001,1,model_reco,supportive_wellbeing,0,1
EXP_U001140_2,U001140,2025-09-30,CH_WELL_001,1,model_reco,supportive_wellbeing,1,0
EXP_U001141_1,U001141,2025-08-25,CH_SLEEP_001,1,model_reco,ins_high_wake_irregular,0,1
EXP_U001141_2,U001141,2025-08-30,CH_SLEEP_001,1,model_reco,ins_high_wake_irregular,1,0
EXP_U001141_3,U001141,2025-09-13,CH_SLEEP_001,1,model_reco,ins_high_wake_irregular,0,1
EXP_U001141_4,U001141,2025-09-15,CH_SLEEP_001,1,model_reco,ins_high_wake_irregular,1,0
EXP_U001141_5,U001141,2025-10-04,CH_SLEEP_001,1,model_reco,ins_high_wake_irregular,0,1
EXP_U001141_6,U001141,2025-10-20,CH_SLEEP_001,1,model_reco,ins_high_wake_irregular,1,0
EXP_U001141_7,U001141,2025-10-24,CH_ACT_003,1,model_reco,dep_low_activity,0,1
EXP_U001141_8,U001141,2025-10-29,CH_SLEEP_001,1,model_reco,ins_high_wake_irregular,1,0
EXP_U001141_9,U001141,2025-11-01,CH_ACT_002,1,model_reco,dep_low_daylight,1,0
EXP_U001141_10,U001141,2025-11-03,CH_SOC_001,1,model_reco,low_social_contact,0,1
EXP_U001141_11,U001141,2025-11-06,CH_SLEEP_001,1,model_reco,ins_high_wake_irregular,0,0
EXP_U001142_1,U001142,2025-09-08,CH_SLEEP_001,1,model_reco,ins_high_wake_irregular,0,1
EXP_U001142_2,U001142,2025-09-15,CH_SLEEP_001,1,model_reco,ins_high_wake_irregular,1,0
EXP_U001142_3,U001142,2025-09-19,CH_ACT_002,1,model_reco,dep_low_daylight,1,0
EXP_U001142_4,U001142,2025-09-23,CH_REG_002,1,model_reco,anx_high_anxiety,0,1
EXP_U001142_5,U001142,2025-10-07,CH_SLEEP_001,1,model_reco,ins_high_wake_irregular,0,1
EXP_U001142_6,U001142,2025-10-31,CH_ACT_002,1,model_reco,dep_low_daylight,1,0
EXP_U001142_7,U001142,2025-11-02,CH_SLEEP_001,1,model_reco,ins_high_wake_irregular,0,1
EXP_U001142_8,U001142,2025-11-17,CH_SLEEP_001,1,model_reco,ins_high_wake_irregular,0,1
EXP_U001143_1,U001143,2025-07-21,CH_REG_002,1,model_reco,anx_high_anxiety,1,0
EXP_U001143_2,U001143,2025-07-24,CH_REG_001,1,model_reco,anx_high_anxiety,1,0
EXP_U001143_3,U001143,2025-07-26,CH_REG_002,1,model_reco,anx_high_anxiety,1,0
EXP_U001143_4,U001143,2025-08-05,CH_REG_002,1,model_reco,anx_high_anxiety,0,0
EXP_U001143_5,U001143,2025-08-07,CH_REG_001,1,model_reco,anx_high_anxiety,0,0
EXP_U001143_6,U001143,2025-08-21,CH_REG_002,1,model_reco,anx_high_anxiety,1,0
EXP_U001143_7,U001143,2025-08-28,CH_SLEEP_001,1,model_reco,ins_high_wake_irregular,1,0
EXP_U001143_8,U001143,2025-09-08,CH_REG_001,1,model_reco,anx_high_anxiety,1,0
EXP_U001143_9,U001143,2025-09-11,CH_REG_002,1,model_reco,anx_high_anxiety,0,1
EXP_U001143_10,U001143,2025-09-16,CH_REG_002,1,model_reco,anx_high_anxiety,1,0
EXP_U001144_1,U001144,2025-09-01,CH_SLEEP_001,1,model_reco,ins_high_wake_irregular,1,0
EXP_U001145_1,U001145,2025-06-20,CH_REG_001,1,model_reco,anx_high_anxiety,0,0
EXP_U001145_2,U001145,2025-07-06,CH_REG_002,1,model_reco,anx_high_anxiety,0,0
EXP_U001145_3,U001145,2025-07-07,CH_REG_002,1,model_reco,anx_high_anxiety,0,1
EXP_U001147_1,U001147,2025-06-17,CH_ACT_003,1,model_reco,dep_low_activity,0,1
EXP_U001147_2,U001147,2025-06-20,CH_ACT_003,1,model_reco,dep_low_activity,0,0
EXP_U001147_3,U001147,2025-06-21,CH_ACT_003,1,model_reco,dep_low_activity,0,0
EXP_U001147_4,U001147,2025-06-25,CH_ACT_003,1,model_reco,dep_low_activity,1,0
EXP_U001147_5,U001147,2025-06-26,CH_SOC_001,1,model_reco,low_social_contact,1,0
EXP_U001147_6,U001147,2025-06-27,CH_WELL_001,1,model_reco,supportive_wellbeing,0,0
EXP_U001147_7,U001147,2025-06-29,CH_ACT_002,1,model_reco,dep_low_daylight,1,0
EXP_U001147_8,U001147,2025-07-02,CH_ACT_002,1,model_reco,dep_low_daylight,1,0
EXP_U001147_9,U001147,2025-07-05,CH_ACT_003,1,model_reco,dep_low_activity,1,0
EXP_U001147_10,U001147,2025-07-08,CH_ACT_002,1,model_reco,dep_low_daylight,0,0
EXP_U001147_11,U001147,2025-07-16,CH_ACT_003,1,model_reco,dep_low_activity,0,1
EXP_U001147_12,U001147,2025-07-17,CH_ACT_002,1,model_reco,dep_low_daylight,0,0
EXP_U001147_13,U001147,2025-07-25,CH_ACT_003,1,model_reco,dep_low_activity,0,0
EXP_U001147_14,U001147,2025-07-27,CH_ACT_002,1,model_reco,dep_low_daylight,0,1
EXP_U001147_15,U001147,2025-07-30,CH_ACT_003,1,model_reco,dep_low_activity,0,0
EXP_U001147_16,U001147,2025-08-05,CH_ACT_003,1,model_reco,dep_low_activity,1,0
EXP_U001147_17,U001147,2025-08-09,CH_ACT_002,1,model_reco,dep_low_daylight,1,0
EXP_U001147_18,U001147,2025-08-18,CH_ACT_003,1,model_reco,dep_low_activity,0,1
EXP_U001147_19,U001147,2025-08-20,CH_ACT_003,1,model_reco,dep_low_activity,0,0
EXP_U001147_20,U001147,2025-08-26,CH_ACT_002,1,model_reco,dep_low_daylight,0,0
EXP_U001147_21,U001147,2025-08-31,CH_ACT_002,1,model_reco,dep_low_daylight,0,1
EXP_U001147_22,U001147,2025-09-01,CH_ACT_003,1,model_reco,dep_low_activity,1,0
EXP_U001148_1,U001148,2025-08-09,CH_REG_002,1,model_reco,anx_high_anxiety,0,1
EXP_U001148_2,U001148,2025-08-16,CH_REG_002,1,model_reco,anx_high_anxiety,1,0
EXP_U001148_3,U001148,2025-08-17,CH_REG_001,1,model_reco,anx_high_anxiety,0,0
EXP_U001148_4,U001148,2025-08-19,CH_REG_002,1,model_reco,anx_high_anxiety,0,1
EXP_U001148_5,U001148,2025-08-20,CH_REG_001,1,model_reco,anx_high_anxiety,0,0
EXP_U001148_6,U001148,2025-08-23,CH_REG_001,1,model_reco,anx_high_anxiety,1,0
EXP_U001148_7,U001148,2025-08-24,CH_REG_001,1,model_reco,anx_high_anxiety,0,0
EXP_U001148_8,U001148,2025-08-25,CH_REG_001,1,model_reco,anx_high_anxiety,0,0
EXP_U001148_9,U001148,2025-08-26,CH_REG_001,1,model_reco,anx_high_anxiety,1,0
EXP_U001148_10,U001148,2025-08-28,CH_REG_001,1,model_reco,anx_high_anxiety,1,0
EXP_U001148_11,U001148,2025-09-09,CH_REG_002,1,model_reco,anx_high_anxiety,0,0
EXP_U001148_12,U001148,2025-09-13,CH_REG_001,1,model_reco,anx_high_anxiety,0,1
EXP_U001148_13,U001148,2025-09-14,CH_REG_002,1,model_reco,anx_high_anxiety,1,0
EXP_U001148_14,U001148,2025-09-16,CH_REG_001,1,model_reco,anx_high_anxiety,1,0
EXP_U001148_15,U001148,2025-09-20,CH_REG_001,1,model_reco,anx_high_anxiety,1,0
EXP_U001148_16,U001148,2025-09-21,CH_REG_002,1,model_reco,anx_high_anxiety,1,0
EXP_U001148_17,U001148,2025-09-24,CH_REG_001,1,model_reco,anx_high_anxiety,1,0
EXP_U001148_18,U001148,2025-09-27,CH_REG_001,1,model_reco,anx_high_anxiety,1,0
EXP_U001148_19,U001148,2025-09-30,CH_REG_001,1,model_reco,anx_high_anxiety,0,1
EXP_U001148_20,U001148,2025-10-01,CH_REG_001,1,model_reco,anx_high_anxiety,0,0
EXP_U001148_21,U001148,2025-10-03,CH_REG_001,1,model_reco,anx_high_anxiety,0,1
EXP_U001148_22,U001148,2025-10-07,CH_REG_001,1,model_reco,anx_high_anxiety,1,0
EXP_U001148_23,U001148,2025-10-08,CH_REG_001,1,model_reco,anx_high_anxiety,1,0
EXP_U001148_24,U001148,2025-10-10,CH_REG_001,1,model_reco,anx_high_anxiety,1,0
EXP_U001148_25,U001148,2025-10-15,CH_REG_001,1,model_reco,anx_high_anxiety,0,0
EXP_U001148_26,U001148,2025-10-19,CH_REG_001,1,model_reco,anx_high_anxiety,1,0
EXP_U001148_27,U001148,2025-10-25,CH_REG_002,1,model_reco,anx_high_anxiety,1,0
EXP_U001149_1,U001149,2025-08-16,CH_ACT_002,1,model_reco,dep_low_daylight,1,0
EXP_U001149_2,U001149,2025-09-21,CH_ACT_002,1,model_reco,dep_low_daylight,1,0
EXP_U001149_3,U001149,2025-10-19,CH_ACT_003,1,model_reco,dep_low_activity,0,1
EXP_U001149_4,U001149,2025-10-23,CH_ACT_001,1,model_reco,dep_low_energy,0,0
EXP_U001149_5,U001149,2025-10-28,CH_ACT_003,1,model_reco,dep_low_activity,0,1
EXP_U001149_6,U001149,2025-10-29,CH_ACT_003,1,model_reco,dep_low_activity,0,1
EXP_U001149_7,U001149,2025-11-04,CH_ACT_002,1,model_reco,dep_low_daylight,1,0
EXP_U001150_1,U001150,2025-07-27,CH_SLEEP_001,1,model_reco,ins_high_wake_irregular,0,1
EXP_U001150_2,U001150,2025-07-28,CH_SLEEP_001,1,model_reco,ins_high_wake_irregular,1,0
EXP_U001150_3,U001150,2025-08-02,CH_ACT_003,1,model_reco,dep_low_activity,0,0
EXP_U001150_4,U001150,2025-08-09,CH_ACT_002,1,model_reco,dep_low_daylight,1,0
EXP_U001150_5,U001150,2025-08-11,CH_REG_001,1,model_reco,anx_high_anxiety,0,0
EXP_U001150_6,U001150,2025-08-26,CH_SLEEP_001,1,model_reco,ins_high_wake_irregular,0,0
EXP_U001150_7,U001150,2025-09-01,CH_SLEEP_001,1,model_reco,ins_high_wake_irregular,0,0
EXP_U001150_8,U001150,2025-09-05,CH_SLEEP_001,1,model_reco,ins_high_wake_irregular,0,0
EXP_U001150_9,U001150,2025-09-14,CH_SLEEP_001,1,model_reco,ins_high_wake_irregular,1,0
EXP_U001150_10,U001150,2025-09-17,CH_ACT_001,1,model_reco,dep_low_energy,1,0
EXP_U001150_11,U001150,2025-09-19,CH_REG_001,1,model_reco,anx_high_anxiety,1,0
EXP_U001150_12,U001150,2025-09-23,CH_SLEEP_001,1,model_reco,ins_high_wake_irregular,0,0
EXP_U001150_13,U001150,2025-10-03,CH_SLEEP_001,1,model_reco,ins_high_wake_irregular,1,0
EXP_U001150_14,U001150,2025-10-13,CH_SLEEP_001,1,model_reco,ins_high_wake_irregular,0,1
EXP_U001151_1,U001151,2025-07-06,CH_ACT_003,1,model_reco,dep_low_activity,0,0
EXP_U001151_2,U001151,2025-07-20,CH_ACT_003,1,model_reco,dep_low_activity,0,1
EXP_U001151_3,U001151,2025-07-22,CH_ACT_003,1,model_reco,dep_low_activity,0,1
EXP_U001151_4,U001151,2025-07-30,CH_ACT_002,1,model_reco,dep_low_daylight,0,1
EXP_U001151_5,U001151,2025-08-12,CH_ACT_001,1,model_reco,dep_low_energy,1,0
EXP_U001151_6,U001151,2025-08-19,CH_ACT_001,1,model_reco,dep_low_energy,0,1
EXP_U001151_7,U001151,2025-08-21,CH_ACT_001,1,model_reco,dep_low_energy,0,0
EXP_U001151_8,U001151,2025-08-28,CH_ACT_002,1,model_reco,dep_low_daylight,1,0
EXP_U001151_9,U001151,2025-09-06,CH_ACT_002,1,model_reco,dep_low_daylight,1,0
EXP_U001151_10,U001151,2025-09-14,CH_ACT_002,1,model_reco,dep_low_daylight,1,0
EXP_U001151_11,U001151,2025-09-19,CH_ACT_002,1,model_reco,dep_low_daylight,0,0
EXP_U001151_12,U001151,2025-09-27,CH_ACT_002,1,model_reco,dep_low_daylight,1,0
EXP_U001152_1,U001152,2025-08-22,CH_ACT_003,1,model_reco,dep_low_activity,0,0
EXP_U001152_2,U001152,2025-09-03,CH_ACT_003,1,model_reco,dep_low_activity,0,1
EXP_U001152_3,U001152,2025-09-18,CH_ACT_003,1,model_reco,dep_low_activity,0,1
EXP_U001152_4,U001152,2025-10-23,CH_ACT_002,1,model_reco,dep_low_daylight,0,1
EXP_U001152_5,U001152,2025-10-25,CH_ACT_003,1,model_reco,dep_low_activity,1,0
EXP_U001152_6,U001152,2025-10-31,CH_ACT_002,1,model_reco,dep_low_daylight,0,0
EXP_U001152_7,U001152,2025-11-04,CH_ACT_003,1,model_reco,dep_low_activity,0,1
EXP_U001152_8,U001152,2025-11-06,CH_ACT_003,1,model_reco,dep_low_activity,1,0
EXP_U001153_1,U001153,2025-06-06,CH_REG_001,1,model_reco,anx_high_anxiety,0,0
EXP_U001153_2,U001153,2025-06-07,CH_REG_002,1,model_reco,anx_high_anxiety,0,1
EXP_U001153_3,U001153,2025-06-08,CH_REG_001,1,model_reco,anx_high_anxiety,1,0
EXP_U001153_4,U001153,2025-06-14,CH_REG_002,1,model_reco,anx_high_anxiety,1,0
EXP_U001153_5,U001153,2025-06-21,CH_REG_001,1,model_reco,anx_high_anxiety,0,0
EXP_U001153_6,U001153,2025-06-25,CH_REG_001,1,model_reco,anx_high_anxiety,0,0
EXP_U001153_7,U001153,2025-06-29,CH_REG_001,1,model_reco,anx_high_anxiety,1,0
EXP_U001153_8,U001153,2025-07-03,CH_REG_001,1,model_reco,anx_high_anxiety,1,0
EXP_U001153_9,U001153,2025-07-06,CH_REG_001,1,model_reco,anx_high_anxiety,1,0
EXP_U001153_10,U001153,2025-07-09,CH_REG_002,1,model_reco,anx_high_anxiety,0,0
EXP_U001153_11,U001153,2025-07-16,CH_REG_001,1,model_reco,anx_high_anxiety,1,0
EXP_U001153_12,U001153,2025-07-17,CH_REG_001,1,model_reco,anx_high_anxiety,1,0
EXP_U001153_13,U001153,2025-08-05,CH_REG_002,1,model_reco,anx_high_anxiety,0,1
EXP_U001153_14,U001153,2025-08-06,CH_REG_002,1,model_reco,anx_high_anxiety,1,0
EXP_U001153_15,U001153,2025-08-07,CH_REG_001,1,model_reco,anx_high_anxiety,1,0
EXP_U001153_16,U001153,2025-08-08,CH_REG_002,1,model_reco,anx_high_anxiety,0,0
EXP_U001153_17,U001153,2025-08-10,CH_REG_002,1,model_reco,anx_high_anxiety,0,1
EXP_U001153_18,U001153,2025-08-13,CH_REG_001,1,model_reco,anx_high_anxiety,1,0
EXP_U001153_19,U001153,2025-08-20,CH_REG_001,1,model_reco,anx_high_anxiety,1,0
EXP_U001154_1,U001154,2025-06-25,CH_REG_001,1,model_reco,anx_high_anxiety,1,0
EXP_U001154_2,U001154,2025-06-29,CH_ACT_003,1,model_reco,dep_low_activity,1,0
EXP_U001154_3,U001154,2025-06-30,CH_REG_002,1,model_reco,anx_high_anxiety,0,0
EXP_U001154_4,U001154,2025-07-03,CH_SLEEP_001,1,model_reco,ins_high_wake_irregular,0,1
EXP_U001154_5,U001154,2025-07-07,CH_SLEEP_001,1,model_reco,ins_high_wake_irregular,0,1
EXP_U001154_6,U001154,2025-07-17,CH_SLEEP_001,1,model_reco,ins_high_wake_irregular,0,0
EXP_U001154_7,U001154,2025-07-23,CH_REG_002,1,model_reco,anx_high_anxiety,0,1
EXP_U001154_8,U001154,2025-07-30,CH_REG_001,1,model_reco,anx_high_anxiety,1,0
EXP_U001154_9,U001154,2025-08-16,CH_REG_001,1,model_reco,anx_high_anxiety,0,0
EXP_U001155_1,U001155,2025-07-14,CH_ACT_003,1,model_reco,dep_low_activity,0,0
EXP_U001155_2,U001155,2025-07-16,CH_SLEEP_001,1,model_reco,ins_high_wake_irregular,1,0
EXP_U001155_3,U001155,2025-07-20,CH_ACT_002,1,model_reco,dep_low_daylight,0,1
EXP_U001155_4,U001155,2025-07-25,CH_ACT_002,1,model_reco,dep_low_daylight,0,0
EXP_U001155_5,U001155,2025-07-27,CH_SLEEP_001,1,model_reco,ins_high_wake_irregular,0,1
EXP_U001155_6,U001155,2025-08-11,CH_SLEEP_001,1,model_reco,ins_high_wake_irregular,0,1
EXP_U001155_7,U001155,2025-08-16,CH_SLEEP_001,1,model_reco,ins_high_wake_irregular,0,0
EXP_U001155_8,U001155,2025-08-22,CH_SLEEP_001,1,model_reco,ins_high_wake_irregular,0,1
EXP_U001155_9,U001155,2025-08-23,CH_ACT_003,1,model_reco,dep_low_activity,0,0
EXP_U001155_10,U001155,2025-09-09,CH_SLEEP_001,1,model_reco,ins_high_wake_irregular,0,0
EXP_U001155_11,U001155,2025-09-18,CH_SLEEP_001,1,model_reco,ins_high_wake_irregular,0,0
EXP_U001155_12,U001155,2025-09-21,CH_SLEEP_001,1,model_reco,ins_high_wake_irregular,0,1
EXP_U001155_13,U001155,2025-09-22,CH_SLEEP_001,1,model_reco,ins_high_wake_irregular,0,0
EXP_U001155_14,U001155,2025-09-24,CH_ACT_003,1,model_reco,dep_low_activity,0,0
EXP_U001155_15,U001155,2025-09-26,CH_ACT_003,1,model_reco,dep_low_activity,1,0
EXP_U001156_1,U001156,2025-07-28,CH_REG_002,1,model_reco,anx_high_anxiety,1,0
EXP_U001158_1,U001158,2025-06-19,CH_SLEEP_001,1,model_reco,ins_high_wake_irregular,0,0
EXP_U001158_2,U001158,2025-07-05,CH_SLEEP_001,1,model_reco,ins_high_wake_irregular,0,1
EXP_U001158_3,U001158,2025-07-09,CH_SLEEP_001,1,model_reco,ins_high_wake_irregular,0,1
EXP_U001158_4,U001158,2025-07-13,CH_SLEEP_001,1,model_reco,ins_high_wake_irregular,0,0
EXP_U001158_5,U001158,2025-07-16,CH_SLEEP_001,1,model_reco,ins_high_wake_irregular,0,0
EXP_U001158_6,U001158,2025-07-20,CH_SLEEP_001,1,model_reco,ins_high_wake_irregular,1,0
EXP_U001158_7,U001158,2025-07-27,CH_SLEEP_001,1,model_reco,ins_high_wake_irregular,0,0
EXP_U001158_8,U001158,2025-08-02,CH_SLEEP_001,1,model_reco,ins_high_wake_irregular,0,0
EXP_U001158_9,U001158,2025-08-03,CH_SLEEP_001,1,model_reco,ins_high_wake_irregular,1,0
EXP_U001158_10,U001158,2025-08-04,CH_REG_002,1,model_reco,anx_high_anxiety,0,1
EXP_U001158_11,U001158,2025-08-07,CH_ACT_003,1,model_reco,dep_low_activity,0,1
EXP_U001158_12,U001158,2025-08-09,CH_ACT_002,1,model_reco,dep_low_daylight,0,1
EXP_U001158_13,U001158,2025-08-10,CH_SLEEP_001,1,model_reco,ins_high_wake_irregular,1,0
EXP_U001158_14,U001158,2025-08-13,CH_REG_002,1,model_reco,anx_high_anxiety,1,0
EXP_U001159_1,U001159,2025-08-17,CH_ACT_001,1,model_reco,dep_low_energy,1,0
EXP_U001159_2,U001159,2025-09-10,CH_ACT_002,1,model_reco,dep_low_daylight,0,0
EXP_U001160_1,U001160,2025-07-04,CH_SLEEP_001,1,model_reco,ins_high_wake_irregular,1,0
EXP_U001160_2,U001160,2025-07-05,CH_ACT_002,1,model_reco,dep_low_daylight,0,1
EXP_U001160_3,U001160,2025-07-07,CH_ACT_003,1,model_reco,dep_low_activity,0,1
EXP_U001160_4,U001160,2025-07-11,CH_SLEEP_001,1,model_reco,ins_high_wake_irregular,0,0
EXP_U001160_5,U001160,2025-07-18,CH_ACT_003,1,model_reco,dep_low_activity,1,0
EXP_U001160_6,U001160,2025-07-25,CH_SLEEP_001,1,model_reco,ins_high_wake_irregular,1,0
EXP_U001160_7,U001160,2025-07-31,CH_ACT_002,1,model_reco,dep_low_daylight,0,1
EXP_U001160_8,U001160,2025-08-01,CH_SLEEP_001,1,model_reco,ins_high_wake_irregular,0,0
EXP_U001160_9,U001160,2025-08-02,CH_ACT_003,1,model_reco,dep_low_activity,0,1
EXP_U001160_10,U001160,2025-08-18,CH_SLEEP_001,1,model_reco,ins_high_wake_irregular,0,0
EXP_U001160_11,U001160,2025-08-20,CH_SLEEP_001,1,model_reco,ins_high_wake_irregular,1,0
EXP_U001160_12,U001160,2025-08-21,CH_ACT_003,1,model_reco,dep_low_activity,0,1
EXP_U001160_13,U001160,2025-08-25,CH_ACT_003,1,model_reco,dep_low_activity,1,0
EXP_U001160_14,U001160,2025-08-28,CH_SLEEP_001,1,model_reco,ins_high_wake_irregular,0,1
EXP_U001160_15,U001160,2025-09-02,CH_SLEEP_001,1,model_reco,ins_high_wake_irregular,0,1
EXP_U001160_16,U001160,2025-09-08,CH_SLEEP_001,1,model_reco,ins_high_wake_irregular,1,0
EXP_U001160_17,U001160,2025-09-11,CH_ACT_002,1,model_reco,dep_low_daylight,0,1
EXP_U001160_18,U001160,2025-09-13,CH_ACT_003,1,model_reco,dep_low_activity,0,1
EXP_U001160_19,U001160,2025-09-18,CH_ACT_003,1,model_reco,dep_low_activity,1,0
EXP_U001160_20,U001160,2025-09-22,CH_SLEEP_001,1,model_reco,ins_high_wake_irregular,0,0
EXP_U001161_1,U001161,2025-07-23,CH_SLEEP_001,1,model_reco,ins_high_wake_irregular,0,1
EXP_U001161_2,U001161,2025-07-28,CH_REG_002,1,model_reco,anx_high_anxiety,0,1
EXP_U001161_3,U001161,2025-09-14,CH_SLEEP_001,1,model_reco,ins_high_wake_irregular,1,0
EXP_U001161_4,U001161,2025-10-04,CH_SLEEP_001,1,model_reco,ins_high_wake_irregular,1,0
EXP_U001162_1,U001162,2025-06-13,CH_REG_001,1,model_reco,anx_high_anxiety,0,1
EXP_U001162_2,U001162,2025-06-14,CH_REG_001,1,model_reco,anx_high_anxiety,0,0
EXP_U001162_3,U001162,2025-06-16,CH_REG_001,1,model_reco,anx_high_anxiety,0,1
EXP_U001162_4,U001162,2025-07-05,CH_REG_002,1,model_reco,anx_high_anxiety,1,0
EXP_U001162_5,U001162,2025-07-12,CH_REG_001,1,model_reco,anx_high_anxiety,0,1
EXP_U001162_6,U001162,2025-07-15,CH_REG_002,1,model_reco,anx_high_anxiety,1,0
EXP_U001162_7,U001162,2025-07-18,CH_REG_001,1,model_reco,anx_high_anxiety,1,0
EXP_U001162_8,U001162,2025-08-01,CH_REG_002,1,model_reco,anx_high_anxiety,1,0
EXP_U001162_9,U001162,2025-08-11,CH_REG_002,1,model_reco,anx_high_anxiety,1,0
EXP_U001162_10,U001162,2025-08-14,CH_REG_001,1,model_reco,anx_high_anxiety,1,0
EXP_U001162_11,U001162,2025-08-16,CH_REG_001,1,model_reco,anx_high_anxiety,0,1
EXP_U001162_12,U001162,2025-08-17,CH_REG_001,1,model_reco,anx_high_anxiety,0,1
EXP_U001162_13,U001162,2025-08-21,CH_REG_002,1,model_reco,anx_high_anxiety,1,0
EXP_U001162_14,U001162,2025-08-22,CH_REG_001,1,model_reco,anx_high_anxiety,0,1
EXP_U001162_15,U001162,2025-08-23,CH_REG_001,1,model_reco,anx_high_anxiety,1,0
EXP_U001163_1,U001163,2025-09-04,CH_SLEEP_001,1,model_reco,ins_high_wake_irregular,0,1
EXP_U001163_2,U001163,2025-09-19,CH_SLEEP_001,1,model_reco,ins_high_wake_irregular,0,0
EXP_U001163_3,U001163,2025-09-23,CH_SLEEP_001,1,model_reco,ins_high_wake_irregular,0,1
EXP_U001163_4,U001163,2025-09-24,CH_SLEEP_001,1,model_reco,ins_high_wake_irregular,0,0
EXP_U001163_5,U001163,2025-10-01,CH_SLEEP_001,1,model_reco,ins_high_wake_irregular,1,0
EXP_U001163_6,U001163,2025-10-15,CH_SLEEP_001,1,model_reco,ins_high_wake_irregular,0,1
EXP_U001164_1,U001164,2025-07-31,CH_SLEEP_001,1,model_reco,ins_high_wake_irregular,0,0
EXP_U001164_2,U001164,2025-08-01,CH_SLEEP_001,1,model_reco,ins_high_wake_irregular,1,0
EXP_U001164_3,U001164,2025-08-10,CH_SLEEP_001,1,model_reco,ins_high_wake_irregular,0,1
EXP_U001164_4,U001164,2025-08-23,CH_SLEEP_001,1,model_reco,ins_high_wake_irregular,1,0
EXP_U001164_5,U001164,2025-08-24,CH_SLEEP_001,1,model_reco,ins_high_wake_irregular,0,0
EXP_U001164_6,U001164,2025-08-30,CH_SLEEP_001,1,model_reco,ins_high_wake_irregular,0,1
EXP_U001164_7,U001164,2025-09-14,CH_SLEEP_001,1,model_reco,ins_high_wake_irregular,0,1
EXP_U001164_8,U001164,2025-09-16,CH_SLEEP_001,1,model_reco,ins_high_wake_irregular,0,1
EXP_U001164_9,U001164,2025-09-18,CH_SLEEP_001,1,model_reco,ins_high_wake_irregular,0,1
EXP_U001164_10,U001164,2025-10-02,CH_SLEEP_001,1,model_reco,ins_high_wake_irregular,0,1
EXP_U001164_11,U001164,2025-10-06,CH_SLEEP_001,1,model_reco,ins_high_wake_irregular,0,0
EXP_U001164_12,U001164,2025-10-07,CH_SLEEP_001,1,model_reco,ins_high_wake_irregular,0,1
EXP_U001164_13,U001164,2025-10-17,CH_SLEEP_001,1,model_reco,ins_high_wake_irregular,0,1
EXP_U001164_14,U001164,2025-10-18,CH_SLEEP_001,1,model_reco,ins_high_wake_irregular,0,1
EXP_U001165_1,U001165,2025-08-08,CH_REG_002,1,model_reco,anx_high_anxiety,1,0
EXP_U001165_2,U001165,2025-08-16,CH_REG_001,1,model_reco,anx_high_anxiety,1,0
EXP_U001165_3,U001165,2025-08-17,CH_REG_001,1,model_reco,anx_high_anxiety,0,0
EXP_U001165_4,U001165,2025-08-22,CH_REG_002,1,model_reco,anx_high_anxiety,0,0
EXP_U001165_5,U001165,2025-08-25,CH_REG_001,1,model_reco,anx_high_anxiety,0,1
EXP_U001165_6,U001165,2025-08-29,CH_REG_002,1,model_reco,anx_high_anxiety,1,0
EXP_U001165_7,U001165,2025-09-24,CH_REG_001,1,model_reco,anx_high_anxiety,1,0
EXP_U001165_8,U001165,2025-09-29,CH_REG_002,1,model_reco,anx_high_anxiety,0,0
EXP_U001165_9,U001165,2025-10-03,CH_REG_002,1,model_reco,anx_high_anxiety,1,0
EXP_U001165_10,U001165,2025-10-04,CH_REG_002,1,model_reco,anx_high_anxiety,0,0
EXP_U001165_11,U001165,2025-10-08,CH_REG_001,1,model_reco,anx_high_anxiety,0,1
EXP_U001166_1,U001166,2025-08-21,CH_SLEEP_001,1,model_reco,ins_high_wake_irregular,0,1
EXP_U001166_2,U001166,2025-08-24,CH_SLEEP_001,1,model_reco,ins_high_wake_irregular,1,0
EXP_U001166_3,U001166,2025-08-28,CH_ACT_003,1,model_reco,dep_low_activity,1,0
EXP_U001166_4,U001166,2025-08-31,CH_SLEEP_001,1,model_reco,ins_high_wake_irregular,1,0
EXP_U001166_5,U001166,2025-09-05,CH_REG_001,1,model_reco,anx_high_anxiety,0,1
EXP_U001166_6,U001166,2025-09-06,CH_ACT_002,1,model_reco,dep_low_daylight,0,1
EXP_U001166_7,U001166,2025-09-12,CH_ACT_001,1,model_reco,dep_low_energy,0,1
EXP_U001166_8,U001166,2025-09-16,CH_SLEEP_001,1,model_reco,ins_high_wake_irregular,0,1
EXP_U001166_9,U001166,2025-09-17,CH_SLEEP_001,1,model_reco,ins_high_wake_irregular,1,0
EXP_U001166_10,U001166,2025-09-25,CH_SLEEP_001,1,model_reco,ins_high_wake_irregular,0,1
EXP_U001166_11,U001166,2025-09-26,CH_SLEEP_001,1,model_reco,ins_high_wake_irregular,1,0
EXP_U001166_12,U001166,2025-09-28,CH_REG_001,1,model_reco,anx_high_anxiety,1,0
EXP_U001166_13,U001166,2025-10-02,CH_REG_002,1,model_reco,anx_high_anxiety,0,1
EXP_U001166_14,U001166,2025-10-03,CH_REG_001,1,model_reco,anx_high_anxiety,0,1
EXP_U001166_15,U001166,2025-10-04,CH_SLEEP_001,1,model_reco,ins_high_wake_irregular,1,0
EXP_U001166_16,U001166,2025-10-05,CH_REG_002,1,model_reco,anx_high_anxiety,0,0
EXP_U001166_17,U001166,2025-10-07,CH_ACT_001,1,model_reco,dep_low_energy,0,1
EXP_U001166_18,U001166,2025-10-11,CH_ACT_001,1,model_reco,dep_low_energy,0,1
EXP_U001166_19,U001166,2025-10-16,CH_ACT_003,1,model_reco,dep_low_activity,1,0
EXP_U001166_20,U001166,2025-10-18,CH_REG_001,1,model_reco,anx_high_anxiety,0,1
EXP_U001166_21,U001166,2025-10-28,CH_SLEEP_001,1,model_reco,ins_high_wake_irregular,1,0
EXP_U001166_22,U001166,2025-10-30,CH_REG_001,1,model_reco,anx_high_anxiety,1,0
EXP_U001166_23,U001166,2025-11-05,CH_ACT_001,1,model_reco,dep_low_energy,0,1
EXP_U001166_24,U001166,2025-11-08,CH_SLEEP_001,1,model_reco,ins_high_wake_irregular,0,0
EXP_U001167_1,U001167,2025-08-19,CH_ACT_002,1,model_reco,dep_low_daylight,0,0
EXP_U001167_2,U001167,2025-08-21,CH_ACT_002,1,model_reco,dep_low_daylight,0,1
EXP_U001167_3,U001167,2025-08-23,CH_SLEEP_001,1,model_reco,ins_high_wake_irregular,1,0
EXP_U001167_4,U001167,2025-08-25,CH_ACT_003,1,model_reco,dep_low_activity,0,0
EXP_U001167_5,U001167,2025-09-08,CH_SLEEP_001,1,model_reco,ins_high_wake_irregular,0,0
EXP_U001167_6,U001167,2025-09-12,CH_ACT_002,1,model_reco,dep_low_daylight,0,0
EXP_U001167_7,U001167,2025-09-14,CH_SLEEP_001,1,model_reco,ins_high_wake_irregular,1,0
EXP_U001167_8,U001167,2025-09-15,CH_ACT_002,1,model_reco,dep_low_daylight,0,0
EXP_U001167_9,U001167,2025-09-19,CH_ACT_002,1,model_reco,dep_low_daylight,0,1
EXP_U001167_10,U001167,2025-09-21,CH_SLEEP_001,1,model_reco,ins_high_wake_irregular,0,0
EXP_U001167_11,U001167,2025-09-23,CH_SLEEP_001,1,model_reco,ins_high_wake_irregular,0,1
EXP_U001167_12,U001167,2025-09-24,CH_SLEEP_001,1,model_reco,ins_high_wake_irregular,0,1
EXP_U001167_13,U001167,2025-09-25,CH_SLEEP_001,1,model_reco,ins_high_wake_irregular,0,1
EXP_U001167_14,U001167,2025-09-27,CH_SLEEP_001,1,model_reco,ins_high_wake_irregular,0,0
EXP_U001167_15,U001167,2025-10-03,CH_SLEEP_001,1,model_reco,ins_high_wake_irregular,1,0
EXP_U001167_16,U001167,2025-10-09,CH_ACT_003,1,model_reco,dep_low_activity,0,1
EXP_U001167_17,U001167,2025-10-14,CH_ACT_002,1,model_reco,dep_low_daylight,0,1
EXP_U001167_18,U001167,2025-10-18,CH_SLEEP_001,1,model_reco,ins_high_wake_irregular,0,1
EXP_U001167_19,U001167,2025-10-21,CH_SLEEP_001,1,model_reco,ins_high_wake_irregular,0,1
EXP_U001167_20,U001167,2025-10-25,CH_SLEEP_001,1,model_reco,ins_high_wake_irregular,0,1
EXP_U001167_21,U001167,2025-10-26,CH_SLEEP_001,1,model_reco,ins_high_wake_irregular,1,0
EXP_U001167_22,U001167,2025-10-27,CH_ACT_003,1,model_reco,dep_low_activity,0,0
EXP_U001167_23,U001167,2025-11-01,CH_ACT_003,1,model_reco,dep_low_activity,0,0
EXP_U001168_1,U001168,2025-07-30,CH_ACT_001,1,model_reco,dep_low_energy,0,1
EXP_U001168_2,U001168,2025-08-10,CH_WELL_001,1,model_reco,supportive_wellbeing,1,0
EXP_U001168_3,U001168,2025-08-14,CH_ACT_001,1,model_reco,dep_low_energy,0,1
EXP_U001168_4,U001168,2025-08-17,CH_ACT_002,1,model_reco,dep_low_daylight,0,0
EXP_U001168_5,U001168,2025-09-07,CH_ACT_003,1,model_reco,dep_low_activity,1,0
EXP_U001168_6,U001168,2025-09-21,CH_ACT_001,1,model_reco,dep_low_energy,0,1
EXP_U001168_7,U001168,2025-10-02,CH_ACT_001,1,model_reco,dep_low_energy,0,1
EXP_U001169_1,U001169,2025-08-14,CH_WELL_001,1,model_reco,supportive_wellbeing,0,1
EXP_U001170_1,U001170,2025-08-16,CH_SLEEP_001,1,model_reco,ins_high_wake_irregular,1,0
EXP_U001170_2,U001170,2025-08-24,CH_SLEEP_001,1,model_reco,ins_high_wake_irregular,0,0
EXP_U001170_3,U001170,2025-08-27,CH_SLEEP_001,1,model_reco,ins_high_wake_irregular,1,0
EXP_U001170_4,U001170,2025-09-04,CH_SLEEP_001,1,model_reco,ins_high_wake_irregular,1,0
EXP_U001170_5,U001170,2025-09-13,CH_SLEEP_001,1,model_reco,ins_high_wake_irregular,1,0
EXP_U001170_6,U001170,2025-09-20,CH_SLEEP_001,1,model_reco,ins_high_wake_irregular,0,0
EXP_U001170_7,U001170,2025-10-05,CH_SLEEP_001,1,model_reco,ins_high_wake_irregular,1,0
EXP_U001170_8,U001170,2025-10-16,CH_SLEEP_001,1,model_reco,ins_high_wake_irregular,0,1
EXP_U001170_9,U001170,2025-10-20,CH_SLEEP_001,1,model_reco,ins_high_wake_irregular,0,0
EXP_U001170_10,U001170,2025-10-22,CH_SLEEP_001,1,model_reco,ins_high_wake_irregular,0,0
EXP_U001170_11,U001170,2025-10-25,CH_SLEEP_001,1,model_reco,ins_high_wake_irregular,1,0
EXP_U001171_1,U001171,2025-06-28,CH_SLEEP_001,1,model_reco,ins_high_wake_irregular,0,0
EXP_U001171_2,U001171,2025-07-02,CH_SLEEP_001,1,model_reco,ins_high_wake_irregular,0,1
EXP_U001171_3,U001171,2025-07-15,CH_ACT_003,1,model_reco,dep_low_activity,0,1
EXP_U001171_4,U001171,2025-07-16,CH_ACT_003,1,model_reco,dep_low_activity,0,1
EXP_U001171_5,U001171,2025-07-26,CH_ACT_003,1,model_reco,dep_low_activity,0,0
EXP_U001171_6,U001171,2025-08-06,CH_SLEEP_001,1,model_reco,ins_high_wake_irregular,0,1
EXP_U001171_7,U001171,2025-08-08,CH_SLEEP_001,1,model_reco,ins_high_wake_irregular,0,0
EXP_U001171_8,U001171,2025-08-09,CH_SLEEP_001,1,model_reco,ins_high_wake_irregular,1,0
EXP_U001171_9,U001171,2025-08-16,CH_ACT_003,1,model_reco,dep_low_activity,1,0
EXP_U001171_10,U001171,2025-08-26,CH_ACT_002,1,model_reco,dep_low_daylight,0,1
EXP_U001171_11,U001171,2025-08-27,CH_SLEEP_001,1,model_reco,ins_high_wake_irregular,0,1
EXP_U001171_12,U001171,2025-09-04,CH_ACT_002,1,model_reco,dep_low_daylight,0,1
EXP_U001171_13,U001171,2025-09-07,CH_ACT_002,1,model_reco,dep_low_daylight,1,0
EXP_U001171_14,U001171,2025-09-08,CH_SLEEP_001,1,model_reco,ins_high_wake_irregular,0,0
EXP_U001172_1,U001172,2025-09-20,CH_SLEEP_001,1,model_reco,ins_high_wake_irregular,0,1
EXP_U001172_2,U001172,2025-09-24,CH_SLEEP_001,1,model_reco,ins_high_wake_irregular,1,0
EXP_U001172_3,U001172,2025-10-04,CH_SLEEP_001,1,model_reco,ins_high_wake_irregular,0,0
EXP_U001172_4,U001172,2025-10-05,CH_SLEEP_001,1,model_reco,ins_high_wake_irregular,0,0
EXP_U001173_1,U001173,2025-09-15,CH_REG_001,1,model_reco,anx_high_anxiety,1,0
EXP_U001173_2,U001173,2025-09-16,CH_REG_001,1,model_reco,anx_high_anxiety,1,0
EXP_U001173_3,U001173,2025-09-23,CH_WELL_001,1,model_reco,supportive_wellbeing,0,0
EXP_U001173_4,U001173,2025-09-26,CH_REG_002,1,model_reco,anx_high_anxiety,0,1
EXP_U001173_5,U001173,2025-10-20,CH_WELL_001,1,model_reco,supportive_wellbeing,0,0
EXP_U001173_6,U001173,2025-11-05,CH_WELL_001,1,model_reco,supportive_wellbeing,0,1
EXP_U001174_1,U001174,2025-08-08,CH_SLEEP_001,1,model_reco,ins_high_wake_irregular,1,0
EXP_U001174_2,U001174,2025-08-21,CH_SLEEP_001,1,model_reco,ins_high_wake_irregular,0,0
EXP_U001174_3,U001174,2025-08-22,CH_SLEEP_001,1,model_reco,ins_high_wake_irregular,1,0
EXP_U001174_4,U001174,2025-08-30,CH_SLEEP_001,1,model_reco,ins_high_wake_irregular,0,1
EXP_U001174_5,U001174,2025-09-01,CH_SLEEP_001,1,model_reco,ins_high_wake_irregular,1,0
EXP_U001174_6,U001174,2025-09-18,CH_ACT_001,1,model_reco,dep_low_energy,0,1
EXP_U001174_7,U001174,2025-09-20,CH_ACT_001,1,model_reco,dep_low_energy,1,0
EXP_U001174_8,U001174,2025-10-02,CH_SLEEP_001,1,model_reco,ins_high_wake_irregular,0,0
EXP_U001174_9,U001174,2025-10-03,CH_SLEEP_001,1,model_reco,ins_high_wake_irregular,0,1
EXP_U001174_10,U001174,2025-10-06,CH_SLEEP_001,1,model_reco,ins_high_wake_irregular,0,1
EXP_U001174_11,U001174,2025-10-10,CH_ACT_001,1,model_reco,dep_low_energy,1,0
EXP_U001175_1,U001175,2025-06-15,CH_SLEEP_001,1,model_reco,ins_high_wake_irregular,0,0
EXP_U001175_2,U001175,2025-06-17,CH_SLEEP_001,1,model_reco,ins_high_wake_irregular,0,1
EXP_U001175_3,U001175,2025-06-27,CH_SLEEP_001,1,model_reco,ins_high_wake_irregular,0,1
EXP_U001175_4,U001175,2025-06-30,CH_SLEEP_001,1,model_reco,ins_high_wake_irregular,0,1
EXP_U001175_5,U001175,2025-07-03,CH_ACT_002,1,model_reco,dep_low_daylight,0,0
EXP_U001175_6,U001175,2025-07-13,CH_SLEEP_001,1,model_reco,ins_high_wake_irregular,0,1
EXP_U001175_7,U001175,2025-07-16,CH_SLEEP_001,1,model_reco,ins_high_wake_irregular,0,1
EXP_U001175_8,U001175,2025-07-17,CH_SLEEP_001,1,model_reco,ins_high_wake_irregular,0,1
EXP_U001175_9,U001175,2025-07-27,CH_SLEEP_001,1,model_reco,ins_high_wake_irregular,1,0
EXP_U001175_10,U001175,2025-08-01,CH_REG_002,1,model_reco,anx_high_anxiety,1,0
EXP_U001175_11,U001175,2025-08-13,CH_SLEEP_001,1,model_reco,ins_high_wake_irregular,0,0
EXP_U001175_12,U001175,2025-08-14,CH_SLEEP_001,1,model_reco,ins_high_wake_irregular,1,0
EXP_U001175_13,U001175,2025-08-20,CH_ACT_003,1,model_reco,dep_low_activity,0,1
EXP_U001175_14,U001175,2025-08-22,CH_ACT_003,1,model_reco,dep_low_activity,0,1
EXP_U001175_15,U001175,2025-08-24,CH_ACT_002,1,model_reco,dep_low_daylight,0,0
EXP_U001175_16,U001175,2025-08-28,CH_SLEEP_001,1,model_reco,ins_high_wake_irregular,0,0
EXP_U001175_17,U001175,2025-08-30,CH_SLEEP_001,1,model_reco,ins_high_wake_irregular,0,1
EXP_U001176_1,U001176,2025-06-27,CH_ACT_002,1,model_reco,dep_low_daylight,0,1
EXP_U001176_2,U001176,2025-07-04,CH_ACT_002,1,model_reco,dep_low_daylight,0,0
EXP_U001176_3,U001176,2025-08-03,CH_ACT_003,1,model_reco,dep_low_activity,0,0
EXP_U001176_4,U001176,2025-08-08,CH_ACT_003,1,model_reco,dep_low_activity,1,0
EXP_U001176_5,U001176,2025-09-01,CH_ACT_002,1,model_reco,dep_low_daylight,0,1
EXP_U001178_1,U001178,2025-08-13,CH_SLEEP_001,1,model_reco,ins_high_wake_irregular,0,1
EXP_U001178_2,U001178,2025-08-18,CH_SLEEP_001,1,model_reco,ins_high_wake_irregular,0,1
EXP_U001178_3,U001178,2025-08-23,CH_SLEEP_001,1,model_reco,ins_high_wake_irregular,1,0
EXP_U001178_4,U001178,2025-09-04,CH_SLEEP_001,1,model_reco,ins_high_wake_irregular,0,1
EXP_U001178_5,U001178,2025-09-09,CH_ACT_002,1,model_reco,dep_low_daylight,0,1
EXP_U001178_6,U001178,2025-09-12,CH_SLEEP_001,1,model_reco,ins_high_wake_irregular,0,1
EXP_U001178_7,U001178,2025-09-17,CH_SLEEP_001,1,model_reco,ins_high_wake_irregular,0,1
EXP_U001178_8,U001178,2025-10-06,CH_SLEEP_001,1,model_reco,ins_high_wake_irregular,0,0
EXP_U001178_9,U001178,2025-10-13,CH_REG_001,1,model_reco,anx_high_anxiety,1,0
EXP_U001178_10,U001178,2025-10-22,CH_SLEEP_001,1,model_reco,ins_high_wake_irregular,0,1
EXP_U001178_11,U001178,2025-10-29,CH_SLEEP_001,1,model_reco,ins_high_wake_irregular,0,1
EXP_U001179_1,U001179,2025-07-08,CH_ACT_003,1,model_reco,dep_low_activity,0,1
EXP_U001179_2,U001179,2025-07-15,CH_ACT_002,1,model_reco,dep_low_daylight,0,1
EXP_U001179_3,U001179,2025-07-26,CH_ACT_002,1,model_reco,dep_low_daylight,0,1
EXP_U001179_4,U001179,2025-07-27,CH_ACT_003,1,model_reco,dep_low_activity,0,1
EXP_U001179_5,U001179,2025-07-28,CH_ACT_002,1,model_reco,dep_low_daylight,0,0
EXP_U001179_6,U001179,2025-07-30,CH_ACT_002,1,model_reco,dep_low_daylight,0,1
EXP_U001179_7,U001179,2025-08-10,CH_ACT_003,1,model_reco,dep_low_activity,0,1
EXP_U001179_8,U001179,2025-08-12,CH_ACT_002,1,model_reco,dep_low_daylight,0,1
EXP_U001179_9,U001179,2025-08-13,CH_ACT_001,1,model_reco,dep_low_energy,0,0
EXP_U001179_10,U001179,2025-08-14,CH_ACT_001,1,model_reco,dep_low_energy,1,0
EXP_U001179_11,U001179,2025-08-17,CH_ACT_003,1,model_reco,dep_low_activity,1,0
EXP_U001179_12,U001179,2025-08-18,CH_SOC_001,1,model_reco,low_social_contact,1,0
EXP_U001179_13,U001179,2025-08-24,CH_ACT_003,1,model_reco,dep_low_activity,0,1
EXP_U001179_14,U001179,2025-08-28,CH_ACT_002,1,model_reco,dep_low_daylight,1,0
EXP_U001179_15,U001179,2025-08-31,CH_ACT_002,1,model_reco,dep_low_daylight,0,0
EXP_U001179_16,U001179,2025-09-05,CH_ACT_003,1,model_reco,dep_low_activity,1,0
EXP_U001179_17,U001179,2025-09-09,CH_ACT_003,1,model_reco,dep_low_activity,0,0
EXP_U001179_18,U001179,2025-09-26,CH_ACT_002,1,model_reco,dep_low_daylight,0,0
EXP_U001179_19,U001179,2025-09-27,CH_ACT_001,1,model_reco,dep_low_energy,0,1
EXP_U001181_1,U001181,2025-08-31,CH_SLEEP_001,1,model_reco,ins_high_wake_irregular,0,1
EXP_U001181_2,U001181,2025-09-01,CH_SLEEP_001,1,model_reco,ins_high_wake_irregular,1,0
EXP_U001181_3,U001181,2025-09-08,CH_SLEEP_001,1,model_reco,ins_high_wake_irregular,1,0
EXP_U001181_4,U001181,2025-09-14,CH_REG_002,1,model_reco,anx_high_anxiety,0,0
EXP_U001181_5,U001181,2025-09-20,CH_REG_001,1,model_reco,anx_high_anxiety,0,0
EXP_U001181_6,U001181,2025-09-23,CH_SLEEP_001,1,model_reco,ins_high_wake_irregular,0,1
EXP_U001181_7,U001181,2025-10-04,CH_SLEEP_001,1,model_reco,ins_high_wake_irregular,0,0
EXP_U001181_8,U001181,2025-10-05,CH_SLEEP_001,1,model_reco,ins_high_wake_irregular,1,0
EXP_U001181_9,U001181,2025-10-16,CH_REG_001,1,model_reco,anx_high_anxiety,1,0
EXP_U001181_10,U001181,2025-10-22,CH_REG_001,1,model_reco,anx_high_anxiety,0,1
EXP_U001181_11,U001181,2025-10-25,CH_SLEEP_001,1,model_reco,ins_high_wake_irregular,0,1
EXP_U001181_12,U001181,2025-11-11,CH_WELL_001,1,model_reco,supportive_wellbeing,0,1
EXP_U001181_13,U001181,2025-11-19,CH_SLEEP_001,1,model_reco,ins_high_wake_irregular,1,0
EXP_U001183_1,U001183,2025-08-27,CH_REG_001,1,model_reco,anx_high_anxiety,0,0
EXP_U001183_2,U001183,2025-09-06,CH_REG_002,1,model_reco,anx_high_anxiety,1,0
EXP_U001183_3,U001183,2025-10-04,CH_WELL_001,1,model_reco,supportive_wellbeing,1,0
EXP_U001183_4,U001183,2025-10-19,CH_REG_001,1,model_reco,anx_high_anxiety,0,0
EXP_U001183_5,U001183,2025-10-20,CH_REG_002,1,model_reco,anx_high_anxiety,1,0
EXP_U001183_6,U001183,2025-11-03,CH_REG_001,1,model_reco,anx_high_anxiety,0,1
EXP_U001184_1,U001184,2025-06-02,CH_SLEEP_001,1,model_reco,ins_high_wake_irregular,1,0
EXP_U001184_2,U001184,2025-06-15,CH_SLEEP_001,1,model_reco,ins_high_wake_irregular,0,1
EXP_U001184_3,U001184,2025-06-22,CH_SLEEP_001,1,model_reco,ins_high_wake_irregular,1,0
EXP_U001184_4,U001184,2025-07-17,CH_SLEEP_001,1,model_reco,ins_high_wake_irregular,0,0
EXP_U001184_5,U001184,2025-08-04,CH_SLEEP_001,1,model_reco,ins_high_wake_irregular,1,0
EXP_U001184_6,U001184,2025-08-15,CH_SLEEP_001,1,model_reco,ins_high_wake_irregular,0,1
EXP_U001185_1,U001185,2025-11-17,CH_WELL_001,1,model_reco,supportive_wellbeing,0,1
EXP_U001186_1,U001186,2025-08-20,CH_SLEEP_001,1,model_reco,ins_high_wake_irregular,1,0
EXP_U001186_2,U001186,2025-08-27,CH_SLEEP_001,1,model_reco,ins_high_wake_irregular,0,0
EXP_U001186_3,U001186,2025-10-03,CH_SLEEP_001,1,model_reco,ins_high_wake_irregular,1,0
EXP_U001188_1,U001188,2025-07-04,CH_SLEEP_001,1,model_reco,ins_high_wake_irregular,0,0
EXP_U001188_2,U001188,2025-07-05,CH_SLEEP_001,1,model_reco,ins_high_wake_irregular,0,1
EXP_U001188_3,U001188,2025-07-18,CH_SLEEP_001,1,model_reco,ins_high_wake_irregular,0,1
EXP_U001188_4,U001188,2025-07-21,CH_SLEEP_001,1,model_reco,ins_high_wake_irregular,0,1
EXP_U001188_5,U001188,2025-07-24,CH_SLEEP_001,1,model_reco,ins_high_wake_irregular,0,1
EXP_U001188_6,U001188,2025-07-25,CH_SLEEP_001,1,model_reco,ins_high_wake_irregular,0,1
EXP_U001188_7,U001188,2025-07-28,CH_SLEEP_001,1,model_reco,ins_high_wake_irregular,0,1
EXP_U001188_8,U001188,2025-08-06,CH_SLEEP_001,1,model_reco,ins_high_wake_irregular,1,0
EXP_U001188_9,U001188,2025-08-10,CH_ACT_003,1,model_reco,dep_low_activity,0,0
EXP_U001188_10,U001188,2025-08-24,CH_SLEEP_001,1,model_reco,ins_high_wake_irregular,1,0
EXP_U001188_11,U001188,2025-08-26,CH_SLEEP_001,1,model_reco,ins_high_wake_irregular,1,0
EXP_U001188_12,U001188,2025-08-28,CH_ACT_003,1,model_reco,dep_low_activity,0,0
EXP_U001188_13,U001188,2025-08-31,CH_ACT_003,1,model_reco,dep_low_activity,0,0
EXP_U001188_14,U001188,2025-09-01,CH_ACT_002,1,model_reco,dep_low_daylight,0,1
EXP_U001188_15,U001188,2025-09-04,CH_SLEEP_001,1,model_reco,ins_high_wake_irregular,0,1
EXP_U001188_16,U001188,2025-09-09,CH_SLEEP_001,1,model_reco,ins_high_wake_irregular,0,1
EXP_U001188_17,U001188,2025-09-11,CH_SLEEP_001,1,model_reco,ins_high_wake_irregular,1,0
EXP_U001188_18,U001188,2025-09-14,CH_ACT_002,1,model_reco,dep_low_daylight,0,0
EXP_U001188_19,U001188,2025-09-16,CH_ACT_003,1,model_reco,dep_low_activity,0,0
EXP_U001188_20,U001188,2025-09-18,CH_SLEEP_001,1,model_reco,ins_high_wake_irregular,0,1
EXP_U001189_1,U001189,2025-07-01,CH_SLEEP_001,1,model_reco,ins_high_wake_irregular,0,0
EXP_U001189_2,U001189,2025-07-03,CH_ACT_001,1,model_reco,dep_low_energy,0,0
EXP_U001189_3,U001189,2025-08-05,CH_WELL_001,1,model_reco,supportive_wellbeing,0,0
EXP_U001189_4,U001189,2025-09-07,CH_ACT_001,1,model_reco,dep_low_energy,1,0
EXP_U001190_1,U001190,2025-07-26,CH_REG_001,1,model_reco,anx_high_anxiety,0,0
EXP_U001190_2,U001190,2025-08-02,CH_REG_002,1,model_reco,anx_high_anxiety,1,0
EXP_U001190_3,U001190,2025-08-03,CH_REG_001,1,model_reco,anx_high_anxiety,1,0
EXP_U001190_4,U001190,2025-08-06,CH_REG_002,1,model_reco,anx_high_anxiety,0,1
EXP_U001190_5,U001190,2025-08-15,CH_REG_001,1,model_reco,anx_high_anxiety,1,0
EXP_U001190_6,U001190,2025-08-21,CH_REG_001,1,model_reco,anx_high_anxiety,0,1
EXP_U001190_7,U001190,2025-08-24,CH_REG_001,1,model_reco,anx_high_anxiety,1,0
EXP_U001190_8,U001190,2025-08-29,CH_REG_001,1,model_reco,anx_high_anxiety,1,0
EXP_U001190_9,U001190,2025-09-06,CH_REG_001,1,model_reco,anx_high_anxiety,0,1
EXP_U001190_10,U001190,2025-09-17,CH_REG_001,1,model_reco,anx_high_anxiety,0,0
EXP_U001190_11,U001190,2025-09-19,CH_REG_002,1,model_reco,anx_high_anxiety,0,1
EXP_U001190_12,U001190,2025-09-21,CH_REG_002,1,model_reco,anx_high_anxiety,1,0
EXP_U001190_13,U001190,2025-09-26,CH_REG_001,1,model_reco,anx_high_anxiety,1,0
EXP_U001190_14,U001190,2025-09-28,CH_REG_002,1,model_reco,anx_high_anxiety,1,0
EXP_U001190_15,U001190,2025-10-01,CH_REG_001,1,model_reco,anx_high_anxiety,1,0
EXP_U001190_16,U001190,2025-10-03,CH_REG_001,1,model_reco,anx_high_anxiety,0,1
EXP_U001190_17,U001190,2025-10-08,CH_REG_001,1,model_reco,anx_high_anxiety,1,0
EXP_U001190_18,U001190,2025-10-09,CH_REG_002,1,model_reco,anx_high_anxiety,0,1
EXP_U001190_19,U001190,2025-10-10,CH_REG_002,1,model_reco,anx_high_anxiety,0,0
EXP_U001190_20,U001190,2025-10-13,CH_REG_001,1,model_reco,anx_high_anxiety,0,0
EXP_U001191_1,U001191,2025-08-24,CH_REG_002,1,model_reco,anx_high_anxiety,0,1
EXP_U001191_2,U001191,2025-08-26,CH_REG_001,1,model_reco,anx_high_anxiety,1,0
EXP_U001191_3,U001191,2025-09-07,CH_ACT_001,1,model_reco,dep_low_energy,0,0
EXP_U001191_4,U001191,2025-10-12,CH_ACT_001,1,model_reco,dep_low_energy,0,1
EXP_U001191_5,U001191,2025-10-18,CH_ACT_003,1,model_reco,dep_low_activity,1,0
EXP_U001191_6,U001191,2025-10-19,CH_REG_001,1,model_reco,anx_high_anxiety,0,1
EXP_U001193_1,U001193,2025-07-05,CH_ACT_003,1,model_reco,dep_low_activity,0,0
EXP_U001193_2,U001193,2025-07-10,CH_ACT_002,1,model_reco,dep_low_daylight,1,0
EXP_U001193_3,U001193,2025-07-15,CH_ACT_002,1,model_reco,dep_low_daylight,0,1
EXP_U001193_4,U001193,2025-08-07,CH_ACT_003,1,model_reco,dep_low_activity,0,0
EXP_U001193_5,U001193,2025-08-11,CH_ACT_003,1,model_reco,dep_low_activity,1,0
EXP_U001193_6,U001193,2025-08-15,CH_ACT_002,1,model_reco,dep_low_daylight,0,1
EXP_U001193_7,U001193,2025-09-12,CH_ACT_002,1,model_reco,dep_low_daylight,0,1
EXP_U001194_1,U001194,2025-09-08,CH_SLEEP_001,1,model_reco,ins_high_wake_irregular,0,1
EXP_U001194_2,U001194,2025-09-16,CH_SLEEP_001,1,model_reco,ins_high_wake_irregular,0,0
EXP_U001194_3,U001194,2025-10-21,CH_SLEEP_001,1,model_reco,ins_high_wake_irregular,0,0
EXP_U001195_1,U001195,2025-07-29,CH_SLEEP_001,1,model_reco,ins_high_wake_irregular,1,0
EXP_U001195_2,U001195,2025-08-14,CH_SLEEP_001,1,model_reco,ins_high_wake_irregular,1,0
EXP_U001195_3,U001195,2025-08-19,CH_REG_002,1,model_reco,anx_high_anxiety,0,1
EXP_U001195_4,U001195,2025-08-25,CH_SLEEP_001,1,model_reco,ins_high_wake_irregular,0,0
EXP_U001195_5,U001195,2025-08-27,CH_SLEEP_001,1,model_reco,ins_high_wake_irregular,0,1
EXP_U001195_6,U001195,2025-08-31,CH_SLEEP_001,1,model_reco,ins_high_wake_irregular,1,0
EXP_U001195_7,U001195,2025-09-05,CH_REG_001,1,model_reco,anx_high_anxiety,0,1
EXP_U001195_8,U001195,2025-09-09,CH_SLEEP_001,1,model_reco,ins_high_wake_irregular,0,0
EXP_U001195_9,U001195,2025-09-10,CH_SLEEP_001,1,model_reco,ins_high_wake_irregular,0,0
EXP_U001195_10,U001195,2025-09-18,CH_SLEEP_001,1,model_reco,ins_high_wake_irregular,0,0
EXP_U001195_11,U001195,2025-09-20,CH_SLEEP_001,1,model_reco,ins_high_wake_irregular,0,0
EXP_U001195_12,U001195,2025-09-25,CH_SLEEP_001,1,model_reco,ins_high_wake_irregular,0,0
EXP_U001196_1,U001196,2025-07-21,CH_SLEEP_001,1,model_reco,ins_high_wake_irregular,1,0
EXP_U001196_2,U001196,2025-08-08,CH_SLEEP_001,1,model_reco,ins_high_wake_irregular,0,0
EXP_U001196_3,U001196,2025-08-09,CH_SLEEP_001,1,model_reco,ins_high_wake_irregular,0,1
EXP_U001196_4,U001196,2025-08-11,CH_SLEEP_001,1,model_reco,ins_high_wake_irregular,0,0
EXP_U001196_5,U001196,2025-08-14,CH_SLEEP_001,1,model_reco,ins_high_wake_irregular,1,0
EXP_U001196_6,U001196,2025-09-03,CH_SLEEP_001,1,model_reco,ins_high_wake_irregular,0,1
EXP_U001196_7,U001196,2025-09-06,CH_SLEEP_001,1,model_reco,ins_high_wake_irregular,1,0
EXP_U001196_8,U001196,2025-09-08,CH_REG_001,1,model_reco,anx_high_anxiety,1,0
EXP_U001196_9,U001196,2025-09-12,CH_REG_002,1,model_reco,anx_high_anxiety,1,0
EXP_U001196_10,U001196,2025-09-19,CH_SLEEP_001,1,model_reco,ins_high_wake_irregular,0,1
EXP_U001196_11,U001196,2025-09-22,CH_SLEEP_001,1,model_reco,ins_high_wake_irregular,1,0
EXP_U001196_12,U001196,2025-09-27,CH_REG_001,1,model_reco,anx_high_anxiety,1,0
EXP_U001196_13,U001196,2025-10-01,CH_SLEEP_001,1,model_reco,ins_high_wake_irregular,0,1
EXP_U001197_1,U001197,2025-09-03,CH_REG_002,1,model_reco,anx_high_anxiety,0,0
EXP_U001198_1,U001198,2025-07-02,CH_ACT_001,1,model_reco,dep_low_energy,0,1
EXP_U001198_2,U001198,2025-07-10,CH_ACT_001,1,model_reco,dep_low_energy,0,1
EXP_U001198_3,U001198,2025-07-13,CH_ACT_001,1,model_reco,dep_low_energy,0,1
EXP_U001198_4,U001198,2025-07-19,CH_ACT_001,1,model_reco,dep_low_energy,1,0
EXP_U001198_5,U001198,2025-08-02,CH_ACT_001,1,model_reco,dep_low_energy,1,0
EXP_U001198_6,U001198,2025-08-03,CH_REG_002,1,model_reco,anx_high_anxiety,1,0
EXP_U001198_7,U001198,2025-08-05,CH_REG_001,1,model_reco,anx_high_anxiety,0,1
EXP_U001198_8,U001198,2025-08-10,CH_ACT_001,1,model_reco,dep_low_energy,0,0
EXP_U001198_9,U001198,2025-08-11,CH_ACT_003,1,model_reco,dep_low_activity,0,1
EXP_U001198_10,U001198,2025-08-21,CH_ACT_002,1,model_reco,dep_low_daylight,0,1
EXP_U001198_11,U001198,2025-08-24,CH_ACT_003,1,model_reco,dep_low_activity,0,0
EXP_U001198_12,U001198,2025-08-27,CH_ACT_001,1,model_reco,dep_low_energy,0,0
EXP_U001198_13,U001198,2025-08-28,CH_ACT_003,1,model_reco,dep_low_activity,0,1
EXP_U001200_1,U001200,2025-08-12,CH_SLEEP_001,1,model_reco,ins_high_wake_irregular,0,0
EXP_U001200_2,U001200,2025-08-16,CH_SLEEP_001,1,model_reco,ins_high_wake_irregular,1,0
EXP_U001200_3,U001200,2025-08-18,CH_ACT_003,1,model_reco,dep_low_activity,0,1
EXP_U001200_4,U001200,2025-08-29,CH_SLEEP_001,1,model_reco,ins_high_wake_irregular,0,1
EXP_U001200_5,U001200,2025-09-02,CH_SLEEP_001,1,model_reco,ins_high_wake_irregular,0,1
EXP_U001200_6,U001200,2025-09-03,CH_SLEEP_001,1,model_reco,ins_high_wake_irregular,0,1
EXP_U001200_7,U001200,2025-09-07,CH_SLEEP_001,1,model_reco,ins_high_wake_irregular,1,0
EXP_U001200_8,U001200,2025-09-13,CH_ACT_002,1,model_reco,dep_low_daylight,0,0
EXP_U001200_9,U001200,2025-09-17,CH_SLEEP_001,1,model_reco,ins_high_wake_irregular,0,1
EXP_U001200_10,U001200,2025-09-23,CH_SLEEP_001,1,model_reco,ins_high_wake_irregular,1,0
EXP_U001200_11,U001200,2025-09-27,CH_ACT_003,1,model_reco,dep_low_activity,0,0
EXP_U001200_12,U001200,2025-10-04,CH_SLEEP_001,1,model_reco,ins_high_wake_irregular,0,1
EXP_U001200_13,U001200,2025-10-12,CH_SLEEP_001,1,model_reco,ins_high_wake_irregular,0,1
EXP_U001200_14,U001200,2025-10-20,CH_SLEEP_001,1,model_reco,ins_high_wake_irregular,0,1
EXP_U001200_15,U001200,2025-10-21,CH_SLEEP_001,1,model_reco,ins_high_wake_irregular,1,0
EXP_U001200_16,U001200,2025-10-22,CH_ACT_002,1,model_reco,dep_low_daylight,0,0
EXP_U001200_17,U001200,2025-10-23,CH_ACT_002,1,model_reco,dep_low_daylight,0,1
EXP_U001200_18,U001200,2025-10-24,CH_ACT_001,1,model_reco,dep_low_energy,1,0
EXP_U001200_19,U001200,2025-10-26,CH_REG_002,1,model_reco,anx_high_anxiety,1,0
EXP_U001200_20,U001200,2025-10-27,CH_REG_001,1,model_reco,anx_high_anxiety,1,0
EXP_U001200_21,U001200,2025-10-28,CH_SLEEP_001,1,model_reco,ins_high_wake_irregular,0,1
EXP_U001200_22,U001200,2025-10-29,CH_SLEEP_001,1,model_reco,ins_high_wake_irregular,0,0
