assessment_id,user_id,scheduled_for,completed_at,recommended_cycle_days,assessment_type,phq9_total,gad7_total,isi_total,completion_status,overdue_days,window_start,window_end
PA_U000001_1,U000001,2025-07-25,2025-07-26T13:00:00,28,bundle,13.0,9.0,2.0,late,1,2025-07-13,2025-07-26
PA_U000001_2,U000001,2025-08-22,2025-08-29T16:00:00,28,bundle,12.0,4.0,6.0,late,7,2025-08-16,2025-08-29
PA_U000002_1,U000002,2025-07-12,2025-07-22T19:00:00,28,bundle,15.0,6.0,5.0,late,10,2025-07-09,2025-07-22
PA_U000002_2,U000002,2025-08-09,,28,bundle,,,,missed,25,2025-07-27,2025-08-09
PA_U000003_1,U000003,2025-08-20,2025-08-27T20:00:00,28,bundle,22.0,11.0,16.0,late,7,2025-08-14,2025-08-27
PA_U000003_2,U000003,2025-09-17,2025-09-19T16:00:00,28,bundle,18.0,9.0,14.0,late,2,2025-09-06,2025-09-19
PA_U000004_1,U000004,2025-07-12,2025-07-13T14:00:00,28,bundle,7.0,20.0,14.0,late,1,2025-06-30,2025-07-13
PA_U000004_2,U000004,2025-08-09,2025-08-17T08:00:00,28,bundle,8.0,14.0,8.0,late,8,2025-08-04,2025-08-17
PA_U000005_1,U000005,2025-07-15,2025-07-17T14:00:00,28,bundle,8.0,14.0,16.0,late,2,2025-07-04,2025-07-17
PA_U000005_2,U000005,2025-08-12,,28,bundle,,,,missed,8,2025-07-30,2025-08-12
PA_U000006_1,U000006,2025-08-26,,28,bundle,,,,missed,9,2025-08-13,2025-08-26
PA_U000006_2,U000006,2025-09-23,,28,bundle,,,,missed,16,2025-09-10,2025-09-23
PA_U000007_1,U000007,2025-08-07,2025-08-07T19:00:00,28,bundle,5.0,11.0,10.0,completed,0,2025-07-25,2025-08-07
PA_U000007_2,U000007,2025-09-04,2025-09-05T11:00:00,28,bundle,6.0,9.0,14.0,late,1,2025-08-23,2025-09-05
PA_U000008_1,U000008,2025-07-01,2025-07-12T18:00:00,28,bundle,2.0,3.0,14.0,late,11,2025-06-29,2025-07-12
PA_U000008_2,U000008,2025-07-29,,28,bundle,,,,missed,18,2025-07-16,2025-07-29
PA_U000009_1,U000009,2025-07-05,2025-07-09T18:00:00,28,bundle,16.0,5.0,7.0,late,4,2025-06-26,2025-07-09
PA_U000009_2,U000009,2025-08-02,,28,bundle,,,,missed,27,2025-07-20,2025-08-02
PA_U000010_1,U000010,2025-09-23,2025-09-23T09:00:00,28,bundle,10.0,21.0,8.0,completed,0,2025-09-10,2025-09-23
PA_U000010_2,U000010,2025-10-21,2025-10-23T12:00:00,28,bundle,7.0,19.0,5.0,late,2,2025-10-10,2025-10-23
PA_U000011_1,U000011,2025-08-30,2025-08-30T16:00:00,28,bundle,13.0,16.0,16.0,completed,0,2025-08-17,2025-08-30
PA_U000011_2,U000011,2025-09-27,2025-09-29T17:00:00,28,bundle,21.0,17.0,18.0,late,2,2025-09-16,2025-09-29
PA_U000012_1,U000012,2025-07-04,2025-07-09T12:00:00,28,bundle,10.0,0.0,7.0,late,5,2025-06-26,2025-07-09
PA_U000012_2,U000012,2025-08-01,2025-08-05T15:00:00,28,bundle,8.0,1.0,9.0,late,4,2025-07-23,2025-08-05
PA_U000013_1,U000013,2025-09-05,2025-09-07T19:00:00,28,bundle,15.0,15.0,15.0,late,2,2025-08-25,2025-09-07
PA_U000013_2,U000013,2025-10-03,2025-10-10T13:00:00,28,bundle,15.0,15.0,14.0,late,7,2025-09-27,2025-10-10
PA_U000014_1,U000014,2025-09-22,,28,bundle,,,,missed,10,2025-09-09,2025-09-22
PA_U000014_2,U000014,2025-10-20,,28,bundle,,,,missed,11,2025-10-07,2025-10-20
PA_U000015_1,U000015,2025-09-13,2025-09-15T10:00:00,28,bundle,15.0,12.0,27.0,late,2,2025-09-02,2025-09-15
PA_U000015_2,U000015,2025-10-11,2025-10-12T21:00:00,28,bundle,14.0,13.0,28.0,late,1,2025-09-29,2025-10-12
PA_U000016_1,U000016,2025-08-02,2025-08-02T15:00:00,28,bundle,17.0,10.0,20.0,completed,0,2025-07-20,2025-08-02
PA_U000016_2,U000016,2025-08-30,,28,bundle,,,,missed,16,2025-08-17,2025-08-30
PA_U000017_1,U000017,2025-08-08,,28,bundle,,,,missed,7,2025-07-26,2025-08-08
PA_U000017_2,U000017,2025-09-05,2025-09-06T20:00:00,28,bundle,17.0,18.0,27.0,late,1,2025-08-24,2025-09-06
PA_U000018_1,U000018,2025-08-11,,28,bundle,,,,missed,27,2025-07-29,2025-08-11
PA_U000018_2,U000018,2025-09-08,,28,bundle,,,,missed,12,2025-08-26,2025-09-08
PA_U000019_1,U000019,2025-07-18,2025-07-19T08:00:00,28,bundle,16.0,16.0,20.0,late,1,2025-07-06,2025-07-19
PA_U000019_2,U000019,2025-08-15,2025-08-15T08:00:00,28,bundle,14.0,16.0,20.0,completed,0,2025-08-02,2025-08-15
PA_U000020_1,U000020,2025-08-12,,28,bundle,,,,missed,8,2025-07-30,2025-08-12
PA_U000020_2,U000020,2025-09-09,,28,bundle,,,,missed,16,2025-08-27,2025-09-09
PA_U000021_1,U000021,2025-07-19,,28,bundle,,,,missed,25,2025-07-06,2025-07-19
PA_U000021_2,U000021,2025-08-16,,28,bundle,,,,missed,15,2025-08-03,2025-08-16
PA_U000022_1,U000022,2025-09-13,,28,bundle,,,,missed,19,2025-08-31,2025-09-13
PA_U000022_2,U000022,2025-10-11,,28,bundle,,,,missed,11,2025-09-28,2025-10-11
PA_U000023_1,U000023,2025-08-05,,28,bundle,,,,missed,15,2025-07-23,2025-08-05
PA_U000023_2,U000023,2025-09-02,,28,bundle,,,,missed,20,2025-08-20,2025-09-02
PA_U000024_1,U000024,2025-07-29,2025-07-30T09:00:00,28,bundle,15.0,13.0,1.0,late,1,2025-07-17,2025-07-30
PA_U000024_2,U000024,2025-08-26,2025-08-27T10:00:00,28,bundle,10.0,15.0,0.0,late,1,2025-08-14,2025-08-27
PA_U000025_1,U000025,2025-08-19,,28,bundle,,,,missed,15,2025-08-06,2025-08-19
PA_U000025_2,U000025,2025-09-16,2025-09-17T09:00:00,28,bundle,13.0,3.0,12.0,late,1,2025-09-04,2025-09-17
PA_U000026_1,U000026,2025-09-03,,28,bundle,,,,missed,17,2025-08-21,2025-09-03
PA_U000026_2,U000026,2025-10-01,,28,bundle,,,,missed,16,2025-09-18,2025-10-01
PA_U000027_1,U000027,2025-08-02,2025-08-04T10:00:00,28,bundle,10.0,9.0,13.0,late,2,2025-07-22,2025-08-04
PA_U000027_2,U000027,2025-08-30,2025-09-10T20:00:00,28,bundle,10.0,9.0,18.0,late,11,2025-08-28,2025-09-10
PA_U000028_1,U000028,2025-08-20,2025-08-25T11:00:00,28,bundle,14.0,16.0,21.0,late,5,2025-08-12,2025-08-25
PA_U000028_2,U000028,2025-09-17,2025-09-19T21:00:00,28,bundle,26.0,17.0,22.0,late,2,2025-09-06,2025-09-19
PA_U000029_1,U000029,2025-09-13,,28,bundle,,,,missed,22,2025-08-31,2025-09-13
PA_U000029_2,U000029,2025-10-11,2025-10-13T18:00:00,28,bundle,18.0,16.0,14.0,late,2,2025-09-30,2025-10-13
PA_U000030_1,U000030,2025-09-12,,28,bundle,,,,missed,22,2025-08-30,2025-09-12
PA_U000030_2,U000030,2025-10-10,,28,bundle,,,,missed,11,2025-09-27,2025-10-10
PA_U000031_1,U000031,2025-07-02,,28,bundle,,,,missed,8,2025-06-19,2025-07-02
PA_U000031_2,U000031,2025-07-30,,28,bundle,,,,missed,8,2025-07-17,2025-07-30
PA_U000032_1,U000032,2025-08-22,,28,bundle,,,,missed,21,2025-08-09,2025-08-22
PA_U000032_2,U000032,2025-09-19,,28,bundle,,,,missed,15,2025-09-06,2025-09-19
PA_U000033_1,U000033,2025-08-25,2025-08-25T17:00:00,28,bundle,5.0,12.0,13.0,completed,0,2025-08-12,2025-08-25
PA_U000033_2,U000033,2025-09-22,2025-09-28T16:00:00,28,bundle,8.0,9.0,14.0,late,6,2025-09-15,2025-09-28
PA_U000034_1,U000034,2025-08-13,,28,bundle,,,,missed,24,2025-07-31,2025-08-13
PA_U000034_2,U000034,2025-09-10,,28,bundle,,,,missed,25,2025-08-28,2025-09-10
PA_U000035_1,U000035,2025-09-12,,28,bundle,,,,missed,25,2025-08-30,2025-09-12
PA_U000035_2,U000035,2025-10-10,2025-10-10T09:00:00,28,bundle,16.0,16.0,23.0,completed,0,2025-09-27,2025-10-10
PA_U000036_1,U000036,2025-08-31,2025-09-01T10:00:00,28,bundle,4.0,5.0,20.0,late,1,2025-08-19,2025-09-01
PA_U000036_2,U000036,2025-09-28,,28,bundle,,,,missed,7,2025-09-15,2025-09-28
PA_U000037_1,U000037,2025-07-07,2025-07-16T14:00:00,28,bundle,9.0,10.0,17.0,late,9,2025-07-03,2025-07-16
PA_U000037_2,U000037,2025-08-04,2025-08-05T09:00:00,28,bundle,11.0,11.0,14.0,late,1,2025-07-23,2025-08-05
PA_U000038_1,U000038,2025-07-19,,28,bundle,,,,missed,15,2025-07-06,2025-07-19
PA_U000038_2,U000038,2025-08-16,2025-08-18T16:00:00,28,bundle,2.0,13.0,13.0,late,2,2025-08-05,2025-08-18
PA_U000039_1,U000039,2025-09-05,2025-09-06T16:00:00,28,bundle,7.0,9.0,24.0,late,1,2025-08-24,2025-09-06
PA_U000039_2,U000039,2025-10-03,2025-10-04T17:00:00,28,bundle,8.0,9.0,23.0,late,1,2025-09-21,2025-10-04
PA_U000040_1,U000040,2025-07-14,,28,bundle,,,,missed,25,2025-07-01,2025-07-14
PA_U000040_2,U000040,2025-08-11,2025-08-11T19:00:00,28,bundle,15.0,11.0,28.0,completed,0,2025-07-29,2025-08-11
PA_U000041_1,U000041,2025-09-05,,28,bundle,,,,missed,28,2025-08-23,2025-09-05
PA_U000041_2,U000041,2025-10-03,2025-10-04T10:00:00,28,bundle,16.0,14.0,14.0,late,1,2025-09-21,2025-10-04
PA_U000042_1,U000042,2025-07-27,2025-07-28T13:00:00,28,bundle,13.0,11.0,3.0,late,1,2025-07-15,2025-07-28
PA_U000042_2,U000042,2025-08-24,2025-08-26T20:00:00,28,bundle,15.0,10.0,6.0,late,2,2025-08-13,2025-08-26
PA_U000043_1,U000043,2025-06-29,,28,bundle,,,,missed,7,2025-06-16,2025-06-29
PA_U000043_2,U000043,2025-07-27,2025-07-27T14:00:00,28,bundle,12.0,13.0,13.0,completed,0,2025-07-14,2025-07-27
PA_U000044_1,U000044,2025-06-30,2025-07-01T17:00:00,28,bundle,22.0,18.0,19.0,late,1,2025-06-18,2025-07-01
PA_U000044_2,U000044,2025-07-28,,28,bundle,,,,missed,10,2025-07-15,2025-07-28
PA_U000045_1,U000045,2025-08-26,2025-08-27T15:00:00,28,bundle,7.0,9.0,9.0,late,1,2025-08-14,2025-08-27
PA_U000045_2,U000045,2025-09-23,2025-09-24T15:00:00,28,bundle,7.0,7.0,9.0,late,1,2025-09-11,2025-09-24
PA_U000046_1,U000046,2025-09-04,2025-09-06T11:00:00,28,bundle,11.0,8.0,19.0,late,2,2025-08-24,2025-09-06
PA_U000046_2,U000046,2025-10-02,,28,bundle,,,,missed,15,2025-09-19,2025-10-02
PA_U000047_1,U000047,2025-08-29,2025-09-11T15:00:00,28,bundle,5.0,16.0,6.0,late,13,2025-08-29,2025-09-11
PA_U000047_2,U000047,2025-09-26,2025-09-26T09:00:00,28,bundle,0.0,17.0,0.0,completed,0,2025-09-13,2025-09-26
PA_U000048_1,U000048,2025-09-18,,28,bundle,,,,missed,10,2025-09-05,2025-09-18
PA_U000048_2,U000048,2025-10-16,,28,bundle,,,,missed,12,2025-10-03,2025-10-16
PA_U000049_1,U000049,2025-07-30,,28,bundle,,,,missed,28,2025-07-17,2025-07-30
PA_U000049_2,U000049,2025-08-27,,28,bundle,,,,missed,28,2025-08-14,2025-08-27
PA_U000050_1,U000050,2025-09-02,,28,bundle,,,,missed,7,2025-08-20,2025-09-02
PA_U000050_2,U000050,2025-09-30,2025-10-01T11:00:00,28,bundle,16.0,15.0,14.0,late,1,2025-09-18,2025-10-01
PA_U000051_1,U000051,2025-08-01,,28,bundle,,,,missed,9,2025-07-19,2025-08-01
PA_U000051_2,U000051,2025-08-29,,28,bundle,,,,missed,14,2025-08-16,2025-08-29
PA_U000052_1,U000052,2025-07-25,2025-07-25T08:00:00,28,bundle,13.0,16.0,11.0,completed,0,2025-07-12,2025-07-25
PA_U000052_2,U000052,2025-08-22,2025-08-22T08:00:00,28,bundle,12.0,15.0,10.0,completed,0,2025-08-09,2025-08-22
PA_U000053_1,U000053,2025-09-16,2025-09-23T10:00:00,28,bundle,18.0,11.0,20.0,late,7,2025-09-10,2025-09-23
PA_U000053_2,U000053,2025-10-14,,28,bundle,,,,missed,14,2025-10-01,2025-10-14
PA_U000054_1,U000054,2025-07-18,2025-07-26T18:00:00,28,bundle,18.0,5.0,14.0,late,8,2025-07-13,2025-07-26
PA_U000054_2,U000054,2025-08-15,,28,bundle,,,,missed,7,2025-08-02,2025-08-15
PA_U000055_1,U000055,2025-08-12,,28,bundle,,,,missed,24,2025-07-30,2025-08-12
PA_U000055_2,U000055,2025-09-09,2025-09-19T15:00:00,28,bundle,1.0,10.0,16.0,late,10,2025-09-06,2025-09-19
PA_U000056_1,U000056,2025-09-04,2025-09-06T12:00:00,28,bundle,11.0,3.0,3.0,late,2,2025-08-24,2025-09-06
PA_U000056_2,U000056,2025-10-02,2025-10-14T16:00:00,28,bundle,11.0,2.0,5.0,late,12,2025-10-01,2025-10-14
PA_U000057_1,U000057,2025-07-02,,28,bundle,,,,missed,18,2025-06-19,2025-07-02
PA_U000057_2,U000057,2025-07-30,2025-08-06T19:00:00,28,bundle,10.0,4.0,12.0,late,7,2025-07-24,2025-08-06
PA_U000058_1,U000058,2025-08-01,,28,bundle,,,,missed,23,2025-07-19,2025-08-01
PA_U000058_2,U000058,2025-08-29,,28,bundle,,,,missed,22,2025-08-16,2025-08-29
PA_U000059_1,U000059,2025-09-24,,28,bundle,,,,missed,8,2025-09-11,2025-09-24
PA_U000059_2,U000059,2025-10-22,2025-10-23T14:00:00,28,bundle,8.0,0.0,9.0,late,1,2025-10-10,2025-10-23
PA_U000060_1,U000060,2025-07-26,2025-07-27T15:00:00,28,bundle,8.0,13.0,7.0,late,1,2025-07-14,2025-07-27
PA_U000060_2,U000060,2025-08-23,2025-08-31T12:00:00,28,bundle,13.0,16.0,5.0,late,8,2025-08-18,2025-08-31
PA_U000061_1,U000061,2025-08-08,2025-08-08T18:00:00,28,bundle,10.0,14.0,18.0,completed,0,2025-07-26,2025-08-08
PA_U000061_2,U000061,2025-09-05,,28,bundle,,,,missed,11,2025-08-23,2025-09-05
PA_U000062_1,U000062,2025-09-23,2025-09-23T10:00:00,28,bundle,11.0,12.0,13.0,completed,0,2025-09-10,2025-09-23
PA_U000062_2,U000062,2025-10-21,2025-10-21T18:00:00,28,bundle,9.0,10.0,14.0,completed,0,2025-10-08,2025-10-21
PA_U000063_1,U000063,2025-08-26,,28,bundle,,,,missed,16,2025-08-13,2025-08-26
PA_U000063_2,U000063,2025-09-23,,28,bundle,,,,missed,25,2025-09-10,2025-09-23
PA_U000064_1,U000064,2025-07-13,,28,bundle,,,,missed,27,2025-06-30,2025-07-13
PA_U000064_2,U000064,2025-08-10,,28,bundle,,,,missed,27,2025-07-28,2025-08-10
PA_U000065_1,U000065,2025-09-28,2025-09-28T20:00:00,28,bundle,14.0,20.0,19.0,completed,0,2025-09-15,2025-09-28
PA_U000065_2,U000065,2025-10-26,,28,bundle,,,,missed,11,2025-10-13,2025-10-26
PA_U000066_1,U000066,2025-09-05,2025-09-10T08:00:00,28,bundle,16.0,10.0,23.0,late,5,2025-08-28,2025-09-10
PA_U000066_2,U000066,2025-10-03,,28,bundle,,,,missed,8,2025-09-20,2025-10-03
PA_U000067_1,U000067,2025-07-25,,28,bundle,,,,missed,19,2025-07-12,2025-07-25
PA_U000067_2,U000067,2025-08-22,,28,bundle,,,,missed,13,2025-08-09,2025-08-22
PA_U000068_1,U000068,2025-07-11,2025-07-16T10:00:00,28,bundle,11.0,4.0,13.0,late,5,2025-07-03,2025-07-16
PA_U000068_2,U000068,2025-08-08,,28,bundle,,,,missed,15,2025-07-26,2025-08-08
PA_U000069_1,U000069,2025-09-27,,28,bundle,,,,missed,24,2025-09-14,2025-09-27
PA_U000069_2,U000069,2025-10-25,2025-10-31T18:00:00,28,bundle,23.0,9.0,10.0,late,6,2025-10-18,2025-10-31
PA_U000070_1,U000070,2025-09-28,,28,bundle,,,,missed,24,2025-09-15,2025-09-28
PA_U000070_2,U000070,2025-10-26,2025-10-31T10:00:00,28,bundle,17.0,16.0,15.0,late,5,2025-10-18,2025-10-31
PA_U000071_1,U000071,2025-09-23,2025-09-23T19:00:00,28,bundle,23.0,9.0,21.0,completed,0,2025-09-10,2025-09-23
PA_U000071_2,U000071,2025-10-21,2025-10-21T11:00:00,28,bundle,22.0,8.0,22.0,completed,0,2025-10-08,2025-10-21
PA_U000072_1,U000072,2025-07-25,,28,bundle,,,,missed,10,2025-07-12,2025-07-25
PA_U000072_2,U000072,2025-08-22,,28,bundle,,,,missed,15,2025-08-09,2025-08-22
PA_U000073_1,U000073,2025-07-29,2025-08-01T11:00:00,28,bundle,13.0,9.0,17.0,late,3,2025-07-19,2025-08-01
PA_U000073_2,U000073,2025-08-26,,28,bundle,,,,missed,7,2025-08-13,2025-08-26
PA_U000074_1,U000074,2025-08-14,2025-08-16T18:00:00,28,bundle,10.0,8.0,9.0,late,2,2025-08-03,2025-08-16
PA_U000074_2,U000074,2025-09-11,,28,bundle,,,,missed,22,2025-08-29,2025-09-11
PA_U000075_1,U000075,2025-08-12,2025-08-13T13:00:00,28,bundle,9.0,2.0,13.0,late,1,2025-07-31,2025-08-13
PA_U000075_2,U000075,2025-09-09,2025-09-11T15:00:00,28,bundle,14.0,1.0,14.0,late,2,2025-08-29,2025-09-11
PA_U000076_1,U000076,2025-07-17,,28,bundle,,,,missed,9,2025-07-04,2025-07-17
PA_U000076_2,U000076,2025-08-14,2025-08-15T11:00:00,28,bundle,27.0,19.0,24.0,late,1,2025-08-02,2025-08-15
PA_U000077_1,U000077,2025-09-29,,28,bundle,,,,missed,20,2025-09-16,2025-09-29
PA_U000077_2,U000077,2025-10-27,2025-10-27T21:00:00,28,bundle,8.0,13.0,13.0,completed,0,2025-10-14,2025-10-27
PA_U000078_1,U000078,2025-08-16,2025-08-21T14:00:00,28,bundle,4.0,18.0,7.0,late,5,2025-08-08,2025-08-21
PA_U000078_2,U000078,2025-09-13,,28,bundle,,,,missed,17,2025-08-31,2025-09-13
PA_U000079_1,U000079,2025-08-15,,28,bundle,,,,missed,24,2025-08-02,2025-08-15
PA_U000079_2,U000079,2025-09-12,2025-09-22T09:00:00,28,bundle,22.0,5.0,2.0,late,10,2025-09-09,2025-09-22
PA_U000080_1,U000080,2025-08-12,2025-08-13T12:00:00,28,bundle,3.0,9.0,7.0,late,1,2025-07-31,2025-08-13
PA_U000080_2,U000080,2025-09-09,,28,bundle,,,,missed,11,2025-08-27,2025-09-09
PA_U000081_1,U000081,2025-08-24,,28,bundle,,,,missed,19,2025-08-11,2025-08-24
PA_U000081_2,U000081,2025-09-21,2025-09-28T15:00:00,28,bundle,15.0,16.0,18.0,late,7,2025-09-15,2025-09-28
PA_U000082_1,U000082,2025-08-13,,28,bundle,,,,missed,21,2025-07-31,2025-08-13
PA_U000082_2,U000082,2025-09-10,,28,bundle,,,,missed,21,2025-08-28,2025-09-10
PA_U000083_1,U000083,2025-08-21,,28,bundle,,,,missed,24,2025-08-08,2025-08-21
PA_U000083_2,U000083,2025-09-18,2025-09-18T12:00:00,28,bundle,21.0,13.0,18.0,completed,0,2025-09-05,2025-09-18
PA_U000084_1,U000084,2025-08-26,,28,bundle,,,,missed,15,2025-08-13,2025-08-26
PA_U000084_2,U000084,2025-09-23,2025-09-24T08:00:00,28,bundle,15.0,10.0,8.0,late,1,2025-09-11,2025-09-24
PA_U000085_1,U000085,2025-08-04,2025-08-18T16:00:00,28,bundle,13.0,6.0,11.0,late,14,2025-08-05,2025-08-18
PA_U000085_2,U000085,2025-09-01,,28,bundle,,,,missed,22,2025-08-19,2025-09-01
PA_U000086_1,U000086,2025-07-03,2025-07-04T18:00:00,28,bundle,7.0,6.0,10.0,late,1,2025-06-21,2025-07-04
PA_U000086_2,U000086,2025-07-31,2025-08-02T11:00:00,28,bundle,10.0,5.0,12.0,late,2,2025-07-20,2025-08-02
PA_U000087_1,U000087,2025-09-17,,28,bundle,,,,missed,18,2025-09-04,2025-09-17
PA_U000087_2,U000087,2025-10-15,,28,bundle,,,,missed,22,2025-10-02,2025-10-15
PA_U000088_1,U000088,2025-09-29,,28,bundle,,,,missed,25,2025-09-16,2025-09-29
PA_U000088_2,U000088,2025-10-27,,28,bundle,,,,missed,8,2025-10-14,2025-10-27
PA_U000089_1,U000089,2025-09-26,,28,bundle,,,,missed,7,2025-09-13,2025-09-26
PA_U000089_2,U000089,2025-10-24,2025-10-24T15:00:00,28,bundle,7.0,18.0,14.0,completed,0,2025-10-11,2025-10-24
PA_U000090_1,U000090,2025-08-01,2025-08-02T19:00:00,28,bundle,10.0,16.0,22.0,late,1,2025-07-20,2025-08-02
PA_U000090_2,U000090,2025-08-29,2025-09-04T12:00:00,28,bundle,13.0,15.0,22.0,late,6,2025-08-22,2025-09-04
PA_U000091_1,U000091,2025-07-02,2025-07-03T10:00:00,28,bundle,9.0,10.0,16.0,late,1,2025-06-20,2025-07-03
PA_U000091_2,U000091,2025-07-30,,28,bundle,,,,missed,16,2025-07-17,2025-07-30
PA_U000092_1,U000092,2025-07-11,2025-07-17T13:00:00,28,bundle,10.0,10.0,10.0,late,6,2025-07-04,2025-07-17
PA_U000092_2,U000092,2025-08-08,,28,bundle,,,,missed,11,2025-07-26,2025-08-08
PA_U000093_1,U000093,2025-07-26,2025-07-28T19:00:00,28,bundle,11.0,12.0,11.0,late,2,2025-07-15,2025-07-28
PA_U000093_2,U000093,2025-08-23,,28,bundle,,,,missed,14,2025-08-10,2025-08-23
PA_U000094_1,U000094,2025-08-17,,28,bundle,,,,missed,12,2025-08-04,2025-08-17
PA_U000094_2,U000094,2025-09-14,2025-09-15T14:00:00,28,bundle,5.0,5.0,7.0,late,1,2025-09-02,2025-09-15
PA_U000095_1,U000095,2025-07-20,,28,bundle,,,,missed,27,2025-07-07,2025-07-20
PA_U000095_2,U000095,2025-08-17,2025-08-19T20:00:00,28,bundle,12.0,11.0,8.0,late,2,2025-08-06,2025-08-19
PA_U000096_1,U000096,2025-06-30,2025-07-12T20:00:00,28,bundle,4.0,6.0,3.0,late,12,2025-06-29,2025-07-12
PA_U000096_2,U000096,2025-07-28,,28,bundle,,,,missed,22,2025-07-15,2025-07-28
PA_U000097_1,U000097,2025-08-28,2025-08-29T20:00:00,28,bundle,8.0,14.0,16.0,late,1,2025-08-16,2025-08-29
PA_U000097_2,U000097,2025-09-25,2025-09-25T10:00:00,28,bundle,11.0,17.0,12.0,completed,0,2025-09-12,2025-09-25
PA_U000098_1,U000098,2025-09-29,2025-09-30T17:00:00,28,bundle,14.0,2.0,8.0,late,1,2025-09-17,2025-09-30
PA_U000098_2,U000098,2025-10-27,,28,bundle,,,,missed,12,2025-10-14,2025-10-27
PA_U000099_1,U000099,2025-07-21,2025-07-21T17:00:00,28,bundle,7.0,12.0,21.0,completed,0,2025-07-08,2025-07-21
PA_U000099_2,U000099,2025-08-18,,28,bundle,,,,missed,11,2025-08-05,2025-08-18
PA_U000100_1,U000100,2025-07-19,,28,bundle,,,,missed,18,2025-07-06,2025-07-19
PA_U000100_2,U000100,2025-08-16,,28,bundle,,,,missed,11,2025-08-03,2025-08-16
PA_U000101_1,U000101,2025-07-29,,28,bundle,,,,missed,18,2025-07-16,2025-07-29
PA_U000101_2,U000101,2025-08-26,2025-08-28T18:00:00,28,bundle,19.0,6.0,12.0,late,2,2025-08-15,2025-08-28
PA_U000102_1,U000102,2025-07-20,2025-07-20T10:00:00,28,bundle,13.0,8.0,10.0,completed,0,2025-07-07,2025-07-20
PA_U000102_2,U000102,2025-08-17,2025-08-17T08:00:00,28,bundle,20.0,1.0,8.0,completed,0,2025-08-04,2025-08-17
PA_U000103_1,U000103,2025-09-10,,28,bundle,,,,missed,26,2025-08-28,2025-09-10
PA_U000103_2,U000103,2025-10-08,2025-10-10T09:00:00,28,bundle,5.0,13.0,15.0,late,2,2025-09-27,2025-10-10
PA_U000104_1,U000104,2025-08-08,2025-08-15T18:00:00,28,bundle,9.0,16.0,15.0,late,7,2025-08-02,2025-08-15
PA_U000104_2,U000104,2025-09-05,2025-09-05T14:00:00,28,bundle,12.0,17.0,13.0,completed,0,2025-08-23,2025-09-05
PA_U000105_1,U000105,2025-08-29,,28,bundle,,,,missed,18,2025-08-16,2025-08-29
PA_U000105_2,U000105,2025-09-26,,28,bundle,,,,missed,23,2025-09-13,2025-09-26
PA_U000106_1,U000106,2025-07-13,2025-07-14T14:00:00,28,bundle,19.0,10.0,16.0,late,1,2025-07-01,2025-07-14
PA_U000106_2,U000106,2025-08-10,2025-08-12T09:00:00,28,bundle,17.0,15.0,16.0,late,2,2025-07-30,2025-08-12
PA_U000107_1,U000107,2025-09-14,2025-09-14T09:00:00,28,bundle,5.0,17.0,22.0,completed,0,2025-09-01,2025-09-14
PA_U000107_2,U000107,2025-10-12,2025-10-13T18:00:00,28,bundle,4.0,12.0,17.0,late,1,2025-09-30,2025-10-13
PA_U000108_1,U000108,2025-08-06,,28,bundle,,,,missed,14,2025-07-24,2025-08-06
PA_U000108_2,U000108,2025-09-03,2025-09-05T12:00:00,28,bundle,11.0,18.0,16.0,late,2,2025-08-23,2025-09-05
PA_U000109_1,U000109,2025-09-04,,28,bundle,,,,missed,19,2025-08-22,2025-09-04
PA_U000109_2,U000109,2025-10-02,2025-10-08T12:00:00,28,bundle,11.0,14.0,21.0,late,6,2025-09-25,2025-10-08
PA_U000110_1,U000110,2025-09-17,2025-09-18T08:00:00,28,bundle,3.0,13.0,11.0,late,1,2025-09-05,2025-09-18
PA_U000110_2,U000110,2025-10-15,,28,bundle,,,,missed,13,2025-10-02,2025-10-15
PA_U000111_1,U000111,2025-09-16,2025-09-16T21:00:00,28,bundle,12.0,14.0,17.0,completed,0,2025-09-03,2025-09-16
PA_U000111_2,U000111,2025-10-14,2025-10-15T11:00:00,28,bundle,9.0,14.0,19.0,late,1,2025-10-02,2025-10-15
PA_U000112_1,U000112,2025-09-15,2025-09-17T10:00:00,28,bundle,23.0,19.0,14.0,late,2,2025-09-04,2025-09-17
PA_U000112_2,U000112,2025-10-13,,28,bundle,,,,missed,20,2025-09-30,2025-10-13
PA_U000113_1,U000113,2025-08-01,2025-08-01T08:00:00,28,bundle,10.0,13.0,19.0,completed,0,2025-07-19,2025-08-01
PA_U000113_2,U000113,2025-08-29,2025-09-04T18:00:00,28,bundle,14.0,16.0,17.0,late,6,2025-08-22,2025-09-04
PA_U000114_1,U000114,2025-09-23,2025-09-25T20:00:00,28,bundle,4.0,14.0,8.0,late,2,2025-09-12,2025-09-25
PA_U000114_2,U000114,2025-10-21,2025-10-30T09:00:00,28,bundle,6.0,11.0,3.0,late,9,2025-10-17,2025-10-30
PA_U000115_1,U000115,2025-07-31,,28,bundle,,,,missed,17,2025-07-18,2025-07-31
PA_U000115_2,U000115,2025-08-28,,28,bundle,,,,missed,15,2025-08-15,2025-08-28
PA_U000116_1,U000116,2025-09-09,2025-09-11T21:00:00,28,bundle,24.0,16.0,9.0,late,2,2025-08-29,2025-09-11
PA_U000116_2,U000116,2025-10-07,2025-10-07T09:00:00,28,bundle,21.0,15.0,7.0,completed,0,2025-09-24,2025-10-07
PA_U000117_1,U000117,2025-09-27,,28,bundle,,,,missed,11,2025-09-14,2025-09-27
PA_U000117_2,U000117,2025-10-25,,28,bundle,,,,missed,8,2025-10-12,2025-10-25
PA_U000118_1,U000118,2025-08-03,,28,bundle,,,,missed,7,2025-07-21,2025-08-03
PA_U000118_2,U000118,2025-08-31,,28,bundle,,,,missed,14,2025-08-18,2025-08-31
PA_U000119_1,U000119,2025-09-15,,28,bundle,,,,missed,9,2025-09-02,2025-09-15
PA_U000119_2,U000119,2025-10-13,2025-10-14T13:00:00,28,bundle,13.0,18.0,17.0,late,1,2025-10-01,2025-10-14
PA_U000120_1,U000120,2025-09-22,,28,bundle,,,,missed,27,2025-09-09,2025-09-22
PA_U000120_2,U000120,2025-10-20,,28,bundle,,,,missed,13,2025-10-07,2025-10-20
PA_U000121_1,U000121,2025-09-14,,28,bundle,,,,missed,18,2025-09-01,2025-09-14
PA_U000121_2,U000121,2025-10-12,2025-10-12T15:00:00,28,bundle,3.0,10.0,1.0,completed,0,2025-09-29,2025-10-12
PA_U000122_1,U000122,2025-08-09,2025-08-09T11:00:00,28,bundle,18.0,10.0,12.0,completed,0,2025-07-27,2025-08-09
PA_U000122_2,U000122,2025-09-06,2025-09-06T21:00:00,28,bundle,21.0,9.0,15.0,completed,0,2025-08-24,2025-09-06
PA_U000123_1,U000123,2025-07-07,,28,bundle,,,,missed,20,2025-06-24,2025-07-07
PA_U000123_2,U000123,2025-08-04,2025-08-06T19:00:00,28,bundle,13.0,6.0,0.0,late,2,2025-07-24,2025-08-06
PA_U000124_1,U000124,2025-08-01,2025-08-01T16:00:00,28,bundle,19.0,12.0,13.0,completed,0,2025-07-19,2025-08-01
PA_U000124_2,U000124,2025-08-29,2025-09-01T19:00:00,28,bundle,18.0,11.0,12.0,late,3,2025-08-19,2025-09-01
PA_U000125_1,U000125,2025-08-29,,28,bundle,,,,missed,27,2025-08-16,2025-08-29
PA_U000125_2,U000125,2025-09-26,,28,bundle,,,,missed,14,2025-09-13,2025-09-26
PA_U000126_1,U000126,2025-09-29,2025-09-29T11:00:00,28,bundle,21.0,8.0,18.0,completed,0,2025-09-16,2025-09-29
PA_U000126_2,U000126,2025-10-27,,28,bundle,,,,missed,22,2025-10-14,2025-10-27
PA_U000127_1,U000127,2025-07-16,,28,bundle,,,,missed,12,2025-07-03,2025-07-16
PA_U000127_2,U000127,2025-08-13,2025-08-14T10:00:00,28,bundle,4.0,18.0,3.0,late,1,2025-08-01,2025-08-14
PA_U000128_1,U000128,2025-09-27,2025-10-01T09:00:00,28,bundle,13.0,7.0,18.0,late,4,2025-09-18,2025-10-01
PA_U000128_2,U000128,2025-10-25,,28,bundle,,,,missed,17,2025-10-12,2025-10-25
PA_U000129_1,U000129,2025-07-15,2025-07-17T13:00:00,28,bundle,11.0,13.0,13.0,late,2,2025-07-04,2025-07-17
PA_U000129_2,U000129,2025-08-12,2025-08-18T15:00:00,28,bundle,12.0,11.0,16.0,late,6,2025-08-05,2025-08-18
PA_U000130_1,U000130,2025-08-04,,28,bundle,,,,missed,14,2025-07-22,2025-08-04
PA_U000130_2,U000130,2025-09-01,2025-09-04T17:00:00,28,bundle,11.0,8.0,17.0,late,3,2025-08-22,2025-09-04
PA_U000131_1,U000131,2025-07-15,2025-07-17T15:00:00,28,bundle,9.0,8.0,14.0,late,2,2025-07-04,2025-07-17
PA_U000131_2,U000131,2025-08-12,,28,bundle,,,,missed,19,2025-07-30,2025-08-12
PA_U000132_1,U000132,2025-09-12,2025-09-13T15:00:00,28,bundle,2.0,11.0,11.0,late,1,2025-08-31,2025-09-13
PA_U000132_2,U000132,2025-10-10,2025-10-22T21:00:00,28,bundle,0.0,15.0,12.0,late,12,2025-10-09,2025-10-22
PA_U000133_1,U000133,2025-09-10,,28,bundle,,,,missed,14,2025-08-28,2025-09-10
PA_U000133_2,U000133,2025-10-08,2025-10-09T17:00:00,28,bundle,12.0,17.0,11.0,late,1,2025-09-26,2025-10-09
PA_U000134_1,U000134,2025-07-04,2025-07-05T18:00:00,28,bundle,19.0,16.0,8.0,late,1,2025-06-22,2025-07-05
PA_U000134_2,U000134,2025-08-01,,28,bundle,,,,missed,25,2025-07-19,2025-08-01
PA_U000135_1,U000135,2025-09-16,2025-09-17T18:00:00,28,bundle,21.0,15.0,2.0,late,1,2025-09-04,2025-09-17
PA_U000135_2,U000135,2025-10-14,,28,bundle,,,,missed,11,2025-10-01,2025-10-14
PA_U000136_1,U000136,2025-08-24,,28,bundle,,,,missed,7,2025-08-11,2025-08-24
PA_U000136_2,U000136,2025-09-21,,28,bundle,,,,missed,10,2025-09-08,2025-09-21
PA_U000137_1,U000137,2025-08-08,,28,bundle,,,,missed,18,2025-07-26,2025-08-08
PA_U000137_2,U000137,2025-09-05,,28,bundle,,,,missed,7,2025-08-23,2025-09-05
PA_U000138_1,U000138,2025-08-18,2025-08-20T11:00:00,28,bundle,10.0,16.0,12.0,late,2,2025-08-07,2025-08-20
PA_U000138_2,U000138,2025-09-15,2025-09-15T11:00:00,28,bundle,8.0,14.0,18.0,completed,0,2025-09-02,2025-09-15
PA_U000139_1,U000139,2025-07-21,,28,bundle,,,,missed,28,2025-07-08,2025-07-21
PA_U000139_2,U000139,2025-08-18,2025-08-26T11:00:00,28,bundle,8.0,9.0,15.0,late,8,2025-08-13,2025-08-26
PA_U000140_1,U000140,2025-07-12,2025-07-19T09:00:00,28,bundle,12.0,10.0,24.0,late,7,2025-07-06,2025-07-19
PA_U000140_2,U000140,2025-08-09,2025-08-14T21:00:00,28,bundle,19.0,12.0,18.0,late,5,2025-08-01,2025-08-14
PA_U000141_1,U000141,2025-07-10,2025-07-12T14:00:00,28,bundle,18.0,0.0,17.0,late,2,2025-06-29,2025-07-12
PA_U000141_2,U000141,2025-08-07,,28,bundle,,,,missed,16,2025-07-25,2025-08-07
PA_U000142_1,U000142,2025-08-15,,28,bundle,,,,missed,11,2025-08-02,2025-08-15
PA_U000142_2,U000142,2025-09-12,2025-09-14T12:00:00,28,bundle,5.0,10.0,5.0,late,2,2025-09-01,2025-09-14
PA_U000143_1,U000143,2025-07-05,2025-07-06T20:00:00,28,bundle,18.0,19.0,16.0,late,1,2025-06-23,2025-07-06
PA_U000143_2,U000143,2025-08-02,,28,bundle,,,,missed,16,2025-07-20,2025-08-02
PA_U000144_1,U000144,2025-08-14,2025-08-14T15:00:00,28,bundle,5.0,1.0,21.0,completed,0,2025-08-01,2025-08-14
PA_U000144_2,U000144,2025-09-11,2025-09-13T09:00:00,28,bundle,5.0,4.0,23.0,late,2,2025-08-31,2025-09-13
PA_U000145_1,U000145,2025-09-02,2025-09-02T18:00:00,28,bundle,13.0,18.0,4.0,completed,0,2025-08-20,2025-09-02
PA_U000145_2,U000145,2025-09-30,2025-10-13T13:00:00,28,bundle,7.0,19.0,4.0,late,13,2025-09-30,2025-10-13
PA_U000146_1,U000146,2025-07-31,2025-08-01T10:00:00,28,bundle,14.0,9.0,15.0,late,1,2025-07-19,2025-08-01
PA_U000146_2,U000146,2025-08-28,2025-08-28T11:00:00,28,bundle,12.0,10.0,12.0,completed,0,2025-08-15,2025-08-28
PA_U000147_1,U000147,2025-09-12,,28,bundle,,,,missed,13,2025-08-30,2025-09-12
PA_U000147_2,U000147,2025-10-10,,28,bundle,,,,missed,23,2025-09-27,2025-10-10
PA_U000148_1,U000148,2025-08-08,2025-08-22T20:00:00,28,bundle,18.0,12.0,12.0,late,14,2025-08-09,2025-08-22
PA_U000148_2,U000148,2025-09-05,,28,bundle,,,,missed,19,2025-08-23,2025-09-05
PA_U000149_1,U000149,2025-09-28,2025-10-07T19:00:00,28,bundle,8.0,6.0,15.0,late,9,2025-09-24,2025-10-07
PA_U000149_2,U000149,2025-10-26,2025-10-26T19:00:00,28,bundle,11.0,6.0,15.0,completed,0,2025-10-13,2025-10-26
PA_U000150_1,U000150,2025-08-23,,28,bundle,,,,missed,25,2025-08-10,2025-08-23
PA_U000150_2,U000150,2025-09-20,,28,bundle,,,,missed,19,2025-09-07,2025-09-20
PA_U000151_1,U000151,2025-07-25,,28,bundle,,,,missed,12,2025-07-12,2025-07-25
PA_U000151_2,U000151,2025-08-22,,28,bundle,,,,missed,15,2025-08-09,2025-08-22
PA_U000152_1,U000152,2025-07-31,2025-08-13T10:00:00,28,bundle,8.0,9.0,13.0,late,13,2025-07-31,2025-08-13
PA_U000152_2,U000152,2025-08-28,,28,bundle,,,,missed,22,2025-08-15,2025-08-28
PA_U000153_1,U000153,2025-09-25,2025-09-25T09:00:00,28,bundle,20.0,15.0,22.0,completed,0,2025-09-12,2025-09-25
PA_U000153_2,U000153,2025-10-23,,28,bundle,,,,missed,17,2025-10-10,2025-10-23
PA_U000154_1,U000154,2025-07-23,2025-08-02T11:00:00,28,bundle,11.0,2.0,22.0,late,10,2025-07-20,2025-08-02
PA_U000154_2,U000154,2025-08-20,2025-08-30T21:00:00,28,bundle,9.0,4.0,18.0,late,10,2025-08-17,2025-08-30
PA_U000155_1,U000155,2025-08-09,2025-08-10T14:00:00,28,bundle,6.0,11.0,4.0,late,1,2025-07-28,2025-08-10
PA_U000155_2,U000155,2025-09-06,2025-09-06T12:00:00,28,bundle,4.0,10.0,7.0,completed,0,2025-08-24,2025-09-06
PA_U000156_1,U000156,2025-07-31,,28,bundle,,,,missed,9,2025-07-18,2025-07-31
PA_U000156_2,U000156,2025-08-28,2025-08-29T16:00:00,28,bundle,4.0,8.0,8.0,late,1,2025-08-16,2025-08-29
PA_U000157_1,U000157,2025-09-13,2025-09-13T20:00:00,28,bundle,16.0,21.0,23.0,completed,0,2025-08-31,2025-09-13
PA_U000157_2,U000157,2025-10-11,,28,bundle,,,,missed,17,2025-09-28,2025-10-11
PA_U000158_1,U000158,2025-08-12,2025-08-14T15:00:00,28,bundle,6.0,13.0,22.0,late,2,2025-08-01,2025-08-14
PA_U000158_2,U000158,2025-09-09,,28,bundle,,,,missed,18,2025-08-27,2025-09-09
PA_U000159_1,U000159,2025-08-11,,28,bundle,,,,missed,22,2025-07-29,2025-08-11
PA_U000159_2,U000159,2025-09-08,2025-09-13T15:00:00,28,bundle,4.0,15.0,7.0,late,5,2025-08-31,2025-09-13
PA_U000160_1,U000160,2025-09-02,,28,bundle,,,,missed,13,2025-08-20,2025-09-02
PA_U000160_2,U000160,2025-09-30,,28,bundle,,,,missed,17,2025-09-17,2025-09-30
PA_U000161_1,U000161,2025-09-27,,28,bundle,,,,missed,17,2025-09-14,2025-09-27
PA_U000161_2,U000161,2025-10-25,,28,bundle,,,,missed,10,2025-10-12,2025-10-25
PA_U000162_1,U000162,2025-09-08,,28,bundle,,,,missed,17,2025-08-26,2025-09-08
PA_U000162_2,U000162,2025-10-06,2025-10-06T14:00:00,28,bundle,9.0,8.0,2.0,completed,0,2025-09-23,2025-10-06
PA_U000163_1,U000163,2025-08-21,,28,bundle,,,,missed,13,2025-08-08,2025-08-21
PA_U000163_2,U000163,2025-09-18,2025-09-18T18:00:00,28,bundle,19.0,7.0,5.0,completed,0,2025-09-05,2025-09-18
PA_U000164_1,U000164,2025-08-17,,28,bundle,,,,missed,7,2025-08-04,2025-08-17
PA_U000164_2,U000164,2025-09-14,2025-09-15T16:00:00,28,bundle,18.0,15.0,18.0,late,1,2025-09-02,2025-09-15
PA_U000165_1,U000165,2025-08-02,,28,bundle,,,,missed,14,2025-07-20,2025-08-02
PA_U000165_2,U000165,2025-08-30,,28,bundle,,,,missed,17,2025-08-17,2025-08-30
PA_U000166_1,U000166,2025-09-10,,28,bundle,,,,missed,24,2025-08-28,2025-09-10
PA_U000166_2,U000166,2025-10-08,,28,bundle,,,,missed,25,2025-09-25,2025-10-08
PA_U000167_1,U000167,2025-07-01,2025-07-03T17:00:00,28,bundle,24.0,11.0,9.0,late,2,2025-06-20,2025-07-03
PA_U000167_2,U000167,2025-07-29,,28,bundle,,,,missed,26,2025-07-16,2025-07-29
PA_U000168_1,U000168,2025-07-30,2025-08-01T12:00:00,28,bundle,17.0,13.0,9.0,late,2,2025-07-19,2025-08-01
PA_U000168_2,U000168,2025-08-27,,28,bundle,,,,missed,23,2025-08-14,2025-08-27
PA_U000169_1,U000169,2025-07-21,2025-07-23T11:00:00,28,bundle,19.0,13.0,21.0,late,2,2025-07-10,2025-07-23
PA_U000169_2,U000169,2025-08-18,,28,bundle,,,,missed,28,2025-08-05,2025-08-18
PA_U000170_1,U000170,2025-08-20,,28,bundle,,,,missed,24,2025-08-07,2025-08-20
PA_U000170_2,U000170,2025-09-17,,28,bundle,,,,missed,17,2025-09-04,2025-09-17
PA_U000171_1,U000171,2025-07-13,2025-07-15T09:00:00,28,bundle,22.0,20.0,20.0,late,2,2025-07-02,2025-07-15
PA_U000171_2,U000171,2025-08-10,2025-08-11T15:00:00,28,bundle,25.0,20.0,20.0,late,1,2025-07-29,2025-08-11
PA_U000172_1,U000172,2025-07-26,,28,bundle,,,,missed,17,2025-07-13,2025-07-26
PA_U000172_2,U000172,2025-08-23,2025-09-04T08:00:00,28,bundle,5.0,11.0,10.0,late,12,2025-08-22,2025-09-04
PA_U000173_1,U000173,2025-08-15,,28,bundle,,,,missed,14,2025-08-02,2025-08-15
PA_U000173_2,U000173,2025-09-12,2025-09-14T12:00:00,28,bundle,14.0,18.0,17.0,late,2,2025-09-01,2025-09-14
PA_U000174_1,U000174,2025-07-29,2025-08-01T14:00:00,28,bundle,5.0,1.0,12.0,late,3,2025-07-19,2025-08-01
PA_U000174_2,U000174,2025-08-26,2025-09-05T12:00:00,28,bundle,4.0,0.0,13.0,late,10,2025-08-23,2025-09-05
PA_U000175_1,U000175,2025-07-17,,28,bundle,,,,missed,26,2025-07-04,2025-07-17
PA_U000175_2,U000175,2025-08-14,,28,bundle,,,,missed,8,2025-08-01,2025-08-14
PA_U000176_1,U000176,2025-07-12,,28,bundle,,,,missed,8,2025-06-29,2025-07-12
PA_U000176_2,U000176,2025-08-09,2025-08-13T10:00:00,28,bundle,27.0,13.0,11.0,late,4,2025-07-31,2025-08-13
PA_U000177_1,U000177,2025-08-12,2025-08-14T09:00:00,28,bundle,9.0,17.0,19.0,late,2,2025-08-01,2025-08-14
PA_U000177_2,U000177,2025-09-09,,28,bundle,,,,missed,14,2025-08-27,2025-09-09
PA_U000178_1,U000178,2025-08-18,2025-09-01T20:00:00,28,bundle,16.0,10.0,8.0,late,14,2025-08-19,2025-09-01
PA_U000178_2,U000178,2025-09-15,,28,bundle,,,,missed,11,2025-09-02,2025-09-15
PA_U000179_1,U000179,2025-07-27,2025-07-29T09:00:00,28,bundle,12.0,15.0,12.0,late,2,2025-07-16,2025-07-29
PA_U000179_2,U000179,2025-08-24,2025-08-24T09:00:00,28,bundle,13.0,15.0,10.0,completed,0,2025-08-11,2025-08-24
PA_U000180_1,U000180,2025-07-02,,28,bundle,,,,missed,19,2025-06-19,2025-07-02
PA_U000180_2,U000180,2025-07-30,,28,bundle,,,,missed,8,2025-07-17,2025-07-30
PA_U000181_1,U000181,2025-07-17,,28,bundle,,,,missed,7,2025-07-04,2025-07-17
PA_U000181_2,U000181,2025-08-14,,28,bundle,,,,missed,12,2025-08-01,2025-08-14
PA_U000182_1,U000182,2025-08-03,2025-08-05T09:00:00,28,bundle,21.0,16.0,7.0,late,2,2025-07-23,2025-08-05
PA_U000182_2,U000182,2025-08-31,,28,bundle,,,,missed,13,2025-08-18,2025-08-31
PA_U000183_1,U000183,2025-09-10,,28,bundle,,,,missed,10,2025-08-28,2025-09-10
PA_U000183_2,U000183,2025-10-08,2025-10-13T11:00:00,28,bundle,14.0,15.0,22.0,late,5,2025-09-30,2025-10-13
PA_U000184_1,U000184,2025-07-23,,28,bundle,,,,missed,14,2025-07-10,2025-07-23
PA_U000184_2,U000184,2025-08-20,2025-08-20T14:00:00,28,bundle,9.0,0.0,5.0,completed,0,2025-08-07,2025-08-20
PA_U000185_1,U000185,2025-07-01,2025-07-03T08:00:00,28,bundle,14.0,10.0,11.0,late,2,2025-06-20,2025-07-03
PA_U000185_2,U000185,2025-07-29,2025-08-09T12:00:00,28,bundle,14.0,9.0,13.0,late,11,2025-07-27,2025-08-09
PA_U000186_1,U000186,2025-09-25,2025-09-27T14:00:00,28,bundle,15.0,17.0,16.0,late,2,2025-09-14,2025-09-27
PA_U000186_2,U000186,2025-10-23,,28,bundle,,,,missed,24,2025-10-10,2025-10-23
PA_U000187_1,U000187,2025-09-03,,28,bundle,,,,missed,7,2025-08-21,2025-09-03
PA_U000187_2,U000187,2025-10-01,2025-10-01T09:00:00,28,bundle,7.0,15.0,11.0,completed,0,2025-09-18,2025-10-01
PA_U000188_1,U000188,2025-07-08,2025-07-09T08:00:00,28,bundle,10.0,10.0,15.0,late,1,2025-06-26,2025-07-09
PA_U000188_2,U000188,2025-08-05,,28,bundle,,,,missed,23,2025-07-23,2025-08-05
PA_U000189_1,U000189,2025-09-10,,28,bundle,,,,missed,24,2025-08-28,2025-09-10
PA_U000189_2,U000189,2025-10-08,,28,bundle,,,,missed,21,2025-09-25,2025-10-08
PA_U000190_1,U000190,2025-09-26,2025-09-27T11:00:00,28,bundle,13.0,17.0,11.0,late,1,2025-09-14,2025-09-27
PA_U000190_2,U000190,2025-10-24,2025-10-24T11:00:00,28,bundle,16.0,17.0,9.0,completed,0,2025-10-11,2025-10-24
PA_U000191_1,U000191,2025-08-03,2025-08-03T20:00:00,28,bundle,6.0,19.0,15.0,completed,0,2025-07-21,2025-08-03
PA_U000191_2,U000191,2025-08-31,,28,bundle,,,,missed,27,2025-08-18,2025-08-31
PA_U000192_1,U000192,2025-07-25,2025-07-27T08:00:00,28,bundle,19.0,13.0,20.0,late,2,2025-07-14,2025-07-27
PA_U000192_2,U000192,2025-08-22,2025-08-22T19:00:00,28,bundle,17.0,7.0,19.0,completed,0,2025-08-09,2025-08-22
PA_U000193_1,U000193,2025-07-07,2025-07-09T13:00:00,28,bundle,18.0,4.0,12.0,late,2,2025-06-26,2025-07-09
PA_U000193_2,U000193,2025-08-04,2025-08-05T11:00:00,28,bundle,15.0,3.0,15.0,late,1,2025-07-23,2025-08-05
PA_U000194_1,U000194,2025-08-06,,28,bundle,,,,missed,12,2025-07-24,2025-08-06
PA_U000194_2,U000194,2025-09-03,2025-09-05T21:00:00,28,bundle,7.0,12.0,12.0,late,2,2025-08-23,2025-09-05
PA_U000195_1,U000195,2025-07-07,,28,bundle,,,,missed,15,2025-06-24,2025-07-07
PA_U000195_2,U000195,2025-08-04,,28,bundle,,,,missed,8,2025-07-22,2025-08-04
PA_U000196_1,U000196,2025-09-27,2025-09-28T21:00:00,28,bundle,17.0,11.0,15.0,late,1,2025-09-15,2025-09-28
PA_U000196_2,U000196,2025-10-25,,28,bundle,,,,missed,12,2025-10-12,2025-10-25
PA_U000197_1,U000197,2025-09-26,,28,bundle,,,,missed,25,2025-09-13,2025-09-26
PA_U000197_2,U000197,2025-10-24,2025-11-03T09:00:00,28,bundle,4.0,16.0,6.0,late,10,2025-10-21,2025-11-03
PA_U000198_1,U000198,2025-09-08,2025-09-09T18:00:00,28,bundle,21.0,14.0,20.0,late,1,2025-08-27,2025-09-09
PA_U000198_2,U000198,2025-10-06,2025-10-12T15:00:00,28,bundle,21.0,12.0,22.0,late,6,2025-09-29,2025-10-12
PA_U000199_1,U000199,2025-07-15,,28,bundle,,,,missed,7,2025-07-02,2025-07-15
PA_U000199_2,U000199,2025-08-12,2025-08-23T20:00:00,28,bundle,11.0,16.0,18.0,late,11,2025-08-10,2025-08-23
PA_U000200_1,U000200,2025-09-26,2025-10-08T15:00:00,28,bundle,14.0,11.0,12.0,late,12,2025-09-25,2025-10-08
PA_U000200_2,U000200,2025-10-24,2025-10-29T17:00:00,28,bundle,5.0,17.0,11.0,late,5,2025-10-16,2025-10-29
PA_U000201_1,U000201,2025-08-27,,28,bundle,,,,missed,9,2025-08-14,2025-08-27
PA_U000201_2,U000201,2025-09-24,,28,bundle,,,,missed,11,2025-09-11,2025-09-24
PA_U000202_1,U000202,2025-07-16,2025-07-16T11:00:00,28,bundle,5.0,0.0,2.0,completed,0,2025-07-03,2025-07-16
PA_U000202_2,U000202,2025-08-13,,28,bundle,,,,missed,11,2025-07-31,2025-08-13
PA_U000203_1,U000203,2025-08-15,2025-08-17T18:00:00,28,bundle,16.0,17.0,25.0,late,2,2025-08-04,2025-08-17
PA_U000203_2,U000203,2025-09-12,,28,bundle,,,,missed,10,2025-08-30,2025-09-12
PA_U000204_1,U000204,2025-07-29,,28,bundle,,,,missed,7,2025-07-16,2025-07-29
PA_U000204_2,U000204,2025-08-26,,28,bundle,,,,missed,26,2025-08-13,2025-08-26
PA_U000205_1,U000205,2025-08-18,2025-08-19T19:00:00,28,bundle,14.0,17.0,14.0,late,1,2025-08-06,2025-08-19
PA_U000205_2,U000205,2025-09-15,2025-09-17T15:00:00,28,bundle,17.0,19.0,14.0,late,2,2025-09-04,2025-09-17
PA_U000206_1,U000206,2025-09-04,2025-09-05T14:00:00,28,bundle,22.0,21.0,17.0,late,1,2025-08-23,2025-09-05
PA_U000206_2,U000206,2025-10-02,,28,bundle,,,,missed,24,2025-09-19,2025-10-02
PA_U000207_1,U000207,2025-09-06,2025-09-06T08:00:00,28,bundle,17.0,3.0,11.0,completed,0,2025-08-24,2025-09-06
PA_U000207_2,U000207,2025-10-04,,28,bundle,,,,missed,25,2025-09-21,2025-10-04
PA_U000208_1,U000208,2025-08-01,2025-08-01T11:00:00,28,bundle,7.0,11.0,3.0,completed,0,2025-07-19,2025-08-01
PA_U000208_2,U000208,2025-08-29,2025-08-30T16:00:00,28,bundle,5.0,13.0,0.0,late,1,2025-08-17,2025-08-30
PA_U000209_1,U000209,2025-08-03,2025-08-03T09:00:00,28,bundle,6.0,7.0,24.0,completed,0,2025-07-21,2025-08-03
PA_U000209_2,U000209,2025-08-31,2025-08-31T14:00:00,28,bundle,6.0,7.0,20.0,completed,0,2025-08-18,2025-08-31
PA_U000210_1,U000210,2025-07-14,,28,bundle,,,,missed,26,2025-07-01,2025-07-14
PA_U000210_2,U000210,2025-08-11,,28,bundle,,,,missed,13,2025-07-29,2025-08-11
PA_U000211_1,U000211,2025-09-06,,28,bundle,,,,missed,26,2025-08-24,2025-09-06
PA_U000211_2,U000211,2025-10-04,2025-10-04T19:00:00,28,bundle,6.0,7.0,11.0,completed,0,2025-09-21,2025-10-04
PA_U000212_1,U000212,2025-08-05,2025-08-06T19:00:00,28,bundle,10.0,15.0,13.0,late,1,2025-07-24,2025-08-06
PA_U000212_2,U000212,2025-09-02,,28,bundle,,,,missed,27,2025-08-20,2025-09-02
PA_U000213_1,U000213,2025-07-08,2025-07-08T18:00:00,28,bundle,14.0,12.0,19.0,completed,0,2025-06-25,2025-07-08
PA_U000213_2,U000213,2025-08-05,2025-08-15T17:00:00,28,bundle,19.0,13.0,19.0,late,10,2025-08-02,2025-08-15
PA_U000214_1,U000214,2025-08-27,2025-08-31T10:00:00,28,bundle,16.0,14.0,25.0,late,4,2025-08-18,2025-08-31
PA_U000214_2,U000214,2025-09-24,2025-09-24T18:00:00,28,bundle,23.0,13.0,23.0,completed,0,2025-09-11,2025-09-24
PA_U000215_1,U000215,2025-07-28,2025-07-28T09:00:00,28,bundle,11.0,19.0,16.0,completed,0,2025-07-15,2025-07-28
PA_U000215_2,U000215,2025-08-25,,28,bundle,,,,missed,10,2025-08-12,2025-08-25
PA_U000216_1,U000216,2025-09-12,,28,bundle,,,,missed,17,2025-08-30,2025-09-12
PA_U000216_2,U000216,2025-10-10,2025-10-10T08:00:00,28,bundle,13.0,9.0,13.0,completed,0,2025-09-27,2025-10-10
PA_U000217_1,U000217,2025-07-02,,28,bundle,,,,missed,20,2025-06-19,2025-07-02
PA_U000217_2,U000217,2025-07-30,2025-07-31T20:00:00,28,bundle,14.0,10.0,7.0,late,1,2025-07-18,2025-07-31
PA_U000218_1,U000218,2025-08-26,,28,bundle,,,,missed,9,2025-08-13,2025-08-26
PA_U000218_2,U000218,2025-09-23,2025-09-25T14:00:00,28,bundle,12.0,10.0,8.0,late,2,2025-09-12,2025-09-25
PA_U000219_1,U000219,2025-08-06,2025-08-07T20:00:00,28,bundle,18.0,12.0,16.0,late,1,2025-07-25,2025-08-07
PA_U000219_2,U000219,2025-09-03,2025-09-15T08:00:00,28,bundle,17.0,11.0,12.0,late,12,2025-09-02,2025-09-15
PA_U000220_1,U000220,2025-09-22,2025-09-24T19:00:00,28,bundle,9.0,11.0,3.0,late,2,2025-09-11,2025-09-24
PA_U000220_2,U000220,2025-10-20,2025-10-21T11:00:00,28,bundle,8.0,15.0,0.0,late,1,2025-10-08,2025-10-21
PA_U000221_1,U000221,2025-07-11,2025-07-13T15:00:00,28,bundle,13.0,3.0,12.0,late,2,2025-06-30,2025-07-13
PA_U000221_2,U000221,2025-08-08,2025-08-08T13:00:00,28,bundle,10.0,9.0,15.0,completed,0,2025-07-26,2025-08-08
PA_U000222_1,U000222,2025-09-16,,28,bundle,,,,missed,26,2025-09-03,2025-09-16
PA_U000222_2,U000222,2025-10-14,2025-10-21T09:00:00,28,bundle,2.0,17.0,0.0,late,7,2025-10-08,2025-10-21
PA_U000223_1,U000223,2025-09-02,,28,bundle,,,,missed,20,2025-08-20,2025-09-02
PA_U000223_2,U000223,2025-09-30,2025-10-02T14:00:00,28,bundle,15.0,13.0,9.0,late,2,2025-09-19,2025-10-02
PA_U000224_1,U000224,2025-07-04,,28,bundle,,,,missed,8,2025-06-21,2025-07-04
PA_U000224_2,U000224,2025-08-01,2025-08-02T13:00:00,28,bundle,8.0,10.0,9.0,late,1,2025-07-20,2025-08-02
PA_U000225_1,U000225,2025-08-25,2025-08-25T08:00:00,28,bundle,12.0,11.0,17.0,completed,0,2025-08-12,2025-08-25
PA_U000225_2,U000225,2025-09-22,2025-09-22T15:00:00,28,bundle,12.0,14.0,17.0,completed,0,2025-09-09,2025-09-22
PA_U000226_1,U000226,2025-08-18,2025-08-18T09:00:00,28,bundle,15.0,12.0,12.0,completed,0,2025-08-05,2025-08-18
PA_U000226_2,U000226,2025-09-15,,28,bundle,,,,missed,24,2025-09-02,2025-09-15
PA_U000227_1,U000227,2025-09-03,2025-09-14T19:00:00,28,bundle,11.0,21.0,14.0,late,11,2025-09-01,2025-09-14
PA_U000227_2,U000227,2025-10-01,,28,bundle,,,,missed,21,2025-09-18,2025-10-01
PA_U000228_1,U000228,2025-07-15,,28,bundle,,,,missed,27,2025-07-02,2025-07-15
PA_U000228_2,U000228,2025-08-12,,28,bundle,,,,missed,24,2025-07-30,2025-08-12
PA_U000229_1,U000229,2025-07-08,2025-07-08T09:00:00,28,bundle,9.0,11.0,13.0,completed,0,2025-06-25,2025-07-08
PA_U000229_2,U000229,2025-08-05,,28,bundle,,,,missed,7,2025-07-23,2025-08-05
PA_U000230_1,U000230,2025-07-23,,28,bundle,,,,missed,26,2025-07-10,2025-07-23
PA_U000230_2,U000230,2025-08-20,2025-08-22T14:00:00,28,bundle,13.0,12.0,18.0,late,2,2025-08-09,2025-08-22
PA_U000231_1,U000231,2025-08-02,2025-08-03T08:00:00,28,bundle,11.0,3.0,20.0,late,1,2025-07-21,2025-08-03
PA_U000231_2,U000231,2025-08-30,,28,bundle,,,,missed,15,2025-08-17,2025-08-30
PA_U000232_1,U000232,2025-07-26,2025-07-26T12:00:00,28,bundle,10.0,11.0,13.0,completed,0,2025-07-13,2025-07-26
PA_U000232_2,U000232,2025-08-23,2025-08-30T11:00:00,28,bundle,10.0,11.0,10.0,late,7,2025-08-17,2025-08-30
PA_U000233_1,U000233,2025-07-25,,28,bundle,,,,missed,22,2025-07-12,2025-07-25
PA_U000233_2,U000233,2025-08-22,2025-09-04T15:00:00,28,bundle,6.0,13.0,9.0,late,13,2025-08-22,2025-09-04
PA_U000234_1,U000234,2025-07-28,,28,bundle,,,,missed,28,2025-07-15,2025-07-28
PA_U000234_2,U000234,2025-08-25,,28,bundle,,,,missed,19,2025-08-12,2025-08-25
PA_U000235_1,U000235,2025-07-24,2025-07-29T10:00:00,28,bundle,4.0,11.0,3.0,late,5,2025-07-16,2025-07-29
PA_U000235_2,U000235,2025-08-21,,28,bundle,,,,missed,20,2025-08-08,2025-08-21
PA_U000236_1,U000236,2025-08-16,2025-08-20T21:00:00,28,bundle,15.0,10.0,9.0,late,4,2025-08-07,2025-08-20
PA_U000236_2,U000236,2025-09-13,2025-09-26T17:00:00,28,bundle,11.0,12.0,6.0,late,13,2025-09-13,2025-09-26
PA_U000237_1,U000237,2025-08-23,2025-08-30T10:00:00,28,bundle,14.0,0.0,19.0,late,7,2025-08-17,2025-08-30
PA_U000237_2,U000237,2025-09-20,2025-09-26T08:00:00,28,bundle,23.0,0.0,19.0,late,6,2025-09-13,2025-09-26
PA_U000238_1,U000238,2025-08-30,2025-09-13T11:00:00,28,bundle,11.0,12.0,17.0,late,14,2025-08-31,2025-09-13
PA_U000238_2,U000238,2025-09-27,,28,bundle,,,,missed,25,2025-09-14,2025-09-27
PA_U000239_1,U000239,2025-08-19,2025-08-22T14:00:00,28,bundle,18.0,11.0,16.0,late,3,2025-08-09,2025-08-22
PA_U000239_2,U000239,2025-09-16,2025-09-16T17:00:00,28,bundle,17.0,12.0,16.0,completed,0,2025-09-03,2025-09-16
PA_U000240_1,U000240,2025-08-23,,28,bundle,,,,missed,10,2025-08-10,2025-08-23
PA_U000240_2,U000240,2025-09-20,,28,bundle,,,,missed,10,2025-09-07,2025-09-20
PA_U000241_1,U000241,2025-07-21,2025-08-03T17:00:00,28,bundle,12.0,8.0,19.0,late,13,2025-07-21,2025-08-03
PA_U000241_2,U000241,2025-08-18,2025-08-18T21:00:00,28,bundle,21.0,5.0,16.0,completed,0,2025-08-05,2025-08-18
PA_U000242_1,U000242,2025-09-18,2025-09-25T13:00:00,28,bundle,11.0,8.0,7.0,late,7,2025-09-12,2025-09-25
PA_U000242_2,U000242,2025-10-16,2025-10-16T10:00:00,28,bundle,13.0,7.0,11.0,completed,0,2025-10-03,2025-10-16
PA_U000243_1,U000243,2025-08-17,2025-08-17T10:00:00,28,bundle,10.0,4.0,8.0,completed,0,2025-08-04,2025-08-17
PA_U000243_2,U000243,2025-09-14,2025-09-25T21:00:00,28,bundle,10.0,6.0,8.0,late,11,2025-09-12,2025-09-25
PA_U000244_1,U000244,2025-08-10,2025-08-21T08:00:00,28,bundle,10.0,7.0,17.0,late,11,2025-08-08,2025-08-21
PA_U000244_2,U000244,2025-09-07,2025-09-09T13:00:00,28,bundle,7.0,5.0,9.0,late,2,2025-08-27,2025-09-09
PA_U000245_1,U000245,2025-07-02,2025-07-04T21:00:00,28,bundle,9.0,19.0,4.0,late,2,2025-06-21,2025-07-04
PA_U000245_2,U000245,2025-07-30,,28,bundle,,,,missed,9,2025-07-17,2025-07-30
PA_U000246_1,U000246,2025-08-28,,28,bundle,,,,missed,16,2025-08-15,2025-08-28
PA_U000246_2,U000246,2025-09-25,2025-09-26T16:00:00,28,bundle,14.0,11.0,17.0,late,1,2025-09-13,2025-09-26
PA_U000247_1,U000247,2025-08-24,2025-08-26T18:00:00,28,bundle,6.0,6.0,19.0,late,2,2025-08-13,2025-08-26
PA_U000247_2,U000247,2025-09-21,2025-09-21T12:00:00,28,bundle,3.0,9.0,19.0,completed,0,2025-09-08,2025-09-21
PA_U000248_1,U000248,2025-07-13,2025-07-23T19:00:00,28,bundle,15.0,21.0,28.0,late,10,2025-07-10,2025-07-23
PA_U000248_2,U000248,2025-08-10,,28,bundle,,,,missed,12,2025-07-28,2025-08-10
PA_U000249_1,U000249,2025-09-17,2025-09-17T17:00:00,28,bundle,9.0,10.0,16.0,completed,0,2025-09-04,2025-09-17
PA_U000249_2,U000249,2025-10-15,2025-10-15T17:00:00,28,bundle,9.0,9.0,13.0,completed,0,2025-10-02,2025-10-15
PA_U000250_1,U000250,2025-08-02,2025-08-03T20:00:00,28,bundle,11.0,21.0,7.0,late,1,2025-07-21,2025-08-03
PA_U000250_2,U000250,2025-08-30,2025-08-31T20:00:00,28,bundle,17.0,21.0,8.0,late,1,2025-08-18,2025-08-31
PA_U000251_1,U000251,2025-07-05,2025-07-05T09:00:00,28,bundle,0.0,6.0,11.0,completed,0,2025-06-22,2025-07-05
PA_U000251_2,U000251,2025-08-02,,28,bundle,,,,missed,23,2025-07-20,2025-08-02
PA_U000252_1,U000252,2025-07-07,2025-07-07T11:00:00,28,bundle,8.0,7.0,17.0,completed,0,2025-06-24,2025-07-07
PA_U000252_2,U000252,2025-08-04,2025-08-16T21:00:00,28,bundle,9.0,3.0,13.0,late,12,2025-08-03,2025-08-16
PA_U000253_1,U000253,2025-09-28,,28,bundle,,,,missed,15,2025-09-15,2025-09-28
PA_U000253_2,U000253,2025-10-26,2025-10-26T14:00:00,28,bundle,26.0,11.0,25.0,completed,0,2025-10-13,2025-10-26
PA_U000254_1,U000254,2025-08-11,2025-08-11T14:00:00,28,bundle,11.0,13.0,11.0,completed,0,2025-07-29,2025-08-11
PA_U000254_2,U000254,2025-09-08,2025-09-16T11:00:00,28,bundle,10.0,16.0,12.0,late,8,2025-09-03,2025-09-16
PA_U000255_1,U000255,2025-07-26,2025-07-27T17:00:00,28,bundle,11.0,13.0,20.0,late,1,2025-07-14,2025-07-27
PA_U000255_2,U000255,2025-08-23,2025-08-26T16:00:00,28,bundle,14.0,15.0,19.0,late,3,2025-08-13,2025-08-26
PA_U000256_1,U000256,2025-07-09,,28,bundle,,,,missed,12,2025-06-26,2025-07-09
PA_U000256_2,U000256,2025-08-06,2025-08-06T08:00:00,28,bundle,7.0,14.0,17.0,completed,0,2025-07-24,2025-08-06
PA_U000257_1,U000257,2025-08-01,2025-08-01T13:00:00,28,bundle,23.0,13.0,18.0,completed,0,2025-07-19,2025-08-01
PA_U000257_2,U000257,2025-08-29,,28,bundle,,,,missed,21,2025-08-16,2025-08-29
PA_U000258_1,U000258,2025-08-12,2025-08-19T08:00:00,28,bundle,5.0,15.0,0.0,late,7,2025-08-06,2025-08-19
PA_U000258_2,U000258,2025-09-09,,28,bundle,,,,missed,7,2025-08-27,2025-09-09
PA_U000259_1,U000259,2025-07-08,2025-07-10T19:00:00,28,bundle,21.0,21.0,16.0,late,2,2025-06-27,2025-07-10
PA_U000259_2,U000259,2025-08-05,,28,bundle,,,,missed,25,2025-07-23,2025-08-05
PA_U000260_1,U000260,2025-08-15,,28,bundle,,,,missed,10,2025-08-02,2025-08-15
PA_U000260_2,U000260,2025-09-12,,28,bundle,,,,missed,21,2025-08-30,2025-09-12
PA_U000261_1,U000261,2025-08-10,,28,bundle,,,,missed,19,2025-07-28,2025-08-10
PA_U000261_2,U000261,2025-09-07,2025-09-18T09:00:00,28,bundle,14.0,10.0,12.0,late,11,2025-09-05,2025-09-18
PA_U000262_1,U000262,2025-07-15,2025-07-15T19:00:00,28,bundle,19.0,3.0,21.0,completed,0,2025-07-02,2025-07-15
PA_U000262_2,U000262,2025-08-12,,28,bundle,,,,missed,9,2025-07-30,2025-08-12
PA_U000263_1,U000263,2025-07-23,2025-07-23T15:00:00,28,bundle,6.0,5.0,4.0,completed,0,2025-07-10,2025-07-23
PA_U000263_2,U000263,2025-08-20,,28,bundle,,,,missed,19,2025-08-07,2025-08-20
PA_U000264_1,U000264,2025-08-25,2025-08-25T11:00:00,28,bundle,22.0,3.0,13.0,completed,0,2025-08-12,2025-08-25
PA_U000264_2,U000264,2025-09-22,2025-09-24T15:00:00,28,bundle,26.0,4.0,13.0,late,2,2025-09-11,2025-09-24
PA_U000265_1,U000265,2025-07-15,,28,bundle,,,,missed,24,2025-07-02,2025-07-15
PA_U000265_2,U000265,2025-08-12,2025-08-13T11:00:00,28,bundle,17.0,13.0,21.0,late,1,2025-07-31,2025-08-13
PA_U000266_1,U000266,2025-07-08,2025-07-10T21:00:00,28,bundle,21.0,8.0,5.0,late,2,2025-06-27,2025-07-10
PA_U000266_2,U000266,2025-08-05,2025-08-05T17:00:00,28,bundle,20.0,12.0,9.0,completed,0,2025-07-23,2025-08-05
PA_U000267_1,U000267,2025-07-25,,28,bundle,,,,missed,22,2025-07-12,2025-07-25
PA_U000267_2,U000267,2025-08-22,,28,bundle,,,,missed,25,2025-08-09,2025-08-22
PA_U000268_1,U000268,2025-08-03,2025-08-03T20:00:00,28,bundle,2.0,5.0,14.0,completed,0,2025-07-21,2025-08-03
PA_U000268_2,U000268,2025-08-31,,28,bundle,,,,missed,10,2025-08-18,2025-08-31
PA_U000269_1,U000269,2025-09-22,2025-09-24T13:00:00,28,bundle,21.0,20.0,18.0,late,2,2025-09-11,2025-09-24
PA_U000269_2,U000269,2025-10-20,,28,bundle,,,,missed,14,2025-10-07,2025-10-20
PA_U000270_1,U000270,2025-07-27,2025-08-03T19:00:00,28,bundle,7.0,18.0,6.0,late,7,2025-07-21,2025-08-03
PA_U000270_2,U000270,2025-08-24,2025-09-05T17:00:00,28,bundle,9.0,19.0,8.0,late,12,2025-08-23,2025-09-05
PA_U000271_1,U000271,2025-07-03,2025-07-05T21:00:00,28,bundle,12.0,6.0,6.0,late,2,2025-06-22,2025-07-05
PA_U000271_2,U000271,2025-07-31,2025-08-07T12:00:00,28,bundle,12.0,9.0,10.0,late,7,2025-07-25,2025-08-07
PA_U000272_1,U000272,2025-07-10,2025-07-11T21:00:00,28,bundle,14.0,13.0,9.0,late,1,2025-06-28,2025-07-11
PA_U000272_2,U000272,2025-08-07,2025-08-08T16:00:00,28,bundle,13.0,15.0,9.0,late,1,2025-07-26,2025-08-08
PA_U000273_1,U000273,2025-07-29,2025-08-09T18:00:00,28,bundle,3.0,1.0,12.0,late,11,2025-07-27,2025-08-09
PA_U000273_2,U000273,2025-08-26,,28,bundle,,,,missed,26,2025-08-13,2025-08-26
PA_U000274_1,U000274,2025-09-02,2025-09-04T21:00:00,28,bundle,14.0,16.0,7.0,late,2,2025-08-22,2025-09-04
PA_U000274_2,U000274,2025-09-30,2025-10-02T18:00:00,28,bundle,12.0,17.0,9.0,late,2,2025-09-19,2025-10-02
PA_U000275_1,U000275,2025-09-11,2025-09-11T20:00:00,28,bundle,15.0,6.0,9.0,completed,0,2025-08-29,2025-09-11
PA_U000275_2,U000275,2025-10-09,2025-10-10T11:00:00,28,bundle,14.0,7.0,13.0,late,1,2025-09-27,2025-10-10
PA_U000276_1,U000276,2025-08-05,2025-08-11T11:00:00,28,bundle,4.0,15.0,15.0,late,6,2025-07-29,2025-08-11
PA_U000276_2,U000276,2025-09-02,2025-09-02T15:00:00,28,bundle,0.0,17.0,22.0,completed,0,2025-08-20,2025-09-02
PA_U000277_1,U000277,2025-07-22,2025-07-31T15:00:00,28,bundle,16.0,10.0,8.0,late,9,2025-07-18,2025-07-31
PA_U000277_2,U000277,2025-08-19,2025-08-19T20:00:00,28,bundle,18.0,9.0,11.0,completed,0,2025-08-06,2025-08-19
PA_U000278_1,U000278,2025-08-27,2025-09-03T20:00:00,28,bundle,12.0,8.0,13.0,late,7,2025-08-21,2025-09-03
PA_U000278_2,U000278,2025-09-24,2025-09-26T21:00:00,28,bundle,13.0,9.0,13.0,late,2,2025-09-13,2025-09-26
PA_U000279_1,U000279,2025-07-17,2025-07-23T11:00:00,28,bundle,15.0,0.0,10.0,late,6,2025-07-10,2025-07-23
PA_U000279_2,U000279,2025-08-14,,28,bundle,,,,missed,9,2025-08-01,2025-08-14
PA_U000280_1,U000280,2025-08-09,2025-08-10T19:00:00,28,bundle,17.0,10.0,8.0,late,1,2025-07-28,2025-08-10
PA_U000280_2,U000280,2025-09-06,,28,bundle,,,,missed,10,2025-08-24,2025-09-06
PA_U000281_1,U000281,2025-09-26,2025-09-27T12:00:00,28,bundle,6.0,7.0,12.0,late,1,2025-09-14,2025-09-27
PA_U000281_2,U000281,2025-10-24,2025-10-26T14:00:00,28,bundle,6.0,3.0,7.0,late,2,2025-10-13,2025-10-26
PA_U000282_1,U000282,2025-09-26,2025-09-26T10:00:00,28,bundle,10.0,8.0,10.0,completed,0,2025-09-13,2025-09-26
PA_U000282_2,U000282,2025-10-24,,28,bundle,,,,missed,11,2025-10-11,2025-10-24
PA_U000283_1,U000283,2025-08-20,2025-08-26T18:00:00,28,bundle,11.0,16.0,10.0,late,6,2025-08-13,2025-08-26
PA_U000283_2,U000283,2025-09-17,2025-09-20T15:00:00,28,bundle,9.0,16.0,11.0,late,3,2025-09-07,2025-09-20
PA_U000284_1,U000284,2025-09-19,,28,bundle,,,,missed,22,2025-09-06,2025-09-19
PA_U000284_2,U000284,2025-10-17,2025-10-20T13:00:00,28,bundle,24.0,21.0,20.0,late,3,2025-10-07,2025-10-20
PA_U000285_1,U000285,2025-07-24,2025-07-27T20:00:00,28,bundle,7.0,13.0,14.0,late,3,2025-07-14,2025-07-27
PA_U000285_2,U000285,2025-08-21,,28,bundle,,,,missed,9,2025-08-08,2025-08-21
PA_U000286_1,U000286,2025-07-17,2025-07-18T15:00:00,28,bundle,7.0,6.0,16.0,late,1,2025-07-05,2025-07-18
PA_U000286_2,U000286,2025-08-14,,28,bundle,,,,missed,26,2025-08-01,2025-08-14
PA_U000287_1,U000287,2025-08-19,2025-08-23T12:00:00,28,bundle,14.0,10.0,13.0,late,4,2025-08-10,2025-08-23
PA_U000287_2,U000287,2025-09-16,2025-09-16T14:00:00,28,bundle,16.0,10.0,15.0,completed,0,2025-09-03,2025-09-16
PA_U000288_1,U000288,2025-08-22,,28,bundle,,,,missed,27,2025-08-09,2025-08-22
PA_U000288_2,U000288,2025-09-19,2025-09-21T21:00:00,28,bundle,13.0,10.0,22.0,late,2,2025-09-08,2025-09-21
PA_U000289_1,U000289,2025-09-23,,28,bundle,,,,missed,28,2025-09-10,2025-09-23
PA_U000289_2,U000289,2025-10-21,,28,bundle,,,,missed,19,2025-10-08,2025-10-21
PA_U000290_1,U000290,2025-07-29,2025-07-30T12:00:00,28,bundle,12.0,6.0,5.0,late,1,2025-07-17,2025-07-30
PA_U000290_2,U000290,2025-08-26,,28,bundle,,,,missed,28,2025-08-13,2025-08-26
PA_U000291_1,U000291,2025-07-20,2025-08-03T08:00:00,28,bundle,17.0,13.0,25.0,late,14,2025-07-21,2025-08-03
PA_U000291_2,U000291,2025-08-17,2025-08-31T09:00:00,28,bundle,17.0,13.0,22.0,late,14,2025-08-18,2025-08-31
PA_U000292_1,U000292,2025-07-08,2025-07-20T13:00:00,28,bundle,8.0,17.0,17.0,late,12,2025-07-07,2025-07-20
PA_U000292_2,U000292,2025-08-05,2025-08-06T11:00:00,28,bundle,5.0,19.0,15.0,late,1,2025-07-24,2025-08-06
PA_U000293_1,U000293,2025-08-01,,28,bundle,,,,missed,9,2025-07-19,2025-08-01
PA_U000293_2,U000293,2025-08-29,,28,bundle,,,,missed,14,2025-08-16,2025-08-29
PA_U000294_1,U000294,2025-09-18,2025-09-20T10:00:00,28,bundle,15.0,14.0,16.0,late,2,2025-09-07,2025-09-20
PA_U000294_2,U000294,2025-10-16,2025-10-16T18:00:00,28,bundle,5.0,9.0,17.0,completed,0,2025-10-03,2025-10-16
PA_U000295_1,U000295,2025-08-07,2025-08-16T17:00:00,28,bundle,16.0,7.0,2.0,late,9,2025-08-03,2025-08-16
PA_U000295_2,U000295,2025-09-04,2025-09-04T15:00:00,28,bundle,16.0,8.0,2.0,completed,0,2025-08-22,2025-09-04
PA_U000296_1,U000296,2025-07-07,2025-07-07T09:00:00,28,bundle,7.0,13.0,7.0,completed,0,2025-06-24,2025-07-07
PA_U000296_2,U000296,2025-08-04,2025-08-04T12:00:00,28,bundle,6.0,12.0,13.0,completed,0,2025-07-22,2025-08-04
PA_U000297_1,U000297,2025-07-11,2025-07-14T13:00:00,28,bundle,14.0,20.0,16.0,late,3,2025-07-01,2025-07-14
PA_U000297_2,U000297,2025-08-08,,28,bundle,,,,missed,20,2025-07-26,2025-08-08
PA_U000298_1,U000298,2025-08-27,,28,bundle,,,,missed,21,2025-08-14,2025-08-27
PA_U000298_2,U000298,2025-09-24,2025-09-25T20:00:00,28,bundle,8.0,13.0,6.0,late,1,2025-09-12,2025-09-25
PA_U000299_1,U000299,2025-07-10,2025-07-17T08:00:00,28,bundle,10.0,17.0,12.0,late,7,2025-07-04,2025-07-17
PA_U000299_2,U000299,2025-08-07,,28,bundle,,,,missed,26,2025-07-25,2025-08-07
PA_U000300_1,U000300,2025-08-23,2025-08-23T15:00:00,28,bundle,12.0,16.0,16.0,completed,0,2025-08-10,2025-08-23
PA_U000300_2,U000300,2025-09-20,2025-09-20T09:00:00,28,bundle,12.0,19.0,16.0,completed,0,2025-09-07,2025-09-20
PA_U000301_1,U000301,2025-08-09,2025-08-22T21:00:00,28,bundle,6.0,6.0,28.0,late,13,2025-08-09,2025-08-22
PA_U000301_2,U000301,2025-09-06,2025-09-06T09:00:00,28,bundle,9.0,11.0,26.0,completed,0,2025-08-24,2025-09-06
PA_U000302_1,U000302,2025-09-27,2025-09-27T11:00:00,28,bundle,18.0,11.0,8.0,completed,0,2025-09-14,2025-09-27
PA_U000302_2,U000302,2025-10-25,2025-10-27T16:00:00,28,bundle,14.0,7.0,7.0,late,2,2025-10-14,2025-10-27
PA_U000303_1,U000303,2025-08-17,2025-08-17T13:00:00,28,bundle,4.0,9.0,4.0,completed,0,2025-08-04,2025-08-17
PA_U000303_2,U000303,2025-09-14,2025-09-16T13:00:00,28,bundle,0.0,6.0,9.0,late,2,2025-09-03,2025-09-16
PA_U000304_1,U000304,2025-07-14,,28,bundle,,,,missed,26,2025-07-01,2025-07-14
PA_U000304_2,U000304,2025-08-11,,28,bundle,,,,missed,26,2025-07-29,2025-08-11
PA_U000305_1,U000305,2025-08-06,2025-08-07T12:00:00,28,bundle,10.0,9.0,9.0,late,1,2025-07-25,2025-08-07
PA_U000305_2,U000305,2025-09-03,2025-09-05T17:00:00,28,bundle,13.0,8.0,8.0,late,2,2025-08-23,2025-09-05
PA_U000306_1,U000306,2025-07-08,2025-07-10T19:00:00,28,bundle,10.0,9.0,12.0,late,2,2025-06-27,2025-07-10
PA_U000306_2,U000306,2025-08-05,,28,bundle,,,,missed,11,2025-07-23,2025-08-05
PA_U000307_1,U000307,2025-08-21,,28,bundle,,,,missed,20,2025-08-08,2025-08-21
PA_U000307_2,U000307,2025-09-18,2025-09-20T14:00:00,28,bundle,23.0,15.0,22.0,late,2,2025-09-07,2025-09-20
PA_U000308_1,U000308,2025-07-19,,28,bundle,,,,missed,20,2025-07-06,2025-07-19
PA_U000308_2,U000308,2025-08-16,2025-08-18T11:00:00,28,bundle,5.0,7.0,19.0,late,2,2025-08-05,2025-08-18
PA_U000309_1,U000309,2025-08-19,2025-08-26T18:00:00,28,bundle,11.0,20.0,15.0,late,7,2025-08-13,2025-08-26
PA_U000309_2,U000309,2025-09-16,,28,bundle,,,,missed,7,2025-09-03,2025-09-16
PA_U000310_1,U000310,2025-08-21,,28,bundle,,,,missed,28,2025-08-08,2025-08-21
PA_U000310_2,U000310,2025-09-18,,28,bundle,,,,missed,11,2025-09-05,2025-09-18
PA_U000311_1,U000311,2025-08-19,,28,bundle,,,,missed,21,2025-08-06,2025-08-19
PA_U000311_2,U000311,2025-09-16,,28,bundle,,,,missed,20,2025-09-03,2025-09-16
PA_U000312_1,U000312,2025-09-12,2025-09-12T17:00:00,28,bundle,18.0,6.0,10.0,completed,0,2025-08-30,2025-09-12
PA_U000312_2,U000312,2025-10-10,2025-10-12T14:00:00,28,bundle,21.0,11.0,9.0,late,2,2025-09-29,2025-10-12
PA_U000313_1,U000313,2025-07-11,2025-07-13T11:00:00,28,bundle,17.0,15.0,15.0,late,2,2025-06-30,2025-07-13
PA_U000313_2,U000313,2025-08-08,,28,bundle,,,,missed,7,2025-07-26,2025-08-08
PA_U000314_1,U000314,2025-09-27,2025-10-10T15:00:00,28,bundle,18.0,11.0,13.0,late,13,2025-09-27,2025-10-10
PA_U000314_2,U000314,2025-10-25,,28,bundle,,,,missed,19,2025-10-12,2025-10-25
PA_U000315_1,U000315,2025-09-22,2025-09-24T17:00:00,28,bundle,15.0,4.0,5.0,late,2,2025-09-11,2025-09-24
PA_U000315_2,U000315,2025-10-20,2025-10-20T21:00:00,28,bundle,11.0,5.0,2.0,completed,0,2025-10-07,2025-10-20
PA_U000316_1,U000316,2025-08-26,2025-08-28T18:00:00,28,bundle,15.0,12.0,10.0,late,2,2025-08-15,2025-08-28
PA_U000316_2,U000316,2025-09-23,2025-09-23T18:00:00,28,bundle,14.0,18.0,18.0,completed,0,2025-09-10,2025-09-23
PA_U000317_1,U000317,2025-09-26,2025-09-26T09:00:00,28,bundle,23.0,21.0,26.0,completed,0,2025-09-13,2025-09-26
PA_U000317_2,U000317,2025-10-24,2025-10-25T18:00:00,28,bundle,24.0,19.0,23.0,late,1,2025-10-12,2025-10-25
PA_U000318_1,U000318,2025-08-10,2025-08-10T12:00:00,28,bundle,10.0,13.0,11.0,completed,0,2025-07-28,2025-08-10
PA_U000318_2,U000318,2025-09-07,2025-09-08T11:00:00,28,bundle,2.0,11.0,5.0,late,1,2025-08-26,2025-09-08
PA_U000319_1,U000319,2025-09-26,2025-09-27T21:00:00,28,bundle,16.0,18.0,19.0,late,1,2025-09-14,2025-09-27
PA_U000319_2,U000319,2025-10-24,2025-10-26T13:00:00,28,bundle,16.0,16.0,23.0,late,2,2025-10-13,2025-10-26
PA_U000320_1,U000320,2025-07-07,2025-07-08T21:00:00,28,bundle,12.0,10.0,11.0,late,1,2025-06-25,2025-07-08
PA_U000320_2,U000320,2025-08-04,2025-08-05T09:00:00,28,bundle,10.0,7.0,5.0,late,1,2025-07-23,2025-08-05
PA_U000321_1,U000321,2025-09-20,,28,bundle,,,,missed,17,2025-09-07,2025-09-20
PA_U000321_2,U000321,2025-10-18,2025-10-22T13:00:00,28,bundle,7.0,5.0,15.0,late,4,2025-10-09,2025-10-22
PA_U000322_1,U000322,2025-09-22,2025-09-22T10:00:00,28,bundle,8.0,7.0,9.0,completed,0,2025-09-09,2025-09-22
PA_U000322_2,U000322,2025-10-20,2025-10-21T14:00:00,28,bundle,5.0,12.0,10.0,late,1,2025-10-08,2025-10-21
PA_U000323_1,U000323,2025-09-22,,28,bundle,,,,missed,26,2025-09-09,2025-09-22
PA_U000323_2,U000323,2025-10-20,2025-10-21T20:00:00,28,bundle,26.0,6.0,17.0,late,1,2025-10-08,2025-10-21
PA_U000324_1,U000324,2025-07-24,2025-08-05T21:00:00,28,bundle,14.0,0.0,9.0,late,12,2025-07-23,2025-08-05
PA_U000324_2,U000324,2025-08-21,2025-08-22T10:00:00,28,bundle,16.0,0.0,5.0,late,1,2025-08-09,2025-08-22
PA_U000325_1,U000325,2025-09-13,2025-09-15T16:00:00,28,bundle,10.0,7.0,5.0,late,2,2025-09-02,2025-09-15
PA_U000325_2,U000325,2025-10-11,,28,bundle,,,,missed,10,2025-09-28,2025-10-11
PA_U000326_1,U000326,2025-07-30,2025-07-30T14:00:00,28,bundle,14.0,8.0,19.0,completed,0,2025-07-17,2025-07-30
PA_U000326_2,U000326,2025-08-27,,28,bundle,,,,missed,8,2025-08-14,2025-08-27
PA_U000327_1,U000327,2025-09-24,,28,bundle,,,,missed,14,2025-09-11,2025-09-24
PA_U000327_2,U000327,2025-10-22,,28,bundle,,,,missed,21,2025-10-09,2025-10-22
PA_U000328_1,U000328,2025-09-09,2025-09-11T21:00:00,28,bundle,20.0,19.0,12.0,late,2,2025-08-29,2025-09-11
PA_U000328_2,U000328,2025-10-07,2025-10-07T21:00:00,28,bundle,15.0,17.0,12.0,completed,0,2025-09-24,2025-10-07
PA_U000329_1,U000329,2025-09-24,2025-09-27T16:00:00,28,bundle,1.0,15.0,11.0,late,3,2025-09-14,2025-09-27
PA_U000329_2,U000329,2025-10-22,2025-10-24T20:00:00,28,bundle,8.0,9.0,9.0,late,2,2025-10-11,2025-10-24
PA_U000330_1,U000330,2025-09-03,,28,bundle,,,,missed,14,2025-08-21,2025-09-03
PA_U000330_2,U000330,2025-10-01,2025-10-02T11:00:00,28,bundle,0.0,12.0,12.0,late,1,2025-09-19,2025-10-02
PA_U000331_1,U000331,2025-08-06,2025-08-07T21:00:00,28,bundle,10.0,11.0,21.0,late,1,2025-07-25,2025-08-07
PA_U000331_2,U000331,2025-09-03,2025-09-04T17:00:00,28,bundle,13.0,12.0,26.0,late,1,2025-08-22,2025-09-04
PA_U000332_1,U000332,2025-07-05,2025-07-17T20:00:00,28,bundle,13.0,19.0,14.0,late,12,2025-07-04,2025-07-17
PA_U000332_2,U000332,2025-08-02,2025-08-04T08:00:00,28,bundle,16.0,13.0,16.0,late,2,2025-07-22,2025-08-04
PA_U000333_1,U000333,2025-08-23,2025-09-05T15:00:00,28,bundle,3.0,14.0,18.0,late,13,2025-08-23,2025-09-05
PA_U000333_2,U000333,2025-09-20,,28,bundle,,,,missed,18,2025-09-07,2025-09-20
PA_U000334_1,U000334,2025-08-15,,28,bundle,,,,missed,14,2025-08-02,2025-08-15
PA_U000334_2,U000334,2025-09-12,2025-09-14T14:00:00,28,bundle,7.0,6.0,8.0,late,2,2025-09-01,2025-09-14
PA_U000335_1,U000335,2025-08-15,2025-08-15T16:00:00,28,bundle,13.0,8.0,14.0,completed,0,2025-08-02,2025-08-15
PA_U000335_2,U000335,2025-09-12,2025-09-13T11:00:00,28,bundle,9.0,6.0,11.0,late,1,2025-08-31,2025-09-13
PA_U000336_1,U000336,2025-07-09,,28,bundle,,,,missed,24,2025-06-26,2025-07-09
PA_U000336_2,U000336,2025-08-06,,28,bundle,,,,missed,11,2025-07-24,2025-08-06
PA_U000337_1,U000337,2025-09-23,2025-09-25T10:00:00,28,bundle,14.0,11.0,18.0,late,2,2025-09-12,2025-09-25
PA_U000337_2,U000337,2025-10-21,2025-10-23T10:00:00,28,bundle,8.0,9.0,17.0,late,2,2025-10-10,2025-10-23
PA_U000338_1,U000338,2025-09-05,,28,bundle,,,,missed,25,2025-08-23,2025-09-05
PA_U000338_2,U000338,2025-10-03,,28,bundle,,,,missed,27,2025-09-20,2025-10-03
PA_U000339_1,U000339,2025-07-02,,28,bundle,,,,missed,13,2025-06-19,2025-07-02
PA_U000339_2,U000339,2025-07-30,2025-08-07T16:00:00,28,bundle,9.0,9.0,16.0,late,8,2025-07-25,2025-08-07
PA_U000340_1,U000340,2025-07-11,,28,bundle,,,,missed,12,2025-06-28,2025-07-11
PA_U000340_2,U000340,2025-08-08,2025-08-09T17:00:00,28,bundle,11.0,7.0,17.0,late,1,2025-07-27,2025-08-09
PA_U000341_1,U000341,2025-06-30,2025-07-01T18:00:00,28,bundle,8.0,7.0,5.0,late,1,2025-06-18,2025-07-01
PA_U000341_2,U000341,2025-07-28,,28,bundle,,,,missed,7,2025-07-15,2025-07-28
PA_U000342_1,U000342,2025-07-10,,28,bundle,,,,missed,11,2025-06-27,2025-07-10
PA_U000342_2,U000342,2025-08-07,2025-08-14T08:00:00,28,bundle,4.0,9.0,11.0,late,7,2025-08-01,2025-08-14
PA_U000343_1,U000343,2025-08-06,,28,bundle,,,,missed,28,2025-07-24,2025-08-06
PA_U000343_2,U000343,2025-09-03,2025-09-04T08:00:00,28,bundle,5.0,15.0,19.0,late,1,2025-08-22,2025-09-04
PA_U000344_1,U000344,2025-08-04,,28,bundle,,,,missed,12,2025-07-22,2025-08-04
PA_U000344_2,U000344,2025-09-01,,28,bundle,,,,missed,7,2025-08-19,2025-09-01
PA_U000345_1,U000345,2025-09-18,2025-09-20T13:00:00,28,bundle,26.0,17.0,19.0,late,2,2025-09-07,2025-09-20
PA_U000345_2,U000345,2025-10-16,,28,bundle,,,,missed,11,2025-10-03,2025-10-16
PA_U000346_1,U000346,2025-07-14,2025-07-20T09:00:00,28,bundle,23.0,7.0,12.0,late,6,2025-07-07,2025-07-20
PA_U000346_2,U000346,2025-08-11,,28,bundle,,,,missed,25,2025-07-29,2025-08-11
PA_U000347_1,U000347,2025-09-19,2025-09-19T16:00:00,28,bundle,10.0,13.0,17.0,completed,0,2025-09-06,2025-09-19
PA_U000347_2,U000347,2025-10-17,,28,bundle,,,,missed,8,2025-10-04,2025-10-17
PA_U000348_1,U000348,2025-08-20,,28,bundle,,,,missed,24,2025-08-07,2025-08-20
PA_U000348_2,U000348,2025-09-17,2025-09-17T16:00:00,28,bundle,11.0,21.0,12.0,completed,0,2025-09-04,2025-09-17
PA_U000349_1,U000349,2025-08-16,2025-08-18T12:00:00,28,bundle,8.0,11.0,16.0,late,2,2025-08-05,2025-08-18
PA_U000349_2,U000349,2025-09-13,,28,bundle,,,,missed,10,2025-08-31,2025-09-13
PA_U000350_1,U000350,2025-09-11,,28,bundle,,,,missed,14,2025-08-29,2025-09-11
PA_U000350_2,U000350,2025-10-09,,28,bundle,,,,missed,15,2025-09-26,2025-10-09
PA_U000351_1,U000351,2025-08-14,2025-08-28T19:00:00,28,bundle,7.0,12.0,16.0,late,14,2025-08-15,2025-08-28
PA_U000351_2,U000351,2025-09-11,2025-09-12T20:00:00,28,bundle,11.0,10.0,16.0,late,1,2025-08-30,2025-09-12
PA_U000352_1,U000352,2025-06-30,2025-06-30T14:00:00,28,bundle,11.0,17.0,6.0,completed,0,2025-06-17,2025-06-30
PA_U000352_2,U000352,2025-07-28,2025-07-28T12:00:00,28,bundle,11.0,13.0,7.0,completed,0,2025-07-15,2025-07-28
PA_U000353_1,U000353,2025-09-07,2025-09-07T19:00:00,28,bundle,16.0,5.0,9.0,completed,0,2025-08-25,2025-09-07
PA_U000353_2,U000353,2025-10-05,2025-10-07T12:00:00,28,bundle,14.0,4.0,13.0,late,2,2025-09-24,2025-10-07
PA_U000354_1,U000354,2025-08-03,,28,bundle,,,,missed,9,2025-07-21,2025-08-03
PA_U000354_2,U000354,2025-08-31,,28,bundle,,,,missed,16,2025-08-18,2025-08-31
PA_U000355_1,U000355,2025-07-03,,28,bundle,,,,missed,21,2025-06-20,2025-07-03
PA_U000355_2,U000355,2025-07-31,2025-08-13T16:00:00,28,bundle,10.0,17.0,15.0,late,13,2025-07-31,2025-08-13
PA_U000356_1,U000356,2025-06-29,,28,bundle,,,,missed,10,2025-06-16,2025-06-29
PA_U000356_2,U000356,2025-07-27,,28,bundle,,,,missed,21,2025-07-14,2025-07-27
PA_U000357_1,U000357,2025-08-21,2025-09-03T18:00:00,28,bundle,8.0,11.0,10.0,late,13,2025-08-21,2025-09-03
PA_U000357_2,U000357,2025-09-18,,28,bundle,,,,missed,26,2025-09-05,2025-09-18
PA_U000358_1,U000358,2025-06-29,2025-06-30T12:00:00,28,bundle,5.0,9.0,19.0,late,1,2025-06-17,2025-06-30
PA_U000358_2,U000358,2025-07-27,2025-07-28T11:00:00,28,bundle,9.0,8.0,18.0,late,1,2025-07-15,2025-07-28
PA_U000359_1,U000359,2025-07-17,2025-07-19T13:00:00,28,bundle,6.0,14.0,9.0,late,2,2025-07-06,2025-07-19
PA_U000359_2,U000359,2025-08-14,2025-08-23T08:00:00,28,bundle,8.0,12.0,8.0,late,9,2025-08-10,2025-08-23
PA_U000360_1,U000360,2025-08-06,2025-08-10T12:00:00,28,bundle,14.0,9.0,15.0,late,4,2025-07-28,2025-08-10
PA_U000360_2,U000360,2025-09-03,,28,bundle,,,,missed,23,2025-08-21,2025-09-03
PA_U000361_1,U000361,2025-07-21,2025-07-21T21:00:00,28,bundle,14.0,9.0,6.0,completed,0,2025-07-08,2025-07-21
PA_U000361_2,U000361,2025-08-18,2025-08-31T17:00:00,28,bundle,8.0,7.0,1.0,late,13,2025-08-18,2025-08-31
PA_U000362_1,U000362,2025-08-03,,28,bundle,,,,missed,12,2025-07-21,2025-08-03
PA_U000362_2,U000362,2025-08-31,,28,bundle,,,,missed,23,2025-08-18,2025-08-31
PA_U000363_1,U000363,2025-09-25,,28,bundle,,,,missed,16,2025-09-12,2025-09-25
PA_U000363_2,U000363,2025-10-23,2025-10-23T16:00:00,28,bundle,3.0,9.0,10.0,completed,0,2025-10-10,2025-10-23
PA_U000364_1,U000364,2025-07-11,,28,bundle,,,,missed,28,2025-06-28,2025-07-11
PA_U000364_2,U000364,2025-08-08,2025-08-10T14:00:00,28,bundle,11.0,8.0,18.0,late,2,2025-07-28,2025-08-10
PA_U000365_1,U000365,2025-09-03,2025-09-04T19:00:00,28,bundle,9.0,19.0,15.0,late,1,2025-08-22,2025-09-04
PA_U000365_2,U000365,2025-10-01,,28,bundle,,,,missed,7,2025-09-18,2025-10-01
PA_U000366_1,U000366,2025-08-26,2025-08-27T15:00:00,28,bundle,8.0,14.0,15.0,late,1,2025-08-14,2025-08-27
PA_U000366_2,U000366,2025-09-23,,28,bundle,,,,missed,25,2025-09-10,2025-09-23
PA_U000367_1,U000367,2025-07-11,,28,bundle,,,,missed,17,2025-06-28,2025-07-11
PA_U000367_2,U000367,2025-08-08,,28,bundle,,,,missed,8,2025-07-26,2025-08-08
PA_U000368_1,U000368,2025-09-11,,28,bundle,,,,missed,27,2025-08-29,2025-09-11
PA_U000368_2,U000368,2025-10-09,2025-10-09T14:00:00,28,bundle,7.0,2.0,7.0,completed,0,2025-09-26,2025-10-09
PA_U000369_1,U000369,2025-09-06,2025-09-07T19:00:00,28,bundle,23.0,12.0,0.0,late,1,2025-08-25,2025-09-07
PA_U000369_2,U000369,2025-10-04,2025-10-06T18:00:00,28,bundle,15.0,13.0,1.0,late,2,2025-09-23,2025-10-06
PA_U000370_1,U000370,2025-08-28,,28,bundle,,,,missed,8,2025-08-15,2025-08-28
PA_U000370_2,U000370,2025-09-25,2025-09-27T17:00:00,28,bundle,10.0,13.0,19.0,late,2,2025-09-14,2025-09-27
PA_U000371_1,U000371,2025-07-28,2025-07-30T11:00:00,28,bundle,24.0,15.0,16.0,late,2,2025-07-17,2025-07-30
PA_U000371_2,U000371,2025-08-25,,28,bundle,,,,missed,23,2025-08-12,2025-08-25
PA_U000372_1,U000372,2025-07-02,2025-07-05T21:00:00,28,bundle,23.0,16.0,21.0,late,3,2025-06-22,2025-07-05
PA_U000372_2,U000372,2025-07-30,,28,bundle,,,,missed,24,2025-07-17,2025-07-30
PA_U000373_1,U000373,2025-09-05,2025-09-18T11:00:00,28,bundle,3.0,3.0,3.0,late,13,2025-09-05,2025-09-18
PA_U000373_2,U000373,2025-10-03,,28,bundle,,,,missed,20,2025-09-20,2025-10-03
PA_U000374_1,U000374,2025-07-12,2025-07-13T19:00:00,28,bundle,1.0,17.0,7.0,late,1,2025-06-30,2025-07-13
PA_U000374_2,U000374,2025-08-09,,28,bundle,,,,missed,12,2025-07-27,2025-08-09
PA_U000375_1,U000375,2025-07-23,,28,bundle,,,,missed,18,2025-07-10,2025-07-23
PA_U000375_2,U000375,2025-08-20,2025-08-23T16:00:00,28,bundle,10.0,11.0,13.0,late,3,2025-08-10,2025-08-23
PA_U000376_1,U000376,2025-08-15,2025-08-17T19:00:00,28,bundle,16.0,4.0,9.0,late,2,2025-08-04,2025-08-17
PA_U000376_2,U000376,2025-09-12,,28,bundle,,,,missed,20,2025-08-30,2025-09-12
PA_U000377_1,U000377,2025-09-26,2025-10-02T13:00:00,28,bundle,7.0,14.0,9.0,late,6,2025-09-19,2025-10-02
PA_U000377_2,U000377,2025-10-24,2025-10-24T17:00:00,28,bundle,0.0,20.0,11.0,completed,0,2025-10-11,2025-10-24
PA_U000378_1,U000378,2025-09-19,,28,bundle,,,,missed,11,2025-09-06,2025-09-19
PA_U000378_2,U000378,2025-10-17,,28,bundle,,,,missed,20,2025-10-04,2025-10-17
PA_U000379_1,U000379,2025-09-17,2025-09-18T16:00:00,28,bundle,5.0,21.0,16.0,late,1,2025-09-05,2025-09-18
PA_U000379_2,U000379,2025-10-15,2025-10-19T16:00:00,28,bundle,4.0,21.0,15.0,late,4,2025-10-06,2025-10-19
PA_U000380_1,U000380,2025-08-14,,28,bundle,,,,missed,23,2025-08-01,2025-08-14
PA_U000380_2,U000380,2025-09-11,,28,bundle,,,,missed,7,2025-08-29,2025-09-11
PA_U000381_1,U000381,2025-08-03,2025-08-08T11:00:00,28,bundle,4.0,13.0,9.0,late,5,2025-07-26,2025-08-08
PA_U000381_2,U000381,2025-08-31,2025-09-01T09:00:00,28,bundle,4.0,9.0,11.0,late,1,2025-08-19,2025-09-01
PA_U000382_1,U000382,2025-08-04,2025-08-06T10:00:00,28,bundle,19.0,17.0,18.0,late,2,2025-07-24,2025-08-06
PA_U000382_2,U000382,2025-09-01,2025-09-06T15:00:00,28,bundle,18.0,17.0,19.0,late,5,2025-08-24,2025-09-06
PA_U000383_1,U000383,2025-08-12,,28,bundle,,,,missed,27,2025-07-30,2025-08-12
PA_U000383_2,U000383,2025-09-09,,28,bundle,,,,missed,8,2025-08-27,2025-09-09
PA_U000384_1,U000384,2025-09-23,,28,bundle,,,,missed,23,2025-09-10,2025-09-23
PA_U000384_2,U000384,2025-10-21,2025-11-04T19:00:00,28,bundle,9.0,13.0,19.0,late,14,2025-10-22,2025-11-04
PA_U000385_1,U000385,2025-09-08,,28,bundle,,,,missed,27,2025-08-26,2025-09-08
PA_U000385_2,U000385,2025-10-06,2025-10-07T17:00:00,28,bundle,21.0,8.0,18.0,late,1,2025-09-24,2025-10-07
PA_U000386_1,U000386,2025-06-30,2025-07-01T19:00:00,28,bundle,16.0,20.0,20.0,late,1,2025-06-18,2025-07-01
PA_U000386_2,U000386,2025-07-28,,28,bundle,,,,missed,19,2025-07-15,2025-07-28
PA_U000387_1,U000387,2025-07-10,2025-07-12T19:00:00,28,bundle,13.0,15.0,21.0,late,2,2025-06-29,2025-07-12
PA_U000387_2,U000387,2025-08-07,2025-08-09T20:00:00,28,bundle,17.0,20.0,23.0,late,2,2025-07-27,2025-08-09
PA_U000388_1,U000388,2025-08-16,,28,bundle,,,,missed,28,2025-08-03,2025-08-16
PA_U000388_2,U000388,2025-09-13,,28,bundle,,,,missed,23,2025-08-31,2025-09-13
PA_U000389_1,U000389,2025-08-25,2025-08-25T18:00:00,28,bundle,8.0,14.0,16.0,completed,0,2025-08-12,2025-08-25
PA_U000389_2,U000389,2025-09-22,2025-09-22T15:00:00,28,bundle,4.0,11.0,15.0,completed,0,2025-09-09,2025-09-22
PA_U000390_1,U000390,2025-07-22,,28,bundle,,,,missed,27,2025-07-09,2025-07-22
PA_U000390_2,U000390,2025-08-19,,28,bundle,,,,missed,26,2025-08-06,2025-08-19
PA_U000391_1,U000391,2025-08-26,,28,bundle,,,,missed,23,2025-08-13,2025-08-26
PA_U000391_2,U000391,2025-09-23,2025-09-25T08:00:00,28,bundle,12.0,16.0,16.0,late,2,2025-09-12,2025-09-25
PA_U000392_1,U000392,2025-09-01,,28,bundle,,,,missed,7,2025-08-19,2025-09-01
PA_U000392_2,U000392,2025-09-29,,28,bundle,,,,missed,17,2025-09-16,2025-09-29
PA_U000393_1,U000393,2025-07-03,2025-07-05T09:00:00,28,bundle,21.0,11.0,22.0,late,2,2025-06-22,2025-07-05
PA_U000393_2,U000393,2025-07-31,2025-08-02T17:00:00,28,bundle,18.0,15.0,16.0,late,2,2025-07-20,2025-08-02
PA_U000394_1,U000394,2025-08-27,,28,bundle,,,,missed,16,2025-08-14,2025-08-27
PA_U000394_2,U000394,2025-09-24,2025-09-24T14:00:00,28,bundle,10.0,6.0,2.0,completed,0,2025-09-11,2025-09-24
PA_U000395_1,U000395,2025-07-24,2025-07-27T13:00:00,28,bundle,4.0,7.0,4.0,late,3,2025-07-14,2025-07-27
PA_U000395_2,U000395,2025-08-21,,28,bundle,,,,missed,7,2025-08-08,2025-08-21
PA_U000396_1,U000396,2025-07-08,,28,bundle,,,,missed,28,2025-06-25,2025-07-08
PA_U000396_2,U000396,2025-08-05,,28,bundle,,,,missed,12,2025-07-23,2025-08-05
PA_U000397_1,U000397,2025-09-08,2025-09-08T13:00:00,28,bundle,13.0,18.0,10.0,completed,0,2025-08-26,2025-09-08
PA_U000397_2,U000397,2025-10-06,,28,bundle,,,,missed,16,2025-09-23,2025-10-06
PA_U000398_1,U000398,2025-08-06,2025-08-07T11:00:00,28,bundle,16.0,12.0,1.0,late,1,2025-07-25,2025-08-07
PA_U000398_2,U000398,2025-09-03,2025-09-04T08:00:00,28,bundle,15.0,11.0,3.0,late,1,2025-08-22,2025-09-04
PA_U000399_1,U000399,2025-07-23,,28,bundle,,,,missed,17,2025-07-10,2025-07-23
PA_U000399_2,U000399,2025-08-20,,28,bundle,,,,missed,10,2025-08-07,2025-08-20
PA_U000400_1,U000400,2025-08-29,,28,bundle,,,,missed,28,2025-08-16,2025-08-29
PA_U000400_2,U000400,2025-09-26,2025-09-26T21:00:00,28,bundle,16.0,18.0,16.0,completed,0,2025-09-13,2025-09-26
PA_U000401_1,U000401,2025-08-23,2025-08-24T11:00:00,28,bundle,15.0,9.0,11.0,late,1,2025-08-11,2025-08-24
PA_U000401_2,U000401,2025-09-20,,28,bundle,,,,missed,11,2025-09-07,2025-09-20
PA_U000402_1,U000402,2025-06-30,,28,bundle,,,,missed,21,2025-06-17,2025-06-30
PA_U000402_2,U000402,2025-07-28,2025-07-28T13:00:00,28,bundle,18.0,11.0,11.0,completed,0,2025-07-15,2025-07-28
PA_U000403_1,U000403,2025-08-04,2025-08-05T13:00:00,28,bundle,14.0,10.0,14.0,late,1,2025-07-23,2025-08-05
PA_U000403_2,U000403,2025-09-01,2025-09-01T08:00:00,28,bundle,14.0,12.0,16.0,completed,0,2025-08-19,2025-09-01
PA_U000404_1,U000404,2025-09-23,,28,bundle,,,,missed,18,2025-09-10,2025-09-23
PA_U000404_2,U000404,2025-10-21,2025-10-22T11:00:00,28,bundle,15.0,1.0,18.0,late,1,2025-10-09,2025-10-22
PA_U000405_1,U000405,2025-09-24,2025-09-24T08:00:00,28,bundle,5.0,13.0,8.0,completed,0,2025-09-11,2025-09-24
PA_U000405_2,U000405,2025-10-22,2025-10-23T17:00:00,28,bundle,1.0,12.0,4.0,late,1,2025-10-10,2025-10-23
PA_U000406_1,U000406,2025-08-22,2025-08-24T18:00:00,28,bundle,17.0,16.0,22.0,late,2,2025-08-11,2025-08-24
PA_U000406_2,U000406,2025-09-19,,28,bundle,,,,missed,20,2025-09-06,2025-09-19
PA_U000407_1,U000407,2025-09-04,2025-09-15T21:00:00,28,bundle,6.0,9.0,3.0,late,11,2025-09-02,2025-09-15
PA_U000407_2,U000407,2025-10-02,2025-10-04T19:00:00,28,bundle,13.0,9.0,3.0,late,2,2025-09-21,2025-10-04
PA_U000408_1,U000408,2025-08-24,,28,bundle,,,,missed,19,2025-08-11,2025-08-24
PA_U000408_2,U000408,2025-09-21,2025-09-27T14:00:00,28,bundle,20.0,21.0,20.0,late,6,2025-09-14,2025-09-27
PA_U000409_1,U000409,2025-08-14,2025-08-20T18:00:00,28,bundle,6.0,14.0,20.0,late,6,2025-08-07,2025-08-20
PA_U000409_2,U000409,2025-09-11,,28,bundle,,,,missed,18,2025-08-29,2025-09-11
PA_U000410_1,U000410,2025-08-09,2025-08-10T10:00:00,28,bundle,15.0,18.0,16.0,late,1,2025-07-28,2025-08-10
PA_U000410_2,U000410,2025-09-06,,28,bundle,,,,missed,28,2025-08-24,2025-09-06
PA_U000411_1,U000411,2025-07-08,2025-07-10T17:00:00,28,bundle,7.0,10.0,14.0,late,2,2025-06-27,2025-07-10
PA_U000411_2,U000411,2025-08-05,2025-08-05T14:00:00,28,bundle,9.0,11.0,14.0,completed,0,2025-07-23,2025-08-05
PA_U000412_1,U000412,2025-08-01,2025-08-01T11:00:00,28,bundle,4.0,7.0,13.0,completed,0,2025-07-19,2025-08-01
PA_U000412_2,U000412,2025-08-29,,28,bundle,,,,missed,19,2025-08-16,2025-08-29
PA_U000413_1,U000413,2025-08-18,2025-08-18T20:00:00,28,bundle,12.0,9.0,9.0,completed,0,2025-08-05,2025-08-18
PA_U000413_2,U000413,2025-09-15,,28,bundle,,,,missed,24,2025-09-02,2025-09-15
PA_U000414_1,U000414,2025-08-18,,28,bundle,,,,missed,16,2025-08-05,2025-08-18
PA_U000414_2,U000414,2025-09-15,,28,bundle,,,,missed,26,2025-09-02,2025-09-15
PA_U000415_1,U000415,2025-07-01,,28,bundle,,,,missed,26,2025-06-18,2025-07-01
PA_U000415_2,U000415,2025-07-29,2025-08-01T11:00:00,28,bundle,1.0,6.0,19.0,late,3,2025-07-19,2025-08-01
PA_U000416_1,U000416,2025-09-01,,28,bundle,,,,missed,14,2025-08-19,2025-09-01
PA_U000416_2,U000416,2025-09-29,2025-09-30T08:00:00,28,bundle,8.0,10.0,2.0,late,1,2025-09-17,2025-09-30
PA_U000417_1,U000417,2025-08-08,,28,bundle,,,,missed,22,2025-07-26,2025-08-08
PA_U000417_2,U000417,2025-09-05,2025-09-16T17:00:00,28,bundle,20.0,2.0,14.0,late,11,2025-09-03,2025-09-16
PA_U000418_1,U000418,2025-07-13,,28,bundle,,,,missed,24,2025-06-30,2025-07-13
PA_U000418_2,U000418,2025-08-10,2025-08-13T19:00:00,28,bundle,15.0,11.0,25.0,late,3,2025-07-31,2025-08-13
PA_U000419_1,U000419,2025-09-12,2025-09-24T13:00:00,28,bundle,7.0,11.0,11.0,late,12,2025-09-11,2025-09-24
PA_U000419_2,U000419,2025-10-10,2025-10-15T15:00:00,28,bundle,3.0,12.0,10.0,late,5,2025-10-02,2025-10-15
PA_U000420_1,U000420,2025-09-13,,28,bundle,,,,missed,9,2025-08-31,2025-09-13
PA_U000420_2,U000420,2025-10-11,2025-10-16T20:00:00,28,bundle,6.0,6.0,12.0,late,5,2025-10-03,2025-10-16
PA_U000421_1,U000421,2025-06-29,,28,bundle,,,,missed,27,2025-06-16,2025-06-29
PA_U000421_2,U000421,2025-07-27,2025-07-27T12:00:00,28,bundle,24.0,15.0,23.0,completed,0,2025-07-14,2025-07-27
PA_U000422_1,U000422,2025-08-13,,28,bundle,,,,missed,27,2025-07-31,2025-08-13
PA_U000422_2,U000422,2025-09-10,,28,bundle,,,,missed,12,2025-08-28,2025-09-10
PA_U000423_1,U000423,2025-07-04,2025-07-04T21:00:00,28,bundle,3.0,12.0,14.0,completed,0,2025-06-21,2025-07-04
PA_U000423_2,U000423,2025-08-01,,28,bundle,,,,missed,16,2025-07-19,2025-08-01
PA_U000424_1,U000424,2025-08-19,2025-08-23T18:00:00,28,bundle,8.0,10.0,16.0,late,4,2025-08-10,2025-08-23
PA_U000424_2,U000424,2025-09-16,2025-09-27T16:00:00,28,bundle,11.0,9.0,10.0,late,11,2025-09-14,2025-09-27
PA_U000425_1,U000425,2025-08-04,2025-08-07T08:00:00,28,bundle,6.0,18.0,7.0,late,3,2025-07-25,2025-08-07
PA_U000425_2,U000425,2025-09-01,2025-09-02T16:00:00,28,bundle,9.0,18.0,7.0,late,1,2025-08-20,2025-09-02
PA_U000426_1,U000426,2025-09-05,2025-09-05T19:00:00,28,bundle,8.0,21.0,10.0,completed,0,2025-08-23,2025-09-05
PA_U000426_2,U000426,2025-10-03,2025-10-15T19:00:00,28,bundle,12.0,18.0,7.0,late,12,2025-10-02,2025-10-15
PA_U000427_1,U000427,2025-07-16,2025-07-27T09:00:00,28,bundle,10.0,18.0,23.0,late,11,2025-07-14,2025-07-27
PA_U000427_2,U000427,2025-08-13,2025-08-14T11:00:00,28,bundle,9.0,15.0,23.0,late,1,2025-08-01,2025-08-14
PA_U000428_1,U000428,2025-09-18,,28,bundle,,,,missed,13,2025-09-05,2025-09-18
PA_U000428_2,U000428,2025-10-16,,28,bundle,,,,missed,8,2025-10-03,2025-10-16
PA_U000429_1,U000429,2025-07-22,2025-07-31T09:00:00,28,bundle,21.0,19.0,19.0,late,9,2025-07-18,2025-07-31
PA_U000429_2,U000429,2025-08-19,2025-08-20T08:00:00,28,bundle,17.0,15.0,17.0,late,1,2025-08-07,2025-08-20
PA_U000430_1,U000430,2025-09-28,,28,bundle,,,,missed,28,2025-09-15,2025-09-28
PA_U000430_2,U000430,2025-10-26,2025-10-30T19:00:00,28,bundle,4.0,7.0,14.0,late,4,2025-10-17,2025-10-30
PA_U000431_1,U000431,2025-09-25,2025-09-27T11:00:00,28,bundle,9.0,10.0,5.0,late,2,2025-09-14,2025-09-27
PA_U000431_2,U000431,2025-10-23,2025-10-25T09:00:00,28,bundle,17.0,8.0,8.0,late,2,2025-10-12,2025-10-25
PA_U000432_1,U000432,2025-07-18,2025-07-20T12:00:00,28,bundle,16.0,10.0,22.0,late,2,2025-07-07,2025-07-20
PA_U000432_2,U000432,2025-08-15,2025-08-15T21:00:00,28,bundle,18.0,14.0,21.0,completed,0,2025-08-02,2025-08-15
PA_U000433_1,U000433,2025-09-19,2025-09-20T14:00:00,28,bundle,5.0,9.0,15.0,late,1,2025-09-07,2025-09-20
PA_U000433_2,U000433,2025-10-17,2025-10-19T21:00:00,28,bundle,3.0,8.0,10.0,late,2,2025-10-06,2025-10-19
PA_U000434_1,U000434,2025-09-25,2025-09-25T20:00:00,28,bundle,24.0,19.0,24.0,completed,0,2025-09-12,2025-09-25
PA_U000434_2,U000434,2025-10-23,,28,bundle,,,,missed,13,2025-10-10,2025-10-23
PA_U000435_1,U000435,2025-09-06,,28,bundle,,,,missed,16,2025-08-24,2025-09-06
PA_U000435_2,U000435,2025-10-04,2025-10-12T17:00:00,28,bundle,8.0,8.0,13.0,late,8,2025-09-29,2025-10-12
PA_U000436_1,U000436,2025-09-26,2025-09-27T17:00:00,28,bundle,8.0,2.0,15.0,late,1,2025-09-14,2025-09-27
PA_U000436_2,U000436,2025-10-24,2025-10-26T20:00:00,28,bundle,10.0,4.0,13.0,late,2,2025-10-13,2025-10-26
PA_U000437_1,U000437,2025-09-08,2025-09-14T19:00:00,28,bundle,18.0,0.0,7.0,late,6,2025-09-01,2025-09-14
PA_U000437_2,U000437,2025-10-06,2025-10-08T12:00:00,28,bundle,20.0,4.0,7.0,late,2,2025-09-25,2025-10-08
PA_U000438_1,U000438,2025-09-20,,28,bundle,,,,missed,8,2025-09-07,2025-09-20
PA_U000438_2,U000438,2025-10-18,2025-10-18T19:00:00,28,bundle,11.0,5.0,7.0,completed,0,2025-10-05,2025-10-18
PA_U000439_1,U000439,2025-07-24,,28,bundle,,,,missed,22,2025-07-11,2025-07-24
PA_U000439_2,U000439,2025-08-21,,28,bundle,,,,missed,9,2025-08-08,2025-08-21
PA_U000440_1,U000440,2025-08-14,2025-08-16T15:00:00,28,bundle,22.0,7.0,11.0,late,2,2025-08-03,2025-08-16
PA_U000440_2,U000440,2025-09-11,,28,bundle,,,,missed,20,2025-08-29,2025-09-11
PA_U000441_1,U000441,2025-08-22,2025-09-02T11:00:00,28,bundle,6.0,10.0,12.0,late,11,2025-08-20,2025-09-02
PA_U000441_2,U000441,2025-09-19,2025-09-25T08:00:00,28,bundle,8.0,11.0,17.0,late,6,2025-09-12,2025-09-25
PA_U000442_1,U000442,2025-08-31,2025-09-09T21:00:00,28,bundle,4.0,5.0,17.0,late,9,2025-08-27,2025-09-09
PA_U000442_2,U000442,2025-09-28,2025-09-30T09:00:00,28,bundle,3.0,4.0,18.0,late,2,2025-09-17,2025-09-30
PA_U000443_1,U000443,2025-08-22,2025-08-24T15:00:00,28,bundle,5.0,8.0,7.0,late,2,2025-08-11,2025-08-24
PA_U000443_2,U000443,2025-09-19,,28,bundle,,,,missed,8,2025-09-06,2025-09-19
PA_U000444_1,U000444,2025-08-31,,28,bundle,,,,missed,18,2025-08-18,2025-08-31
PA_U000444_2,U000444,2025-09-28,,28,bundle,,,,missed,13,2025-09-15,2025-09-28
PA_U000445_1,U000445,2025-07-22,2025-08-04T19:00:00,28,bundle,10.0,16.0,28.0,late,13,2025-07-22,2025-08-04
PA_U000445_2,U000445,2025-08-19,2025-08-20T09:00:00,28,bundle,11.0,16.0,27.0,late,1,2025-08-07,2025-08-20
PA_U000446_1,U000446,2025-08-26,,28,bundle,,,,missed,10,2025-08-13,2025-08-26
PA_U000446_2,U000446,2025-09-23,,28,bundle,,,,missed,24,2025-09-10,2025-09-23
PA_U000447_1,U000447,2025-09-16,2025-09-18T19:00:00,28,bundle,10.0,9.0,20.0,late,2,2025-09-05,2025-09-18
PA_U000447_2,U000447,2025-10-14,,28,bundle,,,,missed,24,2025-10-01,2025-10-14
PA_U000448_1,U000448,2025-08-21,2025-08-21T18:00:00,28,bundle,7.0,11.0,10.0,completed,0,2025-08-08,2025-08-21
PA_U000448_2,U000448,2025-09-18,,28,bundle,,,,missed,9,2025-09-05,2025-09-18
PA_U000449_1,U000449,2025-08-27,2025-08-27T09:00:00,28,bundle,0.0,7.0,14.0,completed,0,2025-08-14,2025-08-27
PA_U000449_2,U000449,2025-09-24,2025-10-08T19:00:00,28,bundle,3.0,9.0,14.0,late,14,2025-09-25,2025-10-08
PA_U000450_1,U000450,2025-07-20,2025-07-21T18:00:00,28,bundle,18.0,17.0,10.0,late,1,2025-07-08,2025-07-21
PA_U000450_2,U000450,2025-08-17,,28,bundle,,,,missed,8,2025-08-04,2025-08-17
PA_U000451_1,U000451,2025-08-21,2025-08-21T11:00:00,28,bundle,14.0,18.0,8.0,completed,0,2025-08-08,2025-08-21
PA_U000451_2,U000451,2025-09-18,2025-09-19T18:00:00,28,bundle,18.0,14.0,5.0,late,1,2025-09-06,2025-09-19
PA_U000452_1,U000452,2025-08-17,,28,bundle,,,,missed,19,2025-08-04,2025-08-17
PA_U000452_2,U000452,2025-09-14,2025-09-22T14:00:00,28,bundle,13.0,18.0,11.0,late,8,2025-09-09,2025-09-22
PA_U000453_1,U000453,2025-08-20,2025-08-20T13:00:00,28,bundle,19.0,19.0,9.0,completed,0,2025-08-07,2025-08-20
PA_U000453_2,U000453,2025-09-17,2025-09-19T20:00:00,28,bundle,15.0,9.0,5.0,late,2,2025-09-06,2025-09-19
PA_U000454_1,U000454,2025-08-29,2025-08-31T13:00:00,28,bundle,2.0,15.0,5.0,late,2,2025-08-18,2025-08-31
PA_U000454_2,U000454,2025-09-26,2025-09-27T21:00:00,28,bundle,4.0,15.0,2.0,late,1,2025-09-14,2025-09-27
PA_U000455_1,U000455,2025-08-10,2025-08-19T18:00:00,28,bundle,5.0,12.0,14.0,late,9,2025-08-06,2025-08-19
PA_U000455_2,U000455,2025-09-07,2025-09-14T16:00:00,28,bundle,11.0,6.0,7.0,late,7,2025-09-01,2025-09-14
PA_U000456_1,U000456,2025-08-17,2025-08-18T16:00:00,28,bundle,6.0,4.0,15.0,late,1,2025-08-05,2025-08-18
PA_U000456_2,U000456,2025-09-14,2025-09-15T11:00:00,28,bundle,10.0,2.0,12.0,late,1,2025-09-02,2025-09-15
PA_U000457_1,U000457,2025-08-27,2025-08-27T13:00:00,28,bundle,8.0,6.0,16.0,completed,0,2025-08-14,2025-08-27
PA_U000457_2,U000457,2025-09-24,,28,bundle,,,,missed,11,2025-09-11,2025-09-24
PA_U000458_1,U000458,2025-08-01,2025-08-05T14:00:00,28,bundle,3.0,16.0,20.0,late,4,2025-07-23,2025-08-05
PA_U000458_2,U000458,2025-08-29,2025-08-31T14:00:00,28,bundle,3.0,17.0,25.0,late,2,2025-08-18,2025-08-31
PA_U000459_1,U000459,2025-09-05,,28,bundle,,,,missed,13,2025-08-23,2025-09-05
PA_U000459_2,U000459,2025-10-03,,28,bundle,,,,missed,16,2025-09-20,2025-10-03
PA_U000460_1,U000460,2025-07-06,2025-07-08T15:00:00,28,bundle,14.0,5.0,8.0,late,2,2025-06-25,2025-07-08
PA_U000460_2,U000460,2025-08-03,2025-08-06T12:00:00,28,bundle,14.0,6.0,10.0,late,3,2025-07-24,2025-08-06
PA_U000461_1,U000461,2025-08-20,2025-08-23T15:00:00,28,bundle,10.0,8.0,9.0,late,3,2025-08-10,2025-08-23
PA_U000461_2,U000461,2025-09-17,,28,bundle,,,,missed,17,2025-09-04,2025-09-17
PA_U000462_1,U000462,2025-06-30,,28,bundle,,,,missed,24,2025-06-17,2025-06-30
PA_U000462_2,U000462,2025-07-28,2025-07-30T21:00:00,28,bundle,17.0,4.0,18.0,late,2,2025-07-17,2025-07-30
PA_U000463_1,U000463,2025-08-26,2025-09-03T10:00:00,28,bundle,13.0,17.0,22.0,late,8,2025-08-21,2025-09-03
PA_U000463_2,U000463,2025-09-23,2025-09-24T19:00:00,28,bundle,14.0,18.0,19.0,late,1,2025-09-11,2025-09-24
PA_U000464_1,U000464,2025-08-11,,28,bundle,,,,missed,28,2025-07-29,2025-08-11
PA_U000464_2,U000464,2025-09-08,,28,bundle,,,,missed,14,2025-08-26,2025-09-08
PA_U000465_1,U000465,2025-09-11,2025-09-13T17:00:00,28,bundle,24.0,9.0,12.0,late,2,2025-08-31,2025-09-13
PA_U000465_2,U000465,2025-10-09,2025-10-10T17:00:00,28,bundle,20.0,8.0,13.0,late,1,2025-09-27,2025-10-10
PA_U000466_1,U000466,2025-07-09,,28,bundle,,,,missed,10,2025-06-26,2025-07-09
PA_U000466_2,U000466,2025-08-06,2025-08-15T20:00:00,28,bundle,23.0,16.0,22.0,late,9,2025-08-02,2025-08-15
PA_U000467_1,U000467,2025-08-15,,28,bundle,,,,missed,20,2025-08-02,2025-08-15
PA_U000467_2,U000467,2025-09-12,2025-09-14T20:00:00,28,bundle,21.0,17.0,20.0,late,2,2025-09-01,2025-09-14
PA_U000468_1,U000468,2025-08-16,,28,bundle,,,,missed,20,2025-08-03,2025-08-16
PA_U000468_2,U000468,2025-09-13,,28,bundle,,,,missed,21,2025-08-31,2025-09-13
PA_U000469_1,U000469,2025-09-14,2025-09-16T10:00:00,28,bundle,13.0,12.0,28.0,late,2,2025-09-03,2025-09-16
PA_U000469_2,U000469,2025-10-12,2025-10-13T13:00:00,28,bundle,18.0,12.0,27.0,late,1,2025-09-30,2025-10-13
PA_U000470_1,U000470,2025-08-11,,28,bundle,,,,missed,21,2025-07-29,2025-08-11
PA_U000470_2,U000470,2025-09-08,2025-09-10T19:00:00,28,bundle,10.0,14.0,19.0,late,2,2025-08-28,2025-09-10
PA_U000471_1,U000471,2025-08-19,2025-08-22T10:00:00,28,bundle,12.0,17.0,11.0,late,3,2025-08-09,2025-08-22
PA_U000471_2,U000471,2025-09-16,,28,bundle,,,,missed,14,2025-09-03,2025-09-16
PA_U000472_1,U000472,2025-08-03,2025-08-08T14:00:00,28,bundle,15.0,7.0,12.0,late,5,2025-07-26,2025-08-08
PA_U000472_2,U000472,2025-08-31,2025-09-02T21:00:00,28,bundle,12.0,7.0,9.0,late,2,2025-08-20,2025-09-02
PA_U000473_1,U000473,2025-07-26,,28,bundle,,,,missed,7,2025-07-13,2025-07-26
PA_U000473_2,U000473,2025-08-23,2025-08-29T20:00:00,28,bundle,10.0,2.0,9.0,late,6,2025-08-16,2025-08-29
PA_U000474_1,U000474,2025-08-19,2025-09-01T15:00:00,28,bundle,8.0,21.0,5.0,late,13,2025-08-19,2025-09-01
PA_U000474_2,U000474,2025-09-16,2025-09-16T08:00:00,28,bundle,14.0,18.0,4.0,completed,0,2025-09-03,2025-09-16
PA_U000475_1,U000475,2025-07-25,,28,bundle,,,,missed,9,2025-07-12,2025-07-25
PA_U000475_2,U000475,2025-08-22,2025-08-23T15:00:00,28,bundle,17.0,2.0,4.0,late,1,2025-08-10,2025-08-23
PA_U000476_1,U000476,2025-09-07,,28,bundle,,,,missed,28,2025-08-25,2025-09-07
PA_U000476_2,U000476,2025-10-05,2025-10-07T20:00:00,28,bundle,2.0,2.0,5.0,late,2,2025-09-24,2025-10-07
PA_U000477_1,U000477,2025-07-17,,28,bundle,,,,missed,9,2025-07-04,2025-07-17
PA_U000477_2,U000477,2025-08-14,,28,bundle,,,,missed,26,2025-08-01,2025-08-14
PA_U000478_1,U000478,2025-08-24,2025-08-24T14:00:00,28,bundle,16.0,7.0,19.0,completed,0,2025-08-11,2025-08-24
PA_U000478_2,U000478,2025-09-21,2025-09-21T19:00:00,28,bundle,17.0,9.0,13.0,completed,0,2025-09-08,2025-09-21
PA_U000479_1,U000479,2025-08-13,2025-08-26T18:00:00,28,bundle,2.0,7.0,8.0,late,13,2025-08-13,2025-08-26
PA_U000479_2,U000479,2025-09-10,,28,bundle,,,,missed,23,2025-08-28,2025-09-10
PA_U000480_1,U000480,2025-09-17,2025-09-23T14:00:00,28,bundle,23.0,14.0,6.0,late,6,2025-09-10,2025-09-23
PA_U000480_2,U000480,2025-10-15,2025-10-17T17:00:00,28,bundle,21.0,18.0,10.0,late,2,2025-10-04,2025-10-17
PA_U000481_1,U000481,2025-09-25,,28,bundle,,,,missed,15,2025-09-12,2025-09-25
PA_U000481_2,U000481,2025-10-23,2025-10-24T13:00:00,28,bundle,5.0,11.0,13.0,late,1,2025-10-11,2025-10-24
PA_U000482_1,U000482,2025-08-25,,28,bundle,,,,missed,18,2025-08-12,2025-08-25
PA_U000482_2,U000482,2025-09-22,,28,bundle,,,,missed,13,2025-09-09,2025-09-22
PA_U000483_1,U000483,2025-09-03,2025-09-10T09:00:00,28,bundle,23.0,17.0,15.0,late,7,2025-08-28,2025-09-10
PA_U000483_2,U000483,2025-10-01,,28,bundle,,,,missed,20,2025-09-18,2025-10-01
PA_U000484_1,U000484,2025-08-02,2025-08-14T13:00:00,28,bundle,8.0,14.0,7.0,late,12,2025-08-01,2025-08-14
PA_U000484_2,U000484,2025-08-30,2025-08-30T11:00:00,28,bundle,8.0,10.0,11.0,completed,0,2025-08-17,2025-08-30
PA_U000485_1,U000485,2025-07-15,2025-07-15T15:00:00,28,bundle,7.0,17.0,19.0,completed,0,2025-07-02,2025-07-15
PA_U000485_2,U000485,2025-08-12,,28,bundle,,,,missed,14,2025-07-30,2025-08-12
PA_U000486_1,U000486,2025-08-04,2025-08-16T17:00:00,28,bundle,11.0,18.0,9.0,late,12,2025-08-03,2025-08-16
PA_U000486_2,U000486,2025-09-01,2025-09-01T12:00:00,28,bundle,9.0,19.0,9.0,completed,0,2025-08-19,2025-09-01
PA_U000487_1,U000487,2025-09-14,,28,bundle,,,,missed,19,2025-09-01,2025-09-14
PA_U000487_2,U000487,2025-10-12,,28,bundle,,,,missed,18,2025-09-29,2025-10-12
PA_U000488_1,U000488,2025-07-11,,28,bundle,,,,missed,11,2025-06-28,2025-07-11
PA_U000488_2,U000488,2025-08-08,,28,bundle,,,,missed,10,2025-07-26,2025-08-08
PA_U000489_1,U000489,2025-08-11,,28,bundle,,,,missed,20,2025-07-29,2025-08-11
PA_U000489_2,U000489,2025-09-08,2025-09-09T21:00:00,28,bundle,8.0,11.0,7.0,late,1,2025-08-27,2025-09-09
PA_U000490_1,U000490,2025-09-11,,28,bundle,,,,missed,23,2025-08-29,2025-09-11
PA_U000490_2,U000490,2025-10-09,,28,bundle,,,,missed,18,2025-09-26,2025-10-09
PA_U000491_1,U000491,2025-06-30,2025-06-30T11:00:00,28,bundle,15.0,16.0,18.0,completed,0,2025-06-17,2025-06-30
PA_U000491_2,U000491,2025-07-28,,28,bundle,,,,missed,24,2025-07-15,2025-07-28
PA_U000492_1,U000492,2025-07-26,2025-07-27T15:00:00,28,bundle,12.0,8.0,23.0,late,1,2025-07-14,2025-07-27
PA_U000492_2,U000492,2025-08-23,,28,bundle,,,,missed,10,2025-08-10,2025-08-23
PA_U000493_1,U000493,2025-09-21,,28,bundle,,,,missed,23,2025-09-08,2025-09-21
PA_U000493_2,U000493,2025-10-19,,28,bundle,,,,missed,15,2025-10-06,2025-10-19
PA_U000494_1,U000494,2025-09-15,,28,bundle,,,,missed,25,2025-09-02,2025-09-15
PA_U000494_2,U000494,2025-10-13,2025-10-15T18:00:00,28,bundle,11.0,10.0,15.0,late,2,2025-10-02,2025-10-15
PA_U000495_1,U000495,2025-09-16,2025-09-23T19:00:00,28,bundle,18.0,14.0,25.0,late,7,2025-09-10,2025-09-23
PA_U000495_2,U000495,2025-10-14,2025-10-16T17:00:00,28,bundle,15.0,13.0,18.0,late,2,2025-10-03,2025-10-16
PA_U000496_1,U000496,2025-07-18,2025-07-19T12:00:00,28,bundle,11.0,14.0,12.0,late,1,2025-07-06,2025-07-19
PA_U000496_2,U000496,2025-08-15,2025-08-18T13:00:00,28,bundle,11.0,17.0,13.0,late,3,2025-08-05,2025-08-18
PA_U000497_1,U000497,2025-09-16,,28,bundle,,,,missed,17,2025-09-03,2025-09-16
PA_U000497_2,U000497,2025-10-14,2025-10-14T14:00:00,28,bundle,20.0,14.0,20.0,completed,0,2025-10-01,2025-10-14
PA_U000498_1,U000498,2025-09-16,,28,bundle,,,,missed,24,2025-09-03,2025-09-16
PA_U000498_2,U000498,2025-10-14,2025-10-24T15:00:00,28,bundle,15.0,16.0,14.0,late,10,2025-10-11,2025-10-24
PA_U000499_1,U000499,2025-08-05,2025-08-05T12:00:00,28,bundle,4.0,12.0,18.0,completed,0,2025-07-23,2025-08-05
PA_U000499_2,U000499,2025-09-02,2025-09-05T15:00:00,28,bundle,8.0,12.0,16.0,late,3,2025-08-23,2025-09-05
PA_U000500_1,U000500,2025-08-09,2025-08-11T08:00:00,28,bundle,9.0,14.0,27.0,late,2,2025-07-29,2025-08-11
PA_U000500_2,U000500,2025-09-06,2025-09-07T13:00:00,28,bundle,8.0,17.0,27.0,late,1,2025-08-25,2025-09-07
PA_U000501_1,U000501,2025-07-25,2025-07-27T13:00:00,28,bundle,8.0,2.0,3.0,late,2,2025-07-14,2025-07-27
PA_U000501_2,U000501,2025-08-22,,28,bundle,,,,missed,18,2025-08-09,2025-08-22
PA_U000502_1,U000502,2025-07-17,,28,bundle,,,,missed,25,2025-07-04,2025-07-17
PA_U000502_2,U000502,2025-08-14,,28,bundle,,,,missed,28,2025-08-01,2025-08-14
PA_U000503_1,U000503,2025-07-28,2025-07-28T09:00:00,28,bundle,7.0,19.0,23.0,completed,0,2025-07-15,2025-07-28
PA_U000503_2,U000503,2025-08-25,2025-09-01T21:00:00,28,bundle,11.0,15.0,20.0,late,7,2025-08-19,2025-09-01
PA_U000504_1,U000504,2025-08-30,2025-08-31T16:00:00,28,bundle,7.0,0.0,3.0,late,1,2025-08-18,2025-08-31
PA_U000504_2,U000504,2025-09-27,,28,bundle,,,,missed,8,2025-09-14,2025-09-27
PA_U000505_1,U000505,2025-08-25,2025-08-26T21:00:00,28,bundle,9.0,11.0,6.0,late,1,2025-08-13,2025-08-26
PA_U000505_2,U000505,2025-09-22,,28,bundle,,,,missed,19,2025-09-09,2025-09-22
PA_U000506_1,U000506,2025-07-08,,28,bundle,,,,missed,25,2025-06-25,2025-07-08
PA_U000506_2,U000506,2025-08-05,,28,bundle,,,,missed,9,2025-07-23,2025-08-05
PA_U000507_1,U000507,2025-09-28,2025-09-28T19:00:00,28,bundle,15.0,9.0,13.0,completed,0,2025-09-15,2025-09-28
PA_U000507_2,U000507,2025-10-26,2025-10-28T15:00:00,28,bundle,12.0,9.0,17.0,late,2,2025-10-15,2025-10-28
PA_U000508_1,U000508,2025-07-18,2025-07-19T21:00:00,28,bundle,14.0,16.0,3.0,late,1,2025-07-06,2025-07-19
PA_U000508_2,U000508,2025-08-15,2025-08-17T20:00:00,28,bundle,17.0,16.0,0.0,late,2,2025-08-04,2025-08-17
PA_U000509_1,U000509,2025-07-26,,28,bundle,,,,missed,7,2025-07-13,2025-07-26
PA_U000509_2,U000509,2025-08-23,2025-08-30T15:00:00,28,bundle,4.0,7.0,19.0,late,7,2025-08-17,2025-08-30
PA_U000510_1,U000510,2025-08-22,2025-08-28T10:00:00,28,bundle,17.0,9.0,0.0,late,6,2025-08-15,2025-08-28
PA_U000510_2,U000510,2025-09-19,2025-09-21T15:00:00,28,bundle,12.0,10.0,2.0,late,2,2025-09-08,2025-09-21
PA_U000511_1,U000511,2025-08-25,,28,bundle,,,,missed,14,2025-08-12,2025-08-25
PA_U000511_2,U000511,2025-09-22,,28,bundle,,,,missed,22,2025-09-09,2025-09-22
PA_U000512_1,U000512,2025-07-26,2025-07-29T13:00:00,28,bundle,18.0,10.0,8.0,late,3,2025-07-16,2025-07-29
PA_U000512_2,U000512,2025-08-23,,28,bundle,,,,missed,12,2025-08-10,2025-08-23
PA_U000513_1,U000513,2025-07-06,,28,bundle,,,,missed,23,2025-06-23,2025-07-06
PA_U000513_2,U000513,2025-08-03,2025-08-05T20:00:00,28,bundle,13.0,15.0,26.0,late,2,2025-07-23,2025-08-05
PA_U000514_1,U000514,2025-08-16,,28,bundle,,,,missed,17,2025-08-03,2025-08-16
PA_U000514_2,U000514,2025-09-13,,28,bundle,,,,missed,18,2025-08-31,2025-09-13
PA_U000515_1,U000515,2025-08-23,,28,bundle,,,,missed,19,2025-08-10,2025-08-23
PA_U000515_2,U000515,2025-09-20,2025-09-22T10:00:00,28,bundle,7.0,18.0,10.0,late,2,2025-09-09,2025-09-22
PA_U000516_1,U000516,2025-09-01,2025-09-02T11:00:00,28,bundle,17.0,11.0,23.0,late,1,2025-08-20,2025-09-02
PA_U000516_2,U000516,2025-09-29,2025-10-01T18:00:00,28,bundle,19.0,12.0,19.0,late,2,2025-09-18,2025-10-01
PA_U000517_1,U000517,2025-09-02,2025-09-02T08:00:00,28,bundle,5.0,9.0,9.0,completed,0,2025-08-20,2025-09-02
PA_U000517_2,U000517,2025-09-30,2025-09-30T09:00:00,28,bundle,5.0,15.0,7.0,completed,0,2025-09-17,2025-09-30
PA_U000518_1,U000518,2025-07-25,2025-08-06T11:00:00,28,bundle,10.0,4.0,6.0,late,12,2025-07-24,2025-08-06
PA_U000518_2,U000518,2025-08-22,2025-08-22T15:00:00,28,bundle,14.0,9.0,3.0,completed,0,2025-08-09,2025-08-22
PA_U000519_1,U000519,2025-09-04,,28,bundle,,,,missed,12,2025-08-22,2025-09-04
PA_U000519_2,U000519,2025-10-02,2025-10-02T09:00:00,28,bundle,6.0,2.0,0.0,completed,0,2025-09-19,2025-10-02
PA_U000520_1,U000520,2025-08-22,,28,bundle,,,,missed,28,2025-08-09,2025-08-22
PA_U000520_2,U000520,2025-09-19,2025-09-21T13:00:00,28,bundle,22.0,5.0,0.0,late,2,2025-09-08,2025-09-21
PA_U000521_1,U000521,2025-09-23,,28,bundle,,,,missed,8,2025-09-10,2025-09-23
PA_U000521_2,U000521,2025-10-21,2025-10-24T08:00:00,28,bundle,22.0,17.0,22.0,late,3,2025-10-11,2025-10-24
PA_U000522_1,U000522,2025-09-09,2025-09-09T08:00:00,28,bundle,21.0,6.0,9.0,completed,0,2025-08-27,2025-09-09
PA_U000522_2,U000522,2025-10-07,,28,bundle,,,,missed,11,2025-09-24,2025-10-07
PA_U000523_1,U000523,2025-09-15,,28,bundle,,,,missed,7,2025-09-02,2025-09-15
PA_U000523_2,U000523,2025-10-13,,28,bundle,,,,missed,14,2025-09-30,2025-10-13
PA_U000524_1,U000524,2025-08-27,,28,bundle,,,,missed,7,2025-08-14,2025-08-27
PA_U000524_2,U000524,2025-09-24,2025-09-24T10:00:00,28,bundle,10.0,8.0,8.0,completed,0,2025-09-11,2025-09-24
PA_U000525_1,U000525,2025-07-24,2025-07-25T20:00:00,28,bundle,4.0,5.0,8.0,late,1,2025-07-12,2025-07-25
PA_U000525_2,U000525,2025-08-21,,28,bundle,,,,missed,23,2025-08-08,2025-08-21
PA_U000526_1,U000526,2025-09-27,2025-10-06T17:00:00,28,bundle,9.0,9.0,15.0,late,9,2025-09-23,2025-10-06
PA_U000526_2,U000526,2025-10-25,2025-10-25T11:00:00,28,bundle,5.0,10.0,15.0,completed,0,2025-10-12,2025-10-25
PA_U000527_1,U000527,2025-07-26,,28,bundle,,,,missed,24,2025-07-13,2025-07-26
PA_U000527_2,U000527,2025-08-23,,28,bundle,,,,missed,20,2025-08-10,2025-08-23
PA_U000528_1,U000528,2025-08-14,,28,bundle,,,,missed,21,2025-08-01,2025-08-14
PA_U000528_2,U000528,2025-09-11,2025-09-25T11:00:00,28,bundle,15.0,2.0,8.0,late,14,2025-09-12,2025-09-25
PA_U000529_1,U000529,2025-09-06,2025-09-08T11:00:00,28,bundle,12.0,10.0,23.0,late,2,2025-08-26,2025-09-08
PA_U000529_2,U000529,2025-10-04,2025-10-04T17:00:00,28,bundle,12.0,10.0,21.0,completed,0,2025-09-21,2025-10-04
PA_U000530_1,U000530,2025-08-26,2025-09-05T20:00:00,28,bundle,6.0,3.0,8.0,late,10,2025-08-23,2025-09-05
PA_U000530_2,U000530,2025-09-23,2025-09-25T12:00:00,28,bundle,7.0,2.0,16.0,late,2,2025-09-12,2025-09-25
PA_U000531_1,U000531,2025-09-05,,28,bundle,,,,missed,10,2025-08-23,2025-09-05
PA_U000531_2,U000531,2025-10-03,,28,bundle,,,,missed,21,2025-09-20,2025-10-03
PA_U000532_1,U000532,2025-07-02,2025-07-04T17:00:00,28,bundle,3.0,9.0,1.0,late,2,2025-06-21,2025-07-04
PA_U000532_2,U000532,2025-07-30,2025-08-09T19:00:00,28,bundle,5.0,7.0,0.0,late,10,2025-07-27,2025-08-09
PA_U000533_1,U000533,2025-09-23,2025-09-25T10:00:00,28,bundle,4.0,20.0,11.0,late,2,2025-09-12,2025-09-25
PA_U000533_2,U000533,2025-10-21,2025-10-23T17:00:00,28,bundle,9.0,18.0,14.0,late,2,2025-10-10,2025-10-23
PA_U000534_1,U000534,2025-09-13,,28,bundle,,,,missed,26,2025-08-31,2025-09-13
PA_U000534_2,U000534,2025-10-11,,28,bundle,,,,missed,12,2025-09-28,2025-10-11
PA_U000535_1,U000535,2025-08-04,,28,bundle,,,,missed,23,2025-07-22,2025-08-04
PA_U000535_2,U000535,2025-09-01,2025-09-10T17:00:00,28,bundle,5.0,19.0,24.0,late,9,2025-08-28,2025-09-10
PA_U000536_1,U000536,2025-09-05,2025-09-06T10:00:00,28,bundle,13.0,12.0,4.0,late,1,2025-08-24,2025-09-06
PA_U000536_2,U000536,2025-10-03,,28,bundle,,,,missed,12,2025-09-20,2025-10-03
PA_U000537_1,U000537,2025-08-11,,28,bundle,,,,missed,18,2025-07-29,2025-08-11
PA_U000537_2,U000537,2025-09-08,,28,bundle,,,,missed,14,2025-08-26,2025-09-08
PA_U000538_1,U000538,2025-08-07,2025-08-20T10:00:00,28,bundle,17.0,13.0,18.0,late,13,2025-08-07,2025-08-20
PA_U000538_2,U000538,2025-09-04,2025-09-05T09:00:00,28,bundle,15.0,11.0,17.0,late,1,2025-08-23,2025-09-05
PA_U000539_1,U000539,2025-07-02,,28,bundle,,,,missed,9,2025-06-19,2025-07-02
PA_U000539_2,U000539,2025-07-30,,28,bundle,,,,missed,24,2025-07-17,2025-07-30
PA_U000540_1,U000540,2025-09-10,2025-09-10T12:00:00,28,bundle,8.0,7.0,11.0,completed,0,2025-08-28,2025-09-10
PA_U000540_2,U000540,2025-10-08,2025-10-14T16:00:00,28,bundle,7.0,7.0,9.0,late,6,2025-10-01,2025-10-14
PA_U000541_1,U000541,2025-08-26,2025-08-27T14:00:00,28,bundle,8.0,18.0,14.0,late,1,2025-08-14,2025-08-27
PA_U000541_2,U000541,2025-09-23,2025-09-28T13:00:00,28,bundle,8.0,19.0,15.0,late,5,2025-09-15,2025-09-28
PA_U000542_1,U000542,2025-08-18,,28,bundle,,,,missed,7,2025-08-05,2025-08-18
PA_U000542_2,U000542,2025-09-15,,28,bundle,,,,missed,13,2025-09-02,2025-09-15
PA_U000543_1,U000543,2025-09-20,2025-10-03T12:00:00,28,bundle,5.0,3.0,14.0,late,13,2025-09-20,2025-10-03
PA_U000543_2,U000543,2025-10-18,2025-10-24T12:00:00,28,bundle,0.0,8.0,12.0,late,6,2025-10-11,2025-10-24
PA_U000544_1,U000544,2025-08-04,,28,bundle,,,,missed,18,2025-07-22,2025-08-04
PA_U000544_2,U000544,2025-09-01,,28,bundle,,,,missed,11,2025-08-19,2025-09-01
PA_U000545_1,U000545,2025-08-18,2025-08-18T19:00:00,28,bundle,12.0,8.0,10.0,completed,0,2025-08-05,2025-08-18
PA_U000545_2,U000545,2025-09-15,2025-09-17T21:00:00,28,bundle,12.0,11.0,10.0,late,2,2025-09-04,2025-09-17
PA_U000546_1,U000546,2025-08-23,,28,bundle,,,,missed,21,2025-08-10,2025-08-23
PA_U000546_2,U000546,2025-09-20,2025-09-26T19:00:00,28,bundle,17.0,13.0,25.0,late,6,2025-09-13,2025-09-26
PA_U000547_1,U000547,2025-08-03,2025-08-05T10:00:00,28,bundle,5.0,11.0,9.0,late,2,2025-07-23,2025-08-05
PA_U000547_2,U000547,2025-08-31,,28,bundle,,,,missed,20,2025-08-18,2025-08-31
PA_U000548_1,U000548,2025-07-19,2025-07-29T16:00:00,28,bundle,9.0,12.0,21.0,late,10,2025-07-16,2025-07-29
PA_U000548_2,U000548,2025-08-16,,28,bundle,,,,missed,16,2025-08-03,2025-08-16
PA_U000549_1,U000549,2025-07-02,,28,bundle,,,,missed,19,2025-06-19,2025-07-02
PA_U000549_2,U000549,2025-07-30,,28,bundle,,,,missed,23,2025-07-17,2025-07-30
PA_U000550_1,U000550,2025-09-27,2025-09-27T11:00:00,28,bundle,6.0,15.0,2.0,completed,0,2025-09-14,2025-09-27
PA_U000550_2,U000550,2025-10-25,,28,bundle,,,,missed,15,2025-10-12,2025-10-25
PA_U000551_1,U000551,2025-08-09,2025-08-09T19:00:00,28,bundle,5.0,19.0,11.0,completed,0,2025-07-27,2025-08-09
PA_U000551_2,U000551,2025-09-06,2025-09-08T14:00:00,28,bundle,7.0,19.0,6.0,late,2,2025-08-26,2025-09-08
PA_U000552_1,U000552,2025-08-07,,28,bundle,,,,missed,15,2025-07-25,2025-08-07
PA_U000552_2,U000552,2025-09-04,,28,bundle,,,,missed,23,2025-08-22,2025-09-04
PA_U000553_1,U000553,2025-07-20,2025-07-22T15:00:00,28,bundle,7.0,10.0,6.0,late,2,2025-07-09,2025-07-22
PA_U000553_2,U000553,2025-08-17,,28,bundle,,,,missed,14,2025-08-04,2025-08-17
PA_U000554_1,U000554,2025-09-04,2025-09-04T09:00:00,28,bundle,1.0,21.0,17.0,completed,0,2025-08-22,2025-09-04
PA_U000554_2,U000554,2025-10-02,2025-10-10T18:00:00,28,bundle,6.0,19.0,17.0,late,8,2025-09-27,2025-10-10
PA_U000555_1,U000555,2025-07-31,,28,bundle,,,,missed,28,2025-07-18,2025-07-31
PA_U000555_2,U000555,2025-08-28,,28,bundle,,,,missed,28,2025-08-15,2025-08-28
PA_U000556_1,U000556,2025-08-07,2025-08-09T08:00:00,28,bundle,0.0,11.0,4.0,late,2,2025-07-27,2025-08-09
PA_U000556_2,U000556,2025-09-04,,28,bundle,,,,missed,26,2025-08-22,2025-09-04
PA_U000557_1,U000557,2025-08-06,2025-08-06T17:00:00,28,bundle,10.0,12.0,11.0,completed,0,2025-07-24,2025-08-06
PA_U000557_2,U000557,2025-09-03,,28,bundle,,,,missed,27,2025-08-21,2025-09-03
PA_U000558_1,U000558,2025-07-17,,28,bundle,,,,missed,18,2025-07-04,2025-07-17
PA_U000558_2,U000558,2025-08-14,2025-08-16T09:00:00,28,bundle,8.0,10.0,3.0,late,2,2025-08-03,2025-08-16
PA_U000559_1,U000559,2025-07-13,2025-07-15T08:00:00,28,bundle,11.0,6.0,7.0,late,2,2025-07-02,2025-07-15
PA_U000559_2,U000559,2025-08-10,2025-08-10T17:00:00,28,bundle,13.0,9.0,8.0,completed,0,2025-07-28,2025-08-10
PA_U000560_1,U000560,2025-07-25,,28,bundle,,,,missed,28,2025-07-12,2025-07-25
PA_U000560_2,U000560,2025-08-22,2025-08-23T14:00:00,28,bundle,3.0,2.0,5.0,late,1,2025-08-10,2025-08-23
PA_U000561_1,U000561,2025-07-05,2025-07-19T09:00:00,28,bundle,6.0,16.0,12.0,late,14,2025-07-06,2025-07-19
PA_U000561_2,U000561,2025-08-02,2025-08-04T20:00:00,28,bundle,6.0,15.0,14.0,late,2,2025-07-22,2025-08-04
PA_U000562_1,U000562,2025-09-04,2025-09-12T20:00:00,28,bundle,3.0,12.0,18.0,late,8,2025-08-30,2025-09-12
PA_U000562_2,U000562,2025-10-02,2025-10-02T12:00:00,28,bundle,2.0,6.0,17.0,completed,0,2025-09-19,2025-10-02
PA_U000563_1,U000563,2025-08-14,2025-08-16T11:00:00,28,bundle,21.0,4.0,28.0,late,2,2025-08-03,2025-08-16
PA_U000563_2,U000563,2025-09-11,2025-09-13T12:00:00,28,bundle,17.0,5.0,26.0,late,2,2025-08-31,2025-09-13
PA_U000564_1,U000564,2025-07-22,2025-07-25T08:00:00,28,bundle,6.0,7.0,2.0,late,3,2025-07-12,2025-07-25
PA_U000564_2,U000564,2025-08-19,,28,bundle,,,,missed,26,2025-08-06,2025-08-19
PA_U000565_1,U000565,2025-09-09,,28,bundle,,,,missed,9,2025-08-27,2025-09-09
PA_U000565_2,U000565,2025-10-07,,28,bundle,,,,missed,22,2025-09-24,2025-10-07
PA_U000566_1,U000566,2025-07-09,2025-07-09T13:00:00,28,bundle,17.0,11.0,7.0,completed,0,2025-06-26,2025-07-09
PA_U000566_2,U000566,2025-08-06,2025-08-07T08:00:00,28,bundle,7.0,9.0,13.0,late,1,2025-07-25,2025-08-07
PA_U000567_1,U000567,2025-08-02,,28,bundle,,,,missed,20,2025-07-20,2025-08-02
PA_U000567_2,U000567,2025-08-30,,28,bundle,,,,missed,25,2025-08-17,2025-08-30
PA_U000568_1,U000568,2025-08-19,,28,bundle,,,,missed,20,2025-08-06,2025-08-19
PA_U000568_2,U000568,2025-09-16,,28,bundle,,,,missed,11,2025-09-03,2025-09-16
PA_U000569_1,U000569,2025-09-08,2025-09-10T21:00:00,28,bundle,11.0,15.0,21.0,late,2,2025-08-28,2025-09-10
PA_U000569_2,U000569,2025-10-06,2025-10-06T11:00:00,28,bundle,13.0,16.0,20.0,completed,0,2025-09-23,2025-10-06
PA_U000570_1,U000570,2025-08-23,2025-08-25T11:00:00,28,bundle,17.0,4.0,15.0,late,2,2025-08-12,2025-08-25
PA_U000570_2,U000570,2025-09-20,2025-10-03T21:00:00,28,bundle,17.0,1.0,13.0,late,13,2025-09-20,2025-10-03
PA_U000571_1,U000571,2025-08-19,2025-08-20T08:00:00,28,bundle,19.0,5.0,1.0,late,1,2025-08-07,2025-08-20
PA_U000571_2,U000571,2025-09-16,2025-09-21T17:00:00,28,bundle,15.0,9.0,3.0,late,5,2025-09-08,2025-09-21
PA_U000572_1,U000572,2025-09-22,2025-09-22T17:00:00,28,bundle,7.0,12.0,13.0,completed,0,2025-09-09,2025-09-22
PA_U000572_2,U000572,2025-10-20,,28,bundle,,,,missed,11,2025-10-07,2025-10-20
PA_U000573_1,U000573,2025-09-26,,28,bundle,,,,missed,23,2025-09-13,2025-09-26
PA_U000573_2,U000573,2025-10-24,2025-10-26T19:00:00,28,bundle,6.0,10.0,13.0,late,2,2025-10-13,2025-10-26
PA_U000574_1,U000574,2025-06-30,2025-06-30T08:00:00,28,bundle,13.0,13.0,12.0,completed,0,2025-06-17,2025-06-30
PA_U000574_2,U000574,2025-07-28,2025-07-30T15:00:00,28,bundle,11.0,16.0,13.0,late,2,2025-07-17,2025-07-30
PA_U000575_1,U000575,2025-08-31,,28,bundle,,,,missed,25,2025-08-18,2025-08-31
PA_U000575_2,U000575,2025-09-28,2025-09-30T18:00:00,28,bundle,24.0,21.0,15.0,late,2,2025-09-17,2025-09-30
PA_U000576_1,U000576,2025-09-16,2025-09-18T13:00:00,28,bundle,25.0,19.0,19.0,late,2,2025-09-05,2025-09-18
PA_U000576_2,U000576,2025-10-14,2025-10-15T21:00:00,28,bundle,24.0,14.0,23.0,late,1,2025-10-02,2025-10-15
PA_U000577_1,U000577,2025-08-13,2025-08-14T18:00:00,28,bundle,11.0,7.0,13.0,late,1,2025-08-01,2025-08-14
PA_U000577_2,U000577,2025-09-10,,28,bundle,,,,missed,17,2025-08-28,2025-09-10
PA_U000578_1,U000578,2025-09-23,2025-10-01T18:00:00,28,bundle,12.0,10.0,6.0,late,8,2025-09-18,2025-10-01
PA_U000578_2,U000578,2025-10-21,,28,bundle,,,,missed,20,2025-10-08,2025-10-21
PA_U000579_1,U000579,2025-08-30,,28,bundle,,,,missed,26,2025-08-17,2025-08-30
PA_U000579_2,U000579,2025-09-27,2025-09-27T16:00:00,28,bundle,15.0,13.0,20.0,completed,0,2025-09-14,2025-09-27
PA_U000580_1,U000580,2025-08-08,2025-08-10T10:00:00,28,bundle,3.0,17.0,4.0,late,2,2025-07-28,2025-08-10
PA_U000580_2,U000580,2025-09-05,2025-09-05T14:00:00,28,bundle,1.0,20.0,5.0,completed,0,2025-08-23,2025-09-05
PA_U000581_1,U000581,2025-07-24,2025-07-24T21:00:00,28,bundle,8.0,11.0,22.0,completed,0,2025-07-11,2025-07-24
PA_U000581_2,U000581,2025-08-21,2025-08-27T16:00:00,28,bundle,12.0,10.0,19.0,late,6,2025-08-14,2025-08-27
PA_U000582_1,U000582,2025-07-26,2025-07-26T10:00:00,28,bundle,11.0,5.0,16.0,completed,0,2025-07-13,2025-07-26
PA_U000582_2,U000582,2025-08-23,2025-08-24T20:00:00,28,bundle,12.0,7.0,20.0,late,1,2025-08-11,2025-08-24
PA_U000583_1,U000583,2025-08-06,,28,bundle,,,,missed,21,2025-07-24,2025-08-06
PA_U000583_2,U000583,2025-09-03,2025-09-14T18:00:00,28,bundle,22.0,16.0,25.0,late,11,2025-09-01,2025-09-14
PA_U000584_1,U000584,2025-08-06,2025-08-08T15:00:00,28,bundle,10.0,9.0,0.0,late,2,2025-07-26,2025-08-08
PA_U000584_2,U000584,2025-09-03,2025-09-10T12:00:00,28,bundle,9.0,7.0,0.0,late,7,2025-08-28,2025-09-10
PA_U000585_1,U000585,2025-08-13,,28,bundle,,,,missed,24,2025-07-31,2025-08-13
PA_U000585_2,U000585,2025-09-10,2025-09-11T17:00:00,28,bundle,15.0,19.0,25.0,late,1,2025-08-29,2025-09-11
PA_U000586_1,U000586,2025-07-09,2025-07-14T18:00:00,28,bundle,1.0,7.0,11.0,late,5,2025-07-01,2025-07-14
PA_U000586_2,U000586,2025-08-06,2025-08-06T13:00:00,28,bundle,3.0,5.0,12.0,completed,0,2025-07-24,2025-08-06
PA_U000587_1,U000587,2025-09-01,2025-09-03T13:00:00,28,bundle,22.0,2.0,9.0,late,2,2025-08-21,2025-09-03
PA_U000587_2,U000587,2025-09-29,2025-09-30T13:00:00,28,bundle,23.0,10.0,12.0,late,1,2025-09-17,2025-09-30
PA_U000588_1,U000588,2025-07-27,2025-07-29T15:00:00,28,bundle,10.0,14.0,17.0,late,2,2025-07-16,2025-07-29
PA_U000588_2,U000588,2025-08-24,2025-08-24T18:00:00,28,bundle,8.0,18.0,9.0,completed,0,2025-08-11,2025-08-24
PA_U000589_1,U000589,2025-07-06,2025-07-07T13:00:00,28,bundle,13.0,5.0,12.0,late,1,2025-06-24,2025-07-07
PA_U000589_2,U000589,2025-08-03,2025-08-04T09:00:00,28,bundle,18.0,6.0,9.0,late,1,2025-07-22,2025-08-04
PA_U000590_1,U000590,2025-07-14,,28,bundle,,,,missed,22,2025-07-01,2025-07-14
PA_U000590_2,U000590,2025-08-11,2025-08-13T08:00:00,28,bundle,23.0,12.0,14.0,late,2,2025-07-31,2025-08-13
PA_U000591_1,U000591,2025-09-20,,28,bundle,,,,missed,22,2025-09-07,2025-09-20
PA_U000591_2,U000591,2025-10-18,2025-10-19T19:00:00,28,bundle,9.0,7.0,17.0,late,1,2025-10-06,2025-10-19
PA_U000592_1,U000592,2025-09-14,2025-09-14T14:00:00,28,bundle,8.0,10.0,14.0,completed,0,2025-09-01,2025-09-14
PA_U000592_2,U000592,2025-10-12,,28,bundle,,,,missed,11,2025-09-29,2025-10-12
PA_U000593_1,U000593,2025-07-02,2025-07-15T14:00:00,28,bundle,17.0,1.0,16.0,late,13,2025-07-02,2025-07-15
PA_U000593_2,U000593,2025-07-30,2025-08-06T12:00:00,28,bundle,16.0,7.0,12.0,late,7,2025-07-24,2025-08-06
PA_U000594_1,U000594,2025-07-11,,28,bundle,,,,missed,27,2025-06-28,2025-07-11
PA_U000594_2,U000594,2025-08-08,2025-08-08T18:00:00,28,bundle,11.0,16.0,18.0,completed,0,2025-07-26,2025-08-08
PA_U000595_1,U000595,2025-07-01,2025-07-02T17:00:00,28,bundle,10.0,12.0,10.0,late,1,2025-06-19,2025-07-02
PA_U000595_2,U000595,2025-07-29,2025-08-11T13:00:00,28,bundle,1.0,9.0,9.0,late,13,2025-07-29,2025-08-11
PA_U000596_1,U000596,2025-08-05,,28,bundle,,,,missed,27,2025-07-23,2025-08-05
PA_U000596_2,U000596,2025-09-02,,28,bundle,,,,missed,7,2025-08-20,2025-09-02
PA_U000597_1,U000597,2025-09-16,,28,bundle,,,,missed,27,2025-09-03,2025-09-16
PA_U000597_2,U000597,2025-10-14,2025-10-16T12:00:00,28,bundle,23.0,10.0,16.0,late,2,2025-10-03,2025-10-16
PA_U000598_1,U000598,2025-09-12,,28,bundle,,,,missed,20,2025-08-30,2025-09-12
PA_U000598_2,U000598,2025-10-10,2025-10-10T13:00:00,28,bundle,10.0,11.0,12.0,completed,0,2025-09-27,2025-10-10
PA_U000599_1,U000599,2025-09-15,2025-09-15T12:00:00,28,bundle,9.0,7.0,15.0,completed,0,2025-09-02,2025-09-15
PA_U000599_2,U000599,2025-10-13,,28,bundle,,,,missed,21,2025-09-30,2025-10-13
PA_U000600_1,U000600,2025-07-11,2025-07-17T10:00:00,28,bundle,0.0,11.0,8.0,late,6,2025-07-04,2025-07-17
PA_U000600_2,U000600,2025-08-08,2025-08-10T18:00:00,28,bundle,0.0,14.0,7.0,late,2,2025-07-28,2025-08-10
PA_U000601_1,U000601,2025-09-26,,28,bundle,,,,missed,28,2025-09-13,2025-09-26
PA_U000601_2,U000601,2025-10-24,2025-10-25T15:00:00,28,bundle,7.0,13.0,8.0,late,1,2025-10-12,2025-10-25
PA_U000602_1,U000602,2025-08-01,,28,bundle,,,,missed,25,2025-07-19,2025-08-01
PA_U000602_2,U000602,2025-08-29,,28,bundle,,,,missed,25,2025-08-16,2025-08-29
PA_U000603_1,U000603,2025-08-10,2025-08-22T09:00:00,28,bundle,0.0,17.0,0.0,late,12,2025-08-09,2025-08-22
PA_U000603_2,U000603,2025-09-07,,28,bundle,,,,missed,21,2025-08-25,2025-09-07
PA_U000604_1,U000604,2025-09-25,2025-09-26T16:00:00,28,bundle,9.0,12.0,14.0,late,1,2025-09-13,2025-09-26
PA_U000604_2,U000604,2025-10-23,2025-11-01T19:00:00,28,bundle,9.0,14.0,12.0,late,9,2025-10-19,2025-11-01
PA_U000605_1,U000605,2025-07-02,2025-07-04T08:00:00,28,bundle,21.0,4.0,15.0,late,2,2025-06-21,2025-07-04
PA_U000605_2,U000605,2025-07-30,2025-08-01T12:00:00,28,bundle,24.0,7.0,18.0,late,2,2025-07-19,2025-08-01
PA_U000606_1,U000606,2025-07-08,,28,bundle,,,,missed,28,2025-06-25,2025-07-08
PA_U000606_2,U000606,2025-08-05,,28,bundle,,,,missed,10,2025-07-23,2025-08-05
PA_U000607_1,U000607,2025-09-25,2025-09-27T17:00:00,28,bundle,10.0,5.0,13.0,late,2,2025-09-14,2025-09-27
PA_U000607_2,U000607,2025-10-23,2025-10-24T21:00:00,28,bundle,8.0,6.0,14.0,late,1,2025-10-11,2025-10-24
PA_U000608_1,U000608,2025-07-01,,28,bundle,,,,missed,17,2025-06-18,2025-07-01
PA_U000608_2,U000608,2025-07-29,2025-08-06T16:00:00,28,bundle,6.0,9.0,8.0,late,8,2025-07-24,2025-08-06
PA_U000609_1,U000609,2025-07-20,2025-07-21T14:00:00,28,bundle,24.0,18.0,20.0,late,1,2025-07-08,2025-07-21
PA_U000609_2,U000609,2025-08-17,,28,bundle,,,,missed,14,2025-08-04,2025-08-17
PA_U000610_1,U000610,2025-09-03,,28,bundle,,,,missed,19,2025-08-21,2025-09-03
PA_U000610_2,U000610,2025-10-01,2025-10-02T11:00:00,28,bundle,15.0,16.0,13.0,late,1,2025-09-19,2025-10-02
PA_U000611_1,U000611,2025-07-02,2025-07-04T16:00:00,28,bundle,15.0,17.0,1.0,late,2,2025-06-21,2025-07-04
PA_U000611_2,U000611,2025-07-30,2025-08-03T11:00:00,28,bundle,9.0,17.0,1.0,late,4,2025-07-21,2025-08-03
PA_U000612_1,U000612,2025-08-15,,28,bundle,,,,missed,28,2025-08-02,2025-08-15
PA_U000612_2,U000612,2025-09-12,,28,bundle,,,,missed,25,2025-08-30,2025-09-12
PA_U000613_1,U000613,2025-09-17,,28,bundle,,,,missed,24,2025-09-04,2025-09-17
PA_U000613_2,U000613,2025-10-15,2025-10-15T19:00:00,28,bundle,8.0,19.0,6.0,completed,0,2025-10-02,2025-10-15
PA_U000614_1,U000614,2025-07-14,2025-07-23T16:00:00,28,bundle,13.0,13.0,13.0,late,9,2025-07-10,2025-07-23
PA_U000614_2,U000614,2025-08-11,2025-08-15T18:00:00,28,bundle,8.0,20.0,15.0,late,4,2025-08-02,2025-08-15
PA_U000615_1,U000615,2025-07-19,2025-07-27T11:00:00,28,bundle,11.0,8.0,11.0,late,8,2025-07-14,2025-07-27
PA_U000615_2,U000615,2025-08-16,2025-08-17T08:00:00,28,bundle,13.0,5.0,12.0,late,1,2025-08-04,2025-08-17
PA_U000616_1,U000616,2025-08-02,2025-08-02T20:00:00,28,bundle,0.0,10.0,12.0,completed,0,2025-07-20,2025-08-02
PA_U000616_2,U000616,2025-08-30,,28,bundle,,,,missed,23,2025-08-17,2025-08-30
PA_U000617_1,U000617,2025-07-28,,28,bundle,,,,missed,22,2025-07-15,2025-07-28
PA_U000617_2,U000617,2025-08-25,2025-08-27T19:00:00,28,bundle,5.0,13.0,10.0,late,2,2025-08-14,2025-08-27
PA_U000618_1,U000618,2025-07-14,,28,bundle,,,,missed,16,2025-07-01,2025-07-14
PA_U000618_2,U000618,2025-08-11,,28,bundle,,,,missed,10,2025-07-29,2025-08-11
PA_U000619_1,U000619,2025-09-10,,28,bundle,,,,missed,9,2025-08-28,2025-09-10
PA_U000619_2,U000619,2025-10-08,2025-10-09T19:00:00,28,bundle,11.0,13.0,13.0,late,1,2025-09-26,2025-10-09
PA_U000620_1,U000620,2025-08-01,2025-08-02T13:00:00,28,bundle,15.0,19.0,18.0,late,1,2025-07-20,2025-08-02
PA_U000620_2,U000620,2025-08-29,,28,bundle,,,,missed,14,2025-08-16,2025-08-29
PA_U000621_1,U000621,2025-07-27,,28,bundle,,,,missed,18,2025-07-14,2025-07-27
PA_U000621_2,U000621,2025-08-24,2025-08-25T21:00:00,28,bundle,15.0,11.0,20.0,late,1,2025-08-12,2025-08-25
PA_U000622_1,U000622,2025-08-09,2025-08-16T11:00:00,28,bundle,14.0,19.0,15.0,late,7,2025-08-03,2025-08-16
PA_U000622_2,U000622,2025-09-06,2025-09-13T13:00:00,28,bundle,15.0,21.0,15.0,late,7,2025-08-31,2025-09-13
PA_U000623_1,U000623,2025-08-07,,28,bundle,,,,missed,21,2025-07-25,2025-08-07
PA_U000623_2,U000623,2025-09-04,,28,bundle,,,,missed,12,2025-08-22,2025-09-04
PA_U000624_1,U000624,2025-07-20,2025-07-20T19:00:00,28,bundle,5.0,10.0,11.0,completed,0,2025-07-07,2025-07-20
PA_U000624_2,U000624,2025-08-17,2025-08-18T14:00:00,28,bundle,3.0,10.0,15.0,late,1,2025-08-05,2025-08-18
PA_U000625_1,U000625,2025-09-03,2025-09-03T12:00:00,28,bundle,13.0,20.0,13.0,completed,0,2025-08-21,2025-09-03
PA_U000625_2,U000625,2025-10-01,2025-10-02T16:00:00,28,bundle,18.0,20.0,14.0,late,1,2025-09-19,2025-10-02
PA_U000626_1,U000626,2025-08-01,2025-08-02T17:00:00,28,bundle,16.0,12.0,15.0,late,1,2025-07-20,2025-08-02
PA_U000626_2,U000626,2025-08-29,,28,bundle,,,,missed,11,2025-08-16,2025-08-29
PA_U000627_1,U000627,2025-06-30,2025-07-02T18:00:00,28,bundle,10.0,12.0,9.0,late,2,2025-06-19,2025-07-02
PA_U000627_2,U000627,2025-07-28,,28,bundle,,,,missed,18,2025-07-15,2025-07-28
PA_U000628_1,U000628,2025-08-18,2025-08-20T16:00:00,28,bundle,15.0,11.0,6.0,late,2,2025-08-07,2025-08-20
PA_U000628_2,U000628,2025-09-15,2025-09-15T18:00:00,28,bundle,18.0,10.0,7.0,completed,0,2025-09-02,2025-09-15
PA_U000629_1,U000629,2025-07-09,2025-07-23T10:00:00,28,bundle,19.0,13.0,14.0,late,14,2025-07-10,2025-07-23
PA_U000629_2,U000629,2025-08-06,2025-08-08T09:00:00,28,bundle,17.0,9.0,20.0,late,2,2025-07-26,2025-08-08
PA_U000630_1,U000630,2025-09-15,2025-09-20T11:00:00,28,bundle,5.0,15.0,3.0,late,5,2025-09-07,2025-09-20
PA_U000630_2,U000630,2025-10-13,,28,bundle,,,,missed,15,2025-09-30,2025-10-13
PA_U000631_1,U000631,2025-09-16,2025-09-16T08:00:00,28,bundle,8.0,7.0,3.0,completed,0,2025-09-03,2025-09-16
PA_U000631_2,U000631,2025-10-14,2025-10-18T21:00:00,28,bundle,7.0,6.0,6.0,late,4,2025-10-05,2025-10-18
PA_U000632_1,U000632,2025-08-04,,28,bundle,,,,missed,25,2025-07-22,2025-08-04
PA_U000632_2,U000632,2025-09-01,,28,bundle,,,,missed,18,2025-08-19,2025-09-01
PA_U000633_1,U000633,2025-07-19,2025-07-26T17:00:00,28,bundle,27.0,17.0,13.0,late,7,2025-07-13,2025-07-26
PA_U000633_2,U000633,2025-08-16,2025-08-18T12:00:00,28,bundle,21.0,19.0,13.0,late,2,2025-08-05,2025-08-18
PA_U000634_1,U000634,2025-09-18,2025-09-21T20:00:00,28,bundle,16.0,11.0,20.0,late,3,2025-09-08,2025-09-21
PA_U000634_2,U000634,2025-10-16,2025-10-18T09:00:00,28,bundle,11.0,5.0,25.0,late,2,2025-10-05,2025-10-18
PA_U000635_1,U000635,2025-08-22,2025-08-24T14:00:00,28,bundle,16.0,8.0,24.0,late,2,2025-08-11,2025-08-24
PA_U000635_2,U000635,2025-09-19,2025-09-19T15:00:00,28,bundle,13.0,8.0,26.0,completed,0,2025-09-06,2025-09-19
PA_U000636_1,U000636,2025-09-19,,28,bundle,,,,missed,22,2025-09-06,2025-09-19
PA_U000636_2,U000636,2025-10-17,2025-10-19T12:00:00,28,bundle,8.0,4.0,1.0,late,2,2025-10-06,2025-10-19
PA_U000637_1,U000637,2025-09-05,2025-09-05T09:00:00,28,bundle,11.0,19.0,8.0,completed,0,2025-08-23,2025-09-05
PA_U000637_2,U000637,2025-10-03,2025-10-03T08:00:00,28,bundle,8.0,20.0,13.0,completed,0,2025-09-20,2025-10-03
PA_U000638_1,U000638,2025-09-22,2025-09-22T09:00:00,28,bundle,8.0,4.0,15.0,completed,0,2025-09-09,2025-09-22
PA_U000638_2,U000638,2025-10-20,2025-10-20T08:00:00,28,bundle,5.0,3.0,10.0,completed,0,2025-10-07,2025-10-20
PA_U000639_1,U000639,2025-08-11,2025-08-16T11:00:00,28,bundle,8.0,9.0,11.0,late,5,2025-08-03,2025-08-16
PA_U000639_2,U000639,2025-09-08,2025-09-08T08:00:00,28,bundle,5.0,10.0,16.0,completed,0,2025-08-26,2025-09-08
PA_U000640_1,U000640,2025-09-04,,28,bundle,,,,missed,12,2025-08-22,2025-09-04
PA_U000640_2,U000640,2025-10-02,,28,bundle,,,,missed,24,2025-09-19,2025-10-02
PA_U000641_1,U000641,2025-08-29,2025-08-29T19:00:00,28,bundle,3.0,12.0,13.0,completed,0,2025-08-16,2025-08-29
PA_U000641_2,U000641,2025-09-26,,28,bundle,,,,missed,13,2025-09-13,2025-09-26
PA_U000642_1,U000642,2025-07-08,,28,bundle,,,,missed,10,2025-06-25,2025-07-08
PA_U000642_2,U000642,2025-08-05,2025-08-06T13:00:00,28,bundle,15.0,8.0,20.0,late,1,2025-07-24,2025-08-06
PA_U000643_1,U000643,2025-08-19,,28,bundle,,,,missed,28,2025-08-06,2025-08-19
PA_U000643_2,U000643,2025-09-16,,28,bundle,,,,missed,17,2025-09-03,2025-09-16
PA_U000644_1,U000644,2025-09-17,2025-10-01T11:00:00,28,bundle,1.0,7.0,7.0,late,14,2025-09-18,2025-10-01
PA_U000644_2,U000644,2025-10-15,2025-10-16T15:00:00,28,bundle,8.0,5.0,5.0,late,1,2025-10-03,2025-10-16
PA_U000645_1,U000645,2025-08-14,,28,bundle,,,,missed,15,2025-08-01,2025-08-14
PA_U000645_2,U000645,2025-09-11,,28,bundle,,,,missed,17,2025-08-29,2025-09-11
PA_U000646_1,U000646,2025-09-12,,28,bundle,,,,missed,16,2025-08-30,2025-09-12
PA_U000646_2,U000646,2025-10-10,,28,bundle,,,,missed,9,2025-09-27,2025-10-10
PA_U000647_1,U000647,2025-09-15,,28,bundle,,,,missed,19,2025-09-02,2025-09-15
PA_U000647_2,U000647,2025-10-13,2025-10-15T12:00:00,28,bundle,0.0,10.0,20.0,late,2,2025-10-02,2025-10-15
PA_U000648_1,U000648,2025-09-01,2025-09-07T19:00:00,28,bundle,13.0,13.0,7.0,late,6,2025-08-25,2025-09-07
PA_U000648_2,U000648,2025-09-29,,28,bundle,,,,missed,28,2025-09-16,2025-09-29
PA_U000649_1,U000649,2025-09-25,2025-10-04T09:00:00,28,bundle,7.0,11.0,4.0,late,9,2025-09-21,2025-10-04
PA_U000649_2,U000649,2025-10-23,2025-10-25T14:00:00,28,bundle,7.0,10.0,0.0,late,2,2025-10-12,2025-10-25
PA_U000650_1,U000650,2025-07-23,,28,bundle,,,,missed,12,2025-07-10,2025-07-23
PA_U000650_2,U000650,2025-08-20,,28,bundle,,,,missed,10,2025-08-07,2025-08-20
PA_U000651_1,U000651,2025-08-05,,28,bundle,,,,missed,18,2025-07-23,2025-08-05
PA_U000651_2,U000651,2025-09-02,2025-09-03T10:00:00,28,bundle,10.0,12.0,17.0,late,1,2025-08-21,2025-09-03
PA_U000652_1,U000652,2025-09-27,2025-09-29T12:00:00,28,bundle,17.0,12.0,11.0,late,2,2025-09-16,2025-09-29
PA_U000652_2,U000652,2025-10-25,,28,bundle,,,,missed,27,2025-10-12,2025-10-25
PA_U000653_1,U000653,2025-07-15,2025-07-29T10:00:00,28,bundle,7.0,15.0,6.0,late,14,2025-07-16,2025-07-29
PA_U000653_2,U000653,2025-08-12,2025-08-13T14:00:00,28,bundle,6.0,14.0,14.0,late,1,2025-07-31,2025-08-13
PA_U000654_1,U000654,2025-09-18,,28,bundle,,,,missed,24,2025-09-05,2025-09-18
PA_U000654_2,U000654,2025-10-16,2025-10-18T15:00:00,28,bundle,7.0,10.0,13.0,late,2,2025-10-05,2025-10-18
PA_U000655_1,U000655,2025-08-10,2025-08-12T15:00:00,28,bundle,9.0,9.0,21.0,late,2,2025-07-30,2025-08-12
PA_U000655_2,U000655,2025-09-07,2025-09-07T13:00:00,28,bundle,7.0,10.0,21.0,completed,0,2025-08-25,2025-09-07
PA_U000656_1,U000656,2025-08-19,2025-08-19T20:00:00,28,bundle,15.0,16.0,15.0,completed,0,2025-08-06,2025-08-19
PA_U000656_2,U000656,2025-09-16,,28,bundle,,,,missed,11,2025-09-03,2025-09-16
PA_U000657_1,U000657,2025-07-28,,28,bundle,,,,missed,21,2025-07-15,2025-07-28
PA_U000657_2,U000657,2025-08-25,,28,bundle,,,,missed,17,2025-08-12,2025-08-25
PA_U000658_1,U000658,2025-07-10,2025-07-11T21:00:00,28,bundle,16.0,12.0,2.0,late,1,2025-06-28,2025-07-11
PA_U000658_2,U000658,2025-08-07,,28,bundle,,,,missed,11,2025-07-25,2025-08-07
PA_U000659_1,U000659,2025-09-03,2025-09-05T20:00:00,28,bundle,2.0,19.0,16.0,late,2,2025-08-23,2025-09-05
PA_U000659_2,U000659,2025-10-01,2025-10-12T14:00:00,28,bundle,1.0,14.0,18.0,late,11,2025-09-29,2025-10-12
PA_U000660_1,U000660,2025-07-27,2025-08-06T11:00:00,28,bundle,4.0,17.0,11.0,late,10,2025-07-24,2025-08-06
PA_U000660_2,U000660,2025-08-24,,28,bundle,,,,missed,15,2025-08-11,2025-08-24
PA_U000661_1,U000661,2025-07-04,2025-07-05T14:00:00,28,bundle,18.0,19.0,16.0,late,1,2025-06-22,2025-07-05
PA_U000661_2,U000661,2025-08-01,2025-08-15T15:00:00,28,bundle,16.0,21.0,15.0,late,14,2025-08-02,2025-08-15
PA_U000662_1,U000662,2025-09-06,2025-09-17T16:00:00,28,bundle,12.0,0.0,7.0,late,11,2025-09-04,2025-09-17
PA_U000662_2,U000662,2025-10-04,,28,bundle,,,,missed,10,2025-09-21,2025-10-04
PA_U000663_1,U000663,2025-09-19,2025-09-22T11:00:00,28,bundle,12.0,13.0,7.0,late,3,2025-09-09,2025-09-22
PA_U000663_2,U000663,2025-10-17,,28,bundle,,,,missed,18,2025-10-04,2025-10-17
PA_U000664_1,U000664,2025-07-16,,28,bundle,,,,missed,11,2025-07-03,2025-07-16
PA_U000664_2,U000664,2025-08-13,,28,bundle,,,,missed,7,2025-07-31,2025-08-13
PA_U000665_1,U000665,2025-07-08,2025-07-08T13:00:00,28,bundle,15.0,2.0,9.0,completed,0,2025-06-25,2025-07-08
PA_U000665_2,U000665,2025-08-05,2025-08-09T10:00:00,28,bundle,17.0,6.0,10.0,late,4,2025-07-27,2025-08-09
PA_U000666_1,U000666,2025-08-30,,28,bundle,,,,missed,20,2025-08-17,2025-08-30
PA_U000666_2,U000666,2025-09-27,2025-09-28T11:00:00,28,bundle,8.0,15.0,15.0,late,1,2025-09-15,2025-09-28
PA_U000667_1,U000667,2025-08-13,,28,bundle,,,,missed,10,2025-07-31,2025-08-13
PA_U000667_2,U000667,2025-09-10,2025-09-11T10:00:00,28,bundle,6.0,10.0,17.0,late,1,2025-08-29,2025-09-11
PA_U000668_1,U000668,2025-09-12,2025-09-18T12:00:00,28,bundle,16.0,16.0,18.0,late,6,2025-09-05,2025-09-18
PA_U000668_2,U000668,2025-10-10,2025-10-21T09:00:00,28,bundle,10.0,19.0,12.0,late,11,2025-10-08,2025-10-21
PA_U000669_1,U000669,2025-08-06,2025-08-19T19:00:00,28,bundle,18.0,10.0,2.0,late,13,2025-08-06,2025-08-19
PA_U000669_2,U000669,2025-09-03,,28,bundle,,,,missed,11,2025-08-21,2025-09-03
PA_U000670_1,U000670,2025-07-15,2025-07-23T15:00:00,28,bundle,10.0,5.0,14.0,late,8,2025-07-10,2025-07-23
PA_U000670_2,U000670,2025-08-12,,28,bundle,,,,missed,10,2025-07-30,2025-08-12
PA_U000671_1,U000671,2025-09-04,,28,bundle,,,,missed,20,2025-08-22,2025-09-04
PA_U000671_2,U000671,2025-10-02,2025-10-03T15:00:00,28,bundle,12.0,13.0,19.0,late,1,2025-09-20,2025-10-03
PA_U000672_1,U000672,2025-08-27,,28,bundle,,,,missed,13,2025-08-14,2025-08-27
PA_U000672_2,U000672,2025-09-24,,28,bundle,,,,missed,10,2025-09-11,2025-09-24
PA_U000673_1,U000673,2025-08-22,,28,bundle,,,,missed,16,2025-08-09,2025-08-22
PA_U000673_2,U000673,2025-09-19,,28,bundle,,,,missed,17,2025-09-06,2025-09-19
PA_U000674_1,U000674,2025-08-29,,28,bundle,,,,missed,11,2025-08-16,2025-08-29
PA_U000674_2,U000674,2025-09-26,2025-09-27T19:00:00,28,bundle,13.0,3.0,19.0,late,1,2025-09-14,2025-09-27
PA_U000675_1,U000675,2025-07-11,,28,bundle,,,,missed,12,2025-06-28,2025-07-11
PA_U000675_2,U000675,2025-08-08,2025-08-10T20:00:00,28,bundle,11.0,7.0,0.0,late,2,2025-07-28,2025-08-10
PA_U000676_1,U000676,2025-09-08,,28,bundle,,,,missed,14,2025-08-26,2025-09-08
PA_U000676_2,U000676,2025-10-06,2025-10-07T14:00:00,28,bundle,9.0,10.0,23.0,late,1,2025-09-24,2025-10-07
PA_U000677_1,U000677,2025-07-01,,28,bundle,,,,missed,28,2025-06-18,2025-07-01
PA_U000677_2,U000677,2025-07-29,2025-07-29T19:00:00,28,bundle,13.0,13.0,9.0,completed,0,2025-07-16,2025-07-29
PA_U000678_1,U000678,2025-08-04,,28,bundle,,,,missed,27,2025-07-22,2025-08-04
PA_U000678_2,U000678,2025-09-01,2025-09-02T19:00:00,28,bundle,10.0,17.0,1.0,late,1,2025-08-20,2025-09-02
PA_U000679_1,U000679,2025-07-21,,28,bundle,,,,missed,21,2025-07-08,2025-07-21
PA_U000679_2,U000679,2025-08-18,2025-08-29T14:00:00,28,bundle,19.0,12.0,13.0,late,11,2025-08-16,2025-08-29
PA_U000680_1,U000680,2025-07-13,2025-07-16T12:00:00,28,bundle,2.0,9.0,12.0,late,3,2025-07-03,2025-07-16
PA_U000680_2,U000680,2025-08-10,,28,bundle,,,,missed,25,2025-07-28,2025-08-10
PA_U000681_1,U000681,2025-07-21,,28,bundle,,,,missed,15,2025-07-08,2025-07-21
PA_U000681_2,U000681,2025-08-18,2025-08-25T18:00:00,28,bundle,11.0,10.0,21.0,late,7,2025-08-12,2025-08-25
PA_U000682_1,U000682,2025-09-13,,28,bundle,,,,missed,10,2025-08-31,2025-09-13
PA_U000682_2,U000682,2025-10-11,2025-10-12T09:00:00,28,bundle,8.0,8.0,12.0,late,1,2025-09-29,2025-10-12
PA_U000683_1,U000683,2025-07-23,,28,bundle,,,,missed,10,2025-07-10,2025-07-23
PA_U000683_2,U000683,2025-08-20,2025-09-03T19:00:00,28,bundle,16.0,16.0,13.0,late,14,2025-08-21,2025-09-03
PA_U000684_1,U000684,2025-07-04,,28,bundle,,,,missed,12,2025-06-21,2025-07-04
PA_U000684_2,U000684,2025-08-01,,28,bundle,,,,missed,13,2025-07-19,2025-08-01
PA_U000685_1,U000685,2025-09-08,2025-09-12T14:00:00,28,bundle,11.0,9.0,11.0,late,4,2025-08-30,2025-09-12
PA_U000685_2,U000685,2025-10-06,2025-10-16T21:00:00,28,bundle,10.0,10.0,13.0,late,10,2025-10-03,2025-10-16
PA_U000686_1,U000686,2025-09-29,2025-10-06T18:00:00,28,bundle,12.0,20.0,20.0,late,7,2025-09-23,2025-10-06
PA_U000686_2,U000686,2025-10-27,2025-10-29T15:00:00,28,bundle,11.0,16.0,17.0,late,2,2025-10-16,2025-10-29
PA_U000687_1,U000687,2025-08-18,2025-08-20T10:00:00,28,bundle,15.0,12.0,18.0,late,2,2025-08-07,2025-08-20
PA_U000687_2,U000687,2025-09-15,,28,bundle,,,,missed,9,2025-09-02,2025-09-15
PA_U000688_1,U000688,2025-07-09,,28,bundle,,,,missed,20,2025-06-26,2025-07-09
PA_U000688_2,U000688,2025-08-06,2025-08-07T08:00:00,28,bundle,18.0,8.0,28.0,late,1,2025-07-25,2025-08-07
PA_U000689_1,U000689,2025-08-02,2025-08-04T09:00:00,28,bundle,26.0,9.0,12.0,late,2,2025-07-22,2025-08-04
PA_U000689_2,U000689,2025-08-30,2025-08-30T17:00:00,28,bundle,23.0,16.0,8.0,completed,0,2025-08-17,2025-08-30
PA_U000690_1,U000690,2025-08-06,2025-08-17T14:00:00,28,bundle,8.0,1.0,12.0,late,11,2025-08-04,2025-08-17
PA_U000690_2,U000690,2025-09-03,2025-09-05T10:00:00,28,bundle,8.0,4.0,16.0,late,2,2025-08-23,2025-09-05
PA_U000691_1,U000691,2025-08-09,,28,bundle,,,,missed,26,2025-07-27,2025-08-09
PA_U000691_2,U000691,2025-09-06,2025-09-08T16:00:00,28,bundle,15.0,3.0,17.0,late,2,2025-08-26,2025-09-08
PA_U000692_1,U000692,2025-07-14,2025-07-25T14:00:00,28,bundle,11.0,18.0,22.0,late,11,2025-07-12,2025-07-25
PA_U000692_2,U000692,2025-08-11,2025-08-12T10:00:00,28,bundle,15.0,21.0,23.0,late,1,2025-07-30,2025-08-12
PA_U000693_1,U000693,2025-07-25,,28,bundle,,,,missed,25,2025-07-12,2025-07-25
PA_U000693_2,U000693,2025-08-22,,28,bundle,,,,missed,24,2025-08-09,2025-08-22
PA_U000694_1,U000694,2025-08-08,2025-08-09T08:00:00,28,bundle,11.0,14.0,26.0,late,1,2025-07-27,2025-08-09
PA_U000694_2,U000694,2025-09-05,,28,bundle,,,,missed,15,2025-08-23,2025-09-05
PA_U000695_1,U000695,2025-09-23,2025-09-26T12:00:00,28,bundle,12.0,12.0,14.0,late,3,2025-09-13,2025-09-26
PA_U000695_2,U000695,2025-10-21,,28,bundle,,,,missed,15,2025-10-08,2025-10-21
PA_U000696_1,U000696,2025-07-01,2025-07-02T20:00:00,28,bundle,11.0,1.0,3.0,late,1,2025-06-19,2025-07-02
PA_U000696_2,U000696,2025-07-29,,28,bundle,,,,missed,7,2025-07-16,2025-07-29
PA_U000697_1,U000697,2025-09-12,,28,bundle,,,,missed,27,2025-08-30,2025-09-12
PA_U000697_2,U000697,2025-10-10,,28,bundle,,,,missed,8,2025-09-27,2025-10-10
PA_U000698_1,U000698,2025-09-09,2025-09-15T11:00:00,28,bundle,11.0,12.0,11.0,late,6,2025-09-02,2025-09-15
PA_U000698_2,U000698,2025-10-07,2025-10-08T16:00:00,28,bundle,9.0,11.0,11.0,late,1,2025-09-25,2025-10-08
PA_U000699_1,U000699,2025-09-05,2025-09-07T20:00:00,28,bundle,9.0,12.0,8.0,late,2,2025-08-25,2025-09-07
PA_U000699_2,U000699,2025-10-03,2025-10-03T17:00:00,28,bundle,11.0,16.0,7.0,completed,0,2025-09-20,2025-10-03
PA_U000700_1,U000700,2025-07-26,2025-08-01T17:00:00,28,bundle,20.0,14.0,9.0,late,6,2025-07-19,2025-08-01
PA_U000700_2,U000700,2025-08-23,,28,bundle,,,,missed,25,2025-08-10,2025-08-23
PA_U000701_1,U000701,2025-08-04,,28,bundle,,,,missed,19,2025-07-22,2025-08-04
PA_U000701_2,U000701,2025-09-01,,28,bundle,,,,missed,23,2025-08-19,2025-09-01
PA_U000702_1,U000702,2025-09-29,2025-10-04T19:00:00,28,bundle,3.0,16.0,3.0,late,5,2025-09-21,2025-10-04
PA_U000702_2,U000702,2025-10-27,2025-11-07T21:00:00,28,bundle,1.0,14.0,2.0,late,11,2025-10-25,2025-11-07
PA_U000703_1,U000703,2025-07-18,2025-07-20T11:00:00,28,bundle,14.0,10.0,15.0,late,2,2025-07-07,2025-07-20
PA_U000703_2,U000703,2025-08-15,2025-08-22T14:00:00,28,bundle,15.0,11.0,19.0,late,7,2025-08-09,2025-08-22
PA_U000704_1,U000704,2025-07-28,,28,bundle,,,,missed,24,2025-07-15,2025-07-28
PA_U000704_2,U000704,2025-08-25,2025-08-30T11:00:00,28,bundle,14.0,19.0,20.0,late,5,2025-08-17,2025-08-30
PA_U000705_1,U000705,2025-07-08,,28,bundle,,,,missed,17,2025-06-25,2025-07-08
PA_U000705_2,U000705,2025-08-05,2025-08-12T10:00:00,28,bundle,16.0,21.0,13.0,late,7,2025-07-30,2025-08-12
PA_U000706_1,U000706,2025-08-26,,28,bundle,,,,missed,17,2025-08-13,2025-08-26
PA_U000706_2,U000706,2025-09-23,2025-09-25T11:00:00,28,bundle,15.0,13.0,17.0,late,2,2025-09-12,2025-09-25
PA_U000707_1,U000707,2025-08-27,2025-08-27T12:00:00,28,bundle,24.0,3.0,16.0,completed,0,2025-08-14,2025-08-27
PA_U000707_2,U000707,2025-09-24,,28,bundle,,,,missed,22,2025-09-11,2025-09-24
PA_U000708_1,U000708,2025-07-08,2025-07-08T13:00:00,28,bundle,13.0,17.0,16.0,completed,0,2025-06-25,2025-07-08
PA_U000708_2,U000708,2025-08-05,,28,bundle,,,,missed,8,2025-07-23,2025-08-05
PA_U000709_1,U000709,2025-07-22,2025-07-22T19:00:00,28,bundle,12.0,4.0,2.0,completed,0,2025-07-09,2025-07-22
PA_U000709_2,U000709,2025-08-19,2025-08-21T19:00:00,28,bundle,8.0,5.0,0.0,late,2,2025-08-08,2025-08-21
PA_U000710_1,U000710,2025-08-10,,28,bundle,,,,missed,12,2025-07-28,2025-08-10
PA_U000710_2,U000710,2025-09-07,,28,bundle,,,,missed,14,2025-08-25,2025-09-07
PA_U000711_1,U000711,2025-06-29,,28,bundle,,,,missed,20,2025-06-16,2025-06-29
PA_U000711_2,U000711,2025-07-27,,28,bundle,,,,missed,20,2025-07-14,2025-07-27
PA_U000712_1,U000712,2025-08-16,2025-08-16T17:00:00,28,bundle,13.0,4.0,15.0,completed,0,2025-08-03,2025-08-16
PA_U000712_2,U000712,2025-09-13,2025-09-13T16:00:00,28,bundle,12.0,2.0,13.0,completed,0,2025-08-31,2025-09-13
PA_U000713_1,U000713,2025-09-19,2025-09-19T19:00:00,28,bundle,7.0,9.0,6.0,completed,0,2025-09-06,2025-09-19
PA_U000713_2,U000713,2025-10-17,2025-10-17T13:00:00,28,bundle,4.0,1.0,13.0,completed,0,2025-10-04,2025-10-17
PA_U000714_1,U000714,2025-09-07,,28,bundle,,,,missed,10,2025-08-25,2025-09-07
PA_U000714_2,U000714,2025-10-05,2025-10-06T16:00:00,28,bundle,17.0,11.0,19.0,late,1,2025-09-23,2025-10-06
PA_U000715_1,U000715,2025-08-01,2025-08-02T09:00:00,28,bundle,5.0,4.0,10.0,late,1,2025-07-20,2025-08-02
PA_U000715_2,U000715,2025-08-29,,28,bundle,,,,missed,23,2025-08-16,2025-08-29
PA_U000716_1,U000716,2025-08-16,2025-08-16T09:00:00,28,bundle,11.0,4.0,24.0,completed,0,2025-08-03,2025-08-16
PA_U000716_2,U000716,2025-09-13,2025-09-23T17:00:00,28,bundle,10.0,7.0,20.0,late,10,2025-09-10,2025-09-23
PA_U000717_1,U000717,2025-08-27,2025-08-28T12:00:00,28,bundle,4.0,9.0,19.0,late,1,2025-08-15,2025-08-28
PA_U000717_2,U000717,2025-09-24,,28,bundle,,,,missed,26,2025-09-11,2025-09-24
PA_U000718_1,U000718,2025-07-11,,28,bundle,,,,missed,26,2025-06-28,2025-07-11
PA_U000718_2,U000718,2025-08-08,2025-08-10T17:00:00,28,bundle,18.0,15.0,21.0,late,2,2025-07-28,2025-08-10
PA_U000719_1,U000719,2025-07-19,2025-07-21T20:00:00,28,bundle,11.0,0.0,17.0,late,2,2025-07-08,2025-07-21
PA_U000719_2,U000719,2025-08-16,2025-08-18T14:00:00,28,bundle,8.0,4.0,14.0,late,2,2025-08-05,2025-08-18
PA_U000720_1,U000720,2025-07-06,2025-07-19T21:00:00,28,bundle,3.0,10.0,2.0,late,13,2025-07-06,2025-07-19
PA_U000720_2,U000720,2025-08-03,2025-08-08T12:00:00,28,bundle,9.0,9.0,3.0,late,5,2025-07-26,2025-08-08
PA_U000721_1,U000721,2025-07-05,2025-07-09T19:00:00,28,bundle,22.0,9.0,16.0,late,4,2025-06-26,2025-07-09
PA_U000721_2,U000721,2025-08-02,2025-08-04T11:00:00,28,bundle,19.0,11.0,11.0,late,2,2025-07-22,2025-08-04
PA_U000722_1,U000722,2025-08-22,2025-09-05T12:00:00,28,bundle,12.0,9.0,13.0,late,14,2025-08-23,2025-09-05
PA_U000722_2,U000722,2025-09-19,2025-09-20T18:00:00,28,bundle,9.0,10.0,8.0,late,1,2025-09-07,2025-09-20
PA_U000723_1,U000723,2025-08-06,2025-08-10T21:00:00,28,bundle,14.0,11.0,18.0,late,4,2025-07-28,2025-08-10
PA_U000723_2,U000723,2025-09-03,2025-09-03T14:00:00,28,bundle,9.0,13.0,17.0,completed,0,2025-08-21,2025-09-03
PA_U000724_1,U000724,2025-07-31,2025-07-31T16:00:00,28,bundle,13.0,20.0,14.0,completed,0,2025-07-18,2025-07-31
PA_U000724_2,U000724,2025-08-28,,28,bundle,,,,missed,25,2025-08-15,2025-08-28
PA_U000725_1,U000725,2025-09-28,2025-10-05T09:00:00,28,bundle,23.0,14.0,17.0,late,7,2025-09-22,2025-10-05
PA_U000725_2,U000725,2025-10-26,2025-10-26T16:00:00,28,bundle,26.0,16.0,22.0,completed,0,2025-10-13,2025-10-26
PA_U000726_1,U000726,2025-07-05,2025-07-06T10:00:00,28,bundle,12.0,1.0,17.0,late,1,2025-06-23,2025-07-06
PA_U000726_2,U000726,2025-08-02,2025-08-08T20:00:00,28,bundle,15.0,3.0,18.0,late,6,2025-07-26,2025-08-08
PA_U000727_1,U000727,2025-08-13,2025-08-13T16:00:00,28,bundle,17.0,6.0,11.0,completed,0,2025-07-31,2025-08-13
PA_U000727_2,U000727,2025-09-10,2025-09-10T14:00:00,28,bundle,15.0,1.0,14.0,completed,0,2025-08-28,2025-09-10
PA_U000728_1,U000728,2025-09-25,,28,bundle,,,,missed,10,2025-09-12,2025-09-25
PA_U000728_2,U000728,2025-10-23,,28,bundle,,,,missed,23,2025-10-10,2025-10-23
PA_U000729_1,U000729,2025-09-24,2025-09-24T17:00:00,28,bundle,20.0,11.0,10.0,completed,0,2025-09-11,2025-09-24
PA_U000729_2,U000729,2025-10-22,2025-10-23T08:00:00,28,bundle,17.0,10.0,11.0,late,1,2025-10-10,2025-10-23
PA_U000730_1,U000730,2025-09-10,2025-09-12T19:00:00,28,bundle,3.0,2.0,7.0,late,2,2025-08-30,2025-09-12
PA_U000730_2,U000730,2025-10-08,2025-10-11T08:00:00,28,bundle,3.0,3.0,3.0,late,3,2025-09-28,2025-10-11
PA_U000731_1,U000731,2025-08-23,2025-09-03T12:00:00,28,bundle,6.0,15.0,12.0,late,11,2025-08-21,2025-09-03
PA_U000731_2,U000731,2025-09-20,2025-09-20T08:00:00,28,bundle,6.0,17.0,12.0,completed,0,2025-09-07,2025-09-20
PA_U000732_1,U000732,2025-09-26,2025-09-27T20:00:00,28,bundle,11.0,5.0,14.0,late,1,2025-09-14,2025-09-27
PA_U000732_2,U000732,2025-10-24,2025-10-27T11:00:00,28,bundle,12.0,3.0,9.0,late,3,2025-10-14,2025-10-27
PA_U000733_1,U000733,2025-09-25,2025-09-27T20:00:00,28,bundle,15.0,15.0,22.0,late,2,2025-09-14,2025-09-27
PA_U000733_2,U000733,2025-10-23,2025-10-25T14:00:00,28,bundle,13.0,17.0,23.0,late,2,2025-10-12,2025-10-25
PA_U000734_1,U000734,2025-07-10,,28,bundle,,,,missed,21,2025-06-27,2025-07-10
PA_U000734_2,U000734,2025-08-07,,28,bundle,,,,missed,24,2025-07-25,2025-08-07
PA_U000735_1,U000735,2025-09-11,,28,bundle,,,,missed,20,2025-08-29,2025-09-11
PA_U000735_2,U000735,2025-10-09,2025-10-09T09:00:00,28,bundle,13.0,13.0,15.0,completed,0,2025-09-26,2025-10-09
PA_U000736_1,U000736,2025-08-26,2025-08-27T15:00:00,28,bundle,10.0,9.0,2.0,late,1,2025-08-14,2025-08-27
PA_U000736_2,U000736,2025-09-23,2025-09-24T18:00:00,28,bundle,11.0,8.0,0.0,late,1,2025-09-11,2025-09-24
PA_U000737_1,U000737,2025-09-24,,28,bundle,,,,missed,14,2025-09-11,2025-09-24
PA_U000737_2,U000737,2025-10-22,,28,bundle,,,,missed,16,2025-10-09,2025-10-22
PA_U000738_1,U000738,2025-07-26,,28,bundle,,,,missed,23,2025-07-13,2025-07-26
PA_U000738_2,U000738,2025-08-23,2025-08-25T09:00:00,28,bundle,8.0,7.0,4.0,late,2,2025-08-12,2025-08-25
PA_U000739_1,U000739,2025-08-22,2025-09-05T17:00:00,28,bundle,12.0,1.0,3.0,late,14,2025-08-23,2025-09-05
PA_U000739_2,U000739,2025-09-19,,28,bundle,,,,missed,12,2025-09-06,2025-09-19
PA_U000740_1,U000740,2025-07-21,2025-07-23T16:00:00,28,bundle,7.0,21.0,16.0,late,2,2025-07-10,2025-07-23
PA_U000740_2,U000740,2025-08-18,,28,bundle,,,,missed,23,2025-08-05,2025-08-18
PA_U000741_1,U000741,2025-07-26,,28,bundle,,,,missed,24,2025-07-13,2025-07-26
PA_U000741_2,U000741,2025-08-23,,28,bundle,,,,missed,27,2025-08-10,2025-08-23
PA_U000742_1,U000742,2025-07-03,2025-07-03T10:00:00,28,bundle,11.0,15.0,19.0,completed,0,2025-06-20,2025-07-03
PA_U000742_2,U000742,2025-07-31,,28,bundle,,,,missed,13,2025-07-18,2025-07-31
PA_U000743_1,U000743,2025-09-25,2025-09-27T10:00:00,28,bundle,12.0,1.0,1.0,late,2,2025-09-14,2025-09-27
PA_U000743_2,U000743,2025-10-23,,28,bundle,,,,missed,22,2025-10-10,2025-10-23
PA_U000744_1,U000744,2025-08-02,,28,bundle,,,,missed,15,2025-07-20,2025-08-02
PA_U000744_2,U000744,2025-08-30,2025-08-30T14:00:00,28,bundle,8.0,0.0,18.0,completed,0,2025-08-17,2025-08-30
PA_U000745_1,U000745,2025-07-30,,28,bundle,,,,missed,25,2025-07-17,2025-07-30
PA_U000745_2,U000745,2025-08-27,,28,bundle,,,,missed,9,2025-08-14,2025-08-27
PA_U000746_1,U000746,2025-07-07,,28,bundle,,,,missed,9,2025-06-24,2025-07-07
PA_U000746_2,U000746,2025-08-04,2025-08-05T10:00:00,28,bundle,20.0,20.0,14.0,late,1,2025-07-23,2025-08-05
PA_U000747_1,U000747,2025-07-08,2025-07-10T12:00:00,28,bundle,6.0,10.0,21.0,late,2,2025-06-27,2025-07-10
PA_U000747_2,U000747,2025-08-05,2025-08-07T14:00:00,28,bundle,8.0,10.0,18.0,late,2,2025-07-25,2025-08-07
PA_U000748_1,U000748,2025-08-12,2025-08-19T14:00:00,28,bundle,15.0,2.0,15.0,late,7,2025-08-06,2025-08-19
PA_U000748_2,U000748,2025-09-09,2025-09-09T16:00:00,28,bundle,11.0,0.0,12.0,completed,0,2025-08-27,2025-09-09
PA_U000749_1,U000749,2025-08-10,2025-08-16T10:00:00,28,bundle,9.0,9.0,16.0,late,6,2025-08-03,2025-08-16
PA_U000749_2,U000749,2025-09-07,2025-09-15T20:00:00,28,bundle,5.0,10.0,15.0,late,8,2025-09-02,2025-09-15
PA_U000750_1,U000750,2025-08-23,,28,bundle,,,,missed,8,2025-08-10,2025-08-23
PA_U000750_2,U000750,2025-09-20,2025-09-20T19:00:00,28,bundle,8.0,16.0,7.0,completed,0,2025-09-07,2025-09-20
PA_U000751_1,U000751,2025-09-28,,28,bundle,,,,missed,25,2025-09-15,2025-09-28
PA_U000751_2,U000751,2025-10-26,2025-10-26T19:00:00,28,bundle,13.0,6.0,9.0,completed,0,2025-10-13,2025-10-26
PA_U000752_1,U000752,2025-08-16,2025-08-30T09:00:00,28,bundle,12.0,11.0,11.0,late,14,2025-08-17,2025-08-30
PA_U000752_2,U000752,2025-09-13,2025-09-13T13:00:00,28,bundle,10.0,8.0,12.0,completed,0,2025-08-31,2025-09-13
PA_U000753_1,U000753,2025-08-19,,28,bundle,,,,missed,26,2025-08-06,2025-08-19
PA_U000753_2,U000753,2025-09-16,2025-09-17T10:00:00,28,bundle,17.0,18.0,16.0,late,1,2025-09-04,2025-09-17
PA_U000754_1,U000754,2025-09-18,2025-09-25T12:00:00,28,bundle,2.0,11.0,9.0,late,7,2025-09-12,2025-09-25
PA_U000754_2,U000754,2025-10-16,,28,bundle,,,,missed,15,2025-10-03,2025-10-16
PA_U000755_1,U000755,2025-08-08,,28,bundle,,,,missed,25,2025-07-26,2025-08-08
PA_U000755_2,U000755,2025-09-05,,28,bundle,,,,missed,15,2025-08-23,2025-09-05
PA_U000756_1,U000756,2025-08-24,2025-08-25T21:00:00,28,bundle,21.0,17.0,22.0,late,1,2025-08-12,2025-08-25
PA_U000756_2,U000756,2025-09-21,,28,bundle,,,,missed,14,2025-09-08,2025-09-21
PA_U000757_1,U000757,2025-08-08,,28,bundle,,,,missed,8,2025-07-26,2025-08-08
PA_U000757_2,U000757,2025-09-05,2025-09-06T13:00:00,28,bundle,22.0,20.0,17.0,late,1,2025-08-24,2025-09-06
PA_U000758_1,U000758,2025-08-15,2025-08-16T15:00:00,28,bundle,10.0,5.0,10.0,late,1,2025-08-03,2025-08-16
PA_U000758_2,U000758,2025-09-12,,28,bundle,,,,missed,8,2025-08-30,2025-09-12
PA_U000759_1,U000759,2025-09-03,2025-09-11T15:00:00,28,bundle,17.0,16.0,14.0,late,8,2025-08-29,2025-09-11
PA_U000759_2,U000759,2025-10-01,,28,bundle,,,,missed,15,2025-09-18,2025-10-01
PA_U000760_1,U000760,2025-09-18,2025-09-29T17:00:00,28,bundle,12.0,18.0,14.0,late,11,2025-09-16,2025-09-29
PA_U000760_2,U000760,2025-10-16,2025-10-19T19:00:00,28,bundle,10.0,21.0,16.0,late,3,2025-10-06,2025-10-19
PA_U000761_1,U000761,2025-09-29,,28,bundle,,,,missed,16,2025-09-16,2025-09-29
PA_U000761_2,U000761,2025-10-27,,28,bundle,,,,missed,13,2025-10-14,2025-10-27
PA_U000762_1,U000762,2025-09-09,2025-09-09T11:00:00,28,bundle,17.0,17.0,17.0,completed,0,2025-08-27,2025-09-09
PA_U000762_2,U000762,2025-10-07,2025-10-07T19:00:00,28,bundle,15.0,13.0,19.0,completed,0,2025-09-24,2025-10-07
PA_U000763_1,U000763,2025-09-25,2025-09-27T18:00:00,28,bundle,7.0,14.0,12.0,late,2,2025-09-14,2025-09-27
PA_U000763_2,U000763,2025-10-23,2025-10-28T21:00:00,28,bundle,3.0,14.0,13.0,late,5,2025-10-15,2025-10-28
PA_U000764_1,U000764,2025-06-29,,28,bundle,,,,missed,19,2025-06-16,2025-06-29
PA_U000764_2,U000764,2025-07-27,2025-07-27T20:00:00,28,bundle,9.0,10.0,19.0,completed,0,2025-07-14,2025-07-27
PA_U000765_1,U000765,2025-07-21,,28,bundle,,,,missed,15,2025-07-08,2025-07-21
PA_U000765_2,U000765,2025-08-18,2025-08-28T16:00:00,28,bundle,17.0,12.0,14.0,late,10,2025-08-15,2025-08-28
PA_U000766_1,U000766,2025-09-28,2025-09-28T14:00:00,28,bundle,9.0,18.0,20.0,completed,0,2025-09-15,2025-09-28
PA_U000766_2,U000766,2025-10-26,2025-10-26T21:00:00,28,bundle,13.0,20.0,19.0,completed,0,2025-10-13,2025-10-26
PA_U000767_1,U000767,2025-07-23,2025-07-25T08:00:00,28,bundle,13.0,9.0,20.0,late,2,2025-07-12,2025-07-25
PA_U000767_2,U000767,2025-08-20,,28,bundle,,,,missed,20,2025-08-07,2025-08-20
PA_U000768_1,U000768,2025-07-02,,28,bundle,,,,missed,8,2025-06-19,2025-07-02
PA_U000768_2,U000768,2025-07-30,2025-07-30T08:00:00,28,bundle,14.0,19.0,9.0,completed,0,2025-07-17,2025-07-30
PA_U000769_1,U000769,2025-09-20,,28,bundle,,,,missed,25,2025-09-07,2025-09-20
PA_U000769_2,U000769,2025-10-18,,28,bundle,,,,missed,8,2025-10-05,2025-10-18
PA_U000770_1,U000770,2025-08-26,,28,bundle,,,,missed,14,2025-08-13,2025-08-26
PA_U000770_2,U000770,2025-09-23,,28,bundle,,,,missed,10,2025-09-10,2025-09-23
PA_U000771_1,U000771,2025-07-18,2025-07-19T13:00:00,28,bundle,24.0,17.0,11.0,late,1,2025-07-06,2025-07-19
PA_U000771_2,U000771,2025-08-15,2025-08-28T18:00:00,28,bundle,22.0,19.0,8.0,late,13,2025-08-15,2025-08-28
PA_U000772_1,U000772,2025-08-01,2025-08-11T08:00:00,28,bundle,16.0,10.0,14.0,late,10,2025-07-29,2025-08-11
PA_U000772_2,U000772,2025-08-29,2025-08-30T20:00:00,28,bundle,18.0,11.0,14.0,late,1,2025-08-17,2025-08-30
PA_U000773_1,U000773,2025-07-10,,28,bundle,,,,missed,13,2025-06-27,2025-07-10
PA_U000773_2,U000773,2025-08-07,2025-08-07T21:00:00,28,bundle,7.0,17.0,9.0,completed,0,2025-07-25,2025-08-07
PA_U000774_1,U000774,2025-07-14,,28,bundle,,,,missed,20,2025-07-01,2025-07-14
PA_U000774_2,U000774,2025-08-11,,28,bundle,,,,missed,28,2025-07-29,2025-08-11
PA_U000775_1,U000775,2025-08-08,2025-08-08T10:00:00,28,bundle,6.0,20.0,5.0,completed,0,2025-07-26,2025-08-08
PA_U000775_2,U000775,2025-09-05,2025-09-07T16:00:00,28,bundle,10.0,18.0,2.0,late,2,2025-08-25,2025-09-07
PA_U000776_1,U000776,2025-09-02,2025-09-13T20:00:00,28,bundle,15.0,14.0,18.0,late,11,2025-08-31,2025-09-13
PA_U000776_2,U000776,2025-09-30,,28,bundle,,,,missed,23,2025-09-17,2025-09-30
PA_U000777_1,U000777,2025-06-29,2025-07-01T09:00:00,28,bundle,13.0,7.0,3.0,late,2,2025-06-18,2025-07-01
PA_U000777_2,U000777,2025-07-27,,28,bundle,,,,missed,7,2025-07-14,2025-07-27
PA_U000778_1,U000778,2025-09-15,2025-09-17T08:00:00,28,bundle,3.0,20.0,8.0,late,2,2025-09-04,2025-09-17
PA_U000778_2,U000778,2025-10-13,2025-10-13T10:00:00,28,bundle,3.0,17.0,8.0,completed,0,2025-09-30,2025-10-13
PA_U000779_1,U000779,2025-07-14,,28,bundle,,,,missed,26,2025-07-01,2025-07-14
PA_U000779_2,U000779,2025-08-11,,28,bundle,,,,missed,7,2025-07-29,2025-08-11
PA_U000780_1,U000780,2025-09-06,,28,bundle,,,,missed,20,2025-08-24,2025-09-06
PA_U000780_2,U000780,2025-10-04,2025-10-05T12:00:00,28,bundle,13.0,10.0,21.0,late,1,2025-09-22,2025-10-05
PA_U000781_1,U000781,2025-09-10,2025-09-10T16:00:00,28,bundle,7.0,12.0,12.0,completed,0,2025-08-28,2025-09-10
PA_U000781_2,U000781,2025-10-08,2025-10-17T21:00:00,28,bundle,7.0,17.0,19.0,late,9,2025-10-04,2025-10-17
PA_U000782_1,U000782,2025-09-16,2025-09-16T17:00:00,28,bundle,16.0,17.0,16.0,completed,0,2025-09-03,2025-09-16
PA_U000782_2,U000782,2025-10-14,2025-10-16T13:00:00,28,bundle,10.0,15.0,17.0,late,2,2025-10-03,2025-10-16
PA_U000783_1,U000783,2025-08-21,,28,bundle,,,,missed,23,2025-08-08,2025-08-21
PA_U000783_2,U000783,2025-09-18,,28,bundle,,,,missed,18,2025-09-05,2025-09-18
PA_U000784_1,U000784,2025-09-27,2025-09-27T21:00:00,28,bundle,18.0,6.0,14.0,completed,0,2025-09-14,2025-09-27
PA_U000784_2,U000784,2025-10-25,,28,bundle,,,,missed,25,2025-10-12,2025-10-25
PA_U000785_1,U000785,2025-08-08,,28,bundle,,,,missed,17,2025-07-26,2025-08-08
PA_U000785_2,U000785,2025-09-05,,28,bundle,,,,missed,25,2025-08-23,2025-09-05
PA_U000786_1,U000786,2025-09-19,,28,bundle,,,,missed,17,2025-09-06,2025-09-19
PA_U000786_2,U000786,2025-10-17,,28,bundle,,,,missed,25,2025-10-04,2025-10-17
PA_U000787_1,U000787,2025-07-31,,28,bundle,,,,missed,21,2025-07-18,2025-07-31
PA_U000787_2,U000787,2025-08-28,,28,bundle,,,,missed,27,2025-08-15,2025-08-28
PA_U000788_1,U000788,2025-09-07,2025-09-15T11:00:00,28,bundle,11.0,3.0,14.0,late,8,2025-09-02,2025-09-15
PA_U000788_2,U000788,2025-10-05,,28,bundle,,,,missed,13,2025-09-22,2025-10-05
PA_U000789_1,U000789,2025-07-28,2025-08-05T11:00:00,28,bundle,12.0,11.0,16.0,late,8,2025-07-23,2025-08-05
PA_U000789_2,U000789,2025-08-25,2025-08-25T19:00:00,28,bundle,10.0,13.0,17.0,completed,0,2025-08-12,2025-08-25
PA_U000790_1,U000790,2025-09-28,2025-09-29T20:00:00,28,bundle,17.0,12.0,21.0,late,1,2025-09-16,2025-09-29
PA_U000790_2,U000790,2025-10-26,,28,bundle,,,,missed,21,2025-10-13,2025-10-26
PA_U000791_1,U000791,2025-09-14,,28,bundle,,,,missed,20,2025-09-01,2025-09-14
PA_U000791_2,U000791,2025-10-12,,28,bundle,,,,missed,27,2025-09-29,2025-10-12
PA_U000792_1,U000792,2025-08-08,2025-08-21T14:00:00,28,bundle,6.0,17.0,15.0,late,13,2025-08-08,2025-08-21
PA_U000792_2,U000792,2025-09-05,2025-09-06T10:00:00,28,bundle,8.0,18.0,19.0,late,1,2025-08-24,2025-09-06
PA_U000793_1,U000793,2025-08-05,2025-08-06T21:00:00,28,bundle,20.0,18.0,17.0,late,1,2025-07-24,2025-08-06
PA_U000793_2,U000793,2025-09-02,2025-09-05T17:00:00,28,bundle,21.0,18.0,15.0,late,3,2025-08-23,2025-09-05
PA_U000794_1,U000794,2025-08-05,,28,bundle,,,,missed,13,2025-07-23,2025-08-05
PA_U000794_2,U000794,2025-09-02,2025-09-04T08:00:00,28,bundle,17.0,8.0,11.0,late,2,2025-08-22,2025-09-04
PA_U000795_1,U000795,2025-09-23,2025-09-26T19:00:00,28,bundle,2.0,12.0,22.0,late,3,2025-09-13,2025-09-26
PA_U000795_2,U000795,2025-10-21,2025-11-03T21:00:00,28,bundle,4.0,15.0,16.0,late,13,2025-10-21,2025-11-03
PA_U000796_1,U000796,2025-08-13,2025-08-26T21:00:00,28,bundle,20.0,16.0,21.0,late,13,2025-08-13,2025-08-26
PA_U000796_2,U000796,2025-09-10,,28,bundle,,,,missed,23,2025-08-28,2025-09-10
PA_U000797_1,U000797,2025-08-15,2025-08-16T18:00:00,28,bundle,12.0,17.0,14.0,late,1,2025-08-03,2025-08-16
PA_U000797_2,U000797,2025-09-12,,28,bundle,,,,missed,26,2025-08-30,2025-09-12
PA_U000798_1,U000798,2025-08-11,,28,bundle,,,,missed,18,2025-07-29,2025-08-11
PA_U000798_2,U000798,2025-09-08,,28,bundle,,,,missed,11,2025-08-26,2025-09-08
PA_U000799_1,U000799,2025-08-01,,28,bundle,,,,missed,12,2025-07-19,2025-08-01
PA_U000799_2,U000799,2025-08-29,,28,bundle,,,,missed,27,2025-08-16,2025-08-29
PA_U000800_1,U000800,2025-09-26,2025-09-27T18:00:00,28,bundle,18.0,17.0,23.0,late,1,2025-09-14,2025-09-27
PA_U000800_2,U000800,2025-10-24,2025-10-24T14:00:00,28,bundle,15.0,13.0,26.0,completed,0,2025-10-11,2025-10-24
PA_U000801_1,U000801,2025-07-01,2025-07-04T15:00:00,28,bundle,15.0,18.0,25.0,late,3,2025-06-21,2025-07-04
PA_U000801_2,U000801,2025-07-29,,28,bundle,,,,missed,8,2025-07-16,2025-07-29
PA_U000802_1,U000802,2025-08-06,2025-08-08T21:00:00,28,bundle,11.0,14.0,14.0,late,2,2025-07-26,2025-08-08
PA_U000802_2,U000802,2025-09-03,2025-09-05T10:00:00,28,bundle,14.0,13.0,13.0,late,2,2025-08-23,2025-09-05
PA_U000803_1,U000803,2025-07-29,2025-07-30T17:00:00,28,bundle,2.0,2.0,1.0,late,1,2025-07-17,2025-07-30
PA_U000803_2,U000803,2025-08-26,2025-08-26T16:00:00,28,bundle,2.0,2.0,4.0,completed,0,2025-08-13,2025-08-26
PA_U000804_1,U000804,2025-07-30,2025-07-30T08:00:00,28,bundle,14.0,20.0,17.0,completed,0,2025-07-17,2025-07-30
PA_U000804_2,U000804,2025-08-27,,28,bundle,,,,missed,28,2025-08-14,2025-08-27
PA_U000805_1,U000805,2025-07-08,,28,bundle,,,,missed,21,2025-06-25,2025-07-08
PA_U000805_2,U000805,2025-08-05,,28,bundle,,,,missed,7,2025-07-23,2025-08-05
PA_U000806_1,U000806,2025-08-03,2025-08-03T13:00:00,28,bundle,8.0,19.0,18.0,completed,0,2025-07-21,2025-08-03
PA_U000806_2,U000806,2025-08-31,2025-08-31T09:00:00,28,bundle,13.0,21.0,12.0,completed,0,2025-08-18,2025-08-31
PA_U000807_1,U000807,2025-09-25,,28,bundle,,,,missed,20,2025-09-12,2025-09-25
PA_U000807_2,U000807,2025-10-23,,28,bundle,,,,missed,7,2025-10-10,2025-10-23
PA_U000808_1,U000808,2025-07-26,2025-08-09T12:00:00,28,bundle,17.0,19.0,14.0,late,14,2025-07-27,2025-08-09
PA_U000808_2,U000808,2025-08-23,,28,bundle,,,,missed,17,2025-08-10,2025-08-23
PA_U000809_1,U000809,2025-08-21,2025-08-29T12:00:00,28,bundle,9.0,16.0,2.0,late,8,2025-08-16,2025-08-29
PA_U000809_2,U000809,2025-09-18,,28,bundle,,,,missed,13,2025-09-05,2025-09-18
PA_U000810_1,U000810,2025-07-31,2025-08-01T19:00:00,28,bundle,19.0,17.0,25.0,late,1,2025-07-19,2025-08-01
PA_U000810_2,U000810,2025-08-28,,28,bundle,,,,missed,19,2025-08-15,2025-08-28
PA_U000811_1,U000811,2025-09-12,2025-09-14T19:00:00,28,bundle,15.0,16.0,7.0,late,2,2025-09-01,2025-09-14
PA_U000811_2,U000811,2025-10-10,2025-10-10T08:00:00,28,bundle,11.0,15.0,6.0,completed,0,2025-09-27,2025-10-10
PA_U000812_1,U000812,2025-09-28,2025-09-28T15:00:00,28,bundle,15.0,11.0,12.0,completed,0,2025-09-15,2025-09-28
PA_U000812_2,U000812,2025-10-26,2025-10-30T16:00:00,28,bundle,12.0,15.0,10.0,late,4,2025-10-17,2025-10-30
PA_U000813_1,U000813,2025-08-14,,28,bundle,,,,missed,11,2025-08-01,2025-08-14
PA_U000813_2,U000813,2025-09-11,2025-09-12T08:00:00,28,bundle,12.0,12.0,20.0,late,1,2025-08-30,2025-09-12
PA_U000814_1,U000814,2025-08-19,2025-08-22T15:00:00,28,bundle,9.0,10.0,17.0,late,3,2025-08-09,2025-08-22
PA_U000814_2,U000814,2025-09-16,,28,bundle,,,,missed,21,2025-09-03,2025-09-16
PA_U000815_1,U000815,2025-07-11,,28,bundle,,,,missed,24,2025-06-28,2025-07-11
PA_U000815_2,U000815,2025-08-08,,28,bundle,,,,missed,25,2025-07-26,2025-08-08
PA_U000816_1,U000816,2025-08-11,,28,bundle,,,,missed,25,2025-07-29,2025-08-11
PA_U000816_2,U000816,2025-09-08,2025-09-10T11:00:00,28,bundle,15.0,13.0,16.0,late,2,2025-08-28,2025-09-10
PA_U000817_1,U000817,2025-07-26,,28,bundle,,,,missed,16,2025-07-13,2025-07-26
PA_U000817_2,U000817,2025-08-23,2025-08-23T09:00:00,28,bundle,8.0,10.0,6.0,completed,0,2025-08-10,2025-08-23
PA_U000818_1,U000818,2025-08-14,2025-08-20T14:00:00,28,bundle,0.0,1.0,9.0,late,6,2025-08-07,2025-08-20
PA_U000818_2,U000818,2025-09-11,2025-09-13T13:00:00,28,bundle,3.0,3.0,11.0,late,2,2025-08-31,2025-09-13
PA_U000819_1,U000819,2025-07-12,2025-07-14T17:00:00,28,bundle,23.0,21.0,24.0,late,2,2025-07-01,2025-07-14
PA_U000819_2,U000819,2025-08-09,2025-08-13T12:00:00,28,bundle,23.0,21.0,26.0,late,4,2025-07-31,2025-08-13
PA_U000820_1,U000820,2025-08-29,2025-08-29T20:00:00,28,bundle,7.0,11.0,22.0,completed,0,2025-08-16,2025-08-29
PA_U000820_2,U000820,2025-09-26,,28,bundle,,,,missed,28,2025-09-13,2025-09-26
PA_U000821_1,U000821,2025-08-08,,28,bundle,,,,missed,9,2025-07-26,2025-08-08
PA_U000821_2,U000821,2025-09-05,2025-09-06T19:00:00,28,bundle,14.0,3.0,10.0,late,1,2025-08-24,2025-09-06
PA_U000822_1,U000822,2025-07-08,,28,bundle,,,,missed,9,2025-06-25,2025-07-08
PA_U000822_2,U000822,2025-08-05,2025-08-05T18:00:00,28,bundle,5.0,13.0,13.0,completed,0,2025-07-23,2025-08-05
PA_U000823_1,U000823,2025-07-16,2025-07-18T10:00:00,28,bundle,12.0,5.0,16.0,late,2,2025-07-05,2025-07-18
PA_U000823_2,U000823,2025-08-13,2025-08-13T19:00:00,28,bundle,10.0,10.0,19.0,completed,0,2025-07-31,2025-08-13
PA_U000824_1,U000824,2025-07-22,2025-07-23T13:00:00,28,bundle,10.0,7.0,13.0,late,1,2025-07-10,2025-07-23
PA_U000824_2,U000824,2025-08-19,2025-08-21T10:00:00,28,bundle,11.0,9.0,17.0,late,2,2025-08-08,2025-08-21
PA_U000825_1,U000825,2025-09-22,2025-09-28T19:00:00,28,bundle,11.0,9.0,14.0,late,6,2025-09-15,2025-09-28
PA_U000825_2,U000825,2025-10-20,,28,bundle,,,,missed,14,2025-10-07,2025-10-20
PA_U000826_1,U000826,2025-07-11,2025-07-12T14:00:00,28,bundle,13.0,19.0,22.0,late,1,2025-06-29,2025-07-12
PA_U000826_2,U000826,2025-08-08,,28,bundle,,,,missed,13,2025-07-26,2025-08-08
PA_U000827_1,U000827,2025-07-06,,28,bundle,,,,missed,25,2025-06-23,2025-07-06
PA_U000827_2,U000827,2025-08-03,,28,bundle,,,,missed,10,2025-07-21,2025-08-03
PA_U000828_1,U000828,2025-08-09,,28,bundle,,,,missed,21,2025-07-27,2025-08-09
PA_U000828_2,U000828,2025-09-06,2025-09-11T13:00:00,28,bundle,14.0,20.0,22.0,late,5,2025-08-29,2025-09-11
PA_U000829_1,U000829,2025-09-12,,28,bundle,,,,missed,16,2025-08-30,2025-09-12
PA_U000829_2,U000829,2025-10-10,,28,bundle,,,,missed,18,2025-09-27,2025-10-10
PA_U000830_1,U000830,2025-07-01,2025-07-01T20:00:00,28,bundle,4.0,16.0,14.0,completed,0,2025-06-18,2025-07-01
PA_U000830_2,U000830,2025-07-29,2025-07-30T19:00:00,28,bundle,7.0,16.0,8.0,late,1,2025-07-17,2025-07-30
PA_U000831_1,U000831,2025-08-23,,28,bundle,,,,missed,21,2025-08-10,2025-08-23
PA_U000831_2,U000831,2025-09-20,2025-09-22T18:00:00,28,bundle,10.0,15.0,18.0,late,2,2025-09-09,2025-09-22
PA_U000832_1,U000832,2025-09-05,,28,bundle,,,,missed,17,2025-08-23,2025-09-05
PA_U000832_2,U000832,2025-10-03,2025-10-04T09:00:00,28,bundle,5.0,19.0,19.0,late,1,2025-09-21,2025-10-04
PA_U000833_1,U000833,2025-09-22,,28,bundle,,,,missed,14,2025-09-09,2025-09-22
PA_U000833_2,U000833,2025-10-20,2025-10-28T18:00:00,28,bundle,11.0,18.0,14.0,late,8,2025-10-15,2025-10-28
PA_U000834_1,U000834,2025-08-02,2025-08-10T09:00:00,28,bundle,15.0,18.0,14.0,late,8,2025-07-28,2025-08-10
PA_U000834_2,U000834,2025-08-30,,28,bundle,,,,missed,17,2025-08-17,2025-08-30
PA_U000835_1,U000835,2025-07-07,,28,bundle,,,,missed,10,2025-06-24,2025-07-07
PA_U000835_2,U000835,2025-08-04,2025-08-05T16:00:00,28,bundle,20.0,11.0,6.0,late,1,2025-07-23,2025-08-05
PA_U000836_1,U000836,2025-07-28,2025-08-07T10:00:00,28,bundle,12.0,18.0,14.0,late,10,2025-07-25,2025-08-07
PA_U000836_2,U000836,2025-08-25,2025-08-30T12:00:00,28,bundle,16.0,20.0,14.0,late,5,2025-08-17,2025-08-30
PA_U000837_1,U000837,2025-07-30,2025-08-03T11:00:00,28,bundle,11.0,7.0,26.0,late,4,2025-07-21,2025-08-03
PA_U000837_2,U000837,2025-08-27,,28,bundle,,,,missed,14,2025-08-14,2025-08-27
PA_U000838_1,U000838,2025-09-21,2025-09-23T18:00:00,28,bundle,7.0,18.0,20.0,late,2,2025-09-10,2025-09-23
PA_U000838_2,U000838,2025-10-19,2025-10-26T15:00:00,28,bundle,4.0,14.0,17.0,late,7,2025-10-13,2025-10-26
PA_U000839_1,U000839,2025-07-21,2025-07-31T14:00:00,28,bundle,14.0,19.0,22.0,late,10,2025-07-18,2025-07-31
PA_U000839_2,U000839,2025-08-18,2025-08-20T16:00:00,28,bundle,19.0,21.0,25.0,late,2,2025-08-07,2025-08-20
PA_U000840_1,U000840,2025-08-15,2025-08-15T13:00:00,28,bundle,14.0,10.0,15.0,completed,0,2025-08-02,2025-08-15
PA_U000840_2,U000840,2025-09-12,,28,bundle,,,,missed,27,2025-08-30,2025-09-12
PA_U000841_1,U000841,2025-07-02,2025-07-02T16:00:00,28,bundle,6.0,7.0,19.0,completed,0,2025-06-19,2025-07-02
PA_U000841_2,U000841,2025-07-30,2025-07-30T13:00:00,28,bundle,9.0,6.0,18.0,completed,0,2025-07-17,2025-07-30
PA_U000842_1,U000842,2025-09-20,,28,bundle,,,,missed,10,2025-09-07,2025-09-20
PA_U000842_2,U000842,2025-10-18,2025-10-27T10:00:00,28,bundle,5.0,18.0,16.0,late,9,2025-10-14,2025-10-27
PA_U000843_1,U000843,2025-08-03,2025-08-14T10:00:00,28,bundle,14.0,21.0,22.0,late,11,2025-08-01,2025-08-14
PA_U000843_2,U000843,2025-08-31,2025-09-06T19:00:00,28,bundle,15.0,18.0,18.0,late,6,2025-08-24,2025-09-06
PA_U000844_1,U000844,2025-08-23,2025-08-29T13:00:00,28,bundle,6.0,3.0,15.0,late,6,2025-08-16,2025-08-29
PA_U000844_2,U000844,2025-09-20,2025-09-20T20:00:00,28,bundle,4.0,2.0,12.0,completed,0,2025-09-07,2025-09-20
PA_U000845_1,U000845,2025-07-01,,28,bundle,,,,missed,9,2025-06-18,2025-07-01
PA_U000845_2,U000845,2025-07-29,2025-07-29T08:00:00,28,bundle,8.0,1.0,12.0,completed,0,2025-07-16,2025-07-29
PA_U000846_1,U000846,2025-09-13,2025-09-15T21:00:00,28,bundle,15.0,5.0,17.0,late,2,2025-09-02,2025-09-15
PA_U000846_2,U000846,2025-10-11,2025-10-23T20:00:00,28,bundle,21.0,4.0,17.0,late,12,2025-10-10,2025-10-23
PA_U000847_1,U000847,2025-07-22,2025-07-22T10:00:00,28,bundle,13.0,19.0,16.0,completed,0,2025-07-09,2025-07-22
PA_U000847_2,U000847,2025-08-19,,28,bundle,,,,missed,14,2025-08-06,2025-08-19
PA_U000848_1,U000848,2025-07-21,2025-07-22T10:00:00,28,bundle,12.0,13.0,13.0,late,1,2025-07-09,2025-07-22
PA_U000848_2,U000848,2025-08-18,,28,bundle,,,,missed,18,2025-08-05,2025-08-18
PA_U000849_1,U000849,2025-07-16,,28,bundle,,,,missed,10,2025-07-03,2025-07-16
PA_U000849_2,U000849,2025-08-13,,28,bundle,,,,missed,20,2025-07-31,2025-08-13
PA_U000850_1,U000850,2025-07-04,2025-07-06T20:00:00,28,bundle,16.0,2.0,5.0,late,2,2025-06-23,2025-07-06
PA_U000850_2,U000850,2025-08-01,,28,bundle,,,,missed,20,2025-07-19,2025-08-01
PA_U000851_1,U000851,2025-06-29,,28,bundle,,,,missed,13,2025-06-16,2025-06-29
PA_U000851_2,U000851,2025-07-27,2025-07-29T19:00:00,28,bundle,15.0,8.0,20.0,late,2,2025-07-16,2025-07-29
PA_U000852_1,U000852,2025-08-08,,28,bundle,,,,missed,21,2025-07-26,2025-08-08
PA_U000852_2,U000852,2025-09-05,,28,bundle,,,,missed,14,2025-08-23,2025-09-05
PA_U000853_1,U000853,2025-09-16,2025-09-17T08:00:00,28,bundle,10.0,7.0,24.0,late,1,2025-09-04,2025-09-17
PA_U000853_2,U000853,2025-10-14,2025-10-18T14:00:00,28,bundle,10.0,5.0,25.0,late,4,2025-10-05,2025-10-18
PA_U000854_1,U000854,2025-09-09,,28,bundle,,,,missed,26,2025-08-27,2025-09-09
PA_U000854_2,U000854,2025-10-07,2025-10-12T08:00:00,28,bundle,22.0,14.0,19.0,late,5,2025-09-29,2025-10-12
PA_U000855_1,U000855,2025-08-20,2025-08-22T21:00:00,28,bundle,27.0,17.0,24.0,late,2,2025-08-09,2025-08-22
PA_U000855_2,U000855,2025-09-17,2025-09-18T15:00:00,28,bundle,23.0,18.0,22.0,late,1,2025-09-05,2025-09-18
PA_U000856_1,U000856,2025-09-10,2025-09-11T09:00:00,28,bundle,15.0,12.0,19.0,late,1,2025-08-29,2025-09-11
PA_U000856_2,U000856,2025-10-08,2025-10-09T08:00:00,28,bundle,19.0,11.0,18.0,late,1,2025-09-26,2025-10-09
PA_U000857_1,U000857,2025-07-31,2025-07-31T14:00:00,28,bundle,5.0,4.0,14.0,completed,0,2025-07-18,2025-07-31
PA_U000857_2,U000857,2025-08-28,2025-08-28T08:00:00,28,bundle,5.0,4.0,13.0,completed,0,2025-08-15,2025-08-28
PA_U000858_1,U000858,2025-07-17,2025-07-17T21:00:00,28,bundle,19.0,13.0,16.0,completed,0,2025-07-04,2025-07-17
PA_U000858_2,U000858,2025-08-14,2025-08-28T18:00:00,28,bundle,14.0,15.0,15.0,late,14,2025-08-15,2025-08-28
PA_U000859_1,U000859,2025-09-13,,28,bundle,,,,missed,17,2025-08-31,2025-09-13
PA_U000859_2,U000859,2025-10-11,,28,bundle,,,,missed,17,2025-09-28,2025-10-11
PA_U000860_1,U000860,2025-07-06,2025-07-07T21:00:00,28,bundle,10.0,16.0,0.0,late,1,2025-06-24,2025-07-07
PA_U000860_2,U000860,2025-08-03,2025-08-04T12:00:00,28,bundle,7.0,14.0,3.0,late,1,2025-07-22,2025-08-04
PA_U000861_1,U000861,2025-08-17,2025-08-18T17:00:00,28,bundle,26.0,16.0,21.0,late,1,2025-08-05,2025-08-18
PA_U000861_2,U000861,2025-09-14,2025-09-15T18:00:00,28,bundle,24.0,15.0,28.0,late,1,2025-09-02,2025-09-15
PA_U000862_1,U000862,2025-08-23,,28,bundle,,,,missed,22,2025-08-10,2025-08-23
PA_U000862_2,U000862,2025-09-20,2025-09-26T08:00:00,28,bundle,9.0,8.0,22.0,late,6,2025-09-13,2025-09-26
PA_U000863_1,U000863,2025-09-09,2025-09-09T10:00:00,28,bundle,16.0,21.0,20.0,completed,0,2025-08-27,2025-09-09
PA_U000863_2,U000863,2025-10-07,,28,bundle,,,,missed,26,2025-09-24,2025-10-07
PA_U000864_1,U000864,2025-07-20,2025-07-26T21:00:00,28,bundle,20.0,1.0,14.0,late,6,2025-07-13,2025-07-26
PA_U000864_2,U000864,2025-08-17,2025-08-18T12:00:00,28,bundle,22.0,2.0,7.0,late,1,2025-08-05,2025-08-18
PA_U000865_1,U000865,2025-09-21,2025-09-21T08:00:00,28,bundle,3.0,15.0,8.0,completed,0,2025-09-08,2025-09-21
PA_U000865_2,U000865,2025-10-19,2025-10-20T14:00:00,28,bundle,2.0,8.0,9.0,late,1,2025-10-07,2025-10-20
PA_U000866_1,U000866,2025-07-20,,28,bundle,,,,missed,12,2025-07-07,2025-07-20
PA_U000866_2,U000866,2025-08-17,,28,bundle,,,,missed,27,2025-08-04,2025-08-17
PA_U000867_1,U000867,2025-08-18,2025-09-01T11:00:00,28,bundle,11.0,13.0,20.0,late,14,2025-08-19,2025-09-01
PA_U000867_2,U000867,2025-09-15,2025-09-27T09:00:00,28,bundle,15.0,14.0,18.0,late,12,2025-09-14,2025-09-27
PA_U000868_1,U000868,2025-07-15,2025-07-23T13:00:00,28,bundle,8.0,4.0,13.0,late,8,2025-07-10,2025-07-23
PA_U000868_2,U000868,2025-08-12,2025-08-14T09:00:00,28,bundle,3.0,6.0,15.0,late,2,2025-08-01,2025-08-14
PA_U000869_1,U000869,2025-07-26,,28,bundle,,,,missed,21,2025-07-13,2025-07-26
PA_U000869_2,U000869,2025-08-23,2025-08-23T21:00:00,28,bundle,21.0,9.0,23.0,completed,0,2025-08-10,2025-08-23
PA_U000870_1,U000870,2025-09-16,2025-09-16T17:00:00,28,bundle,12.0,13.0,10.0,completed,0,2025-09-03,2025-09-16
PA_U000870_2,U000870,2025-10-14,2025-10-15T11:00:00,28,bundle,11.0,12.0,8.0,late,1,2025-10-02,2025-10-15
PA_U000871_1,U000871,2025-08-03,2025-08-05T20:00:00,28,bundle,18.0,17.0,8.0,late,2,2025-07-23,2025-08-05
PA_U000871_2,U000871,2025-08-31,2025-09-01T14:00:00,28,bundle,14.0,17.0,18.0,late,1,2025-08-19,2025-09-01
PA_U000872_1,U000872,2025-08-07,2025-08-08T18:00:00,28,bundle,5.0,8.0,16.0,late,1,2025-07-26,2025-08-08
PA_U000872_2,U000872,2025-09-04,2025-09-06T08:00:00,28,bundle,4.0,7.0,17.0,late,2,2025-08-24,2025-09-06
PA_U000873_1,U000873,2025-08-06,2025-08-06T19:00:00,28,bundle,14.0,1.0,12.0,completed,0,2025-07-24,2025-08-06
PA_U000873_2,U000873,2025-09-03,2025-09-11T20:00:00,28,bundle,14.0,7.0,19.0,late,8,2025-08-29,2025-09-11
PA_U000874_1,U000874,2025-07-07,2025-07-09T19:00:00,28,bundle,10.0,14.0,14.0,late,2,2025-06-26,2025-07-09
PA_U000874_2,U000874,2025-08-04,,28,bundle,,,,missed,26,2025-07-22,2025-08-04
PA_U000875_1,U000875,2025-08-18,,28,bundle,,,,missed,15,2025-08-05,2025-08-18
PA_U000875_2,U000875,2025-09-15,2025-09-16T10:00:00,28,bundle,8.0,0.0,13.0,late,1,2025-09-03,2025-09-16
PA_U000876_1,U000876,2025-07-17,2025-07-17T18:00:00,28,bundle,12.0,2.0,14.0,completed,0,2025-07-04,2025-07-17
PA_U000876_2,U000876,2025-08-14,2025-08-15T16:00:00,28,bundle,9.0,4.0,12.0,late,1,2025-08-02,2025-08-15
PA_U000877_1,U000877,2025-09-15,2025-09-25T12:00:00,28,bundle,17.0,20.0,19.0,late,10,2025-09-12,2025-09-25
PA_U000877_2,U000877,2025-10-13,,28,bundle,,,,missed,21,2025-09-30,2025-10-13
PA_U000878_1,U000878,2025-08-20,2025-08-20T12:00:00,28,bundle,10.0,7.0,10.0,completed,0,2025-08-07,2025-08-20
PA_U000878_2,U000878,2025-09-17,,28,bundle,,,,missed,15,2025-09-04,2025-09-17
PA_U000879_1,U000879,2025-07-26,,28,bundle,,,,missed,7,2025-07-13,2025-07-26
PA_U000879_2,U000879,2025-08-23,2025-08-23T17:00:00,28,bundle,18.0,6.0,9.0,completed,0,2025-08-10,2025-08-23
PA_U000880_1,U000880,2025-09-01,2025-09-02T21:00:00,28,bundle,20.0,13.0,21.0,late,1,2025-08-20,2025-09-02
PA_U000880_2,U000880,2025-09-29,,28,bundle,,,,missed,13,2025-09-16,2025-09-29
PA_U000881_1,U000881,2025-09-08,2025-09-11T10:00:00,28,bundle,17.0,4.0,9.0,late,3,2025-08-29,2025-09-11
PA_U000881_2,U000881,2025-10-06,2025-10-15T12:00:00,28,bundle,18.0,4.0,5.0,late,9,2025-10-02,2025-10-15
PA_U000882_1,U000882,2025-09-28,2025-09-29T20:00:00,28,bundle,2.0,6.0,3.0,late,1,2025-09-16,2025-09-29
PA_U000882_2,U000882,2025-10-26,2025-11-03T15:00:00,28,bundle,2.0,1.0,3.0,late,8,2025-10-21,2025-11-03
PA_U000883_1,U000883,2025-07-16,2025-07-17T10:00:00,28,bundle,11.0,8.0,5.0,late,1,2025-07-04,2025-07-17
PA_U000883_2,U000883,2025-08-13,2025-08-21T17:00:00,28,bundle,6.0,14.0,8.0,late,8,2025-08-08,2025-08-21
PA_U000884_1,U000884,2025-08-21,,28,bundle,,,,missed,8,2025-08-08,2025-08-21
PA_U000884_2,U000884,2025-09-18,,28,bundle,,,,missed,25,2025-09-05,2025-09-18
PA_U000885_1,U000885,2025-08-22,2025-08-23T18:00:00,28,bundle,9.0,15.0,18.0,late,1,2025-08-10,2025-08-23
PA_U000885_2,U000885,2025-09-19,,28,bundle,,,,missed,13,2025-09-06,2025-09-19
PA_U000886_1,U000886,2025-09-02,2025-09-02T10:00:00,28,bundle,17.0,15.0,13.0,completed,0,2025-08-20,2025-09-02
PA_U000886_2,U000886,2025-09-30,2025-10-01T19:00:00,28,bundle,19.0,15.0,12.0,late,1,2025-09-18,2025-10-01
PA_U000887_1,U000887,2025-07-18,,28,bundle,,,,missed,10,2025-07-05,2025-07-18
PA_U000887_2,U000887,2025-08-15,2025-08-16T18:00:00,28,bundle,10.0,3.0,12.0,late,1,2025-08-03,2025-08-16
PA_U000888_1,U000888,2025-09-03,2025-09-07T10:00:00,28,bundle,15.0,13.0,13.0,late,4,2025-08-25,2025-09-07
PA_U000888_2,U000888,2025-10-01,,28,bundle,,,,missed,26,2025-09-18,2025-10-01
PA_U000889_1,U000889,2025-07-03,,28,bundle,,,,missed,8,2025-06-20,2025-07-03
PA_U000889_2,U000889,2025-07-31,2025-08-06T16:00:00,28,bundle,10.0,9.0,10.0,late,6,2025-07-24,2025-08-06
PA_U000890_1,U000890,2025-09-14,2025-09-15T14:00:00,28,bundle,17.0,12.0,15.0,late,1,2025-09-02,2025-09-15
PA_U000890_2,U000890,2025-10-12,,28,bundle,,,,missed,8,2025-09-29,2025-10-12
PA_U000891_1,U000891,2025-07-05,2025-07-09T10:00:00,28,bundle,11.0,12.0,24.0,late,4,2025-06-26,2025-07-09
PA_U000891_2,U000891,2025-08-02,2025-08-03T13:00:00,28,bundle,9.0,13.0,22.0,late,1,2025-07-21,2025-08-03
PA_U000892_1,U000892,2025-09-24,2025-10-08T17:00:00,28,bundle,18.0,8.0,11.0,late,14,2025-09-25,2025-10-08
PA_U000892_2,U000892,2025-10-22,,28,bundle,,,,missed,17,2025-10-09,2025-10-22
PA_U000893_1,U000893,2025-08-03,2025-08-03T08:00:00,28,bundle,3.0,12.0,11.0,completed,0,2025-07-21,2025-08-03
PA_U000893_2,U000893,2025-08-31,,28,bundle,,,,missed,9,2025-08-18,2025-08-31
PA_U000894_1,U000894,2025-08-22,2025-08-24T21:00:00,28,bundle,16.0,9.0,18.0,late,2,2025-08-11,2025-08-24
PA_U000894_2,U000894,2025-09-19,2025-09-19T20:00:00,28,bundle,15.0,8.0,13.0,completed,0,2025-09-06,2025-09-19
PA_U000895_1,U000895,2025-07-27,,28,bundle,,,,missed,28,2025-07-14,2025-07-27
PA_U000895_2,U000895,2025-08-24,2025-08-26T16:00:00,28,bundle,11.0,8.0,8.0,late,2,2025-08-13,2025-08-26
PA_U000896_1,U000896,2025-08-22,,28,bundle,,,,missed,8,2025-08-09,2025-08-22
PA_U000896_2,U000896,2025-09-19,2025-09-19T19:00:00,28,bundle,4.0,8.0,26.0,completed,0,2025-09-06,2025-09-19
PA_U000897_1,U000897,2025-07-10,2025-07-10T16:00:00,28,bundle,22.0,16.0,11.0,completed,0,2025-06-27,2025-07-10
PA_U000897_2,U000897,2025-08-07,2025-08-08T19:00:00,28,bundle,16.0,17.0,13.0,late,1,2025-07-26,2025-08-08
PA_U000898_1,U000898,2025-07-18,2025-07-28T14:00:00,28,bundle,7.0,2.0,8.0,late,10,2025-07-15,2025-07-28
PA_U000898_2,U000898,2025-08-15,2025-08-26T12:00:00,28,bundle,15.0,6.0,7.0,late,11,2025-08-13,2025-08-26
PA_U000899_1,U000899,2025-09-14,,28,bundle,,,,missed,12,2025-09-01,2025-09-14
PA_U000899_2,U000899,2025-10-12,,28,bundle,,,,missed,7,2025-09-29,2025-10-12
PA_U000900_1,U000900,2025-07-19,2025-08-01T15:00:00,28,bundle,11.0,20.0,2.0,late,13,2025-07-19,2025-08-01
PA_U000900_2,U000900,2025-08-16,,28,bundle,,,,missed,10,2025-08-03,2025-08-16
PA_U000901_1,U000901,2025-09-13,2025-09-15T19:00:00,28,bundle,18.0,11.0,15.0,late,2,2025-09-02,2025-09-15
PA_U000901_2,U000901,2025-10-11,2025-10-11T21:00:00,28,bundle,19.0,14.0,10.0,completed,0,2025-09-28,2025-10-11
PA_U000902_1,U000902,2025-08-18,2025-08-20T16:00:00,28,bundle,13.0,15.0,24.0,late,2,2025-08-07,2025-08-20
PA_U000902_2,U000902,2025-09-15,2025-09-25T21:00:00,28,bundle,10.0,15.0,26.0,late,10,2025-09-12,2025-09-25
PA_U000903_1,U000903,2025-08-22,,28,bundle,,,,missed,12,2025-08-09,2025-08-22
PA_U000903_2,U000903,2025-09-19,,28,bundle,,,,missed,21,2025-09-06,2025-09-19
PA_U000904_1,U000904,2025-08-31,,28,bundle,,,,missed,10,2025-08-18,2025-08-31
PA_U000904_2,U000904,2025-09-28,,28,bundle,,,,missed,9,2025-09-15,2025-09-28
PA_U000905_1,U000905,2025-07-01,,28,bundle,,,,missed,25,2025-06-18,2025-07-01
PA_U000905_2,U000905,2025-07-29,2025-08-09T16:00:00,28,bundle,4.0,8.0,13.0,late,11,2025-07-27,2025-08-09
PA_U000906_1,U000906,2025-08-08,2025-08-13T16:00:00,28,bundle,15.0,16.0,26.0,late,5,2025-07-31,2025-08-13
PA_U000906_2,U000906,2025-09-05,2025-09-05T15:00:00,28,bundle,13.0,15.0,22.0,completed,0,2025-08-23,2025-09-05
PA_U000907_1,U000907,2025-07-27,2025-07-31T16:00:00,28,bundle,7.0,8.0,17.0,late,4,2025-07-18,2025-07-31
PA_U000907_2,U000907,2025-08-24,2025-08-24T09:00:00,28,bundle,11.0,9.0,23.0,completed,0,2025-08-11,2025-08-24
PA_U000908_1,U000908,2025-07-05,2025-07-11T17:00:00,28,bundle,4.0,8.0,19.0,late,6,2025-06-28,2025-07-11
PA_U000908_2,U000908,2025-08-02,,28,bundle,,,,missed,7,2025-07-20,2025-08-02
PA_U000909_1,U000909,2025-08-20,,28,bundle,,,,missed,20,2025-08-07,2025-08-20
PA_U000909_2,U000909,2025-09-17,,28,bundle,,,,missed,17,2025-09-04,2025-09-17
PA_U000910_1,U000910,2025-07-21,2025-08-01T20:00:00,28,bundle,20.0,12.0,23.0,late,11,2025-07-19,2025-08-01
PA_U000910_2,U000910,2025-08-18,2025-08-19T17:00:00,28,bundle,14.0,19.0,21.0,late,1,2025-08-06,2025-08-19
PA_U000911_1,U000911,2025-09-12,,28,bundle,,,,missed,21,2025-08-30,2025-09-12
PA_U000911_2,U000911,2025-10-10,2025-10-24T11:00:00,28,bundle,18.0,19.0,23.0,late,14,2025-10-11,2025-10-24
PA_U000912_1,U000912,2025-08-21,,28,bundle,,,,missed,24,2025-08-08,2025-08-21
PA_U000912_2,U000912,2025-09-18,,28,bundle,,,,missed,20,2025-09-05,2025-09-18
PA_U000913_1,U000913,2025-09-06,,28,bundle,,,,missed,21,2025-08-24,2025-09-06
PA_U000913_2,U000913,2025-10-04,,28,bundle,,,,missed,18,2025-09-21,2025-10-04
PA_U000914_1,U000914,2025-09-19,2025-10-01T11:00:00,28,bundle,7.0,1.0,10.0,late,12,2025-09-18,2025-10-01
PA_U000914_2,U000914,2025-10-17,2025-10-19T16:00:00,28,bundle,7.0,3.0,13.0,late,2,2025-10-06,2025-10-19
PA_U000915_1,U000915,2025-07-13,,28,bundle,,,,missed,27,2025-06-30,2025-07-13
PA_U000915_2,U000915,2025-08-10,2025-08-10T15:00:00,28,bundle,5.0,8.0,13.0,completed,0,2025-07-28,2025-08-10
PA_U000916_1,U000916,2025-08-07,2025-08-09T13:00:00,28,bundle,26.0,18.0,19.0,late,2,2025-07-27,2025-08-09
PA_U000916_2,U000916,2025-09-04,2025-09-04T19:00:00,28,bundle,27.0,19.0,16.0,completed,0,2025-08-22,2025-09-04
PA_U000917_1,U000917,2025-09-20,2025-09-21T16:00:00,28,bundle,11.0,11.0,18.0,late,1,2025-09-08,2025-09-21
PA_U000917_2,U000917,2025-10-18,2025-10-25T17:00:00,28,bundle,8.0,13.0,23.0,late,7,2025-10-12,2025-10-25
PA_U000918_1,U000918,2025-09-20,2025-10-04T13:00:00,28,bundle,13.0,14.0,15.0,late,14,2025-09-21,2025-10-04
PA_U000918_2,U000918,2025-10-18,,28,bundle,,,,missed,28,2025-10-05,2025-10-18
PA_U000919_1,U000919,2025-08-08,2025-08-14T15:00:00,28,bundle,12.0,20.0,14.0,late,6,2025-08-01,2025-08-14
PA_U000919_2,U000919,2025-09-05,,28,bundle,,,,missed,26,2025-08-23,2025-09-05
PA_U000920_1,U000920,2025-09-21,2025-09-23T19:00:00,28,bundle,11.0,16.0,16.0,late,2,2025-09-10,2025-09-23
PA_U000920_2,U000920,2025-10-19,2025-10-30T10:00:00,28,bundle,15.0,17.0,15.0,late,11,2025-10-17,2025-10-30
PA_U000921_1,U000921,2025-08-15,,28,bundle,,,,missed,20,2025-08-02,2025-08-15
PA_U000921_2,U000921,2025-09-12,,28,bundle,,,,missed,7,2025-08-30,2025-09-12
PA_U000922_1,U000922,2025-07-15,2025-07-15T12:00:00,28,bundle,17.0,11.0,6.0,completed,0,2025-07-02,2025-07-15
PA_U000922_2,U000922,2025-08-12,2025-08-12T17:00:00,28,bundle,19.0,12.0,10.0,completed,0,2025-07-30,2025-08-12
PA_U000923_1,U000923,2025-08-12,2025-08-14T17:00:00,28,bundle,13.0,19.0,27.0,late,2,2025-08-01,2025-08-14
PA_U000923_2,U000923,2025-09-09,,28,bundle,,,,missed,23,2025-08-27,2025-09-09
PA_U000924_1,U000924,2025-09-05,2025-09-05T17:00:00,28,bundle,14.0,20.0,21.0,completed,0,2025-08-23,2025-09-05
PA_U000924_2,U000924,2025-10-03,,28,bundle,,,,missed,8,2025-09-20,2025-10-03
PA_U000925_1,U000925,2025-08-04,2025-08-05T17:00:00,28,bundle,9.0,9.0,13.0,late,1,2025-07-23,2025-08-05
PA_U000925_2,U000925,2025-09-01,2025-09-13T19:00:00,28,bundle,8.0,6.0,19.0,late,12,2025-08-31,2025-09-13
PA_U000926_1,U000926,2025-07-13,2025-07-14T16:00:00,28,bundle,11.0,3.0,18.0,late,1,2025-07-01,2025-07-14
PA_U000926_2,U000926,2025-08-10,2025-08-11T14:00:00,28,bundle,17.0,6.0,15.0,late,1,2025-07-29,2025-08-11
PA_U000927_1,U000927,2025-09-17,2025-09-19T11:00:00,28,bundle,0.0,15.0,2.0,late,2,2025-09-06,2025-09-19
PA_U000927_2,U000927,2025-10-15,2025-10-17T16:00:00,28,bundle,5.0,13.0,3.0,late,2,2025-10-04,2025-10-17
PA_U000928_1,U000928,2025-08-13,2025-08-26T19:00:00,28,bundle,15.0,6.0,1.0,late,13,2025-08-13,2025-08-26
PA_U000928_2,U000928,2025-09-10,2025-09-24T21:00:00,28,bundle,15.0,4.0,4.0,late,14,2025-09-11,2025-09-24
PA_U000929_1,U000929,2025-08-08,,28,bundle,,,,missed,11,2025-07-26,2025-08-08
PA_U000929_2,U000929,2025-09-05,2025-09-06T18:00:00,28,bundle,15.0,16.0,19.0,late,1,2025-08-24,2025-09-06
PA_U000930_1,U000930,2025-09-22,2025-10-05T15:00:00,28,bundle,11.0,20.0,9.0,late,13,2025-09-22,2025-10-05
PA_U000930_2,U000930,2025-10-20,2025-10-23T15:00:00,28,bundle,13.0,19.0,4.0,late,3,2025-10-10,2025-10-23
PA_U000931_1,U000931,2025-08-20,2025-08-21T14:00:00,28,bundle,2.0,8.0,3.0,late,1,2025-08-08,2025-08-21
PA_U000931_2,U000931,2025-09-17,2025-09-17T14:00:00,28,bundle,0.0,12.0,4.0,completed,0,2025-09-04,2025-09-17
PA_U000932_1,U000932,2025-09-14,,28,bundle,,,,missed,26,2025-09-01,2025-09-14
PA_U000932_2,U000932,2025-10-12,2025-10-15T19:00:00,28,bundle,15.0,18.0,18.0,late,3,2025-10-02,2025-10-15
PA_U000933_1,U000933,2025-09-16,2025-09-17T12:00:00,28,bundle,2.0,20.0,10.0,late,1,2025-09-04,2025-09-17
PA_U000933_2,U000933,2025-10-14,2025-10-15T12:00:00,28,bundle,4.0,16.0,6.0,late,1,2025-10-02,2025-10-15
PA_U000934_1,U000934,2025-07-13,,28,bundle,,,,missed,11,2025-06-30,2025-07-13
PA_U000934_2,U000934,2025-08-10,,28,bundle,,,,missed,27,2025-07-28,2025-08-10
PA_U000935_1,U000935,2025-08-27,,28,bundle,,,,missed,15,2025-08-14,2025-08-27
PA_U000935_2,U000935,2025-09-24,,28,bundle,,,,missed,22,2025-09-11,2025-09-24
PA_U000936_1,U000936,2025-09-18,2025-09-28T12:00:00,28,bundle,10.0,15.0,8.0,late,10,2025-09-15,2025-09-28
PA_U000936_2,U000936,2025-10-16,2025-10-17T16:00:00,28,bundle,6.0,12.0,10.0,late,1,2025-10-04,2025-10-17
PA_U000937_1,U000937,2025-07-12,2025-07-15T14:00:00,28,bundle,15.0,17.0,18.0,late,3,2025-07-02,2025-07-15
PA_U000937_2,U000937,2025-08-09,,28,bundle,,,,missed,16,2025-07-27,2025-08-09
PA_U000938_1,U000938,2025-09-26,,28,bundle,,,,missed,20,2025-09-13,2025-09-26
PA_U000938_2,U000938,2025-10-24,2025-11-03T17:00:00,28,bundle,11.0,3.0,19.0,late,10,2025-10-21,2025-11-03
PA_U000939_1,U000939,2025-08-09,2025-08-10T12:00:00,28,bundle,14.0,12.0,8.0,late,1,2025-07-28,2025-08-10
PA_U000939_2,U000939,2025-09-06,2025-09-07T08:00:00,28,bundle,10.0,14.0,11.0,late,1,2025-08-25,2025-09-07
PA_U000940_1,U000940,2025-07-26,,28,bundle,,,,missed,24,2025-07-13,2025-07-26
PA_U000940_2,U000940,2025-08-23,2025-08-23T19:00:00,28,bundle,12.0,11.0,16.0,completed,0,2025-08-10,2025-08-23
PA_U000941_1,U000941,2025-07-30,2025-08-10T19:00:00,28,bundle,15.0,4.0,11.0,late,11,2025-07-28,2025-08-10
PA_U000941_2,U000941,2025-08-27,2025-08-27T09:00:00,28,bundle,15.0,4.0,16.0,completed,0,2025-08-14,2025-08-27
PA_U000942_1,U000942,2025-09-20,,28,bundle,,,,missed,10,2025-09-07,2025-09-20
PA_U000942_2,U000942,2025-10-18,2025-10-22T08:00:00,28,bundle,2.0,8.0,12.0,late,4,2025-10-09,2025-10-22
PA_U000943_1,U000943,2025-09-17,,28,bundle,,,,missed,25,2025-09-04,2025-09-17
PA_U000943_2,U000943,2025-10-15,2025-10-15T21:00:00,28,bundle,25.0,17.0,21.0,completed,0,2025-10-02,2025-10-15
PA_U000944_1,U000944,2025-08-06,2025-08-10T11:00:00,28,bundle,22.0,16.0,20.0,late,4,2025-07-28,2025-08-10
PA_U000944_2,U000944,2025-09-03,,28,bundle,,,,missed,10,2025-08-21,2025-09-03
PA_U000945_1,U000945,2025-07-30,,28,bundle,,,,missed,20,2025-07-17,2025-07-30
PA_U000945_2,U000945,2025-08-27,2025-08-28T10:00:00,28,bundle,18.0,10.0,14.0,late,1,2025-08-15,2025-08-28
PA_U000946_1,U000946,2025-08-02,,28,bundle,,,,missed,24,2025-07-20,2025-08-02
PA_U000946_2,U000946,2025-08-30,2025-08-31T15:00:00,28,bundle,26.0,17.0,25.0,late,1,2025-08-18,2025-08-31
PA_U000947_1,U000947,2025-09-17,2025-09-20T12:00:00,28,bundle,8.0,9.0,2.0,late,3,2025-09-07,2025-09-20
PA_U000947_2,U000947,2025-10-15,2025-10-16T14:00:00,28,bundle,5.0,7.0,6.0,late,1,2025-10-03,2025-10-16
PA_U000948_1,U000948,2025-08-29,2025-09-07T13:00:00,28,bundle,12.0,11.0,17.0,late,9,2025-08-25,2025-09-07
PA_U000948_2,U000948,2025-09-26,2025-10-10T18:00:00,28,bundle,7.0,10.0,12.0,late,14,2025-09-27,2025-10-10
PA_U000949_1,U000949,2025-09-09,,28,bundle,,,,missed,25,2025-08-27,2025-09-09
PA_U000949_2,U000949,2025-10-07,2025-10-17T20:00:00,28,bundle,9.0,10.0,12.0,late,10,2025-10-04,2025-10-17
PA_U000950_1,U000950,2025-09-28,2025-09-29T18:00:00,28,bundle,11.0,17.0,13.0,late,1,2025-09-16,2025-09-29
PA_U000950_2,U000950,2025-10-26,,28,bundle,,,,missed,13,2025-10-13,2025-10-26
PA_U000951_1,U000951,2025-07-02,2025-07-15T15:00:00,28,bundle,22.0,4.0,12.0,late,13,2025-07-02,2025-07-15
PA_U000951_2,U000951,2025-07-30,,28,bundle,,,,missed,11,2025-07-17,2025-07-30
PA_U000952_1,U000952,2025-07-19,2025-07-19T21:00:00,28,bundle,12.0,11.0,15.0,completed,0,2025-07-06,2025-07-19
PA_U000952_2,U000952,2025-08-16,2025-08-16T13:00:00,28,bundle,14.0,13.0,16.0,completed,0,2025-08-03,2025-08-16
PA_U000953_1,U000953,2025-07-15,2025-07-15T13:00:00,28,bundle,0.0,8.0,27.0,completed,0,2025-07-02,2025-07-15
PA_U000953_2,U000953,2025-08-12,,28,bundle,,,,missed,7,2025-07-30,2025-08-12
PA_U000954_1,U000954,2025-07-07,2025-07-07T20:00:00,28,bundle,8.0,16.0,11.0,completed,0,2025-06-24,2025-07-07
PA_U000954_2,U000954,2025-08-04,,28,bundle,,,,missed,27,2025-07-22,2025-08-04
PA_U000955_1,U000955,2025-07-29,2025-07-31T14:00:00,28,bundle,19.0,9.0,22.0,late,2,2025-07-18,2025-07-31
PA_U000955_2,U000955,2025-08-26,,28,bundle,,,,missed,26,2025-08-13,2025-08-26
PA_U000956_1,U000956,2025-07-02,,28,bundle,,,,missed,12,2025-06-19,2025-07-02
PA_U000956_2,U000956,2025-07-30,2025-08-01T20:00:00,28,bundle,17.0,0.0,8.0,late,2,2025-07-19,2025-08-01
PA_U000957_1,U000957,2025-09-04,2025-09-14T20:00:00,28,bundle,10.0,3.0,25.0,late,10,2025-09-01,2025-09-14
PA_U000957_2,U000957,2025-10-02,2025-10-02T09:00:00,28,bundle,10.0,6.0,21.0,completed,0,2025-09-19,2025-10-02
PA_U000958_1,U000958,2025-07-30,,28,bundle,,,,missed,7,2025-07-17,2025-07-30
PA_U000958_2,U000958,2025-08-27,2025-08-27T14:00:00,28,bundle,10.0,19.0,10.0,completed,0,2025-08-14,2025-08-27
PA_U000959_1,U000959,2025-08-23,,28,bundle,,,,missed,12,2025-08-10,2025-08-23
PA_U000959_2,U000959,2025-09-20,2025-09-20T15:00:00,28,bundle,13.0,6.0,18.0,completed,0,2025-09-07,2025-09-20
PA_U000960_1,U000960,2025-07-03,,28,bundle,,,,missed,8,2025-06-20,2025-07-03
PA_U000960_2,U000960,2025-07-31,,28,bundle,,,,missed,24,2025-07-18,2025-07-31
PA_U000961_1,U000961,2025-07-23,2025-07-25T17:00:00,28,bundle,11.0,16.0,19.0,late,2,2025-07-12,2025-07-25
PA_U000961_2,U000961,2025-08-20,2025-08-20T10:00:00,28,bundle,8.0,16.0,21.0,completed,0,2025-08-07,2025-08-20
PA_U000962_1,U000962,2025-08-31,2025-09-10T10:00:00,28,bundle,12.0,16.0,1.0,late,10,2025-08-28,2025-09-10
PA_U000962_2,U000962,2025-09-28,2025-09-28T11:00:00,28,bundle,7.0,19.0,2.0,completed,0,2025-09-15,2025-09-28
PA_U000963_1,U000963,2025-07-26,2025-08-08T12:00:00,28,bundle,9.0,12.0,8.0,late,13,2025-07-26,2025-08-08
PA_U000963_2,U000963,2025-08-23,2025-08-23T10:00:00,28,bundle,13.0,12.0,5.0,completed,0,2025-08-10,2025-08-23
PA_U000964_1,U000964,2025-07-09,2025-07-11T19:00:00,28,bundle,12.0,12.0,13.0,late,2,2025-06-28,2025-07-11
PA_U000964_2,U000964,2025-08-06,2025-08-07T19:00:00,28,bundle,15.0,11.0,9.0,late,1,2025-07-25,2025-08-07
PA_U000965_1,U000965,2025-08-26,2025-08-26T20:00:00,28,bundle,15.0,8.0,15.0,completed,0,2025-08-13,2025-08-26
PA_U000965_2,U000965,2025-09-23,2025-10-04T21:00:00,28,bundle,11.0,9.0,15.0,late,11,2025-09-21,2025-10-04
PA_U000966_1,U000966,2025-08-30,2025-08-30T14:00:00,28,bundle,13.0,10.0,12.0,completed,0,2025-08-17,2025-08-30
PA_U000966_2,U000966,2025-09-27,2025-09-29T16:00:00,28,bundle,11.0,14.0,9.0,late,2,2025-09-16,2025-09-29
PA_U000967_1,U000967,2025-08-11,,28,bundle,,,,missed,26,2025-07-29,2025-08-11
PA_U000967_2,U000967,2025-09-08,,28,bundle,,,,missed,18,2025-08-26,2025-09-08
PA_U000968_1,U000968,2025-07-23,,28,bundle,,,,missed,27,2025-07-10,2025-07-23
PA_U000968_2,U000968,2025-08-20,,28,bundle,,,,missed,19,2025-08-07,2025-08-20
PA_U000969_1,U000969,2025-08-14,,28,bundle,,,,missed,11,2025-08-01,2025-08-14
PA_U000969_2,U000969,2025-09-11,,28,bundle,,,,missed,18,2025-08-29,2025-09-11
PA_U000970_1,U000970,2025-07-20,2025-07-27T18:00:00,28,bundle,20.0,16.0,14.0,late,7,2025-07-14,2025-07-27
PA_U000970_2,U000970,2025-08-17,,28,bundle,,,,missed,26,2025-08-04,2025-08-17
PA_U000971_1,U000971,2025-09-18,2025-09-18T14:00:00,28,bundle,15.0,21.0,8.0,completed,0,2025-09-05,2025-09-18
PA_U000971_2,U000971,2025-10-16,2025-10-18T11:00:00,28,bundle,18.0,19.0,8.0,late,2,2025-10-05,2025-10-18
PA_U000972_1,U000972,2025-07-27,2025-07-28T16:00:00,28,bundle,9.0,4.0,12.0,late,1,2025-07-15,2025-07-28
PA_U000972_2,U000972,2025-08-24,,28,bundle,,,,missed,13,2025-08-11,2025-08-24
PA_U000973_1,U000973,2025-08-12,2025-08-14T15:00:00,28,bundle,5.0,4.0,15.0,late,2,2025-08-01,2025-08-14
PA_U000973_2,U000973,2025-09-09,2025-09-11T20:00:00,28,bundle,1.0,5.0,16.0,late,2,2025-08-29,2025-09-11
PA_U000974_1,U000974,2025-08-26,2025-09-06T10:00:00,28,bundle,10.0,3.0,7.0,late,11,2025-08-24,2025-09-06
PA_U000974_2,U000974,2025-09-23,2025-09-25T10:00:00,28,bundle,9.0,3.0,6.0,late,2,2025-09-12,2025-09-25
PA_U000975_1,U000975,2025-09-17,,28,bundle,,,,missed,13,2025-09-04,2025-09-17
PA_U000975_2,U000975,2025-10-15,,28,bundle,,,,missed,25,2025-10-02,2025-10-15
PA_U000976_1,U000976,2025-09-22,2025-09-22T16:00:00,28,bundle,13.0,5.0,17.0,completed,0,2025-09-09,2025-09-22
PA_U000976_2,U000976,2025-10-20,2025-10-25T09:00:00,28,bundle,13.0,9.0,13.0,late,5,2025-10-12,2025-10-25
PA_U000977_1,U000977,2025-07-09,2025-07-11T17:00:00,28,bundle,9.0,9.0,3.0,late,2,2025-06-28,2025-07-11
PA_U000977_2,U000977,2025-08-06,2025-08-06T12:00:00,28,bundle,6.0,11.0,3.0,completed,0,2025-07-24,2025-08-06
PA_U000978_1,U000978,2025-06-30,,28,bundle,,,,missed,20,2025-06-17,2025-06-30
PA_U000978_2,U000978,2025-07-28,,28,bundle,,,,missed,14,2025-07-15,2025-07-28
PA_U000979_1,U000979,2025-08-17,2025-08-19T20:00:00,28,bundle,7.0,7.0,3.0,late,2,2025-08-06,2025-08-19
PA_U000979_2,U000979,2025-09-14,,28,bundle,,,,missed,15,2025-09-01,2025-09-14
PA_U000980_1,U000980,2025-09-23,2025-09-24T21:00:00,28,bundle,15.0,17.0,19.0,late,1,2025-09-11,2025-09-24
PA_U000980_2,U000980,2025-10-21,2025-10-28T08:00:00,28,bundle,9.0,17.0,15.0,late,7,2025-10-15,2025-10-28
PA_U000981_1,U000981,2025-09-15,,28,bundle,,,,missed,28,2025-09-02,2025-09-15
PA_U000981_2,U000981,2025-10-13,2025-10-13T17:00:00,28,bundle,9.0,2.0,6.0,completed,0,2025-09-30,2025-10-13
PA_U000982_1,U000982,2025-07-06,2025-07-08T12:00:00,28,bundle,14.0,12.0,6.0,late,2,2025-06-25,2025-07-08
PA_U000982_2,U000982,2025-08-03,,28,bundle,,,,missed,12,2025-07-21,2025-08-03
PA_U000983_1,U000983,2025-08-25,,28,bundle,,,,missed,18,2025-08-12,2025-08-25
PA_U000983_2,U000983,2025-09-22,2025-09-24T18:00:00,28,bundle,2.0,5.0,17.0,late,2,2025-09-11,2025-09-24
PA_U000984_1,U000984,2025-09-12,2025-09-12T18:00:00,28,bundle,10.0,8.0,12.0,completed,0,2025-08-30,2025-09-12
PA_U000984_2,U000984,2025-10-10,2025-10-15T13:00:00,28,bundle,8.0,13.0,9.0,late,5,2025-10-02,2025-10-15
PA_U000985_1,U000985,2025-08-25,,28,bundle,,,,missed,22,2025-08-12,2025-08-25
PA_U000985_2,U000985,2025-09-22,,28,bundle,,,,missed,20,2025-09-09,2025-09-22
PA_U000986_1,U000986,2025-07-16,,28,bundle,,,,missed,23,2025-07-03,2025-07-16
PA_U000986_2,U000986,2025-08-13,2025-08-14T18:00:00,28,bundle,6.0,20.0,7.0,late,1,2025-08-01,2025-08-14
PA_U000987_1,U000987,2025-08-18,2025-09-01T19:00:00,28,bundle,14.0,1.0,12.0,late,14,2025-08-19,2025-09-01
PA_U000987_2,U000987,2025-09-15,,28,bundle,,,,missed,20,2025-09-02,2025-09-15
PA_U000988_1,U000988,2025-09-02,2025-09-04T14:00:00,28,bundle,13.0,15.0,5.0,late,2,2025-08-22,2025-09-04
PA_U000988_2,U000988,2025-09-30,,28,bundle,,,,missed,24,2025-09-17,2025-09-30
PA_U000989_1,U000989,2025-07-04,2025-07-08T13:00:00,28,bundle,11.0,13.0,18.0,late,4,2025-06-25,2025-07-08
PA_U000989_2,U000989,2025-08-01,2025-08-03T21:00:00,28,bundle,11.0,15.0,11.0,late,2,2025-07-21,2025-08-03
PA_U000990_1,U000990,2025-09-29,,28,bundle,,,,missed,21,2025-09-16,2025-09-29
PA_U000990_2,U000990,2025-10-27,,28,bundle,,,,missed,19,2025-10-14,2025-10-27
PA_U000991_1,U000991,2025-07-31,2025-07-31T14:00:00,28,bundle,12.0,11.0,15.0,completed,0,2025-07-18,2025-07-31
PA_U000991_2,U000991,2025-08-28,2025-08-29T14:00:00,28,bundle,8.0,12.0,18.0,late,1,2025-08-16,2025-08-29
PA_U000992_1,U000992,2025-08-05,,28,bundle,,,,missed,25,2025-07-23,2025-08-05
PA_U000992_2,U000992,2025-09-02,2025-09-03T12:00:00,28,bundle,17.0,16.0,24.0,late,1,2025-08-21,2025-09-03
PA_U000993_1,U000993,2025-08-16,2025-08-16T20:00:00,28,bundle,13.0,9.0,26.0,completed,0,2025-08-03,2025-08-16
PA_U000993_2,U000993,2025-09-13,,28,bundle,,,,missed,7,2025-08-31,2025-09-13
PA_U000994_1,U000994,2025-08-20,,28,bundle,,,,missed,19,2025-08-07,2025-08-20
PA_U000994_2,U000994,2025-09-17,2025-09-18T08:00:00,28,bundle,27.0,11.0,13.0,late,1,2025-09-05,2025-09-18
PA_U000995_1,U000995,2025-07-29,,28,bundle,,,,missed,18,2025-07-16,2025-07-29
PA_U000995_2,U000995,2025-08-26,2025-08-28T13:00:00,28,bundle,4.0,8.0,5.0,late,2,2025-08-15,2025-08-28
PA_U000996_1,U000996,2025-08-17,,28,bundle,,,,missed,21,2025-08-04,2025-08-17
PA_U000996_2,U000996,2025-09-14,,28,bundle,,,,missed,11,2025-09-01,2025-09-14
PA_U000997_1,U000997,2025-07-19,,28,bundle,,,,missed,22,2025-07-06,2025-07-19
PA_U000997_2,U000997,2025-08-16,,28,bundle,,,,missed,15,2025-08-03,2025-08-16
PA_U000998_1,U000998,2025-07-05,2025-07-06T10:00:00,28,bundle,15.0,21.0,15.0,late,1,2025-06-23,2025-07-06
PA_U000998_2,U000998,2025-08-02,2025-08-03T14:00:00,28,bundle,11.0,17.0,10.0,late,1,2025-07-21,2025-08-03
PA_U000999_1,U000999,2025-06-30,2025-06-30T10:00:00,28,bundle,10.0,10.0,2.0,completed,0,2025-06-17,2025-06-30
PA_U000999_2,U000999,2025-07-28,,28,bundle,,,,missed,23,2025-07-15,2025-07-28
PA_U001000_1,U001000,2025-07-13,2025-07-13T19:00:00,28,bundle,6.0,11.0,15.0,completed,0,2025-06-30,2025-07-13
PA_U001000_2,U001000,2025-08-10,2025-08-14T09:00:00,28,bundle,11.0,8.0,11.0,late,4,2025-08-01,2025-08-14
PA_U001001_1,U001001,2025-07-15,2025-07-15T10:00:00,28,bundle,14.0,17.0,8.0,completed,0,2025-07-02,2025-07-15
PA_U001001_2,U001001,2025-08-12,2025-08-14T16:00:00,28,bundle,22.0,15.0,5.0,late,2,2025-08-01,2025-08-14
PA_U001002_1,U001002,2025-08-16,2025-08-17T18:00:00,28,bundle,9.0,11.0,15.0,late,1,2025-08-04,2025-08-17
PA_U001002_2,U001002,2025-09-13,2025-09-20T15:00:00,28,bundle,10.0,6.0,13.0,late,7,2025-09-07,2025-09-20
PA_U001003_1,U001003,2025-08-27,2025-08-27T21:00:00,28,bundle,13.0,8.0,11.0,completed,0,2025-08-14,2025-08-27
PA_U001003_2,U001003,2025-09-24,2025-09-26T10:00:00,28,bundle,12.0,6.0,11.0,late,2,2025-09-13,2025-09-26
PA_U001004_1,U001004,2025-07-10,,28,bundle,,,,missed,27,2025-06-27,2025-07-10
PA_U001004_2,U001004,2025-08-07,,28,bundle,,,,missed,19,2025-07-25,2025-08-07
PA_U001005_1,U001005,2025-07-11,2025-07-18T14:00:00,28,bundle,15.0,21.0,23.0,late,7,2025-07-05,2025-07-18
PA_U001005_2,U001005,2025-08-08,,28,bundle,,,,missed,26,2025-07-26,2025-08-08
PA_U001006_1,U001006,2025-07-26,2025-07-27T09:00:00,28,bundle,0.0,6.0,11.0,late,1,2025-07-14,2025-07-27
PA_U001006_2,U001006,2025-08-23,,28,bundle,,,,missed,14,2025-08-10,2025-08-23
PA_U001007_1,U001007,2025-07-08,2025-07-09T21:00:00,28,bundle,12.0,13.0,7.0,late,1,2025-06-26,2025-07-09
PA_U001007_2,U001007,2025-08-05,2025-08-07T08:00:00,28,bundle,13.0,14.0,8.0,late,2,2025-07-25,2025-08-07
PA_U001008_1,U001008,2025-07-26,,28,bundle,,,,missed,28,2025-07-13,2025-07-26
PA_U001008_2,U001008,2025-08-23,2025-08-25T16:00:00,28,bundle,14.0,19.0,23.0,late,2,2025-08-12,2025-08-25
PA_U001009_1,U001009,2025-09-20,,28,bundle,,,,missed,24,2025-09-07,2025-09-20
PA_U001009_2,U001009,2025-10-18,2025-10-20T09:00:00,28,bundle,13.0,7.0,22.0,late,2,2025-10-07,2025-10-20
PA_U001010_1,U001010,2025-08-02,2025-08-02T18:00:00,28,bundle,9.0,9.0,12.0,completed,0,2025-07-20,2025-08-02
PA_U001010_2,U001010,2025-08-30,,28,bundle,,,,missed,14,2025-08-17,2025-08-30
PA_U001011_1,U001011,2025-07-11,2025-07-12T13:00:00,28,bundle,9.0,7.0,14.0,late,1,2025-06-29,2025-07-12
PA_U001011_2,U001011,2025-08-08,2025-08-10T16:00:00,28,bundle,11.0,13.0,15.0,late,2,2025-07-28,2025-08-10
PA_U001012_1,U001012,2025-09-22,2025-09-22T19:00:00,28,bundle,12.0,11.0,28.0,completed,0,2025-09-09,2025-09-22
PA_U001012_2,U001012,2025-10-20,2025-10-26T17:00:00,28,bundle,17.0,7.0,24.0,late,6,2025-10-13,2025-10-26
PA_U001013_1,U001013,2025-07-22,,28,bundle,,,,missed,26,2025-07-09,2025-07-22
PA_U001013_2,U001013,2025-08-19,2025-08-20T14:00:00,28,bundle,2.0,10.0,0.0,late,1,2025-08-07,2025-08-20
PA_U001014_1,U001014,2025-07-27,,28,bundle,,,,missed,18,2025-07-14,2025-07-27
PA_U001014_2,U001014,2025-08-24,2025-08-25T09:00:00,28,bundle,14.0,4.0,0.0,late,1,2025-08-12,2025-08-25
PA_U001015_1,U001015,2025-07-23,2025-07-24T21:00:00,28,bundle,12.0,10.0,20.0,late,1,2025-07-11,2025-07-24
PA_U001015_2,U001015,2025-08-20,2025-08-22T11:00:00,28,bundle,14.0,10.0,18.0,late,2,2025-08-09,2025-08-22
PA_U001016_1,U001016,2025-07-16,,28,bundle,,,,missed,13,2025-07-03,2025-07-16
PA_U001016_2,U001016,2025-08-13,2025-08-18T19:00:00,28,bundle,18.0,17.0,27.0,late,5,2025-08-05,2025-08-18
PA_U001017_1,U001017,2025-07-14,,28,bundle,,,,missed,20,2025-07-01,2025-07-14
PA_U001017_2,U001017,2025-08-11,2025-08-15T08:00:00,28,bundle,17.0,9.0,19.0,late,4,2025-08-02,2025-08-15
PA_U001018_1,U001018,2025-09-16,2025-09-17T21:00:00,28,bundle,9.0,16.0,19.0,late,1,2025-09-04,2025-09-17
PA_U001018_2,U001018,2025-10-14,2025-10-22T19:00:00,28,bundle,6.0,18.0,21.0,late,8,2025-10-09,2025-10-22
PA_U001019_1,U001019,2025-08-08,2025-08-09T17:00:00,28,bundle,9.0,17.0,27.0,late,1,2025-07-27,2025-08-09
PA_U001019_2,U001019,2025-09-05,,28,bundle,,,,missed,18,2025-08-23,2025-09-05
PA_U001020_1,U001020,2025-08-06,,28,bundle,,,,missed,12,2025-07-24,2025-08-06
PA_U001020_2,U001020,2025-09-03,2025-09-03T17:00:00,28,bundle,11.0,12.0,16.0,completed,0,2025-08-21,2025-09-03
PA_U001021_1,U001021,2025-09-02,,28,bundle,,,,missed,19,2025-08-20,2025-09-02
PA_U001021_2,U001021,2025-09-30,,28,bundle,,,,missed,21,2025-09-17,2025-09-30
PA_U001022_1,U001022,2025-08-07,2025-08-07T12:00:00,28,bundle,13.0,11.0,8.0,completed,0,2025-07-25,2025-08-07
PA_U001022_2,U001022,2025-09-04,2025-09-05T15:00:00,28,bundle,14.0,12.0,17.0,late,1,2025-08-23,2025-09-05
PA_U001023_1,U001023,2025-09-07,2025-09-11T08:00:00,28,bundle,4.0,10.0,10.0,late,4,2025-08-29,2025-09-11
PA_U001023_2,U001023,2025-10-05,2025-10-18T08:00:00,28,bundle,7.0,10.0,11.0,late,13,2025-10-05,2025-10-18
PA_U001024_1,U001024,2025-07-16,,28,bundle,,,,missed,16,2025-07-03,2025-07-16
PA_U001024_2,U001024,2025-08-13,,28,bundle,,,,missed,25,2025-07-31,2025-08-13
PA_U001025_1,U001025,2025-08-17,2025-08-18T14:00:00,28,bundle,11.0,15.0,7.0,late,1,2025-08-05,2025-08-18
PA_U001025_2,U001025,2025-09-14,2025-09-19T14:00:00,28,bundle,8.0,6.0,5.0,late,5,2025-09-06,2025-09-19
PA_U001026_1,U001026,2025-09-19,,28,bundle,,,,missed,22,2025-09-06,2025-09-19
PA_U001026_2,U001026,2025-10-17,2025-10-26T12:00:00,28,bundle,6.0,9.0,17.0,late,9,2025-10-13,2025-10-26
PA_U001027_1,U001027,2025-07-07,2025-07-08T19:00:00,28,bundle,20.0,13.0,24.0,late,1,2025-06-25,2025-07-08
PA_U001027_2,U001027,2025-08-04,2025-08-04T11:00:00,28,bundle,17.0,11.0,28.0,completed,0,2025-07-22,2025-08-04
PA_U001028_1,U001028,2025-08-04,2025-08-18T17:00:00,28,bundle,19.0,15.0,25.0,late,14,2025-08-05,2025-08-18
PA_U001028_2,U001028,2025-09-01,,28,bundle,,,,missed,16,2025-08-19,2025-09-01
PA_U001029_1,U001029,2025-09-17,2025-09-19T10:00:00,28,bundle,6.0,7.0,21.0,late,2,2025-09-06,2025-09-19
PA_U001029_2,U001029,2025-10-15,,28,bundle,,,,missed,18,2025-10-02,2025-10-15
PA_U001030_1,U001030,2025-09-29,2025-09-29T08:00:00,28,bundle,0.0,11.0,18.0,completed,0,2025-09-16,2025-09-29
PA_U001030_2,U001030,2025-10-27,2025-10-27T18:00:00,28,bundle,0.0,15.0,23.0,completed,0,2025-10-14,2025-10-27
PA_U001031_1,U001031,2025-09-16,,28,bundle,,,,missed,25,2025-09-03,2025-09-16
PA_U001031_2,U001031,2025-10-14,,28,bundle,,,,missed,14,2025-10-01,2025-10-14
PA_U001032_1,U001032,2025-07-31,2025-07-31T21:00:00,28,bundle,8.0,14.0,24.0,completed,0,2025-07-18,2025-07-31
PA_U001032_2,U001032,2025-08-28,2025-08-29T15:00:00,28,bundle,8.0,12.0,23.0,late,1,2025-08-16,2025-08-29
PA_U001033_1,U001033,2025-07-11,2025-07-13T20:00:00,28,bundle,2.0,4.0,15.0,late,2,2025-06-30,2025-07-13
PA_U001033_2,U001033,2025-08-08,,28,bundle,,,,missed,9,2025-07-26,2025-08-08
PA_U001034_1,U001034,2025-09-17,,28,bundle,,,,missed,19,2025-09-04,2025-09-17
PA_U001034_2,U001034,2025-10-15,,28,bundle,,,,missed,17,2025-10-02,2025-10-15
PA_U001035_1,U001035,2025-07-06,,28,bundle,,,,missed,25,2025-06-23,2025-07-06
PA_U001035_2,U001035,2025-08-03,2025-08-03T16:00:00,28,bundle,9.0,13.0,10.0,completed,0,2025-07-21,2025-08-03
PA_U001036_1,U001036,2025-09-24,,28,bundle,,,,missed,14,2025-09-11,2025-09-24
PA_U001036_2,U001036,2025-10-22,,28,bundle,,,,missed,22,2025-10-09,2025-10-22
PA_U001037_1,U001037,2025-09-11,2025-09-12T19:00:00,28,bundle,0.0,11.0,14.0,late,1,2025-08-30,2025-09-12
PA_U001037_2,U001037,2025-10-09,,28,bundle,,,,missed,25,2025-09-26,2025-10-09
PA_U001038_1,U001038,2025-09-26,2025-10-02T13:00:00,28,bundle,13.0,12.0,13.0,late,6,2025-09-19,2025-10-02
PA_U001038_2,U001038,2025-10-24,2025-10-26T15:00:00,28,bundle,10.0,14.0,12.0,late,2,2025-10-13,2025-10-26
PA_U001039_1,U001039,2025-08-05,2025-08-07T19:00:00,28,bundle,12.0,6.0,6.0,late,2,2025-07-25,2025-08-07
PA_U001039_2,U001039,2025-09-02,2025-09-10T10:00:00,28,bundle,16.0,4.0,3.0,late,8,2025-08-28,2025-09-10
PA_U001040_1,U001040,2025-07-06,2025-07-14T08:00:00,28,bundle,11.0,12.0,23.0,late,8,2025-07-01,2025-07-14
PA_U001040_2,U001040,2025-08-03,2025-08-13T17:00:00,28,bundle,12.0,10.0,22.0,late,10,2025-07-31,2025-08-13
PA_U001041_1,U001041,2025-09-27,,28,bundle,,,,missed,11,2025-09-14,2025-09-27
PA_U001041_2,U001041,2025-10-25,,28,bundle,,,,missed,8,2025-10-12,2025-10-25
PA_U001042_1,U001042,2025-08-07,,28,bundle,,,,missed,12,2025-07-25,2025-08-07
PA_U001042_2,U001042,2025-09-04,2025-09-06T18:00:00,28,bundle,12.0,9.0,16.0,late,2,2025-08-24,2025-09-06
PA_U001043_1,U001043,2025-07-11,2025-07-16T19:00:00,28,bundle,15.0,17.0,11.0,late,5,2025-07-03,2025-07-16
PA_U001043_2,U001043,2025-08-08,2025-08-09T20:00:00,28,bundle,11.0,21.0,5.0,late,1,2025-07-27,2025-08-09
PA_U001044_1,U001044,2025-09-15,,28,bundle,,,,missed,16,2025-09-02,2025-09-15
PA_U001044_2,U001044,2025-10-13,,28,bundle,,,,missed,27,2025-09-30,2025-10-13
PA_U001045_1,U001045,2025-09-13,2025-09-20T10:00:00,28,bundle,27.0,14.0,6.0,late,7,2025-09-07,2025-09-20
PA_U001045_2,U001045,2025-10-11,2025-10-23T20:00:00,28,bundle,27.0,14.0,8.0,late,12,2025-10-10,2025-10-23
PA_U001046_1,U001046,2025-08-06,2025-08-18T18:00:00,28,bundle,18.0,13.0,20.0,late,12,2025-08-05,2025-08-18
PA_U001046_2,U001046,2025-09-03,,28,bundle,,,,missed,9,2025-08-21,2025-09-03
PA_U001047_1,U001047,2025-06-29,2025-07-01T08:00:00,28,bundle,9.0,7.0,13.0,late,2,2025-06-18,2025-07-01
PA_U001047_2,U001047,2025-07-27,2025-08-04T12:00:00,28,bundle,12.0,7.0,11.0,late,8,2025-07-22,2025-08-04
PA_U001048_1,U001048,2025-08-02,2025-08-02T11:00:00,28,bundle,9.0,14.0,15.0,completed,0,2025-07-20,2025-08-02
PA_U001048_2,U001048,2025-08-30,,28,bundle,,,,missed,9,2025-08-17,2025-08-30
PA_U001049_1,U001049,2025-09-19,2025-09-20T17:00:00,28,bundle,9.0,13.0,5.0,late,1,2025-09-07,2025-09-20
PA_U001049_2,U001049,2025-10-17,2025-10-19T11:00:00,28,bundle,4.0,9.0,7.0,late,2,2025-10-06,2025-10-19
PA_U001050_1,U001050,2025-09-04,2025-09-05T14:00:00,28,bundle,25.0,8.0,18.0,late,1,2025-08-23,2025-09-05
PA_U001050_2,U001050,2025-10-02,2025-10-03T16:00:00,28,bundle,23.0,8.0,14.0,late,1,2025-09-20,2025-10-03
PA_U001051_1,U001051,2025-07-11,2025-07-11T09:00:00,28,bundle,15.0,8.0,9.0,completed,0,2025-06-28,2025-07-11
PA_U001051_2,U001051,2025-08-08,2025-08-08T15:00:00,28,bundle,13.0,11.0,7.0,completed,0,2025-07-26,2025-08-08
PA_U001052_1,U001052,2025-07-05,,28,bundle,,,,missed,15,2025-06-22,2025-07-05
PA_U001052_2,U001052,2025-08-02,,28,bundle,,,,missed,13,2025-07-20,2025-08-02
PA_U001053_1,U001053,2025-08-04,2025-08-10T19:00:00,28,bundle,15.0,19.0,14.0,late,6,2025-07-28,2025-08-10
PA_U001053_2,U001053,2025-09-01,2025-09-02T12:00:00,28,bundle,20.0,19.0,14.0,late,1,2025-08-20,2025-09-02
PA_U001054_1,U001054,2025-09-04,2025-09-12T20:00:00,28,bundle,1.0,8.0,15.0,late,8,2025-08-30,2025-09-12
PA_U001054_2,U001054,2025-10-02,,28,bundle,,,,missed,26,2025-09-19,2025-10-02
PA_U001055_1,U001055,2025-08-18,2025-08-20T09:00:00,28,bundle,11.0,5.0,11.0,late,2,2025-08-07,2025-08-20
PA_U001055_2,U001055,2025-09-15,2025-09-19T16:00:00,28,bundle,14.0,6.0,11.0,late,4,2025-09-06,2025-09-19
PA_U001056_1,U001056,2025-07-12,2025-07-12T18:00:00,28,bundle,12.0,8.0,16.0,completed,0,2025-06-29,2025-07-12
PA_U001056_2,U001056,2025-08-09,,28,bundle,,,,missed,8,2025-07-27,2025-08-09
PA_U001057_1,U001057,2025-09-01,2025-09-09T08:00:00,28,bundle,6.0,13.0,18.0,late,8,2025-08-27,2025-09-09
PA_U001057_2,U001057,2025-09-29,,28,bundle,,,,missed,17,2025-09-16,2025-09-29
PA_U001058_1,U001058,2025-09-25,,28,bundle,,,,missed,10,2025-09-12,2025-09-25
PA_U001058_2,U001058,2025-10-23,,28,bundle,,,,missed,11,2025-10-10,2025-10-23
PA_U001059_1,U001059,2025-07-18,,28,bundle,,,,missed,16,2025-07-05,2025-07-18
PA_U001059_2,U001059,2025-08-15,2025-08-27T11:00:00,28,bundle,5.0,16.0,11.0,late,12,2025-08-14,2025-08-27
PA_U001060_1,U001060,2025-09-23,2025-09-24T14:00:00,28,bundle,10.0,10.0,10.0,late,1,2025-09-11,2025-09-24
PA_U001060_2,U001060,2025-10-21,,28,bundle,,,,missed,10,2025-10-08,2025-10-21
PA_U001061_1,U001061,2025-09-12,2025-09-14T09:00:00,28,bundle,10.0,16.0,17.0,late,2,2025-09-01,2025-09-14
PA_U001061_2,U001061,2025-10-10,2025-10-12T18:00:00,28,bundle,8.0,16.0,16.0,late,2,2025-09-29,2025-10-12
PA_U001062_1,U001062,2025-07-06,2025-07-06T16:00:00,28,bundle,23.0,16.0,25.0,completed,0,2025-06-23,2025-07-06
PA_U001062_2,U001062,2025-08-03,,28,bundle,,,,missed,17,2025-07-21,2025-08-03
PA_U001063_1,U001063,2025-07-17,,28,bundle,,,,missed,17,2025-07-04,2025-07-17
PA_U001063_2,U001063,2025-08-14,,28,bundle,,,,missed,23,2025-08-01,2025-08-14
PA_U001064_1,U001064,2025-09-12,2025-09-12T14:00:00,28,bundle,8.0,5.0,8.0,completed,0,2025-08-30,2025-09-12
PA_U001064_2,U001064,2025-10-10,,28,bundle,,,,missed,28,2025-09-27,2025-10-10
PA_U001065_1,U001065,2025-09-06,2025-09-15T13:00:00,28,bundle,12.0,5.0,17.0,late,9,2025-09-02,2025-09-15
PA_U001065_2,U001065,2025-10-04,,28,bundle,,,,missed,27,2025-09-21,2025-10-04
PA_U001066_1,U001066,2025-07-05,2025-07-05T08:00:00,28,bundle,8.0,21.0,12.0,completed,0,2025-06-22,2025-07-05
PA_U001066_2,U001066,2025-08-02,,28,bundle,,,,missed,15,2025-07-20,2025-08-02
PA_U001067_1,U001067,2025-07-10,2025-07-11T10:00:00,28,bundle,9.0,15.0,26.0,late,1,2025-06-28,2025-07-11
PA_U001067_2,U001067,2025-08-07,,28,bundle,,,,missed,12,2025-07-25,2025-08-07
PA_U001068_1,U001068,2025-09-24,,28,bundle,,,,missed,7,2025-09-11,2025-09-24
PA_U001068_2,U001068,2025-10-22,,28,bundle,,,,missed,16,2025-10-09,2025-10-22
PA_U001069_1,U001069,2025-09-05,2025-09-05T11:00:00,28,bundle,15.0,9.0,8.0,completed,0,2025-08-23,2025-09-05
PA_U001069_2,U001069,2025-10-03,2025-10-03T18:00:00,28,bundle,17.0,13.0,8.0,completed,0,2025-09-20,2025-10-03
PA_U001070_1,U001070,2025-09-29,,28,bundle,,,,missed,17,2025-09-16,2025-09-29
PA_U001070_2,U001070,2025-10-27,,28,bundle,,,,missed,10,2025-10-14,2025-10-27
PA_U001071_1,U001071,2025-08-06,2025-08-06T20:00:00,28,bundle,19.0,15.0,8.0,completed,0,2025-07-24,2025-08-06
PA_U001071_2,U001071,2025-09-03,,28,bundle,,,,missed,13,2025-08-21,2025-09-03
PA_U001072_1,U001072,2025-07-27,,28,bundle,,,,missed,7,2025-07-14,2025-07-27
PA_U001072_2,U001072,2025-08-24,,28,bundle,,,,missed,28,2025-08-11,2025-08-24
PA_U001073_1,U001073,2025-08-20,,28,bundle,,,,missed,16,2025-08-07,2025-08-20
PA_U001073_2,U001073,2025-09-17,2025-09-18T14:00:00,28,bundle,6.0,14.0,10.0,late,1,2025-09-05,2025-09-18
PA_U001074_1,U001074,2025-09-12,2025-09-12T21:00:00,28,bundle,13.0,3.0,20.0,completed,0,2025-08-30,2025-09-12
PA_U001074_2,U001074,2025-10-10,,28,bundle,,,,missed,27,2025-09-27,2025-10-10
PA_U001075_1,U001075,2025-07-14,,28,bundle,,,,missed,25,2025-07-01,2025-07-14
PA_U001075_2,U001075,2025-08-11,2025-08-19T18:00:00,28,bundle,3.0,16.0,11.0,late,8,2025-08-06,2025-08-19
PA_U001076_1,U001076,2025-08-29,2025-08-30T15:00:00,28,bundle,13.0,14.0,15.0,late,1,2025-08-17,2025-08-30
PA_U001076_2,U001076,2025-09-26,,28,bundle,,,,missed,11,2025-09-13,2025-09-26
PA_U001077_1,U001077,2025-09-15,2025-09-19T16:00:00,28,bundle,11.0,13.0,5.0,late,4,2025-09-06,2025-09-19
PA_U001077_2,U001077,2025-10-13,2025-10-15T09:00:00,28,bundle,8.0,15.0,9.0,late,2,2025-10-02,2025-10-15
PA_U001078_1,U001078,2025-09-22,2025-09-24T17:00:00,28,bundle,14.0,7.0,17.0,late,2,2025-09-11,2025-09-24
PA_U001078_2,U001078,2025-10-20,2025-10-21T17:00:00,28,bundle,9.0,0.0,18.0,late,1,2025-10-08,2025-10-21
PA_U001079_1,U001079,2025-09-08,2025-09-08T14:00:00,28,bundle,7.0,14.0,19.0,completed,0,2025-08-26,2025-09-08
PA_U001079_2,U001079,2025-10-06,2025-10-08T16:00:00,28,bundle,6.0,15.0,18.0,late,2,2025-09-25,2025-10-08
PA_U001080_1,U001080,2025-09-15,2025-09-15T10:00:00,28,bundle,16.0,4.0,15.0,completed,0,2025-09-02,2025-09-15
PA_U001080_2,U001080,2025-10-13,,28,bundle,,,,missed,18,2025-09-30,2025-10-13
PA_U001081_1,U001081,2025-09-15,2025-09-16T09:00:00,28,bundle,11.0,11.0,12.0,late,1,2025-09-03,2025-09-16
PA_U001081_2,U001081,2025-10-13,2025-10-15T12:00:00,28,bundle,12.0,12.0,7.0,late,2,2025-10-02,2025-10-15
PA_U001082_1,U001082,2025-07-20,,28,bundle,,,,missed,23,2025-07-07,2025-07-20
PA_U001082_2,U001082,2025-08-17,2025-08-29T09:00:00,28,bundle,10.0,13.0,6.0,late,12,2025-08-16,2025-08-29
PA_U001083_1,U001083,2025-07-05,,28,bundle,,,,missed,17,2025-06-22,2025-07-05
PA_U001083_2,U001083,2025-08-02,2025-08-02T09:00:00,28,bundle,11.0,12.0,23.0,completed,0,2025-07-20,2025-08-02
PA_U001084_1,U001084,2025-09-10,,28,bundle,,,,missed,8,2025-08-28,2025-09-10
PA_U001084_2,U001084,2025-10-08,,28,bundle,,,,missed,21,2025-09-25,2025-10-08
PA_U001085_1,U001085,2025-07-04,2025-07-05T17:00:00,28,bundle,7.0,20.0,5.0,late,1,2025-06-22,2025-07-05
PA_U001085_2,U001085,2025-08-01,,28,bundle,,,,missed,17,2025-07-19,2025-08-01
PA_U001086_1,U001086,2025-08-20,2025-08-28T21:00:00,28,bundle,7.0,14.0,11.0,late,8,2025-08-15,2025-08-28
PA_U001086_2,U001086,2025-09-17,2025-09-19T19:00:00,28,bundle,3.0,12.0,14.0,late,2,2025-09-06,2025-09-19
PA_U001087_1,U001087,2025-07-25,,28,bundle,,,,missed,17,2025-07-12,2025-07-25
PA_U001087_2,U001087,2025-08-22,,28,bundle,,,,missed,15,2025-08-09,2025-08-22
PA_U001088_1,U001088,2025-07-22,2025-07-24T09:00:00,28,bundle,20.0,14.0,25.0,late,2,2025-07-11,2025-07-24
PA_U001088_2,U001088,2025-08-19,2025-08-27T13:00:00,28,bundle,24.0,14.0,21.0,late,8,2025-08-14,2025-08-27
PA_U001089_1,U001089,2025-08-27,,28,bundle,,,,missed,25,2025-08-14,2025-08-27
PA_U001089_2,U001089,2025-09-24,,28,bundle,,,,missed,10,2025-09-11,2025-09-24
PA_U001090_1,U001090,2025-07-21,2025-07-23T18:00:00,28,bundle,5.0,9.0,0.0,late,2,2025-07-10,2025-07-23
PA_U001090_2,U001090,2025-08-18,2025-08-22T10:00:00,28,bundle,3.0,12.0,1.0,late,4,2025-08-09,2025-08-22
PA_U001091_1,U001091,2025-09-02,,28,bundle,,,,missed,20,2025-08-20,2025-09-02
PA_U001091_2,U001091,2025-09-30,,28,bundle,,,,missed,8,2025-09-17,2025-09-30
PA_U001092_1,U001092,2025-07-22,2025-07-22T18:00:00,28,bundle,19.0,9.0,25.0,completed,0,2025-07-09,2025-07-22
PA_U001092_2,U001092,2025-08-19,,28,bundle,,,,missed,24,2025-08-06,2025-08-19
PA_U001093_1,U001093,2025-07-25,,28,bundle,,,,missed,20,2025-07-12,2025-07-25
PA_U001093_2,U001093,2025-08-22,,28,bundle,,,,missed,18,2025-08-09,2025-08-22
PA_U001094_1,U001094,2025-07-02,2025-07-14T21:00:00,28,bundle,18.0,21.0,11.0,late,12,2025-07-01,2025-07-14
PA_U001094_2,U001094,2025-07-30,,28,bundle,,,,missed,8,2025-07-17,2025-07-30
PA_U001095_1,U001095,2025-06-30,2025-07-03T09:00:00,28,bundle,26.0,8.0,8.0,late,3,2025-06-20,2025-07-03
PA_U001095_2,U001095,2025-07-28,2025-07-29T17:00:00,28,bundle,22.0,9.0,11.0,late,1,2025-07-16,2025-07-29
PA_U001096_1,U001096,2025-09-14,2025-09-14T09:00:00,28,bundle,4.0,11.0,8.0,completed,0,2025-09-01,2025-09-14
PA_U001096_2,U001096,2025-10-12,2025-10-19T16:00:00,28,bundle,4.0,10.0,7.0,late,7,2025-10-06,2025-10-19
PA_U001097_1,U001097,2025-06-29,2025-06-30T10:00:00,28,bundle,19.0,9.0,9.0,late,1,2025-06-17,2025-06-30
PA_U001097_2,U001097,2025-07-27,,28,bundle,,,,missed,7,2025-07-14,2025-07-27
PA_U001098_1,U001098,2025-08-11,2025-08-12T17:00:00,28,bundle,7.0,19.0,10.0,late,1,2025-07-30,2025-08-12
PA_U001098_2,U001098,2025-09-08,,28,bundle,,,,missed,9,2025-08-26,2025-09-08
PA_U001099_1,U001099,2025-09-21,,28,bundle,,,,missed,25,2025-09-08,2025-09-21
PA_U001099_2,U001099,2025-10-19,,28,bundle,,,,missed,11,2025-10-06,2025-10-19
PA_U001100_1,U001100,2025-08-14,2025-08-14T20:00:00,28,bundle,2.0,5.0,12.0,completed,0,2025-08-01,2025-08-14
PA_U001100_2,U001100,2025-09-11,2025-09-13T20:00:00,28,bundle,7.0,5.0,12.0,late,2,2025-08-31,2025-09-13
PA_U001101_1,U001101,2025-08-08,,28,bundle,,,,missed,21,2025-07-26,2025-08-08
PA_U001101_2,U001101,2025-09-05,2025-09-05T21:00:00,28,bundle,26.0,17.0,18.0,completed,0,2025-08-23,2025-09-05
PA_U001102_1,U001102,2025-07-02,2025-07-12T20:00:00,28,bundle,6.0,8.0,4.0,late,10,2025-06-29,2025-07-12
PA_U001102_2,U001102,2025-07-30,2025-08-11T12:00:00,28,bundle,13.0,8.0,8.0,late,12,2025-07-29,2025-08-11
PA_U001103_1,U001103,2025-08-25,,28,bundle,,,,missed,9,2025-08-12,2025-08-25
PA_U001103_2,U001103,2025-09-22,,28,bundle,,,,missed,16,2025-09-09,2025-09-22
PA_U001104_1,U001104,2025-09-03,2025-09-04T14:00:00,28,bundle,21.0,5.0,10.0,late,1,2025-08-22,2025-09-04
PA_U001104_2,U001104,2025-10-01,,28,bundle,,,,missed,14,2025-09-18,2025-10-01
PA_U001105_1,U001105,2025-08-02,2025-08-12T09:00:00,28,bundle,20.0,14.0,22.0,late,10,2025-07-30,2025-08-12
PA_U001105_2,U001105,2025-08-30,,28,bundle,,,,missed,20,2025-08-17,2025-08-30
PA_U001106_1,U001106,2025-09-21,2025-09-22T12:00:00,28,bundle,10.0,11.0,23.0,late,1,2025-09-09,2025-09-22
PA_U001106_2,U001106,2025-10-19,,28,bundle,,,,missed,22,2025-10-06,2025-10-19
PA_U001107_1,U001107,2025-09-13,2025-09-15T16:00:00,28,bundle,15.0,15.0,12.0,late,2,2025-09-02,2025-09-15
PA_U001107_2,U001107,2025-10-11,,28,bundle,,,,missed,14,2025-09-28,2025-10-11
PA_U001108_1,U001108,2025-07-22,2025-07-22T16:00:00,28,bundle,11.0,16.0,11.0,completed,0,2025-07-09,2025-07-22
PA_U001108_2,U001108,2025-08-19,2025-08-20T15:00:00,28,bundle,7.0,18.0,9.0,late,1,2025-08-07,2025-08-20
PA_U001109_1,U001109,2025-07-03,2025-07-03T09:00:00,28,bundle,6.0,16.0,7.0,completed,0,2025-06-20,2025-07-03
PA_U001109_2,U001109,2025-07-31,2025-08-11T20:00:00,28,bundle,8.0,15.0,4.0,late,11,2025-07-29,2025-08-11
PA_U001110_1,U001110,2025-09-16,2025-09-17T10:00:00,28,bundle,8.0,14.0,17.0,late,1,2025-09-04,2025-09-17
PA_U001110_2,U001110,2025-10-14,2025-10-26T10:00:00,28,bundle,9.0,17.0,13.0,late,12,2025-10-13,2025-10-26
PA_U001111_1,U001111,2025-07-14,,28,bundle,,,,missed,23,2025-07-01,2025-07-14
PA_U001111_2,U001111,2025-08-11,2025-08-13T14:00:00,28,bundle,12.0,20.0,21.0,late,2,2025-07-31,2025-08-13
PA_U001112_1,U001112,2025-07-05,2025-07-19T13:00:00,28,bundle,12.0,11.0,16.0,late,14,2025-07-06,2025-07-19
PA_U001112_2,U001112,2025-08-02,,28,bundle,,,,missed,20,2025-07-20,2025-08-02
PA_U001113_1,U001113,2025-07-22,2025-07-23T16:00:00,28,bundle,10.0,11.0,10.0,late,1,2025-07-10,2025-07-23
PA_U001113_2,U001113,2025-08-19,2025-08-20T08:00:00,28,bundle,8.0,11.0,13.0,late,1,2025-08-07,2025-08-20
PA_U001114_1,U001114,2025-08-02,,28,bundle,,,,missed,7,2025-07-20,2025-08-02
PA_U001114_2,U001114,2025-08-30,2025-08-31T09:00:00,28,bundle,17.0,16.0,19.0,late,1,2025-08-18,2025-08-31
PA_U001115_1,U001115,2025-07-04,2025-07-04T12:00:00,28,bundle,8.0,6.0,13.0,completed,0,2025-06-21,2025-07-04
PA_U001115_2,U001115,2025-08-01,2025-08-14T09:00:00,28,bundle,8.0,3.0,11.0,late,13,2025-08-01,2025-08-14
PA_U001116_1,U001116,2025-07-16,2025-07-16T18:00:00,28,bundle,22.0,3.0,13.0,completed,0,2025-07-03,2025-07-16
PA_U001116_2,U001116,2025-08-13,2025-08-23T17:00:00,28,bundle,20.0,5.0,17.0,late,10,2025-08-10,2025-08-23
PA_U001117_1,U001117,2025-07-15,2025-07-16T21:00:00,28,bundle,7.0,20.0,21.0,late,1,2025-07-03,2025-07-16
PA_U001117_2,U001117,2025-08-12,,28,bundle,,,,missed,21,2025-07-30,2025-08-12
PA_U001118_1,U001118,2025-07-27,2025-08-03T08:00:00,28,bundle,16.0,17.0,23.0,late,7,2025-07-21,2025-08-03
PA_U001118_2,U001118,2025-08-24,,28,bundle,,,,missed,11,2025-08-11,2025-08-24
PA_U001119_1,U001119,2025-07-15,2025-07-17T19:00:00,28,bundle,13.0,11.0,13.0,late,2,2025-07-04,2025-07-17
PA_U001119_2,U001119,2025-08-12,2025-08-15T17:00:00,28,bundle,14.0,14.0,12.0,late,3,2025-08-02,2025-08-15
PA_U001120_1,U001120,2025-06-30,,28,bundle,,,,missed,8,2025-06-17,2025-06-30
PA_U001120_2,U001120,2025-07-28,,28,bundle,,,,missed,23,2025-07-15,2025-07-28
PA_U001121_1,U001121,2025-06-30,,28,bundle,,,,missed,7,2025-06-17,2025-06-30
PA_U001121_2,U001121,2025-07-28,,28,bundle,,,,missed,17,2025-07-15,2025-07-28
PA_U001122_1,U001122,2025-09-10,2025-09-11T09:00:00,28,bundle,5.0,0.0,13.0,late,1,2025-08-29,2025-09-11
PA_U001122_2,U001122,2025-10-08,,28,bundle,,,,missed,20,2025-09-25,2025-10-08
PA_U001123_1,U001123,2025-09-15,,28,bundle,,,,missed,19,2025-09-02,2025-09-15
PA_U001123_2,U001123,2025-10-13,2025-10-14T14:00:00,28,bundle,12.0,9.0,23.0,late,1,2025-10-01,2025-10-14
PA_U001124_1,U001124,2025-08-28,2025-09-06T20:00:00,28,bundle,12.0,12.0,21.0,late,9,2025-08-24,2025-09-06
PA_U001124_2,U001124,2025-09-25,,28,bundle,,,,missed,7,2025-09-12,2025-09-25
PA_U001125_1,U001125,2025-07-08,2025-07-10T13:00:00,28,bundle,17.0,19.0,16.0,late,2,2025-06-27,2025-07-10
PA_U001125_2,U001125,2025-08-05,2025-08-12T15:00:00,28,bundle,18.0,15.0,15.0,late,7,2025-07-30,2025-08-12
PA_U001126_1,U001126,2025-08-02,,28,bundle,,,,missed,13,2025-07-20,2025-08-02
PA_U001126_2,U001126,2025-08-30,2025-09-01T21:00:00,28,bundle,19.0,5.0,19.0,late,2,2025-08-19,2025-09-01
PA_U001127_1,U001127,2025-08-18,2025-08-18T11:00:00,28,bundle,10.0,1.0,5.0,completed,0,2025-08-05,2025-08-18
PA_U001127_2,U001127,2025-09-15,,28,bundle,,,,missed,26,2025-09-02,2025-09-15
PA_U001128_1,U001128,2025-09-21,,28,bundle,,,,missed,27,2025-09-08,2025-09-21
PA_U001128_2,U001128,2025-10-19,2025-10-20T14:00:00,28,bundle,10.0,9.0,8.0,late,1,2025-10-07,2025-10-20
PA_U001129_1,U001129,2025-09-03,2025-09-08T08:00:00,28,bundle,13.0,0.0,9.0,late,5,2025-08-26,2025-09-08
PA_U001129_2,U001129,2025-10-01,,28,bundle,,,,missed,19,2025-09-18,2025-10-01
PA_U001130_1,U001130,2025-09-20,2025-09-22T09:00:00,28,bundle,15.0,17.0,20.0,late,2,2025-09-09,2025-09-22
PA_U001130_2,U001130,2025-10-18,,28,bundle,,,,missed,14,2025-10-05,2025-10-18
PA_U001131_1,U001131,2025-09-21,2025-10-02T15:00:00,28,bundle,16.0,6.0,7.0,late,11,2025-09-19,2025-10-02
PA_U001131_2,U001131,2025-10-19,2025-10-21T14:00:00,28,bundle,20.0,7.0,7.0,late,2,2025-10-08,2025-10-21
PA_U001132_1,U001132,2025-07-21,,28,bundle,,,,missed,25,2025-07-08,2025-07-21
PA_U001132_2,U001132,2025-08-18,,28,bundle,,,,missed,12,2025-08-05,2025-08-18
PA_U001133_1,U001133,2025-07-10,,28,bundle,,,,missed,21,2025-06-27,2025-07-10
PA_U001133_2,U001133,2025-08-07,,28,bundle,,,,missed,19,2025-07-25,2025-08-07
PA_U001134_1,U001134,2025-09-03,,28,bundle,,,,missed,27,2025-08-21,2025-09-03
PA_U001134_2,U001134,2025-10-01,,28,bundle,,,,missed,17,2025-09-18,2025-10-01
PA_U001135_1,U001135,2025-07-05,,28,bundle,,,,missed,18,2025-06-22,2025-07-05
PA_U001135_2,U001135,2025-08-02,2025-08-04T21:00:00,28,bundle,18.0,13.0,14.0,late,2,2025-07-22,2025-08-04
PA_U001136_1,U001136,2025-07-24,,28,bundle,,,,missed,24,2025-07-11,2025-07-24
PA_U001136_2,U001136,2025-08-21,,28,bundle,,,,missed,8,2025-08-08,2025-08-21
PA_U001137_1,U001137,2025-08-15,,28,bundle,,,,missed,12,2025-08-02,2025-08-15
PA_U001137_2,U001137,2025-09-12,2025-09-18T11:00:00,28,bundle,15.0,8.0,1.0,late,6,2025-09-05,2025-09-18
PA_U001138_1,U001138,2025-08-30,,28,bundle,,,,missed,13,2025-08-17,2025-08-30
PA_U001138_2,U001138,2025-09-27,2025-09-27T11:00:00,28,bundle,18.0,12.0,13.0,completed,0,2025-09-14,2025-09-27
PA_U001139_1,U001139,2025-09-22,2025-09-22T21:00:00,28,bundle,11.0,10.0,7.0,completed,0,2025-09-09,2025-09-22
PA_U001139_2,U001139,2025-10-20,2025-10-21T17:00:00,28,bundle,12.0,12.0,6.0,late,1,2025-10-08,2025-10-21
PA_U001140_1,U001140,2025-09-06,2025-09-18T10:00:00,28,bundle,13.0,1.0,9.0,late,12,2025-09-05,2025-09-18
PA_U001140_2,U001140,2025-10-04,2025-10-08T12:00:00,28,bundle,8.0,0.0,10.0,late,4,2025-09-25,2025-10-08
PA_U001141_1,U001141,2025-09-12,2025-09-13T15:00:00,28,bundle,19.0,8.0,26.0,late,1,2025-08-31,2025-09-13
PA_U001141_2,U001141,2025-10-10,,28,bundle,,,,missed,17,2025-09-27,2025-10-10
PA_U001142_1,U001142,2025-09-24,,28,bundle,,,,missed,18,2025-09-11,2025-09-24
PA_U001142_2,U001142,2025-10-22,2025-10-23T11:00:00,28,bundle,13.0,21.0,18.0,late,1,2025-10-10,2025-10-23
PA_U001143_1,U001143,2025-08-01,2025-08-03T12:00:00,28,bundle,8.0,10.0,15.0,late,2,2025-07-21,2025-08-03
PA_U001143_2,U001143,2025-08-29,,28,bundle,,,,missed,8,2025-08-16,2025-08-29
PA_U001144_1,U001144,2025-09-26,,28,bundle,,,,missed,17,2025-09-13,2025-09-26
PA_U001144_2,U001144,2025-10-24,,28,bundle,,,,missed,15,2025-10-11,2025-10-24
PA_U001145_1,U001145,2025-07-04,2025-07-07T13:00:00,28,bundle,1.0,12.0,11.0,late,3,2025-06-24,2025-07-07
PA_U001145_2,U001145,2025-08-01,2025-08-03T11:00:00,28,bundle,11.0,13.0,10.0,late,2,2025-07-21,2025-08-03
PA_U001146_1,U001146,2025-08-09,2025-08-12T08:00:00,28,bundle,11.0,9.0,7.0,late,3,2025-07-30,2025-08-12
PA_U001146_2,U001146,2025-09-06,2025-09-08T10:00:00,28,bundle,4.0,6.0,8.0,late,2,2025-08-26,2025-09-08
PA_U001147_1,U001147,2025-07-13,2025-07-14T18:00:00,28,bundle,27.0,3.0,5.0,late,1,2025-07-01,2025-07-14
PA_U001147_2,U001147,2025-08-10,,28,bundle,,,,missed,27,2025-07-28,2025-08-10
PA_U001148_1,U001148,2025-09-05,,28,bundle,,,,missed,15,2025-08-23,2025-09-05
PA_U001148_2,U001148,2025-10-03,,28,bundle,,,,missed,24,2025-09-20,2025-10-03
PA_U001149_1,U001149,2025-09-10,2025-09-12T17:00:00,28,bundle,16.0,13.0,9.0,late,2,2025-08-30,2025-09-12
PA_U001149_2,U001149,2025-10-08,2025-10-10T19:00:00,28,bundle,16.0,11.0,4.0,late,2,2025-09-27,2025-10-10
PA_U001150_1,U001150,2025-08-23,2025-08-25T12:00:00,28,bundle,16.0,11.0,16.0,late,2,2025-08-12,2025-08-25
PA_U001150_2,U001150,2025-09-20,2025-09-25T15:00:00,28,bundle,11.0,12.0,16.0,late,5,2025-09-12,2025-09-25
PA_U001151_1,U001151,2025-08-03,2025-08-04T14:00:00,28,bundle,17.0,7.0,2.0,late,1,2025-07-22,2025-08-04
PA_U001151_2,U001151,2025-08-31,2025-09-02T20:00:00,28,bundle,14.0,5.0,7.0,late,2,2025-08-20,2025-09-02
PA_U001152_1,U001152,2025-09-18,,28,bundle,,,,missed,14,2025-09-05,2025-09-18
PA_U001152_2,U001152,2025-10-16,2025-10-18T17:00:00,28,bundle,22.0,1.0,11.0,late,2,2025-10-05,2025-10-18
PA_U001153_1,U001153,2025-07-04,2025-07-16T15:00:00,28,bundle,11.0,16.0,8.0,late,12,2025-07-03,2025-07-16
PA_U001153_2,U001153,2025-08-01,,28,bundle,,,,missed,14,2025-07-19,2025-08-01
PA_U001154_1,U001154,2025-07-16,2025-07-25T20:00:00,28,bundle,14.0,17.0,16.0,late,9,2025-07-12,2025-07-25
PA_U001154_2,U001154,2025-08-13,,28,bundle,,,,missed,27,2025-07-31,2025-08-13
PA_U001155_1,U001155,2025-08-05,2025-08-06T12:00:00,28,bundle,21.0,19.0,13.0,late,1,2025-07-24,2025-08-06
PA_U001155_2,U001155,2025-09-02,2025-09-11T18:00:00,28,bundle,21.0,15.0,17.0,late,9,2025-08-29,2025-09-11
PA_U001156_1,U001156,2025-08-05,2025-08-07T19:00:00,28,bundle,11.0,12.0,2.0,late,2,2025-07-25,2025-08-07
PA_U001156_2,U001156,2025-09-02,2025-09-09T10:00:00,28,bundle,11.0,12.0,8.0,late,7,2025-08-27,2025-09-09
PA_U001157_1,U001157,2025-08-12,,28,bundle,,,,missed,11,2025-07-30,2025-08-12
PA_U001157_2,U001157,2025-09-09,,28,bundle,,,,missed,10,2025-08-27,2025-09-09
PA_U001158_1,U001158,2025-07-10,,28,bundle,,,,missed,22,2025-06-27,2025-07-10
PA_U001158_2,U001158,2025-08-07,,28,bundle,,,,missed,23,2025-07-25,2025-08-07
PA_U001159_1,U001159,2025-07-22,2025-07-22T08:00:00,28,bundle,14.0,8.0,16.0,completed,0,2025-07-09,2025-07-22
PA_U001159_2,U001159,2025-08-19,2025-08-21T12:00:00,28,bundle,13.0,8.0,14.0,late,2,2025-08-08,2025-08-21
PA_U001160_1,U001160,2025-08-01,2025-08-03T08:00:00,28,bundle,24.0,16.0,21.0,late,2,2025-07-21,2025-08-03
PA_U001160_2,U001160,2025-08-29,,28,bundle,,,,missed,24,2025-08-16,2025-08-29
PA_U001161_1,U001161,2025-08-11,,28,bundle,,,,missed,20,2025-07-29,2025-08-11
PA_U001161_2,U001161,2025-09-08,2025-09-08T11:00:00,28,bundle,12.0,9.0,17.0,completed,0,2025-08-26,2025-09-08
PA_U001162_1,U001162,2025-07-11,2025-07-11T14:00:00,28,bundle,9.0,19.0,7.0,completed,0,2025-06-28,2025-07-11
PA_U001162_2,U001162,2025-08-08,,28,bundle,,,,missed,20,2025-07-26,2025-08-08
PA_U001163_1,U001163,2025-08-31,2025-08-31T15:00:00,28,bundle,5.0,1.0,16.0,completed,0,2025-08-18,2025-08-31
PA_U001163_2,U001163,2025-09-28,2025-09-28T13:00:00,28,bundle,9.0,5.0,16.0,completed,0,2025-09-15,2025-09-28
PA_U001164_1,U001164,2025-08-28,2025-08-29T09:00:00,28,bundle,27.0,12.0,28.0,late,1,2025-08-16,2025-08-29
PA_U001164_2,U001164,2025-09-25,2025-09-27T17:00:00,28,bundle,24.0,17.0,23.0,late,2,2025-09-14,2025-09-27
PA_U001165_1,U001165,2025-08-23,,28,bundle,,,,missed,21,2025-08-10,2025-08-23
PA_U001165_2,U001165,2025-09-20,,28,bundle,,,,missed,16,2025-09-07,2025-09-20
PA_U001166_1,U001166,2025-09-17,,28,bundle,,,,missed,15,2025-09-04,2025-09-17
PA_U001166_2,U001166,2025-10-15,2025-10-29T09:00:00,28,bundle,13.0,13.0,14.0,late,14,2025-10-16,2025-10-29
PA_U001167_1,U001167,2025-09-12,,28,bundle,,,,missed,26,2025-08-30,2025-09-12
PA_U001167_2,U001167,2025-10-10,,28,bundle,,,,missed,7,2025-09-27,2025-10-10
PA_U001168_1,U001168,2025-08-22,2025-08-24T16:00:00,28,bundle,9.0,6.0,12.0,late,2,2025-08-11,2025-08-24
PA_U001168_2,U001168,2025-09-19,,28,bundle,,,,missed,18,2025-09-06,2025-09-19
PA_U001169_1,U001169,2025-09-05,2025-09-05T08:00:00,28,bundle,6.0,11.0,4.0,completed,0,2025-08-23,2025-09-05
PA_U001169_2,U001169,2025-10-03,2025-10-08T12:00:00,28,bundle,2.0,9.0,0.0,late,5,2025-09-25,2025-10-08
PA_U001170_1,U001170,2025-09-13,2025-09-13T21:00:00,28,bundle,8.0,10.0,22.0,completed,0,2025-08-31,2025-09-13
PA_U001170_2,U001170,2025-10-11,2025-10-13T15:00:00,28,bundle,9.0,3.0,18.0,late,2,2025-09-30,2025-10-13
PA_U001171_1,U001171,2025-07-19,,28,bundle,,,,missed,18,2025-07-06,2025-07-19
PA_U001171_2,U001171,2025-08-16,,28,bundle,,,,missed,10,2025-08-03,2025-08-16
PA_U001172_1,U001172,2025-09-17,2025-09-18T12:00:00,28,bundle,9.0,13.0,23.0,late,1,2025-09-05,2025-09-18
PA_U001172_2,U001172,2025-10-15,,28,bundle,,,,missed,26,2025-10-02,2025-10-15
PA_U001173_1,U001173,2025-09-16,2025-09-17T17:00:00,28,bundle,3.0,13.0,19.0,late,1,2025-09-04,2025-09-17
PA_U001173_2,U001173,2025-10-14,,28,bundle,,,,missed,8,2025-10-01,2025-10-14
PA_U001174_1,U001174,2025-08-28,2025-09-05T20:00:00,28,bundle,7.0,0.0,14.0,late,8,2025-08-23,2025-09-05
PA_U001174_2,U001174,2025-09-25,,28,bundle,,,,missed,18,2025-09-12,2025-09-25
PA_U001175_1,U001175,2025-07-08,2025-07-09T11:00:00,28,bundle,18.0,16.0,19.0,late,1,2025-06-26,2025-07-09
PA_U001175_2,U001175,2025-08-05,2025-08-06T14:00:00,28,bundle,17.0,16.0,21.0,late,1,2025-07-24,2025-08-06
PA_U001176_1,U001176,2025-07-12,2025-07-19T19:00:00,28,bundle,24.0,19.0,13.0,late,7,2025-07-06,2025-07-19
PA_U001176_2,U001176,2025-08-09,,28,bundle,,,,missed,14,2025-07-27,2025-08-09
PA_U001177_1,U001177,2025-09-15,2025-09-16T20:00:00,28,bundle,11.0,6.0,11.0,late,1,2025-09-03,2025-09-16
PA_U001177_2,U001177,2025-10-13,2025-10-15T08:00:00,28,bundle,8.0,4.0,11.0,late,2,2025-10-02,2025-10-15
PA_U001178_1,U001178,2025-09-09,2025-09-15T21:00:00,28,bundle,15.0,19.0,18.0,late,6,2025-09-02,2025-09-15
PA_U001178_2,U001178,2025-10-07,2025-10-07T13:00:00,28,bundle,16.0,18.0,20.0,completed,0,2025-09-24,2025-10-07
PA_U001179_1,U001179,2025-08-03,2025-08-04T20:00:00,28,bundle,11.0,0.0,6.0,late,1,2025-07-22,2025-08-04
PA_U001179_2,U001179,2025-08-31,,28,bundle,,,,missed,17,2025-08-18,2025-08-31
PA_U001180_1,U001180,2025-09-27,,28,bundle,,,,missed,10,2025-09-14,2025-09-27
PA_U001180_2,U001180,2025-10-25,2025-10-26T09:00:00,28,bundle,15.0,6.0,10.0,late,1,2025-10-13,2025-10-26
PA_U001181_1,U001181,2025-09-25,2025-09-26T18:00:00,28,bundle,6.0,13.0,15.0,late,1,2025-09-13,2025-09-26
PA_U001181_2,U001181,2025-10-23,2025-10-25T13:00:00,28,bundle,1.0,10.0,18.0,late,2,2025-10-12,2025-10-25
PA_U001182_1,U001182,2025-08-17,2025-08-18T09:00:00,28,bundle,8.0,9.0,11.0,late,1,2025-08-05,2025-08-18
PA_U001182_2,U001182,2025-09-14,,28,bundle,,,,missed,7,2025-09-01,2025-09-14
PA_U001183_1,U001183,2025-09-19,,28,bundle,,,,missed,15,2025-09-06,2025-09-19
PA_U001183_2,U001183,2025-10-17,2025-10-18T13:00:00,28,bundle,3.0,10.0,16.0,late,1,2025-10-05,2025-10-18
PA_U001184_1,U001184,2025-06-30,,28,bundle,,,,missed,7,2025-06-17,2025-06-30
PA_U001184_2,U001184,2025-07-28,2025-07-28T12:00:00,28,bundle,20.0,13.0,17.0,completed,0,2025-07-15,2025-07-28
PA_U001185_1,U001185,2025-09-23,2025-09-25T09:00:00,28,bundle,6.0,4.0,8.0,late,2,2025-09-12,2025-09-25
PA_U001185_2,U001185,2025-10-21,2025-10-22T14:00:00,28,bundle,2.0,4.0,12.0,late,1,2025-10-09,2025-10-22
PA_U001186_1,U001186,2025-09-14,,28,bundle,,,,missed,12,2025-09-01,2025-09-14
PA_U001186_2,U001186,2025-10-12,,28,bundle,,,,missed,14,2025-09-29,2025-10-12
PA_U001187_1,U001187,2025-07-10,2025-07-22T18:00:00,28,bundle,5.0,0.0,15.0,late,12,2025-07-09,2025-07-22
PA_U001187_2,U001187,2025-08-07,,28,bundle,,,,missed,10,2025-07-25,2025-08-07
PA_U001188_1,U001188,2025-07-31,2025-08-01T15:00:00,28,bundle,19.0,18.0,20.0,late,1,2025-07-19,2025-08-01
PA_U001188_2,U001188,2025-08-28,2025-08-30T12:00:00,28,bundle,20.0,17.0,19.0,late,2,2025-08-17,2025-08-30
PA_U001189_1,U001189,2025-07-25,,28,bundle,,,,missed,7,2025-07-12,2025-07-25
PA_U001189_2,U001189,2025-08-22,2025-08-23T09:00:00,28,bundle,15.0,5.0,17.0,late,1,2025-08-10,2025-08-23
PA_U001190_1,U001190,2025-08-23,2025-08-24T12:00:00,28,bundle,7.0,19.0,13.0,late,1,2025-08-11,2025-08-24
PA_U001190_2,U001190,2025-09-20,,28,bundle,,,,missed,27,2025-09-07,2025-09-20
PA_U001191_1,U001191,2025-08-26,2025-08-26T13:00:00,28,bundle,7.0,9.0,3.0,completed,0,2025-08-13,2025-08-26
PA_U001191_2,U001191,2025-09-23,2025-09-24T12:00:00,28,bundle,10.0,8.0,1.0,late,1,2025-09-11,2025-09-24
PA_U001192_1,U001192,2025-08-11,2025-08-12T09:00:00,28,bundle,5.0,14.0,9.0,late,1,2025-07-30,2025-08-12
PA_U001192_2,U001192,2025-09-08,,28,bundle,,,,missed,26,2025-08-26,2025-09-08
PA_U001193_1,U001193,2025-07-21,2025-07-21T17:00:00,28,bundle,25.0,8.0,5.0,completed,0,2025-07-08,2025-07-21
PA_U001193_2,U001193,2025-08-18,,28,bundle,,,,missed,17,2025-08-05,2025-08-18
PA_U001194_1,U001194,2025-09-24,,28,bundle,,,,missed,17,2025-09-11,2025-09-24
PA_U001194_2,U001194,2025-10-22,,28,bundle,,,,missed,11,2025-10-09,2025-10-22
PA_U001195_1,U001195,2025-08-13,,28,bundle,,,,missed,20,2025-07-31,2025-08-13
PA_U001195_2,U001195,2025-09-10,,28,bundle,,,,missed,13,2025-08-28,2025-09-10
PA_U001196_1,U001196,2025-08-11,2025-08-11T11:00:00,28,bundle,8.0,17.0,24.0,completed,0,2025-07-29,2025-08-11
PA_U001196_2,U001196,2025-09-08,,28,bundle,,,,missed,10,2025-08-26,2025-09-08
PA_U001197_1,U001197,2025-07-15,2025-07-16T21:00:00,28,bundle,4.0,19.0,15.0,late,1,2025-07-03,2025-07-16
PA_U001197_2,U001197,2025-08-12,2025-08-14T19:00:00,28,bundle,1.0,14.0,7.0,late,2,2025-08-01,2025-08-14
PA_U001198_1,U001198,2025-07-12,2025-07-14T11:00:00,28,bundle,17.0,10.0,10.0,late,2,2025-07-01,2025-07-14
PA_U001198_2,U001198,2025-08-09,,28,bundle,,,,missed,21,2025-07-27,2025-08-09
PA_U001199_1,U001199,2025-09-08,2025-09-19T18:00:00,28,bundle,9.0,11.0,11.0,late,11,2025-09-06,2025-09-19
PA_U001199_2,U001199,2025-10-06,2025-10-08T18:00:00,28,bundle,12.0,9.0,10.0,late,2,2025-09-25,2025-10-08
PA_U001200_1,U001200,2025-09-04,2025-09-06T16:00:00,28,bundle,19.0,17.0,27.0,late,2,2025-08-24,2025-09-06
PA_U001200_2,U001200,2025-10-02,2025-10-08T14:00:00,28,bundle,20.0,15.0,22.0,late,6,2025-09-25,2025-10-08
